GameID,Date,Team,Opponent,Location,TeamScore,OpponentScore,Possessions,eFG%,TO%,OR%,FTR
401823521,2025-11-03,Abilene Christian Wildcats,McMurry,H,92,55,85.3,53.6,28.1,50.0,37.7
401823521,2025-11-03,McMurry,Abilene Christian Wildcats,A,55,92,67.1,34.9,13.4,25.0,23.8
401823522,2025-11-06,Abilene Christian Wildcats,Omaha,H,73,71,69.0,50.0,20.3,37.5,36.8
401823522,2025-11-06,Omaha,Abilene Christian Wildcats,A,71,73,75.7,53.3,30.4,25.9,68.9
401823523,2025-11-11,Abilene Christian Wildcats,Southwestern Adventist,H,104,63,92.7,69.9,33.4,46.2,17.6
401823523,2025-11-11,Southwestern Adventist,Abilene Christian Wildcats,A,63,104,68.5,48.0,21.9,17.2,36.0
401823524,2025-11-14,Abilene Christian Wildcats,Stephen F. Austin,A,66,76,62.0,43.9,9.7,30.3,33.3
401823524,2025-11-14,Stephen F. Austin,Abilene Christian Wildcats,H,76,66,67.3,57.5,11.9,17.1,49.1
401823525,2025-11-18,Abilene Christian Wildcats,Texas State,A,49,63,61.0,35.5,22.9,39.5,34.5
401823525,2025-11-18,Texas State,Abilene Christian Wildcats,H,63,49,61.5,51.1,27.7,41.4,47.8
401830347,2025-11-24,Abilene Christian Wildcats,UTSA*,H,61,50,63.1,42.2,25.4,45.2,29.3
401830347,2025-11-24,UTSA*,Abilene Christian Wildcats,A,50,61,62.8,39.8,23.9,26.5,61.4
401827507,2025-11-25,Abilene Christian Wildcats,William & Mary*,H,58,92,64.1,43.3,15.6,35.0,28.3
401827507,2025-11-25,William & Mary*,Abilene Christian Wildcats,A,92,58,81.2,70.6,25.8,23.8,58.8
401823526,2025-11-28,Abilene Christian Wildcats,Jarvis Christian,H,87,55,87.5,57.0,35.4,50.0,31.2
401823526,2025-11-28,Jarvis Christian,Abilene Christian Wildcats,A,55,87,61.8,42.4,16.2,19.4,58.7
401823527,2025-12-02,Abilene Christian Wildcats,Pepperdine,A,71,63,65.9,51.9,18.2,30.0,44.2
401823527,2025-12-02,Pepperdine,Abilene Christian Wildcats,H,63,71,58.9,48.9,13.6,23.1,55.6
401823528,2025-12-06,Abilene Christian Wildcats,New Mexico State,H,77,69,63.9,58.0,21.9,40.7,46.0
401823528,2025-12-06,New Mexico State,Abilene Christian Wildcats,A,69,77,61.6,43.8,16.2,41.9,72.9
401823529,2025-12-16,Abilene Christian Wildcats,1Arizona,A,62,96,71.9,41.1,20.9,26.2,44.6
401823529,2025-12-16,1Arizona,Abilene Christian Wildcats,H,96,62,82.0,73.3,31.7,36.8,84.4
401819840,2025-12-19,Abilene Christian Wildcats,10BYU,A,67,85,72.1,44.9,25.0,33.3,25.4
401819840,2025-12-19,10BYU,Abilene Christian Wildcats,H,85,67,71.0,66.7,22.5,30.0,95.2
401827009,2025-12-22,Abilene Christian Wildcats,Texas Southern,A,75,68,73.8,53.0,25.7,28.6,54.0
401827009,2025-12-22,Texas Southern,Abilene Christian Wildcats,H,68,75,71.0,55.0,22.5,14.8,38.0
401805157,2026-01-01,Abilene Christian Wildcats,Utah Tech,H,64,79,65.0,51.0,23.1,32.1,38.0
401805157,2026-01-01,Utah Tech,Abilene Christian Wildcats,A,79,64,68.7,68.0,29.1,30.4,24.0
401805160,2026-01-03,Abilene Christian Wildcats,Utah Valley,H,85,68,81.2,57.9,25.9,30.0,20.6
401805160,2026-01-03,Utah Valley,Abilene Christian Wildcats,A,68,85,61.6,59.6,24.4,30.8,34.0
401805163,2026-01-08,Abilene Christian Wildcats,Tarleton State,A,84,80,66.3,62.5,18.1,40.0,50.0
401805163,2026-01-08,Tarleton State,Abilene Christian Wildcats,H,80,84,82.8,47.3,29.0,35.5,51.8
401805166,2026-01-10,Abilene Christian Wildcats,UT Arlington,A,72,82,66.2,56.7,19.6,25.0,71.1
401805166,2026-01-10,UT Arlington,Abilene Christian Wildcats,H,82,72,66.8,55.9,19.5,45.8,56.9
401811965,2025-11-03,Air Force Falcons,Belmont,A,63,79,49.3,59.6,12.2,34.8,19.1
401811965,2025-11-03,Belmont,Air Force Falcons,H,79,63,93.9,52.7,37.3,25.8,45.5
401820550,2025-11-08,Air Force Falcons,Austin Peay,H,54,74,63.4,44.2,23.7,37.5,46.2
401820550,2025-11-08,Austin Peay,Air Force Falcons,A,74,54,86.8,54.8,35.7,27.8,55.8
401812353,2025-11-11,Air Force Falcons,Long Island University,H,72,76,72.9,49.1,23.3,37.8,43.1
401812353,2025-11-11,Long Island University,Air Force Falcons,A,76,72,69.6,50.9,21.5,50.0,62.5
401820551,2025-11-15,Air Force Falcons,Miami (OH),H,61,76,69.5,46.1,20.2,16.7,43.1
401820551,2025-11-15,Miami (OH),Air Force Falcons,A,76,61,67.4,57.0,17.8,30.6,7.8
401820552,2025-11-19,Air Force Falcons,Alabama State,H,66,64,63.9,60.7,26.6,25.0,54.8
401820552,2025-11-19,Alabama State,Air Force Falcons,A,64,66,71.0,44.5,18.3,18.2,34.5
401820553,2025-11-21,Air Force Falcons,SIU Edwardsville,H,77,63,72.7,49.1,20.6,33.3,61.1
401820553,2025-11-21,SIU Edwardsville,Air Force Falcons,A,63,77,64.4,43.5,12.4,23.7,44.4
401820554,2025-11-23,Air Force Falcons,IU Indianapolis,H,98,85,83.1,66.7,22.9,25.9,27.0
401820554,2025-11-23,IU Indianapolis,Air Force Falcons,A,85,98,81.5,51.4,19.6,30.2,25.7
401820555,2025-11-26,Air Force Falcons,Northern Colorado,H,53,71,56.6,44.1,8.8,18.2,27.5
401820555,2025-11-26,Northern Colorado,Air Force Falcons,A,71,53,64.8,63.5,20.1,15.4,15.4
401811108,2025-11-29,Air Force Falcons,South Dakota*,H,63,80,66.9,51.7,17.9,48.6,41.7
401811108,2025-11-29,South Dakota*,Air Force Falcons,A,80,63,74.6,42.0,24.1,13.3,79.5
401820556,2025-12-03,Air Force Falcons,Pacific,H,65,80,58.2,53.5,12.0,23.3,74.4
401820556,2025-12-03,Pacific,Air Force Falcons,A,80,65,67.5,56.4,22.2,44.4,36.4
401820157,2025-12-07,Air Force Falcons,Navy,A,56,61,61.6,45.3,13.0,16.7,26.4
401820157,2025-12-07,Navy,Air Force Falcons,H,61,56,63.1,44.3,14.3,18.2,28.3
401820557,2025-12-17,Air Force Falcons,San Diego State,A,58,81,57.6,50.0,17.4,21.4,34.8
401820557,2025-12-17,San Diego State,Air Force Falcons,H,81,58,73.2,59.0,26.0,39.4,21.3
401820558,2025-12-30,Air Force Falcons,Wyoming,H,56,68,67.5,51.1,26.7,14.3,45.5
401820558,2025-12-30,Wyoming,Air Force Falcons,A,68,56,74.8,45.8,34.7,36.4,56.2
401820559,2026-01-03,Air Force Falcons,UNLV,A,39,67,62.2,30.6,16.1,19.0,24.1
401820559,2026-01-03,UNLV,Air Force Falcons,H,67,39,68.5,46.7,20.4,38.5,33.3
401820560,2026-01-06,Air Force Falcons,Utah State,H,62,99,60.0,47.1,11.7,21.2,37.3
401820560,2026-01-06,Utah State,Air Force Falcons,A,99,62,75.1,67.7,21.3,43.8,26.2
401820561,2026-01-10,Air Force Falcons,New Mexico,H,49,91,55.1,45.6,14.5,18.2,37.8
401820561,2026-01-10,New Mexico,Air Force Falcons,A,91,49,82.6,58.2,26.6,38.9,23.9
401820595,2025-11-03,Akron Zips,James Madison,H,85,71,89.8,49.2,31.2,38.5,46.0
401820595,2025-11-03,James Madison,Akron Zips,A,71,85,59.2,48.4,6.8,31.6,21.3
401820596,2025-11-08,Akron Zips,Princeton,H,104,69,92.0,61.3,23.9,30.6,29.6
401820596,2025-11-08,Princeton,Akron Zips,A,69,104,70.5,43.1,11.3,25.5,30.8
401820597,2025-11-12,Akron Zips,Penn State-Shenango,H,109,51,103.9,56.9,29.8,46.9,4.3
401820597,2025-11-12,Penn State-Shenango,Akron Zips,A,51,109,70.0,35.0,11.4,17.6,2.9
401820598,2025-11-16,Akron Zips,2Purdue,A,79,97,74.1,50.0,14.8,31.6,25.4
401820598,2025-11-16,2Purdue,Akron Zips,H,97,79,74.9,59.0,21.4,57.6,34.3
401820599,2025-11-21,Akron Zips,Iona*,H,96,75,91.9,60.8,28.3,35.5,38.5
401820599,2025-11-21,Iona*,Akron Zips,A,75,96,74.5,50.0,18.8,27.5,32.3
401831205,2025-11-23,Akron Zips,Evansville*,H,97,59,63.9,47.8,21.9,26.9,50.0
401831205,2025-11-23,Evansville*,Akron Zips,A,59,97,89.8,67.5,33.4,40.0,47.4
401831208,2025-11-24,Akron Zips,Yale*,H,94,97,69.3,72.1,17.3,34.8,14.8
401831208,2025-11-24,Yale*,Akron Zips,A,97,94,70.0,71.7,20.0,38.9,39.6
401820600,2025-11-29,Akron Zips,Milwaukee,H,105,81,81.5,75.0,23.3,26.1,30.0
401820600,2025-11-29,Milwaukee,Akron Zips,A,81,105,81.1,46.1,19.7,38.5,22.1
401809080,2025-12-03,Akron Zips,Bucknell,H,97,77,77.9,66.1,18.0,29.0,37.1
401809080,2025-12-03,Bucknell,Akron Zips,A,77,97,62.3,50.7,4.8,34.1,9.9
401820601,2025-12-06,Akron Zips,Tulane,A,88,71,60.1,60.5,6.7,42.4,27.4
401820601,2025-12-06,Tulane,Akron Zips,H,71,88,83.5,44.4,24.0,22.0,35.5
401820602,2025-12-13,Akron Zips,Murray State*,H,100,115,84.9,53.3,14.1,35.7,32.9
401820602,2025-12-13,Murray State*,Akron Zips,A,115,100,75.9,71.0,13.2,44.1,36.2
401813767,2025-12-19,Akron Zips,Eastern Michigan,H,93,72,83.7,57.0,23.9,41.2,19.7
401813767,2025-12-19,Eastern Michigan,Akron Zips,A,72,93,71.3,43.0,15.4,34.8,40.6
401820603,2025-12-29,Akron Zips,Concord,H,115,64,99.1,70.8,28.2,29.6,20.8
401820603,2025-12-29,Concord,Akron Zips,A,64,115,70.8,43.9,18.4,26.7,12.1
401814498,2026-01-03,Akron Zips,Miami (OH),A,73,76,64.8,50.0,12.4,32.4,15.6
401814498,2026-01-03,Miami (OH),Akron Zips,H,76,73,71.2,48.1,21.1,30.6,56.6
401814505,2026-01-06,Akron Zips,Central Michigan,H,82,69,75.3,65.5,31.9,42.3,15.5
401814505,2026-01-06,Central Michigan,Akron Zips,A,69,82,75.8,50.0,27.7,17.9,57.4
401814510,2026-01-09,Akron Zips,Bowling Green,A,77,67,78.5,50.8,25.5,32.4,29.0
401814510,2026-01-09,Bowling Green,Akron Zips,H,67,77,72.7,47.5,22.0,28.2,23.0
401827171,2025-11-03,Alabama A&M Bulldogs,Blue Mountain,H,80,60,70.1,54.0,20.0,38.2,24.2
401827171,2025-11-03,Blue Mountain,Alabama A&M Bulldogs,A,60,80,67.9,32.8,10.3,26.7,41.0
401827172,2025-11-05,Alabama A&M Bulldogs,Indiana,A,51,98,68.0,38.7,13.2,7.7,35.8
401827172,2025-11-05,Indiana,Alabama A&M Bulldogs,H,98,51,75.6,70.7,21.2,27.3,27.6
401820839,2025-11-13,Alabama A&M Bulldogs,Charleston Southern,H,68,64,70.7,42.5,19.8,38.1,17.9
401820839,2025-11-13,Charleston Southern,Alabama A&M Bulldogs,A,64,68,61.0,48.2,18.0,37.8,34.5
401822371,2025-11-16,Alabama A&M Bulldogs,Lindenwood,H,74,65,65.9,53.9,16.7,27.6,49.0
401822371,2025-11-16,Lindenwood,Alabama A&M Bulldogs,A,65,74,64.0,48.1,15.6,29.4,38.9
401827173,2025-11-28,Alabama A&M Bulldogs,Clemson,A,56,92,68.1,40.7,13.2,8.1,31.5
401827173,2025-11-28,Clemson,Alabama A&M Bulldogs,H,92,56,80.2,61.8,24.9,33.3,58.2
401827174,2025-11-30,Alabama A&M Bulldogs,Coastal Carolina,A,60,67,71.5,39.7,16.8,20.5,37.9
401827174,2025-11-30,Coastal Carolina,Alabama A&M Bulldogs,H,67,60,61.1,39.0,6.5,24.3,68.0
401827195,2025-12-03,Alabama A&M Bulldogs,Tennessee State,H,80,53,67.8,58.8,23.6,41.4,52.9
401827195,2025-12-03,Tennessee State,Alabama A&M Bulldogs,A,53,80,62.5,32.3,20.8,47.2,30.8
401824953,2025-12-07,Alabama A&M Bulldogs,Lipscomb,A,58,92,55.0,38.4,3.6,32.5,37.5
401824953,2025-12-07,Lipscomb,Alabama A&M Bulldogs,H,92,58,85.2,67.7,27.0,21.4,21.0
401827196,2025-12-13,Alabama A&M Bulldogs,Arkansas Baptist,H,67,59,65.8,45.3,13.7,27.8,54.7
401827196,2025-12-13,Arkansas Baptist,Alabama A&M Bulldogs,A,59,67,86.5,37.0,30.1,10.8,40.7
401823439,2025-12-15,Alabama A&M Bulldogs,North Alabama,H,68,60,67.7,42.0,14.8,31.7,55.4
401823439,2025-12-15,North Alabama,Alabama A&M Bulldogs,A,60,68,57.1,50.0,5.3,12.1,34.0
401827197,2025-12-17,Alabama A&M Bulldogs,Ole Miss*,H,66,80,70.2,62.0,19.9,25.8,60.0
401827197,2025-12-17,Ole Miss*,Alabama A&M Bulldogs,A,80,66,62.5,52.0,14.4,21.9,39.2
401827198,2025-12-21,Alabama A&M Bulldogs,Chattanooga,H,66,73,63.9,44.5,11.0,23.1,41.8
401827198,2025-12-21,Chattanooga,Alabama A&M Bulldogs,A,73,66,62.6,59.6,12.8,15.6,30.8
401827199,2025-12-30,Alabama A&M Bulldogs,Fisk,H,90,58,75.8,57.4,17.1,34.4,44.3
401827199,2025-12-30,Fisk,Alabama A&M Bulldogs,A,58,90,71.0,34.8,14.1,28.0,28.8
401827136,2026-01-03,Alabama A&M Bulldogs,Arkansas-Pine Bluff,A,83,95,67.3,51.7,20.8,56.2,48.3
401827136,2026-01-03,Arkansas-Pine Bluff,Alabama A&M Bulldogs,H,95,83,64.3,66.1,15.5,53.8,46.4
401827201,2026-01-05,Alabama A&M Bulldogs,Mississippi Valley State,A,71,51,82.2,46.0,35.3,36.7,60.0
401827201,2026-01-05,Mississippi Valley State,Alabama A&M Bulldogs,H,51,71,59.5,38.2,11.8,18.9,35.3
401827202,2026-01-10,Alabama A&M Bulldogs,Alcorn State,H,62,64,68.1,47.3,22.0,30.6,30.4
401827202,2026-01-10,Alcorn State,Alabama A&M Bulldogs,A,64,62,68.2,46.6,19.1,25.7,22.4
401812260,2025-11-03,Alabama Crimson Tide,North Dakota,H,91,62,74.8,60.3,20.0,36.7,46.6
401812260,2025-11-03,North Dakota,Alabama Crimson Tide,A,62,91,76.1,42.7,17.1,16.7,27.4
401812261,2025-11-08,Alabama Crimson Tide,5St. John's,A,103,96,96.5,54.9,19.7,30.4,27.2
401812261,2025-11-08,5St. John's,Alabama Crimson Tide,H,96,103,79.0,54.0,8.9,25.6,63.5
401812262,2025-11-13,Alabama Crimson Tide,2Purdue,H,80,87,72.8,54.5,12.4,17.5,15.2
401812262,2025-11-13,2Purdue,Alabama Crimson Tide,A,87,80,65.9,53.8,12.1,47.5,34.8
401811098,2025-11-19,Alabama Crimson Tide,8Illinois*,H,90,86,75.5,50.0,8.0,33.3,30.1
401811098,2025-11-19,8Illinois*,Alabama Crimson Tide,A,86,90,75.9,55.3,11.9,27.8,34.8
401812263,2025-11-24,Alabama Crimson Tide,12Gonzaga*,H,85,95,73.9,53.0,12.2,31.7,34.3
401812263,2025-11-24,12Gonzaga*,Alabama Crimson Tide,A,95,85,78.3,52.8,17.9,46.5,36.1
401812264,2025-11-25,Alabama Crimson Tide,UNLV*,H,115,76,82.6,66.2,18.2,43.8,53.8
401812264,2025-11-25,UNLV*,Alabama Crimson Tide,A,76,115,77.7,48.6,12.9,22.7,19.7
401831220,2025-11-26,Alabama Crimson Tide,Maryland*,H,105,72,75.5,68.2,15.9,39.3,27.3
401831220,2025-11-26,Maryland*,Alabama Crimson Tide,A,72,105,80.2,42.8,15.0,25.5,14.5
401806376,2025-12-03,Alabama Crimson Tide,Clemson,H,90,84,69.7,56.7,11.5,34.2,51.7
401806376,2025-12-03,Clemson,Alabama Crimson Tide,A,84,90,70.3,43.7,5.7,40.9,39.4
401812265,2025-12-07,Alabama Crimson Tide,UTSA,H,97,55,106.5,48.8,31.9,37.3,24.4
401812265,2025-12-07,UTSA,Alabama Crimson Tide,A,55,97,64.6,39.3,7.7,19.1,26.2
401812266,2025-12-13,Alabama Crimson Tide,1Arizona*,H,75,96,70.5,55.4,12.8,9.1,32.1
401812266,2025-12-13,1Arizona*,Alabama Crimson Tide,A,96,75,93.5,48.8,23.5,43.1,23.8
401812267,2025-12-17,Alabama Crimson Tide,South Florida,H,104,93,85.6,54.3,23.4,48.8,50.7
401812267,2025-12-17,South Florida,Alabama Crimson Tide,A,93,104,85.2,45.8,25.8,50.0,47.2
401812268,2025-12-21,Alabama Crimson Tide,Kennesaw State*,H,92,81,92.9,50.7,23.7,29.5,31.5
401812268,2025-12-21,Kennesaw State*,Alabama Crimson Tide,A,81,92,72.5,48.6,13.8,34.9,26.1
401812269,2025-12-29,Alabama Crimson Tide,Yale,H,102,78,74.6,58.4,14.7,46.7,20.8
401812269,2025-12-29,Yale,Alabama Crimson Tide,A,78,102,69.3,46.8,11.5,35.9,41.3
401808152,2026-01-03,Alabama Crimson Tide,Kentucky,H,89,74,74.6,57.5,18.8,35.9,23.9
401808152,2026-01-03,Kentucky,Alabama Crimson Tide,A,74,89,75.8,45.8,19.8,30.8,49.2
401808155,2026-01-07,Alabama Crimson Tide,11Vanderbilt,A,90,96,75.0,43.6,6.7,37.5,54.3
401808155,2026-01-07,11Vanderbilt,Alabama Crimson Tide,H,96,90,88.8,51.7,15.8,20.5,84.7
401808168,2026-01-10,Alabama Crimson Tide,Texas,H,88,92,78.8,52.3,16.5,30.2,40.9
401808168,2026-01-10,Texas,Alabama Crimson Tide,A,92,88,70.2,53.0,10.0,41.9,48.5
401826706,2025-11-07,Alabama State Hornets,Florida State,A,64,101,75.0,40.8,18.7,28.9,29.2
401826706,2025-11-07,Florida State,Alabama State Hornets,H,101,64,94.7,59.5,32.8,43.6,18.9
401826851,2025-11-11,Alabama State Hornets,UAB,A,77,74,69.5,49.2,10.1,30.0,30.8
401826851,2025-11-11,UAB,Alabama State Hornets,H,74,77,77.5,42.9,18.1,35.7,25.7
401827153,2025-11-14,Alabama State Hornets,Virginia-Lynchburg,H,124,68,122.7,62.8,36.7,54.5,38.4
401827153,2025-11-14,Virginia-Lynchburg,Alabama State Hornets,A,68,124,78.9,42.6,13.9,9.8,37.7
401819863,2025-11-17,Alabama State Hornets,Colorado,A,66,94,68.7,44.0,13.1,28.3,17.9
401819863,2025-11-17,Colorado,Alabama State Hornets,H,94,66,78.1,58.9,23.0,39.4,64.3
401823377,2025-11-21,Alabama State Hornets,IU Indianapolis*,H,101,80,92.4,65.3,29.2,27.6,38.7
401823377,2025-11-21,IU Indianapolis*,Alabama State Hornets,A,80,101,78.8,56.7,21.6,22.5,11.9
401827154,2025-11-23,Alabama State Hornets,SIU Edwardsville*,H,68,83,68.2,51.6,13.2,41.0,49.2
401827154,2025-11-23,SIU Edwardsville*,Alabama State Hornets,A,83,68,63.7,37.1,11.0,39.0,53.4
401827155,2025-11-26,Alabama State Hornets,New Mexico,A,87,93,71.5,63.4,22.4,37.0,35.7
401827155,2025-11-26,New Mexico,Alabama State Hornets,H,93,87,79.0,61.1,21.5,33.3,70.4
401827156,2025-12-07,Alabama State Hornets,UT Martin,A,64,74,63.0,52.0,17.5,25.0,37.3
401827156,2025-12-07,UT Martin,Alabama State Hornets,H,74,64,69.9,50.0,22.9,45.5,36.5
401827157,2025-12-11,Alabama State Hornets,Missouri,A,77,85,63.7,58.5,14.1,32.3,20.3
401827157,2025-12-11,Missouri,Alabama State Hornets,H,85,77,66.6,72.5,22.5,33.3,31.4
401819849,2025-12-17,Alabama State Hornets,Cincinnati,A,51,88,59.7,31.9,3.4,34.7,17.4
401819849,2025-12-17,Cincinnati,Alabama State Hornets,H,88,51,75.5,55.2,15.9,36.1,29.9
401826801,2025-12-22,Alabama State Hornets,Memphis,A,67,88,71.5,42.2,22.4,43.2,34.4
401826801,2025-12-22,Memphis,Alabama State Hornets,H,88,67,79.5,61.1,28.9,45.5,28.6
401827158,2025-12-29,Alabama State Hornets,Mississippi State,A,56,94,73.2,33.0,21.9,22.0,68.0
401827158,2025-12-29,Mississippi State,Alabama State Hornets,H,94,56,71.7,60.9,18.1,48.6,20.3
401827159,2026-01-03,Alabama State Hornets,Mississippi Valley State,A,89,69,70.2,59.8,19.9,39.1,58.8
401827159,2026-01-03,Mississippi Valley State,Alabama State Hornets,H,69,89,68.9,49.0,18.9,22.2,50.0
401827137,2026-01-05,Alabama State Hornets,Arkansas-Pine Bluff,A,79,90,89.3,49.2,28.0,23.7,42.6
401827137,2026-01-05,Arkansas-Pine Bluff,Alabama State Hornets,H,90,79,74.5,54.9,21.5,37.5,80.4
401827161,2026-01-10,Alabama State Hornets,Jackson State,H,64,75,69.0,34.2,17.4,48.1,28.8
401827161,2026-01-10,Jackson State,Alabama State Hornets,A,75,64,80.2,40.5,24.9,33.3,55.2
401826705,2025-11-04,Alcorn State Braves,Florida State,A,76,108,64.8,58.8,15.4,29.0,52.9
401826705,2025-11-04,Florida State,Alcorn State Braves,H,108,76,94.9,65.0,28.5,36.8,35.7
401829685,2025-11-06,Alcorn State Braves,South Alabama,A,70,76,70.2,55.5,24.2,23.3,20.0
401829685,2025-11-06,South Alabama,Alcorn State Braves,H,76,70,77.8,56.6,25.7,28.6,50.9
401827233,2025-11-08,Alcorn State Braves,Minnesota,A,50,95,62.1,36.6,14.5,24.4,26.8
401827233,2025-11-08,Minnesota,Alcorn State Braves,H,95,50,85.6,52.5,31.6,57.6,61.7
401827216,2025-11-11,Alcorn State Braves,Maryland,A,64,84,71.2,52.8,28.1,25.8,20.4
401827216,2025-11-11,Maryland,Alcorn State Braves,H,84,64,80.8,57.1,32.2,45.2,48.2
401829686,2025-11-13,Alcorn State Braves,Howard,A,64,72,67.7,46.6,14.8,21.4,20.7
401829686,2025-11-13,Howard,Alcorn State Braves,H,72,64,59.0,60.2,18.6,41.7,38.8
401829421,2025-11-18,Alcorn State Braves,LSU,A,81,107,72.2,56.7,18.0,35.1,16.4
401829421,2025-11-18,LSU,Alcorn State Braves,H,107,81,75.5,60.3,17.2,55.9,61.9
401826780,2025-11-23,Alcorn State Braves,Oklahoma,A,53,72,53.8,45.3,7.4,20.0,15.1
401826780,2025-11-23,Oklahoma,Alcorn State Braves,H,72,53,80.3,40.2,23.7,36.7,42.4
401828915,2025-11-28,Alcorn State Braves,Indiana State*,H,81,74,71.5,55.6,18.2,38.2,28.6
401828915,2025-11-28,Indiana State*,Alcorn State Braves,A,74,81,86.9,42.2,26.5,28.6,39.1
401826900,2025-11-29,Alcorn State Braves,Louisiana Tech,A,58,83,57.0,42.1,10.5,38.1,36.8
401826900,2025-11-29,Louisiana Tech,Alcorn State Braves,H,83,58,67.3,59.1,19.3,48.5,13.6
401819876,2025-12-03,Alcorn State Braves,10Iowa State,A,68,132,66.3,55.4,19.6,24.1,16.1
401819876,2025-12-03,10Iowa State,Alcorn State Braves,H,132,68,114.4,87.7,42.0,47.6,36.9
401819831,2025-12-19,Alcorn State Braves,Baylor,A,56,113,78.3,33.8,19.2,26.4,9.5
401819831,2025-12-19,Baylor,Alcorn State Braves,H,113,56,85.9,71.5,24.4,47.8,35.4
401828494,2025-12-29,Alcorn State Braves,Ole Miss,A,43,79,67.1,28.1,16.4,17.8,26.3
401828494,2025-12-29,Ole Miss,Alcorn State Braves,H,79,43,67.8,54.5,20.6,44.4,12.1
401828663,2026-01-03,Alcorn State Braves,Jackson State,A,86,89,76.4,58.1,20.9,34.2,38.7
401828663,2026-01-03,Jackson State,Alcorn State Braves,H,89,86,72.9,61.8,17.8,24.1,45.5
401817527,2025-11-03,American University Eagles,Wake Forest,A,74,88,72.5,50.0,20.7,25.7,31.0
401817527,2025-11-03,Wake Forest,American University Eagles,H,88,74,96.4,53.1,33.2,33.3,36.9
401812574,2025-11-09,American University Eagles,Pennsylvania,H,84,78,91.9,54.8,30.5,27.0,36.5
401812574,2025-11-09,Pennsylvania,American University Eagles,A,78,84,72.2,51.0,18.0,22.9,61.5
401817143,2025-11-12,American University Eagles,George Washington,A,67,107,76.8,50.8,20.8,13.2,12.9
401817143,2025-11-12,George Washington,American University Eagles,H,107,67,81.7,68.6,24.5,44.8,55.9
401828671,2025-11-15,American University Eagles,Central Penn,H,115,50,98.6,60.7,28.4,51.2,46.7
401828671,2025-11-15,Central Penn,American University Eagles,A,50,115,69.9,28.2,18.6,22.7,45.5
401827434,2025-11-18,American University Eagles,Rutgers,A,71,80,67.7,44.1,5.9,25.0,20.6
401827434,2025-11-18,Rutgers,American University Eagles,H,80,71,66.2,52.8,12.1,30.0,56.6
401828672,2025-11-24,American University Eagles,Marywood,H,113,53,89.0,70.4,24.7,44.8,26.8
401828672,2025-11-24,Marywood,American University Eagles,A,53,113,62.9,36.8,6.4,24.4,5.9
401829395,2025-11-28,American University Eagles,Maine,H,74,61,77.4,54.7,24.5,19.4,45.3
401829395,2025-11-28,Maine,American University Eagles,A,61,74,55.8,54.8,12.6,24.1,69.0
401822836,2025-11-29,American University Eagles,Siena,H,55,59,76.0,39.0,31.6,23.5,42.0
401822836,2025-11-29,Siena,American University Eagles,A,59,55,63.6,43.2,23.6,35.3,79.5
401826993,2025-11-30,American University Eagles,Longwood,H,92,66,72.2,60.2,15.2,25.0,55.6
401826993,2025-11-30,Longwood,American University Eagles,A,66,92,74.0,32.1,17.6,30.0,79.2
401827515,2025-12-03,American University Eagles,Drexel,H,75,73,73.8,49.1,17.6,25.6,46.6
401827515,2025-12-03,Drexel,American University Eagles,A,73,75,61.1,55.2,8.2,26.5,25.9
401823041,2025-12-06,American University Eagles,Maryland Eastern Shore,H,78,60,69.8,58.1,22.9,35.3,12.9
401823041,2025-12-06,Maryland Eastern Shore,American University Eagles,A,60,78,48.9,66.7,12.3,11.1,14.3
401822741,2025-12-18,American University Eagles,VCU,A,83,105,70.5,51.6,12.8,28.2,35.5
401822741,2025-12-18,VCU,American University Eagles,H,105,83,73.5,65.7,17.7,50.0,26.9
401817515,2025-12-22,American University Eagles,21Virginia,A,51,95,55.9,38.3,5.4,24.4,10.0
401817515,2025-12-22,21Virginia,American University Eagles,H,95,51,73.5,69.7,24.5,51.9,29.5
401820193,2025-12-31,American University Eagles,Loyola Maryland,H,84,69,81.3,66.1,28.3,19.2,15.3
401820193,2025-12-31,Loyola Maryland,American University Eagles,A,69,84,61.0,52.0,21.3,37.9,42.9
401824364,2026-01-03,American University Eagles,Boston University,A,64,62,60.7,55.1,16.5,14.3,24.5
401824364,2026-01-03,Boston University,American University Eagles,H,62,64,57.1,47.2,10.5,28.6,32.1
401828673,2026-01-07,American University Eagles,Colgate,A,62,64,54.9,56.7,10.9,20.7,11.5
401828673,2026-01-07,Colgate,American University Eagles,H,64,62,63.9,49.0,23.5,38.2,45.1
401824386,2026-01-10,American University Eagles,Holy Cross,H,73,84,71.3,43.1,15.4,27.8,44.8
401824386,2026-01-10,Holy Cross,American University Eagles,A,84,73,79.7,58.8,22.6,20.0,64.7
401823454,2025-11-03,App State Mountaineers,Central Michigan,A,66,82,71.8,44.1,22.3,36.2,49.2
401823454,2025-11-03,Central Michigan,App State Mountaineers,H,82,66,66.1,58.6,19.7,44.8,29.3
401826731,2025-11-05,App State Mountaineers,Carolina University,H,92,46,92.3,57.6,34.7,46.2,39.4
401826731,2025-11-05,Carolina University,App State Mountaineers,A,46,92,52.3,36.0,7.7,31.0,15.8
401826732,2025-11-09,App State Mountaineers,North Carolina Central,H,76,54,75.8,50.9,25.1,33.3,53.7
401826732,2025-11-09,North Carolina Central,App State Mountaineers,A,54,76,65.5,36.0,19.8,18.9,40.0
401826733,2025-11-11,App State Mountaineers,Ohio State,A,53,75,54.8,42.9,3.6,19.4,14.3
401826733,2025-11-11,Ohio State,App State Mountaineers,H,75,53,70.2,47.2,19.9,35.1,59.3
401830742,2025-11-16,App State Mountaineers,Dartmouth,A,85,77,84.0,57.4,28.6,35.5,34.4
401830742,2025-11-16,Dartmouth,App State Mountaineers,H,77,85,74.2,56.1,25.6,25.8,61.2
401820799,2025-11-21,App State Mountaineers,Charlotte,H,65,63,56.9,55.6,17.6,30.0,51.1
401820799,2025-11-21,Charlotte,App State Mountaineers,A,63,65,60.2,48.3,21.6,42.1,19.0
401826734,2025-11-24,App State Mountaineers,Elon,H,53,88,56.9,42.9,10.5,23.7,46.9
401826734,2025-11-24,Elon,App State Mountaineers,A,88,53,70.1,57.8,20.0,50.0,26.6
401823487,2025-11-26,App State Mountaineers,Mercer,A,67,75,62.2,49.2,12.9,35.1,21.3
401823487,2025-11-26,Mercer,App State Mountaineers,H,75,67,67.0,50.0,20.9,40.5,32.2
401826735,2025-11-30,App State Mountaineers,UNC Asheville*,H,55,67,61.8,45.0,14.6,35.7,54.0
401826735,2025-11-30,UNC Asheville*,App State Mountaineers,A,67,55,64.1,45.3,17.2,21.2,28.3
401826736,2025-12-03,App State Mountaineers,Virginia-Lynchburg,H,133,45,88.3,66.3,24.9,81.4,29.2
401826736,2025-12-03,Virginia-Lynchburg,App State Mountaineers,A,45,133,72.1,26.1,6.9,13.0,22.4
401820813,2025-12-11,App State Mountaineers,East Carolina,A,67,54,59.7,51.8,15.1,38.7,21.1
401820813,2025-12-11,East Carolina,App State Mountaineers,H,54,67,78.7,38.7,30.5,31.0,19.4
401826737,2025-12-14,App State Mountaineers,High Point*,H,86,78,74.3,58.8,16.1,21.2,45.6
401826737,2025-12-14,High Point*,App State Mountaineers,A,78,86,85.8,42.0,19.8,33.3,36.0
401808579,2025-12-18,App State Mountaineers,Coastal Carolina,H,67,49,67.5,53.0,20.8,21.9,44.0
401808579,2025-12-18,Coastal Carolina,App State Mountaineers,A,49,67,65.5,33.3,15.3,26.5,30.0
401808581,2025-12-20,App State Mountaineers,Georgia State,H,63,70,71.4,45.4,18.2,18.9,44.4
401808581,2025-12-20,Georgia State,App State Mountaineers,A,70,63,62.5,52.9,14.4,25.8,38.5
401808588,2025-12-31,App State Mountaineers,Old Dominion,A,81,73,60.3,59.3,10.0,41.9,51.9
401808588,2025-12-31,Old Dominion,App State Mountaineers,H,73,81,71.5,50.8,16.8,25.0,37.3
401808594,2026-01-03,App State Mountaineers,Marshall,A,81,88,68.7,54.2,11.6,33.3,52.5
401808594,2026-01-03,Marshall,App State Mountaineers,H,88,81,73.9,63.6,17.6,21.4,45.5
401808604,2026-01-08,App State Mountaineers,Georgia State,A,52,50,59.8,37.7,18.4,40.5,16.4
401808604,2026-01-08,Georgia State,App State Mountaineers,H,50,52,61.2,36.2,8.2,20.0,22.4
401808607,2026-01-10,App State Mountaineers,Coastal Carolina,A,62,67,61.1,42.2,11.5,32.4,29.3
401808607,2026-01-10,Coastal Carolina,App State Mountaineers,H,67,62,54.2,58.7,7.4,24.1,21.2
401819813,2025-11-04,Arizona State Sun Devils,Southern Utah,H,81,64,72.5,56.8,20.7,31.4,33.9
401819813,2025-11-04,Southern Utah,Arizona State Sun Devils,A,64,81,73.8,40.0,21.7,36.4,11.4
401819814,2025-11-09,Arizona State Sun Devils,Utah Tech,H,81,66,81.6,52.3,23.3,29.7,24.2
401819814,2025-11-09,Utah Tech,Arizona State Sun Devils,A,66,81,66.5,48.2,16.6,25.0,40.0
401819815,2025-11-14,Arizona State Sun Devils,19Gonzaga,H,65,77,74.9,44.8,21.4,22.7,39.7
401819815,2025-11-14,19Gonzaga,Arizona State Sun Devils,A,77,65,71.6,49.0,20.9,34.4,68.6
401819816,2025-11-17,Arizona State Sun Devils,Georgia State,H,75,62,87.5,50.0,30.8,28.6,29.0
401819816,2025-11-17,Georgia State,Arizona State Sun Devils,A,62,75,60.6,44.5,11.6,25.0,29.1
401819817,2025-11-20,Arizona State Sun Devils,Hawai'i,A,83,76,81.6,47.6,17.2,32.4,59.7
401819817,2025-11-20,Hawai'i,Arizona State Sun Devils,H,76,83,67.3,51.9,13.4,27.6,48.1
401819818,2025-11-24,Arizona State Sun Devils,Texas*,H,87,86,67.8,60.0,16.2,40.7,49.1
401819818,2025-11-24,Texas*,Arizona State Sun Devils,A,86,87,81.1,56.7,22.2,20.7,69.2
401831197,2025-11-25,Arizona State Sun Devils,Washington State*,H,100,94,79.8,68.8,22.6,32.0,51.8
401831197,2025-11-25,Washington State*,Arizona State Sun Devils,A,94,100,72.8,65.5,17.9,30.0,52.7
401831200,2025-11-26,Arizona State Sun Devils,USC*,H,75,88,68.8,50.0,18.9,31.0,51.9
401831200,2025-11-26,USC*,Arizona State Sun Devils,A,88,75,61.5,67.5,13.0,50.0,31.6
401819819,2025-12-06,Arizona State Sun Devils,Oklahoma*,H,86,70,74.2,59.4,18.9,28.1,64.2
401819819,2025-12-06,Oklahoma*,Arizona State Sun Devils,A,70,86,78.3,42.9,23.0,32.6,41.3
401819820,2025-12-09,Arizona State Sun Devils,Northern Arizona,H,73,48,75.5,55.8,30.5,32.3,42.3
401819820,2025-12-09,Northern Arizona,Arizona State Sun Devils,A,48,73,63.8,38.2,18.8,11.4,19.6
401819821,2025-12-13,Arizona State Sun Devils,Santa Clara*,H,82,79,84.1,50.8,28.5,33.3,26.6
401819821,2025-12-13,Santa Clara*,Arizona State Sun Devils,A,79,82,71.0,64.2,22.5,26.9,35.8
401813764,2025-12-17,Arizona State Sun Devils,UCLA,A,77,90,75.3,43.3,18.6,31.4,43.3
401813764,2025-12-17,UCLA,Arizona State Sun Devils,H,90,77,78.5,58.1,21.7,31.4,35.5
401819822,2025-12-21,Arizona State Sun Devils,Oregon State,H,75,78,73.4,48.2,19.1,24.2,42.9
401819822,2025-12-21,Oregon State,Arizona State Sun Devils,A,78,75,65.0,52.6,18.5,40.0,36.8
401827593,2026-01-03,Arizona State Sun Devils,Colorado,H,89,95,81.8,50.0,15.9,30.0,39.7
401827593,2026-01-03,Colorado,Arizona State Sun Devils,A,95,89,81.0,53.4,22.2,41.2,64.4
401827606,2026-01-07,Arizona State Sun Devils,9BYU,A,76,104,77.5,42.6,19.3,40.8,24.3
401827606,2026-01-07,9BYU,Arizona State Sun Devils,H,104,76,83.9,68.9,26.2,37.9,41.0
401827608,2026-01-10,Arizona State Sun Devils,Kansas State,H,87,84,74.2,49.2,17.5,50.0,50.0
401827608,2026-01-10,Kansas State,Arizona State Sun Devils,A,84,87,80.0,49.3,20.0,34.8,30.0
401826885,2025-11-03,Arizona Wildcats,3Florida*,H,93,87,83.0,50.8,19.3,35.3,62.3
401826885,2025-11-03,3Florida*,Arizona Wildcats,A,87,93,78.2,47.9,14.1,37.0,42.9
401824023,2025-11-07,Arizona Wildcats,Utah Tech,H,93,67,80.5,62.7,26.1,40.6,31.7
401824023,2025-11-07,Utah Tech,Arizona Wildcats,A,67,93,74.8,43.6,24.1,28.9,49.1
401825588,2025-11-11,Arizona Wildcats,Northern Arizona,H,84,49,82.0,55.8,30.5,38.2,35.0
401825588,2025-11-11,Northern Arizona,Arizona Wildcats,A,49,84,67.3,35.5,19.3,25.6,11.3
401813759,2025-11-14,Arizona Wildcats,15UCLA*,H,69,65,71.8,50.9,26.5,27.3,13.8
401813759,2025-11-14,15UCLA*,Arizona Wildcats,A,65,69,73.1,52.7,30.1,36.7,27.3
401812789,2025-11-19,Arizona Wildcats,3UConn,A,71,67,59.9,48.1,11.7,43.3,46.3
401812789,2025-11-19,3UConn,Arizona Wildcats,H,67,71,66.5,51.8,12.0,16.7,32.1
401826740,2025-11-24,Arizona Wildcats,Denver,H,103,73,83.5,66.2,27.5,52.6,28.2
401826740,2025-11-24,Denver,Arizona Wildcats,A,73,103,79.4,47.5,23.9,26.8,40.0
401826886,2025-11-29,Arizona Wildcats,Norfolk State,H,98,61,85.8,57.9,22.1,38.7,80.7
401826886,2025-11-29,Norfolk State,Arizona Wildcats,A,61,98,69.3,46.1,13.0,20.0,14.1
401823480,2025-12-06,Arizona Wildcats,20Auburn,H,97,68,82.7,65.7,25.4,37.9,17.9
401823480,2025-12-06,20Auburn,Arizona Wildcats,A,68,97,70.9,38.1,16.9,35.6,39.7
401823768,2025-12-20,Arizona Wildcats,San Diego State*,H,68,45,52.8,43.1,3.8,52.6,46.6
401823768,2025-12-20,San Diego State*,Arizona Wildcats,A,45,68,65.0,27.2,13.8,23.8,33.3
401826887,2025-12-22,Arizona Wildcats,Bethune-Cookman,H,107,71,100.6,64.3,35.8,45.5,55.6
401826887,2025-12-22,Bethune-Cookman,Arizona Wildcats,A,71,107,73.5,56.7,23.1,12.9,34.6
401826888,2025-12-29,Arizona Wildcats,South Dakota State,H,99,71,82.7,60.5,21.8,36.4,50.0
401826888,2025-12-29,South Dakota State,Arizona Wildcats,A,71,99,78.1,48.4,19.2,21.4,26.6
401827599,2026-01-03,Arizona Wildcats,Utah,A,97,78,83.0,58.7,21.7,41.2,30.4
401827599,2026-01-03,Utah,Arizona Wildcats,H,78,97,74.7,47.9,12.0,25.6,17.1
401827604,2026-01-07,Arizona Wildcats,Kansas State,H,101,76,81.5,51.4,11.0,42.9,56.5
401827604,2026-01-07,Kansas State,Arizona Wildcats,A,76,101,78.0,39.0,5.1,23.1,24.7
401827612,2026-01-10,Arizona Wildcats,TCU,A,86,73,79.1,56.0,19.0,29.4,22.4
401827612,2026-01-10,TCU,Arizona Wildcats,H,73,86,73.4,47.5,15.0,22.2,40.7
401826784,2025-11-03,Arkansas Razorbacks,Southern,H,109,77,88.8,57.5,18.0,35.9,39.7
401826784,2025-11-03,Southern,Arkansas Razorbacks,A,77,109,75.4,47.8,9.3,27.9,34.8
401826785,2025-11-08,Arkansas Razorbacks,22Michigan State,A,66,69,70.9,45.5,24.0,33.3,41.1
401826785,2025-11-08,22Michigan State,Arkansas Razorbacks,H,69,66,64.3,41.8,15.5,48.7,42.6
401824935,2025-11-11,Arkansas Razorbacks,Central Arkansas,H,93,56,74.5,59.5,12.1,24.2,34.9
401824935,2025-11-11,Central Arkansas,Arkansas Razorbacks,A,56,93,78.0,31.3,14.1,19.6,31.3
401826786,2025-11-14,Arkansas Razorbacks,Samford,H,79,75,68.5,50.0,7.3,24.3,35.5
401826786,2025-11-14,Samford,Arkansas Razorbacks,A,75,79,72.8,48.5,12.4,23.7,14.7
401826787,2025-11-18,Arkansas Razorbacks,Winthrop,H,84,83,71.5,55.2,14.0,24.1,37.9
401826787,2025-11-18,Winthrop,Arkansas Razorbacks,A,83,84,70.8,59.0,12.7,23.5,9.0
401826788,2025-11-21,Arkansas Razorbacks,Jackson State,H,115,61,107.1,71.3,35.5,37.5,59.0
401826788,2025-11-21,Jackson State,Arkansas Razorbacks,A,61,115,59.2,41.4,3.4,29.3,17.2
401817234,2025-11-27,Arkansas Razorbacks,4Duke*,H,71,80,74.2,48.4,20.2,28.6,17.2
401817234,2025-11-27,4Duke*,Arkansas Razorbacks,A,80,71,69.0,55.9,17.4,38.7,35.6
401806374,2025-12-03,Arkansas Razorbacks,6Louisville,H,89,80,79.6,46.3,17.6,42.9,52.2
401806374,2025-12-03,6Louisville,Arkansas Razorbacks,A,80,89,73.5,47.1,9.5,30.0,25.7
401826791,2025-12-06,Arkansas Razorbacks,Fresno State*,H,82,58,80.1,53.8,20.0,25.6,25.8
401826791,2025-12-06,Fresno State*,Arkansas Razorbacks,A,58,82,65.2,38.1,12.3,29.3,20.6
401826789,2025-12-13,Arkansas Razorbacks,16Texas Tech*,H,93,86,69.3,60.3,14.4,45.7,41.3
401826789,2025-12-13,16Texas Tech*,Arkansas Razorbacks,A,86,93,64.8,60.1,7.7,36.8,14.5
401823497,2025-12-16,Arkansas Razorbacks,Queens University,H,108,80,91.8,67.2,27.2,35.7,42.2
401823497,2025-12-16,Queens University,Arkansas Razorbacks,A,80,108,78.5,48.5,21.7,41.0,29.4
401820294,2025-12-20,Arkansas Razorbacks,8Houston*,H,85,94,70.6,56.1,12.7,34.3,61.4
401820294,2025-12-20,8Houston*,Arkansas Razorbacks,A,94,85,82.9,60.5,22.9,31.2,40.3
401826790,2025-12-29,Arkansas Razorbacks,James Madison,H,103,74,85.7,66.9,24.5,40.0,50.0
401826790,2025-12-29,James Madison,Arkansas Razorbacks,A,74,103,63.0,51.7,12.7,32.4,32.8
401808145,2026-01-03,Arkansas Razorbacks,19Tennessee,H,86,75,79.7,48.3,21.3,35.3,55.9
401808145,2026-01-03,19Tennessee,Arkansas Razorbacks,A,75,86,71.9,53.4,18.1,31.4,39.0
401808159,2026-01-07,Arkansas Razorbacks,Ole Miss,A,94,87,77.2,60.0,22.0,42.4,50.0
401808159,2026-01-07,Ole Miss,Arkansas Razorbacks,H,87,94,75.0,57.4,16.0,25.8,34.4
401808161,2026-01-10,Arkansas Razorbacks,Auburn,A,73,95,68.0,50.0,11.8,22.2,36.2
401808161,2026-01-10,Auburn,Arkansas Razorbacks,H,95,73,75.4,65.0,17.2,31.0,40.0
401829048,2025-11-03,Arkansas State Red Wolves,Ohio,A,89,85,58.3,57.1,3.4,41.9,50.0
401829048,2025-11-03,Ohio,Arkansas State Red Wolves,H,85,89,81.5,55.6,18.4,20.0,34.9
401829448,2025-11-07,Arkansas State Red Wolves,Stephen F. Austin,A,65,90,75.7,36.1,21.1,25.0,61.1
401829448,2025-11-07,Stephen F. Austin,Arkansas State Red Wolves,H,90,65,84.0,57.1,28.6,48.7,27.1
401823323,2025-11-11,Arkansas State Red Wolves,Missouri State,A,86,85,77.8,48.5,16.7,35.9,44.6
401823323,2025-11-11,Missouri State,Arkansas State Red Wolves,H,85,86,89.6,51.8,25.7,21.2,66.1
401829483,2025-11-15,Arkansas State Red Wolves,Christian Brothers,H,95,67,85.1,62.5,27.0,42.4,25.0
401829483,2025-11-15,Christian Brothers,Arkansas State Red Wolves,A,67,95,59.2,47.5,6.8,31.4,21.7
401829484,2025-11-19,Arkansas State Red Wolves,Saint Mary's,A,72,85,72.2,44.2,18.0,37.2,18.8
401829484,2025-11-19,Saint Mary's,Arkansas State Red Wolves,H,85,72,65.7,56.6,15.2,40.6,62.3
401817457,2025-11-21,Arkansas State Red Wolves,SMU,A,69,100,55.6,46.0,10.8,53.8,25.4
401817457,2025-11-21,SMU,Arkansas State Red Wolves,H,100,69,121.6,60.0,41.9,30.8,21.3
401828310,2025-11-24,Arkansas State Red Wolves,Jacksonville State,H,74,63,79.8,49.0,26.3,21.9,55.8
401828310,2025-11-24,Jacksonville State,Arkansas State Red Wolves,A,63,74,74.8,40.0,24.1,30.8,52.7
401829463,2025-11-28,Arkansas State Red Wolves,North Dakota State,H,85,80,71.5,47.8,7.0,28.6,32.4
401829463,2025-11-28,North Dakota State,Arkansas State Red Wolves,A,80,85,78.7,46.9,14.0,24.4,48.4
401823871,2025-12-02,Arkansas State Red Wolves,UT Arlington,H,83,63,78.8,51.7,24.1,38.9,48.3
401823871,2025-12-02,UT Arlington,Arkansas State Red Wolves,A,63,83,70.3,37.9,15.6,35.7,41.9
401825189,2025-12-06,Arkansas State Red Wolves,Little Rock,A,90,78,74.3,58.7,18.8,38.2,13.0
401825189,2025-12-06,Little Rock,Arkansas State Red Wolves,H,78,90,80.1,59.6,22.5,9.4,29.8
401826810,2025-12-13,Arkansas State Red Wolves,Rice,A,76,77,63.0,52.5,9.5,34.2,31.1
401826810,2025-12-13,Rice,Arkansas State Red Wolves,H,77,76,81.9,48.4,23.2,28.6,35.9
401808575,2025-12-17,Arkansas State Red Wolves,Texas State,A,89,70,73.5,67.3,27.2,44.0,36.4
401808575,2025-12-17,Texas State,Arkansas State Red Wolves,H,70,89,70.5,44.4,12.8,24.3,29.0
401808584,2025-12-20,Arkansas State Red Wolves,Southern Miss,A,93,86,76.7,52.4,18.3,43.2,52.4
401808584,2025-12-20,Southern Miss,Arkansas State Red Wolves,H,86,93,69.8,54.5,12.9,27.6,48.2
401829485,2025-12-30,Arkansas State Red Wolves,Arkansas Tech,H,107,63,101.4,70.2,36.5,29.0,38.7
401829485,2025-12-30,Arkansas Tech,Arkansas State Red Wolves,A,63,107,61.6,53.8,22.7,36.4,30.8
401808597,2026-01-03,Arkansas State Red Wolves,James Madison,H,74,78,79.8,41.4,21.3,39.2,38.6
401808597,2026-01-03,James Madison,Arkansas State Red Wolves,A,78,74,70.3,60.8,19.9,24.1,51.0
401808602,2026-01-07,Arkansas State Red Wolves,Troy,H,86,74,68.8,55.2,14.5,38.2,50.0
401808602,2026-01-07,Troy,Arkansas State Red Wolves,A,74,86,81.5,48.5,20.8,22.5,27.7
401827127,2025-11-03,Arkansas-Pine Bluff Golden Lions,Washington,A,50,94,70.7,31.3,19.8,30.8,17.9
401827127,2025-11-03,Washington,Arkansas-Pine Bluff Golden Lions,H,94,50,84.7,57.4,29.5,51.5,54.1
401824088,2025-11-06,Arkansas-Pine Bluff Golden Lions,Portland,A,74,83,88.8,43.9,31.5,23.7,47.4
401824088,2025-11-06,Portland,Arkansas-Pine Bluff Golden Lions,H,83,74,94.2,49.2,29.7,22.9,54.2
401824038,2025-11-08,Arkansas-Pine Bluff Golden Lions,Loyola Marymount,A,72,94,62.2,46.9,6.4,33.3,16.9
401824038,2025-11-08,Loyola Marymount,Arkansas-Pine Bluff Golden Lions,H,94,72,80.3,62.9,19.9,30.6,45.2
401826777,2025-11-11,Arkansas-Pine Bluff Golden Lions,Oklahoma,A,69,95,64.1,45.2,12.5,35.9,23.8
401826777,2025-11-11,Oklahoma,Arkansas-Pine Bluff Golden Lions,H,95,69,78.4,57.5,24.2,52.8,35.8
401827129,2025-11-15,Arkansas-Pine Bluff Golden Lions,Vanderbilt,A,75,104,67.3,49.1,8.9,21.1,45.6
401827129,2025-11-15,Vanderbilt,Arkansas-Pine Bluff Golden Lions,H,104,75,85.7,55.6,21.0,48.7,46.5
401817456,2025-11-18,Arkansas-Pine Bluff Golden Lions,SMU,A,60,106,71.5,37.3,12.6,26.0,26.9
401817456,2025-11-18,SMU,Arkansas-Pine Bluff Golden Lions,H,106,60,89.3,66.2,22.4,29.6,40.0
401827130,2025-11-20,Arkansas-Pine Bluff Golden Lions,Marshall,A,70,98,71.3,42.4,14.0,25.6,44.1
401827130,2025-11-20,Marshall,Arkansas-Pine Bluff Golden Lions,H,98,70,87.0,63.3,25.3,28.1,32.8
401827131,2025-11-23,Arkansas-Pine Bluff Golden Lions,Miami (OH),A,84,111,78.9,45.7,10.1,23.8,36.2
401827131,2025-11-23,Miami (OH),Arkansas-Pine Bluff Golden Lions,H,111,84,94.2,64.8,23.4,24.1,50.0
401827132,2025-12-03,Arkansas-Pine Bluff Golden Lions,UIC,A,63,62,74.7,47.5,25.4,27.8,20.0
401827132,2025-12-03,UIC,Arkansas-Pine Bluff Golden Lions,H,62,63,73.5,36.5,23.1,39.5,34.9
401825574,2025-12-06,Arkansas-Pine Bluff Golden Lions,DePaul,A,72,76,65.3,55.0,10.7,17.2,11.7
401825574,2025-12-06,DePaul,Arkansas-Pine Bluff Golden Lions,H,76,72,84.5,42.7,22.5,24.3,74.5
401827133,2025-12-10,Arkansas-Pine Bluff Golden Lions,Tulsa,A,84,117,75.0,57.9,20.0,24.1,36.8
401827133,2025-12-10,Tulsa,Arkansas-Pine Bluff Golden Lions,H,117,84,85.6,68.3,18.7,36.7,58.7
401827134,2025-12-15,Arkansas-Pine Bluff Golden Lions,Ecclesia,H,114,64,107.5,61.7,33.5,45.0,22.2
401827134,2025-12-15,Ecclesia,Arkansas-Pine Bluff Golden Lions,A,64,114,87.8,44.8,28.5,18.6,46.6
401827135,2025-12-17,Arkansas-Pine Bluff Golden Lions,Champion Christian,H,138,73,103.8,68.9,22.2,51.4,10.5
401827135,2025-12-17,Champion Christian,Arkansas-Pine Bluff Golden Lions,A,73,138,76.8,45.9,6.5,12.5,10.8
401827138,2026-01-10,Arkansas-Pine Bluff Golden Lions,Texas Southern,A,74,66,75.6,55.3,23.8,22.6,28.1
401827138,2026-01-10,Texas Southern,Arkansas-Pine Bluff Golden Lions,H,66,74,74.9,42.4,20.0,27.0,39.0
401826792,2025-11-03,Army Black Knights,SUNY-Maritime,H,73,49,87.8,46.6,31.9,38.3,10.8
401826792,2025-11-03,SUNY-Maritime,Army Black Knights,A,49,73,56.3,31.6,8.9,28.9,57.1
401826793,2025-11-08,Army Black Knights,St. Thomas-Minnesota,A,76,83,61.6,52.4,6.5,30.6,22.6
401826793,2025-11-08,St. Thomas-Minnesota,Army Black Knights,H,83,76,71.9,54.2,13.9,28.6,41.7
401817230,2025-11-11,Army Black Knights,4Duke,H,59,114,80.3,39.7,23.7,22.2,10.3
401817230,2025-11-11,4Duke,Army Black Knights,A,114,59,91.8,69.2,28.3,43.3,44.6
401812602,2025-11-15,Army Black Knights,Harvard,H,52,75,55.7,42.5,14.4,32.4,22.6
401812602,2025-11-15,Harvard,Army Black Knights,A,75,52,73.5,59.4,30.0,25.9,45.8
401826794,2025-11-18,Army Black Knights,Cornell,A,73,86,82.4,41.5,17.0,19.5,36.9
401826794,2025-11-18,Cornell,Army Black Knights,H,86,73,73.3,60.3,13.6,22.2,48.3
401813322,2025-11-21,Army Black Knights,Marist,A,65,76,64.5,44.0,17.0,34.2,31.0
401813322,2025-11-21,Marist,Army Black Knights,H,76,65,69.7,47.8,15.8,39.5,17.6
401826815,2025-11-25,Army Black Knights,East Texas A&M*,H,67,84,64.5,47.3,15.5,28.2,35.7
401826815,2025-11-25,East Texas A&M*,Army Black Knights,A,84,67,71.5,61.1,18.2,20.0,40.7
401812288,2025-11-26,Army Black Knights,Fairleigh Dickinson,A,81,73,65.7,53.8,10.7,27.8,62.3
401812288,2025-11-26,Fairleigh Dickinson,Army Black Knights,H,73,81,68.9,44.4,11.6,33.3,39.7
401823861,2025-11-29,Army Black Knights,Manhattan,H,81,78,65.8,56.8,10.6,28.6,9.1
401823861,2025-11-29,Manhattan,Army Black Knights,A,78,81,81.1,48.5,21.0,22.5,26.2
401817148,2025-12-02,Army Black Knights,George Washington,H,70,84,67.8,57.9,19.2,14.7,10.5
401817148,2025-12-02,George Washington,Army Black Knights,A,84,70,67.2,52.8,13.4,35.5,59.3
401826816,2025-12-07,Army Black Knights,Gallaudet,H,111,53,84.3,65.8,30.9,65.8,11.4
401826816,2025-12-07,Gallaudet,Army Black Knights,A,53,111,73.4,39.8,20.4,17.1,4.7
401826056,2025-12-12,Army Black Knights,UMBC,A,63,60,67.5,41.2,16.3,25.6,35.1
401826056,2025-12-12,UMBC,Army Black Knights,H,60,63,69.6,46.6,17.2,19.5,27.6
401820611,2025-12-23,Army Black Knights,Binghamton,H,95,85,79.2,62.3,16.4,25.0,49.2
401820611,2025-12-23,Binghamton,Army Black Knights,A,85,95,88.5,54.0,21.5,11.4,34.9
401826817,2025-12-31,Army Black Knights,Lehigh,A,85,78,73.6,51.8,17.7,38.9,64.9
401826817,2025-12-31,Lehigh,Army Black Knights,H,78,85,87.9,51.6,21.6,11.1,37.1
401826818,2026-01-03,Army Black Knights,Colgate,H,69,76,61.5,52.7,14.6,35.3,36.4
401826818,2026-01-03,Colgate,Army Black Knights,A,76,69,62.6,53.4,12.8,33.3,27.6
401820195,2026-01-07,Army Black Knights,Loyola Maryland,H,76,84,77.7,47.9,15.5,27.7,19.4
401820195,2026-01-07,Loyola Maryland,Army Black Knights,A,84,76,73.9,50.0,16.2,39.5,33.8
401824366,2026-01-10,Army Black Knights,Boston University,A,91,100,81.1,59.1,23.4,30.6,22.7
401824366,2026-01-10,Boston University,Army Black Knights,H,100,91,72.0,81.4,20.8,22.2,41.2
401823474,2025-11-03,Auburn Tigers,Bethune-Cookman,H,95,90,86.0,50.0,19.8,39.5,55.9
401823474,2025-11-03,Bethune-Cookman,Auburn Tigers,A,90,95,84.3,58.6,21.4,23.5,12.9
401823475,2025-11-06,Auburn Tigers,Merrimack,H,95,57,79.6,54.8,26.4,60.0,59.7
401823475,2025-11-06,Merrimack,Auburn Tigers,A,57,95,66.4,35.7,13.6,22.7,42.9
401823476,2025-11-11,Auburn Tigers,Wofford,H,93,62,71.5,57.0,16.8,51.3,25.4
401823476,2025-11-11,Wofford,Auburn Tigers,A,62,93,63.8,43.5,7.8,22.2,16.1
401809305,2025-11-16,Auburn Tigers,1Houston*,H,72,73,67.7,44.0,13.3,36.6,56.9
401809305,2025-11-16,1Houston*,Auburn Tigers,A,73,72,69.7,48.5,18.7,37.8,18.5
401823477,2025-11-19,Auburn Tigers,Jackson State,H,112,66,105.0,74.6,37.1,32.0,29.2
401823477,2025-11-19,Jackson State,Auburn Tigers,A,66,112,66.0,46.4,18.2,33.3,33.9
401823478,2025-11-24,Auburn Tigers,Oregon*,H,84,73,58.9,45.1,11.9,47.6,37.7
401823478,2025-11-24,Oregon*,Auburn Tigers,A,73,84,77.9,50.0,18.0,31.6,35.4
401823479,2025-11-25,Auburn Tigers,7Michigan*,H,72,102,74.5,61.8,16.1,44.4,32.4
401823479,2025-11-25,7Michigan*,Auburn Tigers,A,102,72,72.7,43.5,13.8,30.0,53.2
401831218,2025-11-26,Auburn Tigers,14St. John's*,H,85,74,72.9,60.4,27.4,48.0,47.2
401831218,2025-11-26,14St. John's*,Auburn Tigers,A,74,85,67.3,44.2,19.3,45.2,46.7
401806373,2025-12-03,Auburn Tigers,NC State,H,83,73,60.5,72.7,18.2,26.3,50.0
401806373,2025-12-03,NC State,Auburn Tigers,A,73,83,84.2,48.4,26.1,21.1,20.3
401823481,2025-12-13,Auburn Tigers,Chattanooga*,H,92,78,68.6,59.4,17.5,46.7,69.8
401823481,2025-12-13,Chattanooga*,Auburn Tigers,A,78,92,79.5,51.7,18.9,12.5,33.9
401823482,2025-12-20,Auburn Tigers,6Purdue*,H,60,88,68.8,66.1,20.4,39.1,16.9
401823482,2025-12-20,6Purdue*,Auburn Tigers,A,88,60,58.6,42.2,6.8,28.9,27.6
401823498,2025-12-29,Auburn Tigers,Queens University,H,106,65,88.2,67.5,27.2,43.3,47.6
401823498,2025-12-29,Queens University,Auburn Tigers,A,65,106,74.8,39.3,20.0,25.0,48.2
401808146,2026-01-03,Auburn Tigers,23Georgia,A,100,104,84.1,50.7,17.8,47.9,48.0
401808146,2026-01-03,23Georgia,Auburn Tigers,H,104,100,91.6,60.8,21.8,27.0,53.8
401808156,2026-01-06,Auburn Tigers,Texas A&M,H,88,90,81.7,50.0,25.7,46.3,47.7
401808156,2026-01-06,Texas A&M,Auburn Tigers,A,90,88,80.5,63.1,27.3,36.4,32.8
401830627,2025-11-03,Austin Peay Governors,Bryan (TN),H,128,47,131.3,69.7,43.4,37.8,34.2
401830627,2025-11-03,Bryan (TN),Austin Peay Governors,A,47,128,50.7,34.5,7.9,35.0,21.8
401823757,2025-11-11,Austin Peay Governors,Wyoming,A,65,79,78.4,40.7,23.0,23.8,40.7
401823757,2025-11-11,Wyoming,Austin Peay Governors,H,79,65,77.9,50.0,21.8,32.5,36.5
401830115,2025-11-15,Austin Peay Governors,UNC Greensboro,A,69,63,72.6,45.4,15.2,26.8,24.6
401830115,2025-11-15,UNC Greensboro,Austin Peay Governors,H,63,69,77.4,44.4,22.0,13.5,44.4
401828493,2025-11-18,Austin Peay Governors,Ole Miss,A,65,72,72.3,42.1,22.1,37.8,10.0
401828493,2025-11-18,Ole Miss,Austin Peay Governors,H,72,65,65.0,46.7,12.3,35.0,34.4
401828283,2025-11-21,Austin Peay Governors,Tulsa,A,75,84,78.6,54.2,25.4,25.0,27.1
401828283,2025-11-21,Tulsa,Austin Peay Governors,H,84,75,66.6,59.5,13.5,26.7,27.6
401823464,2025-11-25,Austin Peay Governors,Northern Illinois,H,77,59,71.5,62.7,26.6,33.3,43.1
401823464,2025-11-25,Northern Illinois,Austin Peay Governors,A,59,77,64.1,43.3,12.5,29.3,28.3
401823016,2025-12-03,Austin Peay Governors,Kent State,A,84,96,81.6,55.3,23.3,29.7,24.2
401823016,2025-12-03,Kent State,Austin Peay Governors,H,96,84,72.2,71.6,16.6,23.1,62.7
401830122,2025-12-07,Austin Peay Governors,UT Rio Grande Valley,A,50,63,81.0,33.3,29.6,20.9,33.3
401830122,2025-12-07,UT Rio Grande Valley,Austin Peay Governors,H,63,50,62.2,49.1,20.9,34.4,20.0
401824893,2025-12-12,Austin Peay Governors,East Tennessee State,H,76,75,71.1,49.2,18.3,31.6,27.4
401824893,2025-12-12,East Tennessee State,Austin Peay Governors,A,75,76,70.7,52.5,17.0,26.5,23.0
401830628,2025-12-28,Austin Peay Governors,Fisk,H,110,59,108.7,56.0,33.1,42.5,41.3
401830628,2025-12-28,Fisk,Austin Peay Governors,A,59,110,63.1,43.0,11.1,22.5,29.8
401807665,2026-01-01,Austin Peay Governors,North Florida,H,102,83,94.9,55.3,25.3,40.0,30.3
401807665,2026-01-01,North Florida,Austin Peay Governors,A,83,102,72.8,52.6,12.4,20.0,46.6
401807670,2026-01-03,Austin Peay Governors,Jacksonville,H,71,68,77.5,45.0,20.7,22.5,36.7
401807670,2026-01-03,Jacksonville,Austin Peay Governors,A,68,71,59.5,55.9,13.4,29.0,39.2
401807673,2026-01-08,Austin Peay Governors,Florida Gulf Coast,A,82,71,73.9,56.1,21.7,30.6,43.9
401807673,2026-01-08,Florida Gulf Coast,Austin Peay Governors,H,71,82,67.1,53.6,17.9,28.1,30.4
401807679,2026-01-10,Austin Peay Governors,Stetson,A,81,69,80.2,54.3,18.7,22.2,55.2
401807679,2026-01-10,Stetson,Austin Peay Governors,H,69,81,61.2,48.4,8.2,31.7,17.2
401819834,2025-11-03,BYU Cougars,Villanova*,H,71,66,81.0,43.2,21.0,27.3,31.8
401819834,2025-11-03,Villanova*,BYU Cougars,A,66,71,62.1,43.3,8.0,35.4,22.4
401812660,2025-11-08,BYU Cougars,Holy Cross,H,98,53,90.6,67.5,26.5,16.0,25.4
401812660,2025-11-08,Holy Cross,BYU Cougars,A,53,98,58.2,37.5,3.4,22.0,18.3
401819835,2025-11-11,BYU Cougars,Delaware,H,85,68,64.1,54.5,15.6,51.4,22.7
401819835,2025-11-11,Delaware,BYU Cougars,A,68,85,63.3,52.6,12.6,20.6,15.5
401812788,2025-11-15,BYU Cougars,3UConn*,H,84,86,74.8,64.2,21.4,28.0,50.9
401812788,2025-11-15,3UConn*,BYU Cougars,A,86,84,74.9,55.9,20.0,33.3,39.0
401819836,2025-11-21,BYU Cougars,23Wisconsin,H,98,70,84.8,58.5,21.2,30.0,44.6
401819836,2025-11-21,23Wisconsin,BYU Cougars,A,70,98,72.3,43.4,13.8,25.6,42.6
401809419,2025-11-27,BYU Cougars,Miami*,H,72,62,73.1,41.7,19.2,31.2,25.8
401809419,2025-11-27,Miami*,BYU Cougars,A,62,72,70.5,53.6,21.3,27.3,36.4
401830886,2025-11-28,BYU Cougars,Dayton*,H,83,79,69.7,58.9,12.9,21.1,22.6
401830886,2025-11-28,Dayton*,BYU Cougars,A,79,83,70.5,60.7,15.6,17.2,32.1
401819837,2025-12-03,BYU Cougars,California Baptist,H,91,60,71.7,60.6,16.7,41.9,21.2
401819837,2025-12-03,California Baptist,BYU Cougars,A,60,91,64.0,37.7,12.5,34.1,31.1
401812923,2025-12-09,BYU Cougars,Clemson*,H,67,64,62.6,44.4,16.0,43.2,22.6
401812923,2025-12-09,Clemson*,BYU Cougars,A,64,67,62.1,44.0,22.5,45.9,25.9
401819838,2025-12-13,BYU Cougars,UC Riverside,H,100,53,85.3,65.9,23.4,36.1,39.4
401819838,2025-12-13,UC Riverside,BYU Cougars,A,53,100,60.4,41.9,5.0,17.1,8.1
401819839,2025-12-16,BYU Cougars,Pacific,H,93,57,86.8,55.6,28.8,38.2,43.5
401819839,2025-12-16,Pacific,BYU Cougars,A,57,93,63.4,44.5,14.2,27.5,4.7
401819841,2025-12-22,BYU Cougars,Eastern Washington,H,109,81,91.5,64.8,28.4,42.9,28.2
401819841,2025-12-22,Eastern Washington,BYU Cougars,A,81,109,61.7,53.7,0.0,28.9,17.9
401827596,2026-01-03,BYU Cougars,Kansas State,A,83,73,66.8,51.6,10.5,40.0,42.9
401827596,2026-01-03,Kansas State,BYU Cougars,H,73,83,82.0,44.0,20.7,26.2,28.4
401827613,2026-01-10,BYU Cougars,Utah,A,89,84,73.8,54.7,16.3,41.0,45.3
401827613,2026-01-10,Utah,BYU Cougars,H,84,89,80.0,50.8,18.8,28.6,32.3
401822317,2025-11-03,Ball State Cardinals,Louisiana,H,75,64,62.3,60.9,17.7,28.6,60.9
401822317,2025-11-03,Louisiana,Ball State Cardinals,A,64,75,65.3,50.0,16.9,25.7,15.3
401822318,2025-11-07,Ball State Cardinals,Mansfield,H,84,54,90.8,55.6,27.5,27.0,42.9
401822318,2025-11-07,Mansfield,Ball State Cardinals,A,54,84,68.5,39.6,16.1,15.8,41.5
401822319,2025-11-11,Ball State Cardinals,24Wisconsin,A,55,86,67.0,40.6,17.9,21.1,39.6
401822319,2025-11-11,24Wisconsin,Ball State Cardinals,H,86,55,63.8,60.9,17.2,46.9,12.5
401822320,2025-11-15,Ball State Cardinals,Little Rock,H,62,68,73.0,52.1,28.8,14.3,40.4
401822320,2025-11-15,Little Rock,Ball State Cardinals,A,68,62,60.2,61.8,26.6,46.2,21.6
401822321,2025-11-22,Ball State Cardinals,Indiana State,A,52,70,58.4,36.9,10.3,34.1,7.7
401822321,2025-11-22,Indiana State,Ball State Cardinals,H,70,52,66.3,52.6,22.6,35.5,15.5
401822322,2025-11-28,Ball State Cardinals,Monmouth*,H,73,80,63.9,53.9,9.4,24.3,9.4
401822322,2025-11-28,Monmouth*,Ball State Cardinals,A,80,73,73.0,56.8,23.3,37.5,32.2
401822323,2025-11-29,Ball State Cardinals,Lafayette,A,37,55,56.7,24.6,10.6,28.0,20.3
401822323,2025-11-29,Lafayette,Ball State Cardinals,H,55,37,68.5,35.2,21.9,26.3,37.0
401822324,2025-11-30,Ball State Cardinals,Le Moyne*,H,96,85,73.3,57.6,17.7,48.7,42.4
401822324,2025-11-30,Le Moyne*,Ball State Cardinals,A,85,96,70.5,65.4,21.3,24.0,38.5
401822325,2025-12-03,Ball State Cardinals,Evansville,A,52,64,64.7,37.5,17.0,22.0,25.0
401822325,2025-12-03,Evansville,Ball State Cardinals,H,64,52,65.5,48.1,21.4,26.5,34.6
401822326,2025-12-09,Ball State Cardinals,South Dakota State,H,64,68,70.5,41.0,18.4,32.5,32.8
401822326,2025-12-09,South Dakota State,Ball State Cardinals,A,68,64,61.2,52.6,16.3,33.3,19.3
401822327,2025-12-14,Ball State Cardinals,Campbell,A,64,69,64.5,42.4,12.4,31.6,33.9
401822327,2025-12-14,Campbell,Ball State Cardinals,H,69,64,71.8,42.7,20.9,42.2,46.8
401813772,2025-12-20,Ball State Cardinals,Miami (OH),H,77,86,82.5,55.3,25.4,12.5,31.6
401813772,2025-12-20,Miami (OH),Ball State Cardinals,A,86,77,68.5,62.5,16.1,20.0,42.3
401822328,2025-12-29,Ball State Cardinals,Earlham College,H,93,30,86.0,71.6,29.1,21.4,32.8
401822328,2025-12-29,Earlham College,Ball State Cardinals,A,30,93,54.6,21.3,7.3,7.5,29.8
401814499,2026-01-03,Ball State Cardinals,Buffalo,A,72,85,66.9,48.2,20.9,37.1,41.8
401814499,2026-01-03,Buffalo,Ball State Cardinals,H,85,72,60.5,66.7,14.9,34.8,35.3
401814506,2026-01-06,Ball State Cardinals,Eastern Michigan,H,52,74,67.1,38.2,23.8,20.6,29.4
401814506,2026-01-06,Eastern Michigan,Ball State Cardinals,A,74,52,55.9,69.0,23.3,47.6,12.0
401814511,2026-01-10,Ball State Cardinals,Massachusetts,A,71,79,68.5,51.8,14.6,18.2,32.1
401814511,2026-01-10,Massachusetts,Ball State Cardinals,H,79,71,66.8,56.7,15.0,29.0,55.8
401819823,2025-11-03,Baylor Bears,UT Rio Grande Valley,H,96,81,84.2,57.7,19.0,33.3,49.2
401819823,2025-11-03,UT Rio Grande Valley,Baylor Bears,A,81,96,73.2,58.2,12.3,6.2,18.0
401819824,2025-11-09,Baylor Bears,Washington,H,78,69,75.8,51.8,17.2,21.2,51.8
401819824,2025-11-09,Washington,Baylor Bears,A,69,78,66.1,43.4,10.6,38.1,22.1
401819825,2025-11-14,Baylor Bears,Tarleton State,H,94,81,81.5,67.5,29.4,36.0,35.1
401819825,2025-11-14,Tarleton State,Baylor Bears,A,81,94,72.7,53.9,27.5,60.0,21.9
401819826,2025-11-24,Baylor Bears,Creighton*,H,81,74,74.6,47.9,22.8,52.4,22.2
401819826,2025-11-24,Creighton*,Baylor Bears,A,74,81,63.8,56.0,14.1,25.8,17.2
401819827,2025-11-25,Baylor Bears,14St. John's*,H,81,96,73.1,42.3,17.8,51.0,21.8
401819827,2025-11-25,14St. John's*,Baylor Bears,A,96,81,77.5,66.4,19.4,29.0,36.1
401831219,2025-11-26,Baylor Bears,San Diego State*,H,91,81,78.1,56.8,21.8,18.8,28.8
401831219,2025-11-26,San Diego State*,Baylor Bears,A,81,91,73.2,60.5,16.4,30.3,52.6
401819828,2025-12-02,Baylor Bears,Sacramento State,H,110,88,82.6,65.1,23.0,60.7,58.7
401819828,2025-12-02,Sacramento State,Baylor Bears,A,88,110,79.2,45.6,20.2,45.2,44.1
401819829,2025-12-06,Baylor Bears,Memphis,A,71,78,66.9,42.2,13.5,41.9,39.1
401819829,2025-12-06,Memphis,Baylor Bears,H,78,71,73.9,43.4,16.2,40.9,36.8
401819830,2025-12-10,Baylor Bears,Norfolk State,H,97,67,75.0,58.8,13.3,38.2,30.9
401819830,2025-12-10,Norfolk State,Baylor Bears,A,67,97,76.3,40.8,17.0,23.7,43.3
401819832,2025-12-21,Baylor Bears,Southern,H,111,67,73.3,67.9,10.9,42.4,38.8
401819832,2025-12-21,Southern,Baylor Bears,A,67,111,61.6,44.0,0.0,28.6,20.9
401819833,2025-12-29,Baylor Bears,Arlington Baptist,H,124,61,92.3,77.2,24.9,52.4,38.2
401819833,2025-12-29,Arlington Baptist,Baylor Bears,A,61,124,80.2,36.4,15.0,16.0,18.6
401827597,2026-01-03,Baylor Bears,TCU,A,63,69,64.5,41.5,15.5,35.1,30.5
401827597,2026-01-03,TCU,Baylor Bears,H,69,63,60.9,45.0,14.8,47.5,38.3
401827605,2026-01-07,Baylor Bears,3Iowa State,H,60,70,60.8,34.7,9.9,42.9,46.8
401827605,2026-01-07,3Iowa State,Baylor Bears,A,70,60,77.5,45.3,25.8,38.1,31.2
401827609,2026-01-10,Baylor Bears,7Houston,H,55,77,49.7,45.1,8.0,31.2,75.6
401827609,2026-01-10,7Houston,Baylor Bears,A,77,55,88.2,46.6,35.2,48.9,17.6
401823213,2025-11-03,Bellarmine Knights,Georgia,A,59,104,62.9,47.4,14.3,17.1,10.5
401823213,2025-11-03,Georgia,Bellarmine Knights,H,104,59,102.0,60.7,30.4,28.1,30.0
401819889,2025-11-08,Bellarmine Knights,Kansas State,A,71,98,77.1,49.2,24.7,30.6,27.9
401819889,2025-11-08,Kansas State,Bellarmine Knights,H,98,71,72.9,75.5,27.4,50.0,43.4
401823214,2025-11-12,Bellarmine Knights,Hanover,H,94,55,85.5,63.9,26.9,29.6,32.8
401823214,2025-11-12,Hanover,Bellarmine Knights,A,55,94,58.3,40.2,6.9,23.8,11.5
401823215,2025-11-15,Bellarmine Knights,Wofford,H,86,94,84.3,55.1,26.1,28.1,44.1
401823215,2025-11-15,Wofford,Bellarmine Knights,A,94,86,74.8,70.6,21.4,24.0,56.9
401817435,2025-11-19,Bellarmine Knights,Notre Dame,A,79,86,73.8,62.0,23.0,8.3,58.7
401817435,2025-11-19,Notre Dame,Bellarmine Knights,H,86,79,70.2,64.3,21.4,37.5,65.3
401823216,2025-11-24,Bellarmine Knights,The Citadel,A,70,58,73.6,61.0,27.2,13.8,32.0
401823216,2025-11-24,The Citadel,Bellarmine Knights,H,58,70,56.6,39.8,15.9,48.7,27.1
401823217,2025-11-25,Bellarmine Knights,Houston Christian,H,74,69,64.5,66.7,21.7,5.9,47.6
401823217,2025-11-25,Houston Christian,Bellarmine Knights,A,69,74,67.4,58.8,22.3,29.4,47.1
401823219,2025-12-03,Bellarmine Knights,Midway University,H,99,60,78.6,66.7,22.9,40.0,25.4
401823219,2025-12-03,Midway University,Bellarmine Knights,A,60,99,65.9,48.3,18.2,17.6,6.9
401823220,2025-12-06,Bellarmine Knights,Murray State,A,68,81,64.6,57.1,15.5,7.4,32.7
401823220,2025-12-06,Murray State,Bellarmine Knights,H,81,68,70.2,62.3,25.6,38.5,19.3
401823221,2025-12-13,Bellarmine Knights,Northern Kentucky,H,76,80,62.2,58.3,14.5,25.9,24.1
401823221,2025-12-13,Northern Kentucky,Bellarmine Knights,A,80,76,82.1,57.1,28.0,32.4,27.0
401823222,2025-12-17,Bellarmine Knights,Chattanooga,H,79,64,71.5,56.6,21.0,24.1,41.5
401823222,2025-12-17,Chattanooga,Bellarmine Knights,A,64,79,67.1,40.6,10.4,24.4,23.4
401823223,2025-12-23,Bellarmine Knights,Kentucky,A,85,99,73.2,59.0,24.6,33.3,60.0
401823223,2025-12-23,Kentucky,Bellarmine Knights,H,99,85,75.4,73.2,25.2,39.3,42.9
401807661,2026-01-01,Bellarmine Knights,West Georgia,A,85,87,68.2,62.0,10.3,20.0,68.0
401807661,2026-01-01,West Georgia,Bellarmine Knights,H,87,85,74.0,48.6,13.5,39.1,29.2
401807667,2026-01-03,Bellarmine Knights,Queens University,A,76,98,64.9,61.5,12.3,10.0,52.1
401807667,2026-01-03,Queens University,Bellarmine Knights,H,98,76,79.2,67.2,24.0,35.1,19.4
401807674,2026-01-08,Bellarmine Knights,Central Arkansas,H,84,78,78.7,61.7,21.6,16.1,23.3
401807674,2026-01-08,Central Arkansas,Bellarmine Knights,A,78,84,77.6,43.9,15.5,32.0,21.6
401807682,2026-01-10,Bellarmine Knights,North Alabama,H,73,82,57.2,62.5,7.0,18.5,25.0
401807682,2026-01-10,North Alabama,Bellarmine Knights,A,82,73,58.5,65.0,13.7,41.7,44.0
401811966,2025-11-08,Belmont Bruins,Tennessee State,H,87,79,73.7,57.0,12.2,24.2,57.9
401811966,2025-11-08,Tennessee State,Belmont Bruins,A,79,87,85.5,40.3,21.1,35.8,26.0
401811967,2025-11-15,Belmont Bruins,Oral Roberts,A,83,60,73.1,62.5,21.9,35.5,28.3
401811967,2025-11-15,Oral Roberts,Belmont Bruins,H,60,83,83.3,33.9,26.4,22.7,44.1
401811968,2025-11-19,Belmont Bruins,Lipscomb,H,75,68,75.8,50.9,26.4,31.4,54.7
401811968,2025-11-19,Lipscomb,Belmont Bruins,A,68,75,75.8,41.0,22.4,36.0,13.9
401811969,2025-11-21,Belmont Bruins,Fisk,H,96,49,92.7,53.0,23.7,38.3,17.1
401811969,2025-11-21,Fisk,Belmont Bruins,A,49,96,63.2,31.1,3.2,21.6,19.7
401829681,2025-11-24,Belmont Bruins,Saint Francis*,H,94,57,90.7,71.6,35.3,24.0,24.1
401829681,2025-11-24,Saint Francis*,Belmont Bruins,A,57,94,72.1,39.0,23.6,26.8,25.4
401830882,2025-11-26,Belmont Bruins,Toledo*,H,87,72,84.2,53.4,29.7,17.1,22.0
401830882,2025-11-26,Toledo*,Belmont Bruins,A,72,87,60.4,70.8,14.9,40.0,5.0
401811970,2025-11-30,Belmont Bruins,Charleston,A,96,73,78.0,67.5,17.9,27.6,30.2
401811970,2025-11-30,Charleston,Belmont Bruins,H,73,96,74.2,39.2,14.8,32.7,46.2
401811971,2025-12-03,Belmont Bruins,Richmond,H,76,84,67.1,55.6,11.9,25.6,24.2
401811971,2025-12-03,Richmond,Belmont Bruins,A,84,76,75.5,61.8,18.5,10.0,36.4
401811972,2025-12-07,Belmont Bruins,Middle Tennessee,A,83,62,74.2,60.0,16.2,24.3,20.0
401811972,2025-12-07,Middle Tennessee,Belmont Bruins,H,62,83,71.6,37.3,12.6,26.1,23.9
401830198,2025-12-13,Belmont Bruins,UIC,H,87,84,59.5,71.0,16.8,44.0,44.0
401830198,2025-12-13,UIC,Belmont Bruins,A,84,87,75.2,54.6,25.3,41.7,20.0
401830199,2025-12-16,Belmont Bruins,Evansville,A,83,78,76.9,56.0,18.2,20.6,43.1
401830199,2025-12-16,Evansville,Belmont Bruins,H,78,83,72.4,47.5,13.8,24.4,39.3
401811973,2025-12-19,Belmont Bruins,UC Irvine,A,84,58,67.1,63.4,17.9,30.0,30.4
401811973,2025-12-19,UC Irvine,Belmont Bruins,H,58,84,77.1,38.1,22.1,22.9,27.0
401830200,2025-12-29,Belmont Bruins,Indiana State,A,80,81,82.1,52.4,25.6,29.4,27.0
401830200,2025-12-29,Indiana State,Belmont Bruins,H,81,80,78.3,55.7,21.7,30.8,42.6
401830201,2026-01-01,Belmont Bruins,Bradley,H,88,78,71.2,64.7,25.3,42.9,58.8
401830201,2026-01-01,Bradley,Belmont Bruins,A,78,88,75.1,54.9,28.0,40.5,27.9
401830202,2026-01-04,Belmont Bruins,Southern Illinois,H,67,68,73.5,57.0,28.6,25.9,40.0
401830202,2026-01-04,Southern Illinois,Belmont Bruins,A,68,67,68.2,50.0,23.5,37.8,21.7
401830203,2026-01-07,Belmont Bruins,Northern Iowa,A,78,65,58.1,70.0,10.3,21.7,30.0
401830203,2026-01-07,Northern Iowa,Belmont Bruins,H,65,78,61.8,49.2,9.7,21.6,16.9
401830204,2026-01-10,Belmont Bruins,Drake,A,78,76,72.9,46.8,19.2,39.0,39.7
401830204,2026-01-10,Drake,Belmont Bruins,H,76,78,71.7,58.8,22.3,22.9,24.6
401809414,2025-11-06,Bethune-Cookman Wildcats,Miami,A,61,101,64.0,36.4,6.2,30.6,28.8
401809414,2025-11-06,Miami,Bethune-Cookman Wildcats,H,101,61,84.5,65.2,21.3,33.3,33.3
401827109,2025-11-11,Bethune-Cookman Wildcats,Coastal Georgia,H,101,60,93.8,69.4,32.0,40.0,46.8
401827109,2025-11-11,Coastal Georgia,Bethune-Cookman Wildcats,A,60,101,70.1,39.1,20.0,31.2,23.4
401813437,2025-11-15,Bethune-Cookman Wildcats,Dayton,A,82,91,81.1,53.7,25.9,37.5,22.1
401813437,2025-11-15,Dayton,Bethune-Cookman Wildcats,H,91,82,63.2,65.0,14.2,39.3,64.0
401827110,2025-11-19,Bethune-Cookman Wildcats,Ohio,A,76,73,68.7,59.6,14.6,16.1,24.6
401827110,2025-11-19,Ohio,Bethune-Cookman Wildcats,H,73,76,73.3,45.0,16.4,30.8,46.7
401823344,2025-11-24,Bethune-Cookman Wildcats,Jacksonville*,H,64,69,63.4,48.1,11.0,24.3,44.4
401823344,2025-11-24,Jacksonville*,Bethune-Cookman Wildcats,A,69,64,64.9,51.9,15.4,30.3,47.2
401831236,2025-11-25,Bethune-Cookman Wildcats,Stony Brook*,H,54,61,66.3,31.7,22.6,44.7,43.3
401831236,2025-11-25,Stony Brook*,Bethune-Cookman Wildcats,A,61,54,59.6,44.7,16.8,38.5,28.1
401827111,2025-11-29,Bethune-Cookman Wildcats,25Indiana,A,56,100,66.0,33.6,10.6,21.4,36.2
401827111,2025-11-29,25Indiana,Bethune-Cookman Wildcats,H,100,56,82.0,63.6,20.7,33.3,28.8
401827112,2025-12-05,Bethune-Cookman Wildcats,South Carolina State,H,80,59,77.7,56.6,24.5,25.8,19.7
401827112,2025-12-05,South Carolina State,Bethune-Cookman Wildcats,A,59,80,61.0,37.1,14.7,43.2,30.6
401827113,2025-12-14,Bethune-Cookman Wildcats,Missouri,A,60,82,66.0,48.9,24.3,17.9,46.7
401827113,2025-12-14,Missouri,Bethune-Cookman Wildcats,H,82,60,76.2,63.6,30.2,42.3,18.6
401817191,2025-12-17,Bethune-Cookman Wildcats,Saint Louis,A,53,112,76.9,29.8,18.2,20.8,37.1
401817191,2025-12-17,Saint Louis,Bethune-Cookman Wildcats,H,112,53,89.9,75.8,27.8,34.5,35.9
401813297,2025-12-29,Bethune-Cookman Wildcats,Oklahoma State,A,77,103,61.5,54.5,3.3,21.9,39.3
401813297,2025-12-29,Oklahoma State,Bethune-Cookman Wildcats,H,103,77,104.0,50.7,29.8,36.6,61.8
401827114,2026-01-03,Bethune-Cookman Wildcats,Florida A&M,H,87,83,80.2,58.7,22.5,22.2,65.4
401827114,2026-01-03,Florida A&M,Bethune-Cookman Wildcats,A,83,87,77.5,56.0,21.9,24.2,37.9
401827096,2026-01-10,Bethune-Cookman Wildcats,Grambling,H,74,65,82.5,48.4,29.1,33.3,36.1
401827096,2026-01-10,Grambling,Bethune-Cookman Wildcats,A,65,74,78.5,42.9,28.0,28.6,39.3
401817476,2025-11-03,Binghamton Bearcats,Syracuse,A,47,85,52.5,34.4,7.6,20.6,48.9
401817476,2025-11-03,Syracuse,Binghamton Bearcats,H,85,47,86.6,56.1,27.7,33.3,24.2
401820604,2025-11-05,Binghamton Bearcats,RIT,H,66,56,72.9,49.0,23.3,21.2,49.0
401820604,2025-11-05,RIT,Binghamton Bearcats,A,56,66,67.2,42.9,17.9,16.7,19.6
401813374,2025-11-08,Binghamton Bearcats,Niagara,H,59,67,64.5,40.2,15.5,29.7,35.7
401813374,2025-11-08,Niagara,Binghamton Bearcats,A,67,59,64.1,46.6,12.5,28.2,28.8
401820605,2025-11-12,Binghamton Bearcats,Georgetown,A,70,83,57.9,48.0,5.2,20.7,51.0
401820605,2025-11-12,Georgetown,Binghamton Bearcats,H,83,70,74.0,49.3,16.2,40.5,31.3
401820606,2025-11-15,Binghamton Bearcats,Longwood,A,82,90,66.9,55.2,19.4,46.9,39.7
401820606,2025-11-15,Longwood,Binghamton Bearcats,H,90,82,84.2,53.2,26.1,38.5,47.6
401820607,2025-11-19,Binghamton Bearcats,Misericordia,H,69,58,61.5,57.1,26.0,42.9,36.7
401820607,2025-11-19,Misericordia,Binghamton Bearcats,A,58,69,70.8,46.4,22.6,14.3,14.3
401820608,2025-11-22,Binghamton Bearcats,Maryland Eastern Shore*,H,52,63,62.5,35.7,28.8,40.5,44.9
401820608,2025-11-22,Maryland Eastern Shore*,Binghamton Bearcats,A,63,52,70.7,50.9,34.0,44.1,25.5
401813351,2025-11-23,Binghamton Bearcats,Canisius,A,66,75,65.2,46.6,19.9,25.9,72.7
401813351,2025-11-23,Canisius,Binghamton Bearcats,H,75,66,65.0,58.2,18.5,24.0,42.9
401820609,2025-12-02,Binghamton Bearcats,Lehigh,H,80,71,78.7,63.0,26.7,14.8,71.7
401820609,2025-12-02,Lehigh,Binghamton Bearcats,A,71,80,73.7,47.0,17.6,27.9,17.9
401820610,2025-12-06,Binghamton Bearcats,Le Moyne,H,63,78,65.0,42.0,13.9,25.6,37.5
401820610,2025-12-06,Le Moyne,Binghamton Bearcats,A,78,63,61.5,62.3,11.4,25.9,34.0
401812651,2025-12-13,Binghamton Bearcats,Central Connecticut,H,67,84,71.4,51.0,25.2,19.4,50.0
401812651,2025-12-13,Central Connecticut,Binghamton Bearcats,A,84,67,67.2,69.1,19.3,25.0,20.0
401817450,2025-12-17,Binghamton Bearcats,Pittsburgh,A,63,103,59.8,51.2,18.4,19.2,65.9
401817450,2025-12-17,Pittsburgh,Binghamton Bearcats,H,103,63,94.4,75.9,35.0,27.6,41.4
401820216,2025-12-20,Binghamton Bearcats,Mercyhurst,A,61,82,62.7,44.0,14.3,10.7,73.8
401820216,2025-12-20,Mercyhurst,Binghamton Bearcats,H,82,61,82.7,54.5,24.2,25.7,18.2
401820612,2025-12-29,Binghamton Bearcats,Elmira,H,100,60,77.9,75.5,23.1,31.8,45.5
401820612,2025-12-29,Elmira,Binghamton Bearcats,A,60,100,60.1,40.8,8.3,28.9,28.3
401812108,2026-01-03,Binghamton Bearcats,NJIT,H,65,73,56.4,56.4,14.2,12.5,66.7
401812108,2026-01-03,NJIT,Binghamton Bearcats,A,73,65,72.5,51.9,27.6,38.7,40.7
401812110,2026-01-08,Binghamton Bearcats,Vermont,A,59,60,66.7,45.5,15.0,14.7,25.5
401812110,2026-01-08,Vermont,Binghamton Bearcats,H,60,59,57.4,49.0,10.5,22.9,50.0
401812116,2026-01-10,Binghamton Bearcats,UMass Lowell,H,68,73,69.0,50.9,17.4,19.4,35.2
401812116,2026-01-10,UMass Lowell,Binghamton Bearcats,A,73,68,66.2,54.1,13.6,18.8,61.2
401823813,2025-11-03,Boise State Broncos,Hawai'i Pacific,H,78,79,68.2,49.3,14.7,39.5,19.4
401823813,2025-11-03,Hawai'i Pacific,Boise State Broncos,A,79,78,85.2,56.6,27.0,13.8,18.0
401823814,2025-11-08,Boise State Broncos,Utah Valley,H,101,77,93.2,62.7,31.1,36.7,57.6
401823814,2025-11-08,Utah Valley,Boise State Broncos,A,77,101,73.4,52.7,17.7,22.2,43.6
401823815,2025-11-11,Boise State Broncos,UT Rio Grande Valley,H,85,65,68.8,57.9,18.9,48.4,50.9
401823815,2025-11-11,UT Rio Grande Valley,Boise State Broncos,A,65,85,82.5,51.9,27.9,12.1,41.5
401823816,2025-11-15,Boise State Broncos,Montana State,H,62,58,63.5,41.2,14.2,20.6,43.1
401823816,2025-11-15,Montana State,Boise State Broncos,A,58,62,61.2,44.1,9.8,24.3,18.6
401823817,2025-11-18,Boise State Broncos,Wichita State,H,62,59,65.9,43.5,18.2,29.7,42.6
401823817,2025-11-18,Wichita State,Boise State Broncos,A,59,62,59.0,41.1,10.2,36.4,33.9
401823818,2025-11-24,Boise State Broncos,USC*,H,67,70,69.2,45.2,18.8,33.3,17.5
401823818,2025-11-24,USC*,Boise State Broncos,A,70,67,72.1,54.6,23.6,22.6,31.5
401831198,2025-11-25,Boise State Broncos,23NC State*,H,70,81,71.2,43.8,19.7,32.6,57.1
401831198,2025-11-25,23NC State*,Boise State Broncos,A,81,70,81.9,58.3,29.3,22.6,42.6
401831203,2025-11-26,Boise State Broncos,Chaminade*,H,102,76,87.1,49.2,20.7,11.6,25.8
401831203,2025-11-26,Chaminade*,Boise State Broncos,A,76,102,71.9,66.4,11.1,44.4,39.1
401820828,2025-12-06,Boise State Broncos,Butler,A,77,68,72.3,44.4,18.0,42.1,41.3
401820828,2025-12-06,Butler,Boise State Broncos,H,68,77,66.1,48.3,10.6,23.7,28.3
401813453,2025-12-10,Boise State Broncos,Duquesne,H,86,64,70.5,56.7,12.8,25.8,33.3
401813453,2025-12-10,Duquesne,Boise State Broncos,A,64,86,66.5,45.7,9.0,16.7,31.0
401823819,2025-12-14,Boise State Broncos,Saint Mary's*,H,68,67,60.6,53.8,9.9,14.8,26.9
401823819,2025-12-14,Saint Mary's*,Boise State Broncos,A,67,68,76.4,41.2,23.6,28.6,42.1
401823820,2025-12-20,Boise State Broncos,Nevada,A,66,81,54.7,52.2,11.0,37.9,68.9
401823820,2025-12-20,Nevada,Boise State Broncos,H,81,66,76.2,60.0,26.3,20.8,75.6
401823821,2025-12-30,Boise State Broncos,New Mexico,H,62,53,68.9,41.1,13.1,21.6,44.6
401823821,2025-12-30,New Mexico,Boise State Broncos,A,53,62,69.6,33.1,8.6,18.4,24.6
401823771,2026-01-03,Boise State Broncos,San Diego State,A,107,110,99.7,50.6,19.1,30.2,39.2
401823771,2026-01-03,San Diego State,Boise State Broncos,H,110,107,101.2,61.0,20.8,20.0,43.8
401823793,2026-01-07,Boise State Broncos,Grand Canyon,H,58,75,65.9,38.8,18.2,20.0,51.0
401823793,2026-01-07,Grand Canyon,Boise State Broncos,A,75,58,70.7,55.0,21.2,32.3,20.0
401823822,2026-01-10,Boise State Broncos,Utah State,H,68,93,61.9,43.0,11.3,40.0,43.9
401823822,2026-01-10,Utah State,Boise State Broncos,A,93,68,79.0,66.4,29.1,41.4,36.2
401817211,2025-11-03,Boston College Eagles,Florida Atlantic,A,78,83,71.4,49.3,9.8,32.6,35.8
401817211,2025-11-03,Florida Atlantic,Boston College Eagles,H,83,78,82.9,52.2,15.7,19.1,37.3
401817212,2025-11-06,Boston College Eagles,The Citadel,H,76,47,75.3,47.6,18.6,33.3,45.2
401817212,2025-11-06,The Citadel,Boston College Eagles,A,47,76,58.5,34.9,6.8,19.5,37.7
401812644,2025-11-11,Boston College Eagles,Central Connecticut,H,59,60,63.3,38.1,11.1,34.1,13.4
401812644,2025-11-11,Central Connecticut,Boston College Eagles,A,60,59,57.8,45.0,8.7,32.4,16.7
401817213,2025-11-15,Boston College Eagles,Temple,A,76,71,71.6,50.0,15.4,32.5,24.2
401817213,2025-11-15,Temple,Boston College Eagles,H,71,76,71.8,38.1,11.1,34.8,40.3
401817214,2025-11-18,Boston College Eagles,Hampton,H,63,52,64.0,43.8,15.6,31.4,33.9
401817214,2025-11-18,Hampton,Boston College Eagles,A,52,63,55.6,38.3,7.2,35.7,23.3
401809311,2025-11-21,Boston College Eagles,Davidson*,H,49,59,50.6,41.8,13.8,37.5,28.6
401809311,2025-11-21,Davidson*,Boston College Eagles,A,59,49,66.1,49.0,22.7,17.2,35.4
401831228,2025-11-23,Boston College Eagles,Tulane*,H,90,93,79.1,49.2,12.6,26.8,57.1
401831228,2025-11-23,Tulane*,Boston College Eagles,A,93,90,87.1,55.8,19.5,21.2,60.0
401812606,2025-11-26,Boston College Eagles,Harvard,H,73,60,69.8,54.2,18.6,21.2,16.9
401812606,2025-11-26,Harvard,Boston College Eagles,A,60,73,65.8,45.8,15.2,20.6,10.0
401806378,2025-12-03,Boston College Eagles,LSU,H,69,78,75.0,44.4,18.7,26.2,33.9
401806378,2025-12-03,LSU,Boston College Eagles,A,78,69,85.5,42.4,22.2,34.1,27.8
401817215,2025-12-06,Boston College Eagles,New Haven,H,67,63,57.9,52.1,17.3,33.3,47.9
401817215,2025-12-06,New Haven,Boston College Eagles,A,63,67,64.4,43.9,20.2,28.1,49.0
401817216,2025-12-10,Boston College Eagles,Massachusetts*,H,74,76,82.6,40.5,26.6,35.0,60.3
401817216,2025-12-10,Massachusetts*,Boston College Eagles,A,76,74,59.4,50.8,5.1,43.6,38.7
401812313,2025-12-22,Boston College Eagles,Fairleigh Dickinson,H,72,61,57.9,52.7,8.6,37.8,45.5
401812313,2025-12-22,Fairleigh Dickinson,Boston College Eagles,A,61,72,57.8,42.9,5.2,31.7,15.9
401817217,2025-12-28,Boston College Eagles,Le Moyne,H,72,64,74.9,47.5,20.0,26.2,38.3
401817217,2025-12-28,Le Moyne,Boston College Eagles,A,64,72,67.0,42.1,10.4,28.6,30.2
401820645,2026-01-03,Boston College Eagles,Georgia Tech,A,53,65,67.5,30.3,8.9,26.9,30.3
401820645,2026-01-03,Georgia Tech,Boston College Eagles,H,65,53,66.8,42.5,16.5,35.5,54.7
401820651,2026-01-06,Boston College Eagles,NC State,H,71,79,47.5,61.1,4.2,40.0,48.9
401820651,2026-01-06,NC State,Boston College Eagles,A,79,71,71.7,58.9,22.3,34.3,19.4
401820659,2026-01-10,Boston College Eagles,20Louisville,A,62,75,74.6,43.7,14.7,16.3,25.4
401820659,2026-01-10,20Louisville,Boston College Eagles,H,75,62,65.9,54.9,13.7,20.0,49.0
401824356,2025-11-03,Boston University Terriers,Northeastern,A,76,75,72.5,50.0,19.3,31.4,33.3
401824356,2025-11-03,Northeastern,Boston University Terriers,H,75,76,88.3,47.5,30.6,29.7,43.3
401824357,2025-11-07,Boston University Terriers,Northwestern,A,52,76,49.3,40.5,6.1,37.5,12.1
401824357,2025-11-07,Northwestern,Boston University Terriers,H,76,52,73.2,57.5,24.6,33.3,21.7
401818549,2025-11-12,Boston University Terriers,Brown,H,90,77,65.0,71.6,21.5,40.9,37.3
401818549,2025-11-12,Brown,Boston University Terriers,A,77,90,66.9,54.7,17.9,29.0,43.4
401824358,2025-11-15,Boston University Terriers,Merrimack,H,79,91,69.0,62.0,20.3,25.0,35.2
401824358,2025-11-15,Merrimack,Boston University Terriers,A,91,79,66.6,71.3,21.0,34.6,29.6
401818369,2025-11-18,Boston University Terriers,Columbia,A,49,54,65.6,32.8,16.8,25.0,27.6
401818369,2025-11-18,Columbia,Boston University Terriers,H,54,49,56.3,46.1,17.8,27.3,17.6
401812605,2025-11-22,Boston University Terriers,Harvard*,H,75,74,62.8,74.0,22.3,17.6,16.7
401812605,2025-11-22,Harvard*,Boston University Terriers,A,74,75,78.3,63.2,31.9,17.4,17.0
401824359,2025-11-25,Boston University Terriers,Penn State,A,87,96,61.2,72.2,11.4,25.0,24.1
401824359,2025-11-25,Penn State,Boston University Terriers,H,96,87,74.0,65.4,17.6,33.3,76.9
401823388,2025-11-29,Boston University Terriers,Northern Kentucky,A,65,74,56.0,62.2,21.4,28.6,46.3
401823388,2025-11-29,Northern Kentucky,Boston University Terriers,H,74,65,72.4,45.0,26.2,50.0,40.0
401824360,2025-12-03,Boston University Terriers,Vermont State - Johnson,H,104,57,79.5,76.7,22.6,34.8,33.3
401824360,2025-12-03,Vermont State - Johnson,Boston University Terriers,A,57,104,68.7,42.9,18.9,19.4,25.0
401824361,2025-12-06,Boston University Terriers,New Hampshire,A,82,88,79.8,54.0,18.8,23.3,43.5
401824361,2025-12-06,New Hampshire,Boston University Terriers,H,88,82,80.8,56.2,18.6,32.5,44.6
401820630,2025-12-10,Boston University Terriers,Maine,H,59,69,59.6,43.8,20.1,44.4,28.6
401820630,2025-12-10,Maine,Boston University Terriers,A,69,59,58.1,62.0,17.2,23.8,32.6
401824362,2025-12-13,Boston University Terriers,Dartmouth,A,64,77,69.1,43.5,20.3,34.9,27.4
401824362,2025-12-13,Dartmouth,Boston University Terriers,H,77,64,71.3,54.7,19.6,25.8,49.1
401824363,2025-12-21,Boston University Terriers,UMass Lowell,H,88,76,67.5,74.0,20.7,30.0,40.0
401824363,2025-12-21,UMass Lowell,Boston University Terriers,A,76,88,67.0,61.3,17.9,29.6,39.6
401820160,2025-12-31,Boston University Terriers,Navy,A,77,82,67.7,56.8,10.3,12.9,20.3
401820160,2025-12-31,Navy,Boston University Terriers,H,82,77,62.2,56.6,8.0,29.4,56.6
401824365,2026-01-07,Boston University Terriers,Lafayette,A,83,67,62.1,62.1,9.7,30.0,25.9
401824365,2026-01-07,Lafayette,Boston University Terriers,H,67,83,71.6,48.4,14.0,17.5,26.2
401823415,2025-11-03,Bowling Green Falcons,Texas State,H,83,48,77.6,62.1,24.5,25.0,27.6
401823415,2025-11-03,Texas State,Bowling Green Falcons,A,48,83,57.3,41.7,8.7,14.3,13.0
401823416,2025-11-06,Bowling Green Falcons,Bethany (WV),H,120,65,127.3,57.5,35.4,32.6,67.1
401823416,2025-11-06,Bethany (WV),Bowling Green Falcons,A,65,120,80.2,44.5,20.0,14.0,20.3
401823417,2025-11-09,Bowling Green Falcons,Le Moyne,H,83,60,93.1,50.8,31.2,27.0,25.8
401823417,2025-11-09,Le Moyne,Bowling Green Falcons,A,60,83,50.7,47.1,7.9,34.4,23.1
401823418,2025-11-15,Bowling Green Falcons,Davidson,A,87,91,102.6,47.0,31.2,31.0,52.2
401823418,2025-11-15,Davidson,Bowling Green Falcons,H,91,87,70.0,65.6,14.3,23.1,79.2
401823419,2025-11-19,Bowling Green Falcons,William & Mary,H,74,82,78.8,45.7,22.8,27.0,46.6
401823419,2025-11-19,William & Mary,Bowling Green Falcons,A,82,74,85.4,54.5,30.4,25.0,42.9
401823420,2025-11-24,Bowling Green Falcons,Bucknell*,H,71,66,67.3,56.4,19.3,15.6,55.3
401823420,2025-11-24,Bucknell*,Bowling Green Falcons,A,66,71,61.5,56.7,17.9,15.4,44.4
401823421,2025-11-26,Bowling Green Falcons,VMI*,H,81,48,64.2,23.0,18.7,29.5,64.0
401823421,2025-11-26,VMI*,Bowling Green Falcons,A,48,81,62.1,54.7,17.7,55.6,23.4
401819893,2025-12-01,Bowling Green Falcons,Kansas State,A,82,66,65.0,54.8,13.8,44.1,30.6
401819893,2025-12-01,Kansas State,Bowling Green Falcons,H,66,82,64.5,44.3,9.3,35.1,36.1
401823422,2025-12-06,Bowling Green Falcons,Utah Valley,H,71,82,79.5,46.8,25.2,30.0,32.3
401823422,2025-12-06,Utah Valley,Bowling Green Falcons,A,82,71,67.1,64.3,19.4,34.6,26.8
401823423,2025-12-07,Bowling Green Falcons,Aquinas,H,131,50,128.7,75.0,39.6,28.0,44.3
401823423,2025-12-07,Aquinas,Bowling Green Falcons,A,50,131,58.8,42.5,10.2,10.5,15.1
401822346,2025-12-16,Bowling Green Falcons,Chicago State,H,76,55,68.5,57.3,17.5,22.6,32.7
401822346,2025-12-16,Chicago State,Bowling Green Falcons,A,55,76,62.8,32.8,9.6,30.4,46.6
401813768,2025-12-20,Bowling Green Falcons,Ohio,A,68,58,69.9,46.2,25.7,35.3,43.4
401813768,2025-12-20,Ohio,Bowling Green Falcons,H,58,68,62.2,42.4,16.1,25.0,65.2
401823424,2025-12-22,Bowling Green Falcons,Siena Heights,H,125,66,127.5,65.3,39.2,42.1,21.2
401823424,2025-12-22,Siena Heights,Bowling Green Falcons,A,66,125,58.5,55.1,8.5,12.9,36.7
401814494,2025-12-30,Bowling Green Falcons,Miami (OH),H,83,93,84.9,53.2,24.7,27.8,36.5
401814494,2025-12-30,Miami (OH),Bowling Green Falcons,A,93,83,79.4,64.5,26.4,30.8,43.6
401814500,2026-01-03,Bowling Green Falcons,Massachusetts,A,101,100,87.4,57.3,10.3,13.9,72.6
401814500,2026-01-03,Massachusetts,Bowling Green Falcons,H,100,101,78.6,65.8,14.0,20.0,61.4
401814504,2026-01-06,Bowling Green Falcons,Kent State,A,93,96,75.7,57.9,21.1,44.4,54.4
401814504,2026-01-06,Kent State,Bowling Green Falcons,H,96,93,77.0,62.7,19.5,34.5,30.2
401817194,2025-11-03,Bradley Braves,St. Bonaventure*,H,63,69,63.1,46.7,15.9,38.5,28.3
401817194,2025-11-03,St. Bonaventure*,Bradley Braves,A,69,63,71.2,48.2,19.7,14.7,23.2
401823455,2025-11-08,Bradley Braves,Central Michigan,H,85,54,75.9,60.7,23.7,32.3,44.6
401823455,2025-11-08,Central Michigan,Bradley Braves,A,54,85,63.1,38.2,14.3,21.6,27.3
401828753,2025-11-12,Bradley Braves,UT Martin,H,67,78,79.6,36.3,26.4,25.6,72.5
401828753,2025-11-12,UT Martin,Bradley Braves,A,78,67,65.1,67.0,21.5,26.9,34.0
401826727,2025-11-15,Bradley Braves,San Francisco,A,64,75,77.0,38.3,20.8,21.4,35.0
401826727,2025-11-15,San Francisco,Bradley Braves,H,75,64,56.9,59.0,15.8,44.8,46.0
401826762,2025-11-19,Bradley Braves,UMass Lowell,H,87,77,77.3,60.7,27.1,38.7,46.4
401826762,2025-11-19,UMass Lowell,Bradley Braves,A,77,87,76.3,52.9,27.5,31.0,50.0
401809395,2025-11-24,Bradley Braves,Princeton*,H,88,64,79.5,67.3,23.9,13.8,36.4
401809395,2025-11-24,Princeton*,Bradley Braves,A,64,88,49.0,56.7,6.1,31.0,46.7
401830890,2025-11-25,Bradley Braves,UC San Diego*,H,77,87,69.1,53.2,20.3,36.8,24.2
401830890,2025-11-25,UC San Diego*,Bradley Braves,A,87,77,75.7,57.1,18.5,27.3,55.4
401830893,2025-11-26,Bradley Braves,Liberty*,H,74,64,58.6,58.5,17.1,42.3,26.4
401830893,2025-11-26,Liberty*,Bradley Braves,A,64,74,68.0,55.2,22.1,16.7,43.8
401824138,2025-12-02,Bradley Braves,Washington State,H,64,60,85.5,41.1,26.9,22.7,35.5
401824138,2025-12-02,Washington State,Bradley Braves,A,60,64,51.7,51.0,7.7,25.0,24.5
401823465,2025-12-06,Bradley Braves,Northern Illinois,H,84,55,84.0,58.5,26.2,20.0,32.2
401823465,2025-12-06,Northern Illinois,Bradley Braves,A,55,84,63.4,33.8,12.6,40.4,36.9
401832162,2025-12-14,Bradley Braves,North Central College,H,86,53,89.6,52.5,30.1,38.1,60.7
401832162,2025-12-14,North Central College,Bradley Braves,A,53,86,56.7,44.6,22.9,27.6,26.1
401830220,2025-12-18,Bradley Braves,Indiana State,A,108,99,102.8,51.1,15.6,27.8,30.3
401830220,2025-12-18,Indiana State,Bradley Braves,H,99,108,84.4,49.3,4.7,20.0,61.4
401830219,2025-12-21,Bradley Braves,Southern Illinois,H,73,69,78.5,47.4,28.0,31.4,34.5
401830219,2025-12-21,Southern Illinois,Bradley Braves,A,69,73,70.5,46.7,17.0,29.7,29.5
401830218,2025-12-29,Bradley Braves,Evansville,H,76,68,73.0,46.1,13.7,27.5,32.8
401830218,2025-12-29,Evansville,Bradley Braves,A,68,76,65.7,46.8,10.7,25.0,22.6
401830235,2026-01-04,Bradley Braves,Murray State,A,66,86,73.6,37.9,12.2,27.1,22.9
401830235,2026-01-04,Murray State,Bradley Braves,H,86,66,58.6,61.9,3.4,31.0,23.7
401830234,2026-01-07,Bradley Braves,Drake,H,93,66,85.3,60.7,22.3,22.2,45.9
401830234,2026-01-07,Drake,Bradley Braves,A,66,93,73.3,46.2,17.7,15.4,52.8
401830233,2026-01-10,Bradley Braves,Northern Iowa,H,75,69,65.3,49.1,4.6,23.1,48.3
401830233,2026-01-10,Northern Iowa,Bradley Braves,A,69,75,68.5,49.2,10.2,15.8,30.5
401818547,2025-11-07,Brown Bears,Siena,H,46,62,58.8,32.8,13.6,28.6,17.2
401818547,2025-11-07,Siena,Brown Bears,A,62,46,71.5,41.2,26.6,38.5,38.6
401818548,2025-11-09,Brown Bears,Vermont,H,84,89,74.4,53.0,8.1,22.2,35.8
401818548,2025-11-09,Vermont,Brown Bears,A,89,84,88.5,48.6,19.2,25.6,30.6
401818550,2025-11-14,Brown Bears,Hampton,H,63,72,58.1,58.7,24.1,33.3,32.6
401818550,2025-11-14,Hampton,Brown Bears,A,72,63,67.3,42.4,22.3,52.6,47.5
401812663,2025-11-18,Brown Bears,Holy Cross,H,68,49,71.2,56.7,30.9,28.6,21.2
401812663,2025-11-18,Holy Cross,Brown Bears,A,49,68,55.2,42.3,12.7,23.7,21.2
401818551,2025-11-20,Brown Bears,Stony Brook,A,70,80,63.2,53.3,15.8,35.3,18.3
401818551,2025-11-20,Stony Brook,Brown Bears,H,80,70,72.5,55.0,19.3,32.4,33.3
401818552,2025-11-23,Brown Bears,Maine,A,58,53,65.6,42.6,21.3,31.2,29.6
401818552,2025-11-23,Maine,Brown Bears,H,53,58,58.2,48.0,17.2,19.4,22.4
401818553,2025-11-26,Brown Bears,New Hampshire,A,59,47,63.1,48.0,19.0,21.9,29.4
401818553,2025-11-26,New Hampshire,Brown Bears,H,47,59,62.9,35.8,15.9,24.3,6.7
401817168,2025-12-02,Brown Bears,Rhode Island,A,56,66,67.1,33.6,22.4,42.6,26.6
401817168,2025-12-02,Rhode Island,Brown Bears,H,66,56,72.5,46.3,27.6,34.3,40.7
401818554,2025-12-05,Brown Bears,Bryant,H,75,56,80.6,51.6,27.3,31.7,25.0
401818554,2025-12-05,Bryant,Brown Bears,A,56,75,59.3,44.6,10.1,16.7,12.5
401818555,2025-12-06,Brown Bears,Elms College,H,115,34,120.2,69.7,44.1,48.4,17.1
401818555,2025-12-06,Elms College,Brown Bears,A,34,115,53.9,33.7,13.0,13.5,12.2
401818556,2025-12-09,Brown Bears,Providence,A,79,86,77.5,49.2,14.2,20.5,30.8
401818556,2025-12-09,Providence,Brown Bears,H,86,79,79.0,52.3,21.5,34.2,32.3
401818558,2025-12-31,Brown Bears,Johnson & Wales (RI),H,105,47,90.9,61.6,27.5,46.2,31.5
401818558,2025-12-31,Johnson & Wales (RI),Brown Bears,A,47,105,66.3,36.1,13.6,2.7,16.7
401818307,2026-01-05,Brown Bears,Yale,H,53,70,66.8,36.2,15.0,27.1,15.4
401818307,2026-01-05,Yale,Brown Bears,A,70,53,69.5,53.7,21.6,28.1,37.0
401812586,2026-01-10,Brown Bears,Pennsylvania,A,73,81,67.7,54.2,16.2,27.3,20.0
401812586,2026-01-10,Pennsylvania,Brown Bears,H,81,73,72.8,52.7,19.2,34.4,51.8
401820613,2025-11-03,Bryant Bulldogs,Siena,A,66,82,47.7,51.8,0.0,43.8,21.4
401820613,2025-11-03,Siena,Bryant Bulldogs,H,82,66,85.5,50.0,31.6,47.4,29.9
401820614,2025-11-07,Bryant Bulldogs,Georgia Tech,A,45,74,62.6,28.3,6.4,20.0,26.7
401820614,2025-11-07,Georgia Tech,Bryant Bulldogs,H,74,45,75.8,54.0,19.8,20.0,15.9
401820615,2025-11-12,Bryant Bulldogs,Dartmouth,H,82,75,79.5,52.5,16.4,13.5,36.1
401820615,2025-11-12,Dartmouth,Bryant Bulldogs,A,75,82,67.6,50.8,5.9,22.0,24.6
401820616,2025-11-16,Bryant Bulldogs,Valparaiso,A,50,68,61.3,32.3,18.0,39.6,13.8
401820616,2025-11-16,Valparaiso,Bryant Bulldogs,H,68,50,69.9,46.4,21.5,32.5,44.6
401817521,2025-11-19,Bryant Bulldogs,Virginia Tech,A,61,78,60.6,47.1,8.3,12.9,30.8
401817521,2025-11-19,Virginia Tech,Bryant Bulldogs,H,78,61,75.4,55.2,22.5,35.5,41.4
401812790,2025-11-23,Bryant Bulldogs,3UConn,A,49,72,55.0,36.2,18.2,17.2,52.5
401812790,2025-11-23,3UConn,Bryant Bulldogs,H,72,49,77.5,43.0,27.1,45.0,34.4
401820617,2025-11-26,Bryant Bulldogs,Mercy,H,87,61,77.7,56.7,18.0,32.4,55.0
401820617,2025-11-26,Mercy,Bryant Bulldogs,A,61,87,74.5,34.6,12.1,19.6,30.8
401812607,2025-11-29,Bryant Bulldogs,Harvard,A,53,56,61.3,40.5,19.6,30.0,12.1
401812607,2025-11-29,Harvard,Bryant Bulldogs,H,56,53,54.0,46.6,13.0,35.3,3.4
401820618,2025-12-02,Bryant Bulldogs,Stonehill,H,77,65,69.1,58.8,21.7,35.5,29.8
401820618,2025-12-02,Stonehill,Bryant Bulldogs,A,65,77,59.3,50.0,13.5,33.3,15.5
401820619,2025-12-10,Bryant Bulldogs,Iona,A,63,69,64.9,52.7,24.7,26.5,7.1
401820619,2025-12-10,Iona,Bryant Bulldogs,H,69,63,77.3,50.0,23.3,17.1,14.8
401813325,2025-12-13,Bryant Bulldogs,Marist,H,74,82,61.6,60.6,13.0,20.7,30.8
401813325,2025-12-13,Marist,Bryant Bulldogs,A,82,74,69.0,56.4,17.4,30.8,38.2
401820620,2025-12-22,Bryant Bulldogs,High Point,A,47,93,53.2,44.3,20.7,27.6,29.5
401820620,2025-12-22,High Point,Bryant Bulldogs,H,93,47,90.2,69.6,43.2,57.7,62.7
401820621,2025-12-28,Bryant Bulldogs,Worcester State,H,95,59,83.1,62.9,28.9,46.9,25.8
401820621,2025-12-28,Worcester State,Bryant Bulldogs,A,59,95,68.3,40.4,17.6,34.1,10.3
401812107,2026-01-03,Bryant Bulldogs,Maine,A,56,51,64.5,36.7,18.6,37.2,30.0
401812107,2026-01-03,Maine,Bryant Bulldogs,H,51,56,67.4,33.3,20.8,33.3,42.1
401812112,2026-01-08,Bryant Bulldogs,UMass Lowell,H,63,77,65.3,48.3,16.9,24.3,15.3
401812112,2026-01-08,UMass Lowell,Bryant Bulldogs,A,77,63,65.1,57.0,15.4,35.7,29.8
401812114,2026-01-10,Bryant Bulldogs,UAlbany,A,46,71,54.6,32.7,11.0,33.3,29.1
401812114,2026-01-10,UAlbany,Bryant Bulldogs,H,71,46,58.1,57.5,17.2,42.9,28.3
401809073,2025-11-03,Bucknell Bison,Delaware,H,78,70,69.7,53.2,18.7,35.3,22.6
401809073,2025-11-03,Delaware,Bucknell Bison,A,70,78,76.5,46.1,20.9,28.6,28.1
401809074,2025-11-07,Bucknell Bison,Mount St. Mary's,A,73,62,74.9,50.0,20.0,23.1,39.7
401809074,2025-11-07,Mount St. Mary's,Bucknell Bison,H,62,73,52.9,43.1,1.9,33.3,49.0
401809075,2025-11-11,Bucknell Bison,Princeton,A,63,73,73.0,47.1,24.7,17.6,41.2
401809075,2025-11-11,Princeton,Bucknell Bison,H,73,63,71.8,50.9,20.9,27.0,54.7
401809076,2025-11-14,Bucknell Bison,Hofstra,H,77,83,70.0,50.0,17.1,32.4,35.6
401809076,2025-11-14,Hofstra,Bucknell Bison,A,83,77,88.2,54.4,29.5,29.4,56.1
401809077,2025-11-17,Bucknell Bison,Pittsburgh,A,50,84,60.9,34.0,21.3,27.0,48.9
401809077,2025-11-17,Pittsburgh,Bucknell Bison,H,84,50,77.7,61.5,32.2,44.1,23.0
401809078,2025-11-20,Bucknell Bison,14St. John's,A,49,97,68.5,33.3,21.9,20.5,43.1
401809078,2025-11-20,14St. John's,Bucknell Bison,H,97,49,97.3,58.5,37.0,48.6,43.1
401823431,2025-11-26,Bucknell Bison,Buffalo*,H,71,73,56.7,56.1,12.3,40.6,21.1
401823431,2025-11-26,Buffalo*,Bucknell Bison,A,73,71,70.0,54.6,24.3,31.2,35.2
401809079,2025-11-30,Bucknell Bison,Cornell,H,72,101,73.3,44.2,19.1,31.7,43.3
401809079,2025-11-30,Cornell,Bucknell Bison,A,101,72,70.3,85.5,21.3,23.5,16.4
401809081,2025-12-06,Bucknell Bison,UMBC,H,66,73,66.1,44.3,16.6,35.0,27.9
401809081,2025-12-06,UMBC,Bucknell Bison,A,73,66,64.1,58.7,17.2,23.1,28.8
401809082,2025-12-09,Bucknell Bison,Rider,A,51,38,64.8,42.5,21.6,18.8,15.1
401809082,2025-12-09,Rider,Bucknell Bison,H,38,51,51.3,37.2,11.7,17.1,19.1
401809083,2025-12-20,Bucknell Bison,Iowa,A,39,94,43.9,42.7,6.8,11.5,14.6
401809083,2025-12-20,Iowa,Bucknell Bison,H,94,39,95.7,66.7,41.8,50.0,19.0
401824384,2025-12-31,Bucknell Bison,Holy Cross,A,58,65,60.4,47.5,16.6,29.7,8.5
401824384,2025-12-31,Holy Cross,Bucknell Bison,H,65,58,62.4,48.9,19.2,29.6,56.5
401829396,2026-01-03,Bucknell Bison,Lehigh,H,72,65,80.5,42.3,24.8,31.0,27.7
401829396,2026-01-03,Lehigh,Bucknell Bison,A,65,72,67.0,51.1,20.9,15.4,44.7
401820162,2026-01-07,Bucknell Bison,Navy,A,55,76,59.6,41.5,11.7,18.9,26.4
401820162,2026-01-07,Navy,Bucknell Bison,H,76,55,66.5,56.4,22.5,37.5,32.7
401820196,2026-01-10,Bucknell Bison,Loyola Maryland,H,70,67,79.6,49.2,31.4,33.3,27.1
401820196,2026-01-10,Loyola Maryland,Bucknell Bison,A,67,70,67.3,50.0,20.8,31.4,15.0
401823425,2025-11-03,Buffalo Bulls,Southern Miss,H,85,79,67.1,56.6,14.9,37.1,67.9
401823425,2025-11-03,Southern Miss,Buffalo Bulls,A,79,85,61.5,60.0,14.6,29.2,40.0
401823426,2025-11-07,Buffalo Bulls,Green Bay,H,83,76,72.5,59.6,20.7,28.1,87.2
401823426,2025-11-07,Green Bay,Buffalo Bulls,A,76,83,63.0,62.8,15.9,15.4,44.7
401823427,2025-11-11,Buffalo Bulls,DePaul,A,66,53,77.8,45.2,28.3,25.7,51.9
401823427,2025-11-11,DePaul,Buffalo Bulls,H,53,66,60.5,42.2,21.5,34.2,39.2
401823428,2025-11-15,Buffalo Bulls,RIT,H,80,64,66.3,54.6,15.1,33.3,48.1
401823428,2025-11-15,RIT,Buffalo Bulls,A,64,80,68.6,51.0,21.9,20.0,30.8
401823429,2025-11-18,Buffalo Bulls,Vermont,H,94,90,80.6,59.4,19.9,19.4,69.8
401823429,2025-11-18,Vermont,Buffalo Bulls,A,90,94,68.5,65.5,11.7,18.5,40.0
401823430,2025-11-24,Buffalo Bulls,VMI*,H,78,70,65.6,54.3,16.8,31.0,80.4
401823430,2025-11-24,VMI*,Buffalo Bulls,A,70,78,71.5,43.8,18.2,35.7,31.2
401813352,2025-11-29,Buffalo Bulls,Canisius,A,71,53,78.1,53.8,29.5,18.8,32.1
401813352,2025-11-29,Canisius,Buffalo Bulls,H,53,71,61.6,39.8,14.6,22.9,25.9
401817202,2025-12-06,Buffalo Bulls,St. Bonaventure,H,69,77,69.2,62.0,27.4,20.8,22.0
401817202,2025-12-06,St. Bonaventure,Buffalo Bulls,A,77,69,70.7,54.2,29.7,51.5,23.3
401823432,2025-12-09,Buffalo Bulls,UMBC,A,83,79,68.5,60.9,19.0,30.8,32.7
401823432,2025-12-09,UMBC,Buffalo Bulls,H,79,83,67.8,60.2,17.7,26.9,13.6
401820814,2025-12-14,Buffalo Bulls,East Carolina,A,70,73,62.0,45.8,11.3,35.9,35.6
401820814,2025-12-14,East Carolina,Buffalo Bulls,H,73,70,76.2,39.7,18.4,36.6,47.6
401813769,2025-12-20,Buffalo Bulls,Western Michigan,A,88,71,73.4,59.3,17.7,30.3,40.7
401813769,2025-12-20,Western Michigan,Buffalo Bulls,H,71,88,63.7,47.0,6.3,29.3,18.2
401823453,2025-12-22,Buffalo Bulls,Penn State-Behrend,H,92,63,60.1,75.0,15.0,48.0,26.8
401823453,2025-12-22,Penn State-Behrend,Buffalo Bulls,A,63,92,61.6,50.0,9.7,21.1,28.6
401814493,2025-12-31,Buffalo Bulls,Northern Illinois,A,81,67,71.9,59.1,23.6,34.4,41.8
401814493,2025-12-31,Northern Illinois,Buffalo Bulls,H,67,81,71.6,47.3,25.1,30.3,28.6
401814512,2026-01-10,Buffalo Bulls,Ohio,A,80,91,78.5,49.3,20.4,34.9,32.8
401814512,2026-01-10,Ohio,Buffalo Bulls,H,91,80,73.5,64.9,24.5,50.0,35.1
401820822,2025-11-05,Butler Bulldogs,Southern Indiana,H,88,58,81.8,52.3,24.5,40.5,44.6
401820822,2025-11-05,Southern Indiana,Butler Bulldogs,A,58,88,71.1,35.4,11.3,20.4,26.2
401820823,2025-11-08,Butler Bulldogs,IU Indianapolis,H,112,80,90.4,54.6,18.8,56.1,56.6
401820823,2025-11-08,IU Indianapolis,Butler Bulldogs,A,80,112,99.1,43.1,26.2,28.0,18.8
401820824,2025-11-11,Butler Bulldogs,Chicago State,H,98,66,79.2,67.5,24.0,37.9,52.6
401820824,2025-11-11,Chicago State,Butler Bulldogs,A,66,98,71.2,51.8,21.1,19.4,23.2
401817455,2025-11-15,Butler Bulldogs,SMU,A,85,87,78.9,56.3,26.6,43.2,36.5
401817455,2025-11-15,SMU,Butler Bulldogs,H,87,85,77.1,59.4,24.6,41.9,23.4
401820825,2025-11-21,Butler Bulldogs,South Carolina*,H,79,72,75.5,46.0,15.9,21.4,35.5
401820825,2025-11-21,South Carolina*,Butler Bulldogs,A,72,79,66.2,52.7,13.6,42.9,60.7
401817491,2025-11-23,Butler Bulldogs,Virginia*,H,80,73,76.1,46.5,21.0,38.3,21.1
401817491,2025-11-23,Virginia*,Butler Bulldogs,A,73,80,68.8,53.6,18.9,40.0,51.8
401820826,2025-11-28,Butler Bulldogs,Wright State,H,94,69,77.3,62.7,16.8,35.5,41.3
401820826,2025-11-28,Wright State,Butler Bulldogs,A,69,94,77.4,47.2,19.4,25.0,4.2
401820827,2025-12-02,Butler Bulldogs,Eastern Michigan,H,84,68,67.0,61.6,19.4,39.3,33.9
401820827,2025-12-02,Eastern Michigan,Butler Bulldogs,A,68,84,70.2,48.3,21.4,26.5,22.4
401822867,2025-12-13,Butler Bulldogs,Providence,H,113,110,90.0,53.1,13.3,42.9,46.9
401822867,2025-12-13,Providence,Butler Bulldogs,A,110,113,93.5,55.8,17.1,37.0,20.9
401822868,2025-12-16,Butler Bulldogs,5UConn,A,60,79,77.4,33.6,22.0,27.3,39.3
401822868,2025-12-16,5UConn,Butler Bulldogs,H,79,60,69.2,56.3,21.7,46.9,20.6
401820829,2025-12-20,Butler Bulldogs,Northwestern*,H,61,58,56.6,44.0,8.8,33.3,24.1
401820829,2025-12-20,Northwestern*,Butler Bulldogs,A,58,61,72.3,39.1,18.0,24.3,14.1
401820830,2025-12-22,Butler Bulldogs,NJIT,H,101,52,87.2,63.1,25.2,36.7,52.5
401820830,2025-12-22,NJIT,Butler Bulldogs,A,52,101,68.2,42.0,14.7,7.9,19.6
401822878,2025-12-30,Butler Bulldogs,Creighton,A,85,89,75.0,46.7,16.0,45.7,25.3
401822878,2025-12-30,Creighton,Butler Bulldogs,H,89,85,68.1,59.5,11.7,32.3,23.8
401822883,2026-01-03,Butler Bulldogs,Villanova,H,67,85,66.7,42.9,15.0,36.1,22.2
401822883,2026-01-03,Villanova,Butler Bulldogs,A,85,67,75.5,61.2,19.9,23.3,34.5
401822888,2026-01-06,Butler Bulldogs,St. John's,H,70,84,55.5,57.3,9.0,22.2,37.5
401822888,2026-01-06,St. John's,Butler Bulldogs,A,84,70,93.1,55.3,29.0,20.0,22.7
401827439,2025-11-03,Cal Poly Mustangs,USC,A,64,94,75.7,39.6,19.8,35.4,16.7
401827439,2025-11-03,USC,Cal Poly Mustangs,H,94,64,90.0,53.2,23.3,36.1,63.5
401830411,2025-11-05,Cal Poly Mustangs,Pacific Lutheran,H,101,79,96.6,53.6,25.9,34.1,50.7
401830411,2025-11-05,Pacific Lutheran,Cal Poly Mustangs,A,79,101,69.7,45.9,2.9,27.1,18.9
401824126,2025-11-08,Cal Poly Mustangs,Seattle U,A,73,71,75.5,49.1,27.8,41.2,37.9
401824126,2025-11-08,Seattle U,Cal Poly Mustangs,H,71,73,79.7,52.4,27.6,32.4,22.2
401823809,2025-11-12,Cal Poly Mustangs,Colorado State,A,79,93,71.5,54.0,12.6,22.0,28.6
401823809,2025-11-12,Colorado State,Cal Poly Mustangs,H,93,79,72.5,61.7,12.4,18.8,33.3
401828289,2025-11-14,Cal Poly Mustangs,Montana,A,82,90,82.0,48.6,18.3,29.3,30.4
401828289,2025-11-14,Montana,Cal Poly Mustangs,H,90,82,82.8,52.3,16.9,22.5,45.3
401819909,2025-11-20,Cal Poly Mustangs,Utah,A,92,85,76.7,61.7,15.6,27.8,51.7
401819909,2025-11-20,Utah,Cal Poly Mustangs,H,85,92,82.5,53.2,18.2,15.8,34.9
401825590,2025-11-24,Cal Poly Mustangs,Northern Arizona,A,87,93,72.1,56.0,11.1,25.6,22.4
401825590,2025-11-24,Northern Arizona,Cal Poly Mustangs,H,93,87,86.7,59.5,23.1,30.0,52.4
401829348,2025-11-25,Cal Poly Mustangs,Southeast Missouri State*,H,68,84,68.6,34.3,19.0,38.1,68.5
401829348,2025-11-25,Southeast Missouri State*,Cal Poly Mustangs,A,84,68,86.1,50.7,26.7,34.2,25.0
401830412,2025-11-29,Cal Poly Mustangs,Redlands,H,87,81,75.7,63.3,26.4,34.5,20.0
401830412,2025-11-29,Redlands,Cal Poly Mustangs,A,81,87,90.1,43.8,28.8,44.4,18.5
401809153,2025-12-04,Cal Poly Mustangs,Cal State Fullerton,A,94,91,90.2,65.5,28.8,17.2,54.5
401809153,2025-12-04,Cal State Fullerton,Cal Poly Mustangs,H,91,94,88.8,53.8,23.7,30.0,43.9
401809154,2025-12-06,Cal Poly Mustangs,UC Riverside,H,84,88,64.3,55.3,7.8,30.3,45.6
401809154,2025-12-06,UC Riverside,Cal Poly Mustangs,A,88,84,78.4,57.1,16.6,27.3,38.1
401825582,2025-12-16,Cal Poly Mustangs,Montana State,H,80,83,68.7,46.0,11.6,40.5,49.2
401825582,2025-12-16,Montana State,Cal Poly Mustangs,A,83,80,77.9,50.0,18.0,31.8,37.9
401813765,2025-12-19,Cal Poly Mustangs,UCLA,A,87,108,66.5,64.7,18.1,29.2,43.1
401813765,2025-12-19,UCLA,Cal Poly Mustangs,H,108,87,103.8,67.2,31.8,16.0,47.5
401823571,2025-12-21,Cal Poly Mustangs,Idaho,H,80,83,92.5,40.2,24.9,22.7,63.9
401823571,2025-12-21,Idaho,Cal Poly Mustangs,A,83,80,85.3,47.0,19.9,23.9,42.4
401809086,2026-01-01,Cal Poly Mustangs,UC San Diego,H,67,65,67.7,43.2,16.3,35.6,21.2
401809086,2026-01-01,UC San Diego,Cal Poly Mustangs,A,65,67,63.2,41.5,11.1,34.9,20.0
401809155,2026-01-03,Cal Poly Mustangs,Long Beach State,A,66,74,74.9,42.9,20.0,22.2,44.6
401809155,2026-01-03,Long Beach State,Cal Poly Mustangs,H,74,66,76.1,53.4,22.3,21.2,29.3
401809156,2026-01-08,Cal Poly Mustangs,Cal State Northridge,A,90,95,85.0,52.9,17.7,22.7,30.0
401809156,2026-01-08,Cal State Northridge,Cal Poly Mustangs,H,95,90,81.8,59.0,20.8,40.5,40.3
401809127,2026-01-10,Cal Poly Mustangs,UC Davis,H,84,78,75.3,50.9,15.9,20.0,49.1
401809127,2026-01-10,UC Davis,Cal Poly Mustangs,A,78,84,73.5,48.4,13.6,22.5,31.7
401817218,2025-11-03,Cal State Bakersfield Roadrunners,California,A,60,87,73.2,38.7,23.2,30.6,56.6
401817218,2025-11-03,California,Cal State Bakersfield Roadrunners,H,87,60,80.9,58.5,27.2,40.0,42.4
401823550,2025-11-06,Cal State Bakersfield Roadrunners,Whittier,H,83,61,87.9,44.8,20.5,37.5,29.9
401823550,2025-11-06,Whittier,Cal State Bakersfield Roadrunners,A,61,83,70.4,38.3,4.3,16.7,37.5
401823551,2025-11-11,Cal State Bakersfield Roadrunners,Western Illinois,H,74,58,80.5,49.2,32.3,40.0,33.9
401823551,2025-11-11,Western Illinois,Cal State Bakersfield Roadrunners,A,58,74,63.5,42.9,22.0,38.5,32.1
401823552,2025-11-14,Cal State Bakersfield Roadrunners,Ole Miss,A,60,82,53.9,44.9,7.4,32.4,51.0
401823552,2025-11-14,Ole Miss,Cal State Bakersfield Roadrunners,H,82,60,74.9,47.7,22.7,46.5,37.9
401823733,2025-11-17,Cal State Bakersfield Roadrunners,Portland State,A,80,93,69.8,51.8,15.8,30.3,52.7
401823733,2025-11-17,Portland State,Cal State Bakersfield Roadrunners,H,93,80,76.3,69.1,24.9,37.0,47.3
401823734,2025-11-22,Cal State Bakersfield Roadrunners,Mississippi Valley State,H,86,70,83.0,47.5,22.9,38.1,70.0
401823734,2025-11-22,Mississippi Valley State,Cal State Bakersfield Roadrunners,A,70,86,70.8,44.8,9.9,21.6,50.0
401823735,2025-11-25,Cal State Bakersfield Roadrunners,Florida State,A,59,89,64.3,39.8,17.1,36.1,48.1
401823735,2025-11-25,Florida State,Cal State Bakersfield Roadrunners,H,89,59,103.8,50.8,38.5,38.5,44.6
401823736,2025-11-30,Cal State Bakersfield Roadrunners,Fresno State,A,76,71,80.4,46.5,23.6,22.6,42.1
401823736,2025-11-30,Fresno State,Cal State Bakersfield Roadrunners,H,71,76,64.0,43.1,14.1,44.2,29.2
401823261,2025-12-04,Cal State Bakersfield Roadrunners,Cal State Northridge,A,66,87,67.4,39.2,16.3,37.5,40.0
401823261,2025-12-04,Cal State Northridge,Cal State Bakersfield Roadrunners,H,87,66,93.9,57.8,35.2,40.5,39.1
401823737,2025-12-06,Cal State Bakersfield Roadrunners,UC Santa Barbara,A,84,109,73.6,60.4,17.7,16.7,77.1
401823737,2025-12-06,UC Santa Barbara,Cal State Bakersfield Roadrunners,H,109,84,81.2,67.2,23.4,46.9,55.7
401823738,2025-12-11,Cal State Bakersfield Roadrunners,North Dakota State,H,69,80,74.0,40.6,20.3,35.7,32.8
401823738,2025-12-11,North Dakota State,Cal State Bakersfield Roadrunners,A,80,69,77.6,44.3,25.8,48.8,60.7
401823739,2025-12-13,Cal State Bakersfield Roadrunners,Pepperdine,H,62,70,69.9,33.3,24.3,40.0,43.9
401823739,2025-12-13,Pepperdine,Cal State Bakersfield Roadrunners,A,70,62,73.0,51.8,28.8,35.3,34.5
401823740,2025-12-18,Cal State Bakersfield Roadrunners,Nobel,H,97,66,92.6,66.3,32.4,30.4,71.2
401823740,2025-12-18,Nobel,Cal State Bakersfield Roadrunners,A,66,97,66.9,49.0,25.4,39.4,49.0
401823572,2025-12-23,Cal State Bakersfield Roadrunners,Idaho,H,64,63,63.8,54.5,17.2,22.6,14.3
401823572,2025-12-23,Idaho,Cal State Bakersfield Roadrunners,A,63,64,67.1,44.0,19.4,28.9,25.9
401809107,2026-01-01,Cal State Bakersfield Roadrunners,UC Irvine,H,77,81,81.5,43.8,25.8,46.5,25.0
401809107,2026-01-01,UC Irvine,Cal State Bakersfield Roadrunners,A,81,77,65.9,61.5,16.7,32.1,48.1
401809125,2026-01-03,Cal State Bakersfield Roadrunners,UC Davis,A,81,79,78.3,47.6,20.4,33.3,41.9
401809125,2026-01-03,UC Davis,Cal State Bakersfield Roadrunners,H,79,81,64.1,51.0,10.9,33.3,70.6
401823741,2026-01-08,Cal State Bakersfield Roadrunners,UC Riverside,H,67,66,79.5,41.9,31.4,41.5,32.3
401823741,2026-01-08,UC Riverside,Cal State Bakersfield Roadrunners,A,66,67,66.6,50.0,18.0,23.7,28.6
401823335,2026-01-10,Cal State Bakersfield Roadrunners,Long Beach State,A,75,81,76.5,48.3,19.6,22.2,33.3
401823335,2026-01-10,Long Beach State,Cal State Bakersfield Roadrunners,H,81,75,75.8,55.7,21.1,23.3,54.7
401822728,2025-11-03,Cal State Fullerton Titans,Caltech,H,136,82,126.3,66.7,34.0,38.6,32.2
401822728,2025-11-03,Caltech,Cal State Fullerton Titans,A,82,136,81.9,44.2,11.0,18.2,36.2
401822729,2025-11-08,Cal State Fullerton Titans,Wyoming,A,82,92,84.4,46.4,19.0,18.4,78.2
401822729,2025-11-08,Wyoming,Cal State Fullerton Titans,H,92,82,88.6,53.8,19.2,25.0,56.9
401817220,2025-11-10,Cal State Fullerton Titans,California,A,65,93,70.2,43.5,11.4,26.7,15.9
401817220,2025-11-10,California,Cal State Fullerton Titans,H,93,65,91.2,49.3,23.0,28.6,44.1
401822730,2025-11-15,Cal State Fullerton Titans,Pacific,H,73,85,96.5,37.8,24.9,23.1,29.7
401822730,2025-11-15,Pacific,Cal State Fullerton Titans,A,85,73,64.1,62.3,9.4,25.0,29.8
401822731,2025-11-21,Cal State Fullerton Titans,Portland,A,85,103,84.5,56.7,22.5,26.3,26.9
401822731,2025-11-21,Portland,Cal State Fullerton Titans,H,103,85,87.1,72.2,25.3,24.0,27.0
401822732,2025-11-22,Cal State Fullerton Titans,St. Thomas-Minnesota*,H,88,80,70.9,54.2,7.1,18.8,41.7
401822732,2025-11-22,St. Thomas-Minnesota*,Cal State Fullerton Titans,A,80,88,81.1,46.4,16.0,23.1,24.6
401823173,2025-11-23,Cal State Fullerton Titans,Northern Colorado*,H,93,97,79.0,52.5,10.1,24.2,66.7
401823173,2025-11-23,Northern Colorado*,Cal State Fullerton Titans,A,97,93,90.7,49.3,14.3,21.4,46.5
401823174,2025-11-29,Cal State Fullerton Titans,Pepperdine,H,83,69,81.3,54.2,23.4,33.3,12.7
401823174,2025-11-29,Pepperdine,Cal State Fullerton Titans,A,69,83,60.4,46.0,6.6,18.2,52.0
401809139,2025-12-06,Cal State Fullerton Titans,Hawai'i,A,59,69,71.5,36.7,9.8,18.2,28.1
401809139,2025-12-06,Hawai'i,Cal State Fullerton Titans,H,69,59,69.1,46.0,17.4,32.6,27.0
401823175,2025-12-10,Cal State Fullerton Titans,Bethesda University,H,116,66,108.1,67.4,34.2,38.7,54.5
401823175,2025-12-10,Bethesda University,Cal State Fullerton Titans,A,66,116,71.2,42.5,11.2,30.0,15.1
401823176,2025-12-13,Cal State Fullerton Titans,Denver,A,105,86,78.9,68.8,17.7,31.2,35.9
401823176,2025-12-13,Denver,Cal State Fullerton Titans,H,86,105,79.5,52.9,17.6,31.7,32.4
401813296,2025-12-21,Cal State Fullerton Titans,Oklahoma State,A,89,94,91.2,61.0,29.6,31.4,57.6
401813296,2025-12-21,Oklahoma State,Cal State Fullerton Titans,H,94,89,87.0,61.5,26.4,31.4,32.3
401817463,2025-12-28,Cal State Fullerton Titans,SMU,A,63,110,64.5,38.7,12.4,35.6,35.5
401817463,2025-12-28,SMU,Cal State Fullerton Titans,H,110,63,95.0,62.3,30.5,50.0,24.7
401823177,2026-01-01,Cal State Fullerton Titans,UC Santa Barbara,H,95,84,108.6,60.2,38.7,17.2,68.5
401823177,2026-01-01,UC Santa Barbara,Cal State Fullerton Titans,A,84,95,63.8,64.9,18.8,37.0,17.5
401809108,2026-01-03,Cal State Fullerton Titans,UC Irvine,H,64,86,71.7,41.0,18.1,29.8,17.9
401809108,2026-01-03,UC Irvine,Cal State Fullerton Titans,A,86,64,69.0,65.8,20.3,39.3,33.3
401809088,2026-01-08,Cal State Fullerton Titans,UC San Diego,A,88,71,88.4,62.9,28.3,18.2,41.4
401809088,2026-01-08,UC San Diego,Cal State Fullerton Titans,H,71,88,58.5,48.2,10.3,35.3,36.4
401823178,2026-01-10,Cal State Fullerton Titans,Cal State Northridge,H,86,79,79.3,55.8,17.7,22.9,46.7
401823178,2026-01-10,Cal State Northridge,Cal State Fullerton Titans,A,79,86,77.6,52.9,15.5,26.2,23.2
401823255,2025-11-03,Cal State Northridge Matadors,Nobel,H,99,58,91.7,49.4,27.3,53.1,39.7
401823255,2025-11-03,Nobel,Cal State Northridge Matadors,A,58,99,66.7,33.9,12.0,26.1,55.4
401820541,2025-11-06,Cal State Northridge Matadors,Northern Iowa,A,57,86,60.9,38.5,14.8,28.9,44.2
401820541,2025-11-06,Northern Iowa,Cal State Northridge Matadors,H,86,57,88.8,61.9,30.4,18.2,15.9
401823256,2025-11-09,Cal State Northridge Matadors,North Dakota,A,93,85,76.7,61.7,20.9,42.4,51.7
401823256,2025-11-09,North Dakota,Cal State Northridge Matadors,H,85,93,89.9,53.8,25.6,23.1,35.4
401823257,2025-11-11,Cal State Northridge Matadors,North Dakota State,A,68,90,69.6,43.2,12.9,31.0,24.2
401823257,2025-11-11,North Dakota State,Cal State Northridge Matadors,H,90,68,95.3,46.1,26.2,39.1,34.2
401823258,2025-11-16,Cal State Northridge Matadors,Troy,H,94,85,67.6,61.9,11.8,45.5,23.9
401823258,2025-11-16,Troy,Cal State Northridge Matadors,A,85,94,89.5,54.1,27.9,20.6,36.1
401823259,2025-11-26,Cal State Northridge Matadors,Idaho*,H,64,78,72.9,38.5,13.7,25.6,41.0
401823259,2025-11-26,Idaho*,Cal State Northridge Matadors,A,78,64,71.8,46.7,13.9,28.9,45.0
401823260,2025-11-28,Cal State Northridge Matadors,Idaho State*,H,50,82,79.0,57.8,24.0,25.0,32.8
401823260,2025-11-28,Idaho State*,Cal State Northridge Matadors,A,82,50,72.0,25.4,13.9,30.2,27.5
401809106,2025-12-06,Cal State Northridge Matadors,UC Irvine,A,71,85,79.5,45.5,18.9,23.8,27.3
401809106,2025-12-06,UC Irvine,Cal State Northridge Matadors,H,85,71,67.0,56.3,13.4,40.5,33.3
401823262,2025-12-10,Cal State Northridge Matadors,Fresno State,H,89,87,71.7,63.3,18.1,28.6,23.3
401823262,2025-12-10,Fresno State,Cal State Northridge Matadors,A,87,89,77.6,60.8,21.9,23.3,26.7
401812631,2025-12-13,Cal State Northridge Matadors,Delaware,A,88,66,75.7,59.2,22.5,38.2,21.5
401812631,2025-12-13,Delaware,Cal State Northridge Matadors,H,66,88,56.5,49.1,7.1,26.5,34.0
401823263,2025-12-19,Cal State Northridge Matadors,La Sierra,H,88,53,94.1,43.5,23.4,48.2,16.3
401823263,2025-12-19,La Sierra,Cal State Northridge Matadors,A,53,88,59.8,35.9,0.0,17.4,12.5
401823264,2025-12-22,Cal State Northridge Matadors,Sacramento State,H,100,88,82.2,59.2,14.6,25.0,46.2
401823264,2025-12-22,Sacramento State,Cal State Northridge Matadors,A,88,100,87.8,47.1,14.8,14.6,39.7
401817475,2025-12-27,Cal State Northridge Matadors,Stanford,A,80,88,76.2,54.9,21.0,16.7,58.8
401817475,2025-12-27,Stanford,Cal State Northridge Matadors,H,88,80,83.0,58.7,25.3,24.2,73.1
401809124,2026-01-01,Cal State Northridge Matadors,UC Davis,A,80,89,80.3,51.6,23.6,33.3,41.9
401809124,2026-01-01,UC Davis,Cal State Northridge Matadors,H,89,80,81.5,63.6,25.8,21.9,30.5
401823265,2026-01-03,Cal State Northridge Matadors,UC Santa Barbara,H,74,65,71.6,52.0,22.4,31.4,75.5
401823265,2026-01-03,UC Santa Barbara,Cal State Northridge Matadors,A,65,74,70.5,39.3,14.2,23.8,32.8
401823530,2025-11-03,California Baptist Lancers,South Carolina Upstate,H,87,75,80.0,58.6,23.8,37.1,32.8
401823530,2025-11-03,South Carolina Upstate,California Baptist Lancers,A,75,87,66.8,50.9,10.5,24.2,53.7
401823531,2025-11-07,California Baptist Lancers,UC Irvine,A,69,61,63.1,44.7,14.3,47.5,22.7
401823531,2025-11-07,UC Irvine,California Baptist Lancers,H,61,69,82.9,38.7,25.3,23.4,37.1
401823532,2025-11-14,California Baptist Lancers,Western Illinois,H,69,59,64.5,39.6,14.0,45.7,29.9
401823532,2025-11-14,Western Illinois,California Baptist Lancers,A,59,69,63.0,44.0,11.1,12.1,42.0
401823533,2025-11-18,California Baptist Lancers,UC Riverside,H,80,57,86.9,43.3,27.6,46.9,30.7
401823533,2025-11-18,UC Riverside,California Baptist Lancers,A,57,80,63.2,39.3,12.7,30.8,21.3
401823534,2025-11-21,California Baptist Lancers,Grambling,H,72,59,66.1,65.2,30.3,34.8,37.0
401823534,2025-11-21,Grambling,California Baptist Lancers,A,59,72,72.9,42.2,30.2,17.2,51.1
401823535,2025-11-25,California Baptist Lancers,San Diego*,H,76,61,67.3,52.9,20.8,35.5,54.9
401823535,2025-11-25,San Diego*,California Baptist Lancers,A,61,76,75.2,49.1,21.3,3.1,24.1
401823536,2025-11-29,California Baptist Lancers,Oregon State,A,75,69,75.5,51.7,21.2,27.0,33.3
401823536,2025-11-29,Oregon State,California Baptist Lancers,H,69,75,62.1,51.9,9.7,14.3,32.7
401819866,2025-12-01,California Baptist Lancers,Colorado,A,70,78,71.4,41.9,16.8,32.6,38.7
401819866,2025-12-01,Colorado,California Baptist Lancers,H,78,70,68.7,50.9,18.9,36.4,58.5
401819911,2025-12-06,California Baptist Lancers,Utah,A,85,91,70.0,50.7,17.1,53.5,26.4
401819911,2025-12-06,Utah,California Baptist Lancers,H,91,85,81.6,56.4,23.3,29.4,67.3
401823506,2025-12-12,California Baptist Lancers,Eastern Washington,A,88,83,75.3,58.0,27.9,53.6,50.0
401823506,2025-12-12,Eastern Washington,California Baptist Lancers,H,83,88,73.8,55.1,17.6,33.3,45.8
401823537,2025-12-16,California Baptist Lancers,Southern,H,75,67,78.3,45.0,25.5,34.1,43.3
401823537,2025-12-16,Southern,California Baptist Lancers,A,67,75,69.5,44.8,20.1,31.6,34.5
401823538,2025-12-20,California Baptist Lancers,Sacramento State,H,74,67,67.2,46.5,19.3,42.5,52.6
401823538,2025-12-20,Sacramento State,California Baptist Lancers,A,67,74,73.8,43.7,23.0,37.8,8.5
401805156,2025-12-29,California Baptist Lancers,Utah Valley,A,66,73,51.5,54.4,7.8,28.0,44.4
401805156,2025-12-29,Utah Valley,California Baptist Lancers,H,73,66,89.5,57.1,30.2,9.4,35.7
401805159,2026-01-01,California Baptist Lancers,UT Arlington,A,51,63,54.6,43.6,14.6,25.0,29.8
401805159,2026-01-01,UT Arlington,California Baptist Lancers,H,63,51,70.9,39.1,24.0,34.3,41.8
401805161,2026-01-03,California Baptist Lancers,Tarleton State,A,76,81,63.5,58.3,18.9,40.7,33.3
401805161,2026-01-03,Tarleton State,California Baptist Lancers,H,81,76,86.5,51.0,27.7,21.2,76.5
401805164,2026-01-08,California Baptist Lancers,Utah Tech,H,84,72,67.3,53.3,17.8,51.5,43.3
401805164,2026-01-08,Utah Tech,California Baptist Lancers,A,72,84,62.5,53.7,14.4,29.0,33.3
401805168,2026-01-10,California Baptist Lancers,Southern Utah,H,58,55,70.0,34.6,21.4,44.0,27.9
401805168,2026-01-10,Southern Utah,California Baptist Lancers,A,55,58,55.7,40.4,12.6,35.9,21.1
401817219,2025-11-06,California Golden Bears,Wright State,H,77,67,62.7,46.4,4.8,29.4,56.4
401817219,2025-11-06,Wright State,California Golden Bears,A,67,77,75.5,44.5,18.5,25.0,28.1
401817221,2025-11-13,California Golden Bears,Kansas State,A,96,99,86.7,68.5,31.2,32.1,22.6
401817221,2025-11-13,Kansas State,California Golden Bears,H,99,96,85.0,72.0,25.9,26.1,35.6
401817222,2025-11-18,California Golden Bears,Presbyterian,H,67,57,58.6,56.9,18.8,37.9,31.4
401817222,2025-11-18,Presbyterian,California Golden Bears,A,57,67,55.7,43.8,18.0,45.7,21.4
401817223,2025-11-21,California Golden Bears,Sacramento State,H,91,67,72.0,62.3,11.1,28.6,29.2
401817223,2025-11-21,Sacramento State,California Golden Bears,A,67,91,77.2,32.1,18.1,36.0,44.8
401813762,2025-11-25,California Golden Bears,18UCLA*,H,80,72,78.5,54.3,21.7,20.6,37.9
401813762,2025-11-25,18UCLA*,California Golden Bears,A,72,80,71.9,46.1,15.3,33.3,35.9
401817224,2025-12-02,California Golden Bears,Utah,H,79,72,71.4,51.8,18.2,26.7,43.6
401817224,2025-12-02,Utah,California Golden Bears,A,72,79,70.0,49.2,17.1,26.3,32.2
401817225,2025-12-06,California Golden Bears,Pacific,H,67,61,61.9,54.0,16.1,27.3,46.0
401817225,2025-12-06,Pacific,California Golden Bears,A,61,67,50.8,42.7,3.9,45.0,16.1
401820295,2025-12-09,California Golden Bears,Dominican (CA),H,93,71,103.2,46.5,33.9,38.6,42.3
401820295,2025-12-09,Dominican (CA),California Golden Bears,A,71,93,59.1,56.6,10.1,24.1,28.3
401817226,2025-12-13,California Golden Bears,Northwestern State,H,79,70,73.0,56.4,24.7,31.2,38.2
401817226,2025-12-13,Northwestern State,California Golden Bears,A,70,79,67.1,55.9,20.9,17.2,29.4
401813282,2025-12-19,California Golden Bears,Morgan State,H,97,50,75.9,69.4,21.1,21.7,42.6
401813282,2025-12-19,Morgan State,California Golden Bears,A,50,97,62.0,36.8,9.7,16.2,35.8
401817227,2025-12-21,California Golden Bears,Columbia,H,74,56,75.4,48.2,19.9,23.5,42.1
401817227,2025-12-21,Columbia,California Golden Bears,A,56,74,59.7,45.5,11.7,23.5,21.8
401820634,2025-12-30,California Golden Bears,16Louisville,H,70,90,74.8,41.5,14.7,18.6,45.8
401820634,2025-12-30,16Louisville,California Golden Bears,A,90,70,71.7,56.5,15.4,39.5,20.3
401820642,2026-01-02,California Golden Bears,Notre Dame,H,72,71,71.7,49.2,15.3,22.0,18.8
401820642,2026-01-02,Notre Dame,California Golden Bears,A,71,72,55.4,50.0,0.0,32.4,47.3
401820654,2026-01-07,California Golden Bears,23Virginia,A,60,84,65.5,38.0,10.7,15.8,40.7
401820654,2026-01-07,23Virginia,California Golden Bears,H,84,60,74.9,57.5,22.7,39.4,38.3
401820665,2026-01-10,California Golden Bears,Virginia Tech,A,75,78,64.0,50.0,15.6,41.4,37.5
401820665,2026-01-10,Virginia Tech,California Golden Bears,H,78,75,79.7,48.1,28.8,36.7,58.5
401826911,2025-11-03,Campbell Fighting Camels,24Wisconsin,A,64,96,65.1,49.0,21.5,30.0,32.7
401826911,2025-11-03,24Wisconsin,Campbell Fighting Camels,H,96,64,94.0,59.0,33.0,38.2,28.4
401819915,2025-11-06,Campbell Fighting Camels,West Virginia,A,65,73,67.2,37.0,17.9,36.8,59.3
401819915,2025-11-06,West Virginia,Campbell Fighting Camels,H,73,65,63.8,46.5,9.4,31.6,47.4
401828296,2025-11-09,Campbell Fighting Camels,Western Michigan,H,91,82,87.5,57.4,25.2,23.5,75.9
401828296,2025-11-09,Western Michigan,Campbell Fighting Camels,A,82,91,85.3,47.7,23.4,28.2,40.6
401828297,2025-11-13,Campbell Fighting Camels,Mid-Atlantic Christian,H,108,55,83.5,60.0,23.9,58.8,60.0
401828297,2025-11-13,Mid-Atlantic Christian,Campbell Fighting Camels,A,55,108,74.8,39.6,17.4,18.6,9.0
401826933,2025-11-19,Campbell Fighting Camels,Weber State,A,85,91,81.7,47.5,24.5,38.2,51.7
401826933,2025-11-19,Weber State,Campbell Fighting Camels,H,91,85,84.9,61.3,28.3,37.5,37.1
401823868,2025-11-21,Campbell Fighting Camels,UT Arlington*,H,71,67,78.5,44.3,25.5,30.0,32.8
401823868,2025-11-21,UT Arlington*,Campbell Fighting Camels,A,67,71,75.2,50.0,25.3,34.4,61.5
401817532,2025-11-25,Campbell Fighting Camels,Wake Forest,A,51,99,64.3,30.5,7.8,26.1,44.1
401817532,2025-11-25,Wake Forest,Campbell Fighting Camels,H,99,51,82.5,64.5,24.3,35.7,35.5
401827278,2025-12-02,Campbell Fighting Camels,Penn State,A,76,87,66.0,51.6,12.1,38.5,29.7
401827278,2025-12-02,Penn State,Campbell Fighting Camels,H,87,76,85.9,56.0,25.6,20.0,43.1
401828298,2025-12-07,Campbell Fighting Camels,Virginia-Lynchburg,H,149,62,104.2,72.4,26.9,73.0,11.2
401828298,2025-12-07,Virginia-Lynchburg,Campbell Fighting Camels,A,62,149,73.1,38.2,5.5,12.2,22.1
401824035,2025-12-17,Campbell Fighting Camels,7Gonzaga,A,70,98,77.4,43.7,18.1,25.0,38.1
401824035,2025-12-17,7Gonzaga,Campbell Fighting Camels,H,98,70,98.4,61.4,32.5,34.4,36.4
401827236,2025-12-21,Campbell Fighting Camels,Minnesota,A,50,78,55.0,38.0,20.0,34.4,41.3
401827236,2025-12-21,Minnesota,Campbell Fighting Camels,H,78,50,66.3,67.3,25.7,30.4,17.3
401828299,2025-12-23,Campbell Fighting Camels,Green Bay,H,102,79,73.8,72.4,23.0,46.7,46.6
401828299,2025-12-23,Green Bay,Campbell Fighting Camels,A,79,102,63.9,61.5,14.1,32.0,44.2
401811985,2025-12-29,Campbell Fighting Camels,Hofstra,A,72,86,75.5,46.0,21.2,31.7,35.5
401811985,2025-12-29,Hofstra,Campbell Fighting Camels,H,86,72,59.0,64.0,11.9,50.0,33.3
401811993,2025-12-31,Campbell Fighting Camels,Monmouth,A,68,65,62.2,44.2,16.1,37.8,57.7
401811993,2025-12-31,Monmouth,Campbell Fighting Camels,H,65,68,71.3,45.3,22.4,27.8,49.1
401811995,2026-01-03,Campbell Fighting Camels,Northeastern,H,97,82,86.7,62.9,26.5,33.3,53.4
401811995,2026-01-03,Northeastern,Campbell Fighting Camels,A,82,97,75.7,60.2,19.8,14.3,20.3
401812004,2026-01-08,Campbell Fighting Camels,Hampton,H,86,72,87.0,49.1,29.9,33.3,69.1
401812004,2026-01-08,Hampton,Campbell Fighting Camels,A,72,86,67.3,50.0,20.8,35.5,50.0
401812011,2026-01-10,Campbell Fighting Camels,Elon,A,82,83,68.1,57.4,13.2,27.8,27.9
401812011,2026-01-10,Elon,Campbell Fighting Camels,H,83,82,69.8,63.7,17.2,30.0,16.1
401813345,2025-11-03,Canisius Golden Griffins,Dayton,A,48,88,46.2,43.0,4.3,33.3,22.0
401813345,2025-11-03,Dayton,Canisius Golden Griffins,H,88,48,87.5,58.8,32.0,35.5,80.4
401813346,2025-11-06,Canisius Golden Griffins,Allegheny,H,84,43,81.6,55.3,28.2,40.5,24.2
401813346,2025-11-06,Allegheny,Canisius Golden Griffins,A,43,84,58.1,36.0,13.8,21.6,34.0
401813347,2025-11-08,Canisius Golden Griffins,St. Bonaventure,A,70,89,62.1,56.9,16.1,24.1,33.3
401813347,2025-11-08,St. Bonaventure,Canisius Golden Griffins,H,89,70,69.5,55.1,18.7,57.1,26.5
401813348,2025-11-12,Canisius Golden Griffins,Mercyhurst,H,58,55,56.4,52.4,14.2,19.2,63.4
401813348,2025-11-12,Mercyhurst,Canisius Golden Griffins,A,55,58,66.8,46.2,24.0,20.7,15.1
401813349,2025-11-17,Canisius Golden Griffins,High Point,A,50,93,46.9,34.7,2.1,39.5,51.0
401813349,2025-11-17,High Point,Canisius Golden Griffins,H,93,50,82.8,68.5,27.8,25.9,16.1
401813350,2025-11-21,Canisius Golden Griffins,Maryland Eastern Shore,H,60,57,60.8,54.1,24.7,27.6,20.4
401813350,2025-11-21,Maryland Eastern Shore,Canisius Golden Griffins,A,57,60,57.7,46.2,17.3,32.4,22.6
401813353,2025-12-05,Canisius Golden Griffins,Saint Peter's,A,57,69,57.3,36.1,12.2,39.5,51.9
401813353,2025-12-05,Saint Peter's,Canisius Golden Griffins,H,69,57,72.3,43.6,23.5,33.3,47.3
401813354,2025-12-07,Canisius Golden Griffins,Siena,A,52,74,56.0,35.2,8.9,30.0,35.2
401813354,2025-12-07,Siena,Canisius Golden Griffins,H,74,52,74.5,53.4,22.8,27.0,30.5
401813355,2025-12-13,Canisius Golden Griffins,Maine,A,70,43,70.1,52.7,27.1,37.1,30.4
401813355,2025-12-13,Maine,Canisius Golden Griffins,H,43,70,56.6,35.3,15.9,25.6,27.5
401813356,2025-12-16,Canisius Golden Griffins,Rhode Island,A,45,62,52.6,37.2,15.2,25.7,29.8
401813356,2025-12-16,Rhode Island,Canisius Golden Griffins,H,62,45,71.2,41.8,29.5,40.5,21.3
401813357,2025-12-22,Canisius Golden Griffins,Duquesne,A,59,103,60.5,50.0,14.9,18.2,36.7
401813357,2025-12-22,Duquesne,Canisius Golden Griffins,H,103,59,84.1,72.6,25.0,25.0,27.4
401813358,2026-01-02,Canisius Golden Griffins,Fairfield,H,85,81,66.8,57.0,10.5,28.6,47.4
401813358,2026-01-02,Fairfield,Canisius Golden Griffins,A,81,85,65.9,48.5,9.1,40.5,34.8
401813359,2026-01-04,Canisius Golden Griffins,Sacred Heart,H,82,78,70.6,55.4,18.4,23.1,80.4
401813359,2026-01-04,Sacred Heart,Canisius Golden Griffins,A,78,82,68.3,55.1,17.6,21.4,57.1
401813301,2026-01-09,Canisius Golden Griffins,Manhattan,A,70,64,65.5,44.4,13.7,35.0,29.0
401813301,2026-01-09,Manhattan,Canisius Golden Griffins,H,64,70,63.8,45.1,11.0,24.3,16.4
401813360,2026-01-11,Canisius Golden Griffins,Iona,A,48,74,68.8,34.4,20.3,22.7,13.1
401813360,2026-01-11,Iona,Canisius Golden Griffins,H,74,48,58.9,65.7,17.0,28.6,11.1
401817262,2025-11-03,Central Arkansas Bears,25North Carolina,A,54,94,73.3,37.5,20.5,23.3,14.1
401817262,2025-11-03,25North Carolina,Central Arkansas Bears,H,94,54,82.5,58.5,23.0,37.5,33.8
401824854,2025-11-08,Central Arkansas Bears,Champion Christian,H,110,63,98.7,63.1,27.4,35.9,15.0
401824854,2025-11-08,Champion Christian,Central Arkansas Bears,A,63,110,84.9,42.3,18.8,8.5,5.6
401824936,2025-11-16,Central Arkansas Bears,Samford,H,77,84,72.9,47.8,11.0,30.2,34.3
401824936,2025-11-16,Samford,Central Arkansas Bears,A,84,77,80.5,52.2,16.1,21.4,26.5
401824937,2025-11-20,Central Arkansas Bears,North Texas,A,56,74,62.2,39.6,19.3,32.5,66.7
401824937,2025-11-20,North Texas,Central Arkansas Bears,H,74,56,78.2,43.5,25.6,31.4,59.3
401823502,2025-11-23,Central Arkansas Bears,Eastern Washington,H,92,65,96.7,66.9,39.3,30.3,22.6
401823502,2025-11-23,Eastern Washington,Central Arkansas Bears,A,65,92,60.2,47.5,15.0,35.9,22.0
401822358,2025-11-25,Central Arkansas Bears,Eastern Illinois,H,81,60,77.2,67.6,33.7,34.6,24.1
401822358,2025-11-25,Eastern Illinois,Central Arkansas Bears,A,60,81,64.7,48.0,20.1,17.2,23.5
401824890,2025-11-29,Central Arkansas Bears,East Tennessee State,A,57,80,64.8,42.5,9.3,13.2,13.3
401824890,2025-11-29,East Tennessee State,Central Arkansas Bears,H,80,57,75.6,62.1,18.5,13.3,27.6
401824938,2025-12-03,Central Arkansas Bears,Little Rock,H,85,47,83.7,59.5,32.3,36.1,22.2
401824938,2025-12-03,Little Rock,Central Arkansas Bears,A,47,85,68.3,38.8,24.9,26.2,15.5
401824939,2025-12-07,Central Arkansas Bears,East Texas A&M,A,68,75,84.1,52.5,25.0,11.4,25.0
401824939,2025-12-07,East Texas A&M,Central Arkansas Bears,H,75,68,71.9,50.9,16.7,19.4,45.5
401824940,2025-12-13,Central Arkansas Bears,15Vanderbilt,A,72,83,70.8,43.4,9.9,23.3,44.3
401824940,2025-12-13,15Vanderbilt,Central Arkansas Bears,H,83,72,77.5,50.8,20.7,33.3,34.4
401824941,2025-12-17,Central Arkansas Bears,Kansas Christian,H,102,47,97.6,53.6,27.7,48.8,19.0
401824941,2025-12-17,Kansas Christian,Central Arkansas Bears,A,47,102,66.8,35.7,10.5,15.0,9.5
401817462,2025-12-21,Central Arkansas Bears,SMU,A,82,99,83.1,57.4,31.3,34.3,27.9
401817462,2025-12-21,SMU,Central Arkansas Bears,H,99,82,85.8,66.9,33.8,55.2,14.7
401807663,2026-01-01,Central Arkansas Bears,Florida Gulf Coast,H,85,83,69.5,59.5,18.7,34.4,34.5
401807663,2026-01-01,Florida Gulf Coast,Central Arkansas Bears,A,83,85,67.7,66.7,19.2,19.2,22.2
401807672,2026-01-03,Central Arkansas Bears,Stetson,H,93,73,76.9,61.5,24.7,42.4,37.7
401807672,2026-01-03,Stetson,Central Arkansas Bears,A,73,93,61.0,57.8,14.8,30.0,41.2
401807680,2026-01-10,Central Arkansas Bears,Eastern Kentucky,A,75,79,73.1,50.8,20.5,32.4,23.8
401807680,2026-01-10,Eastern Kentucky,Central Arkansas Bears,H,79,75,76.3,58.6,24.9,27.8,10.9
401812642,2025-11-03,Central Connecticut Blue Devils,Vermont State - Johnson,H,117,55,85.2,67.5,21.1,52.9,13.8
401812642,2025-11-03,Vermont State - Johnson,Central Connecticut Blue Devils,A,55,117,65.3,40.5,4.6,11.1,14.3
401812643,2025-11-06,Central Connecticut Blue Devils,Quinnipiac,A,49,71,64.7,30.8,7.7,27.9,21.5
401812643,2025-11-06,Quinnipiac,Central Connecticut Blue Devils,H,71,49,74.3,46.5,13.5,26.3,9.9
401812645,2025-11-16,Central Connecticut Blue Devils,Massachusetts,A,77,84,86.7,51.9,26.5,15.6,57.4
401812645,2025-11-16,Massachusetts,Central Connecticut Blue Devils,H,84,77,78.9,53.7,21.6,43.6,37.3
401812646,2025-11-21,Central Connecticut Blue Devils,Rutgers,A,67,54,66.7,46.7,18.0,32.5,23.0
401812646,2025-11-21,Rutgers,Central Connecticut Blue Devils,H,54,67,58.8,40.5,10.2,26.3,17.2
401812647,2025-11-24,Central Connecticut Blue Devils,Sacred Heart,H,108,106,86.7,66.9,19.6,27.6,53.2
401812647,2025-11-24,Sacred Heart,Central Connecticut Blue Devils,A,106,108,86.3,60.4,18.5,27.3,38.8
401812648,2025-11-30,Central Connecticut Blue Devils,Johnson & Wales (RI),H,122,57,90.2,79.6,23.3,31.8,15.5
401812648,2025-11-30,Johnson & Wales (RI),Central Connecticut Blue Devils,A,57,122,69.5,41.9,8.6,11.1,1.5
401812649,2025-12-03,Central Connecticut Blue Devils,Seton Hall,A,61,77,58.7,51.0,17.0,25.8,23.5
401812649,2025-12-03,Seton Hall,Central Connecticut Blue Devils,H,77,61,84.1,55.1,34.5,32.4,25.4
401812650,2025-12-07,Central Connecticut Blue Devils,Northeastern,A,56,73,67.1,36.5,8.9,21.3,27.0
401812650,2025-12-07,Northeastern,Central Connecticut Blue Devils,H,73,56,70.7,54.5,19.8,19.4,25.0
401812652,2025-12-18,Central Connecticut Blue Devils,Fairfield,H,70,84,61.2,46.8,6.5,30.0,20.6
401812652,2025-12-18,Fairfield,Central Connecticut Blue Devils,A,84,70,70.2,60.7,17.1,31.0,21.3
401812365,2026-01-02,Central Connecticut Blue Devils,Long Island University,A,78,84,55.6,62.3,7.2,34.6,30.2
401812365,2026-01-02,Long Island University,Central Connecticut Blue Devils,H,84,78,62.5,57.3,16.0,54.3,32.3
401812653,2026-01-04,Central Connecticut Blue Devils,New Haven,H,72,61,70.3,62.0,28.4,25.0,13.0
401812653,2026-01-04,New Haven,Central Connecticut Blue Devils,A,61,72,55.4,50.0,16.2,40.0,5.1
401812403,2026-01-08,Central Connecticut Blue Devils,Stonehill,H,76,69,62.4,59.6,16.0,24.0,51.1
401812403,2026-01-08,Stonehill,Central Connecticut Blue Devils,A,69,76,71.2,51.7,23.9,32.4,18.3
401812337,2026-01-10,Central Connecticut Blue Devils,Le Moyne,A,69,59,74.3,40.7,21.5,34.2,44.1
401812337,2026-01-10,Le Moyne,Central Connecticut Blue Devils,H,59,69,67.6,36.3,13.3,25.0,25.8
401831227,2025-11-13,Central Michigan Chippewas,South Alabama*,H,64,66,64.9,46.4,16.9,32.4,41.8
401831227,2025-11-13,South Alabama*,Central Michigan Chippewas,A,66,64,54.8,45.3,9.1,42.2,15.6
401822760,2025-11-14,Central Michigan Chippewas,Coppin State*,H,82,59,68.5,37.1,16.0,29.5,29.0
401822760,2025-11-14,Coppin State*,Central Michigan Chippewas,A,59,82,71.1,53.0,15.5,40.0,22.4
401823385,2025-11-20,Central Michigan Chippewas,Northern Kentucky,H,66,90,58.5,51.9,15.4,38.7,34.0
401823385,2025-11-20,Northern Kentucky,Central Michigan Chippewas,A,90,66,83.2,63.3,31.3,39.4,20.3
401823025,2025-11-22,Central Michigan Chippewas,Marquette,A,71,85,66.7,44.2,9.0,34.9,20.3
401823025,2025-11-22,Marquette,Central Michigan Chippewas,H,85,71,77.6,59.4,20.6,27.6,66.0
401823456,2025-11-25,Central Michigan Chippewas,Adrian,H,112,67,103.8,67.4,33.7,40.6,39.1
401823456,2025-11-25,Adrian,Central Michigan Chippewas,A,67,112,78.5,39.1,17.8,30.0,31.9
401817159,2025-12-02,Central Michigan Chippewas,Loyola Chicago,A,72,83,64.1,56.7,14.0,17.2,32.7
401817159,2025-12-02,Loyola Chicago,Central Michigan Chippewas,H,83,72,69.7,55.6,14.4,31.2,61.1
401817189,2025-12-07,Central Michigan Chippewas,Saint Louis,A,65,107,64.9,46.2,15.4,25.0,43.4
401817189,2025-12-07,Saint Louis,Central Michigan Chippewas,H,107,65,88.5,65.9,24.9,43.3,31.9
401823457,2025-12-13,Central Michigan Chippewas,Stony Brook,A,55,78,76.1,37.7,25.0,17.9,26.3
401823457,2025-12-13,Stony Brook,Central Michigan Chippewas,H,78,55,49.1,68.4,12.2,54.2,30.6
401823458,2025-12-17,Central Michigan Chippewas,Olivet,H,85,65,86.4,51.5,26.6,35.1,36.9
401823458,2025-12-17,Olivet,Central Michigan Chippewas,A,65,85,74.6,43.8,20.1,28.6,25.0
401813770,2025-12-20,Central Michigan Chippewas,Northern Illinois,A,73,74,71.2,55.0,25.3,40.6,21.7
401813770,2025-12-20,Northern Illinois,Central Michigan Chippewas,H,74,73,60.1,53.3,16.6,41.4,73.9
401823459,2025-12-22,Central Michigan Chippewas,Wisconsin,A,61,88,66.1,45.4,9.1,5.9,31.5
401823459,2025-12-22,Wisconsin,Central Michigan Chippewas,H,88,61,72.3,65.7,20.7,31.0,48.1
401814495,2025-12-30,Central Michigan Chippewas,Ohio,H,64,80,70.9,41.4,14.1,21.1,39.7
401814495,2025-12-30,Ohio,Central Michigan Chippewas,A,80,64,84.2,48.3,21.4,25.0,56.7
401814503,2026-01-03,Central Michigan Chippewas,Toledo,H,75,78,70.7,55.0,12.7,12.5,20.0
401814503,2026-01-03,Toledo,Central Michigan Chippewas,A,78,75,78.2,43.3,20.5,35.1,53.3
401814514,2026-01-10,Central Michigan Chippewas,Kent State,H,87,85,82.9,50.7,22.9,38.6,32.9
401814514,2026-01-10,Kent State,Central Michigan Chippewas,A,85,87,76.1,50.0,22.3,50.0,23.3
401827448,2025-11-03,Charleston Cougars,Tusculum,H,79,58,93.3,40.9,23.6,35.3,33.8
401827448,2025-11-03,Tusculum,Charleston Cougars,A,58,79,62.2,36.8,4.8,29.8,16.2
401827449,2025-11-07,Charleston Cougars,Liberty,A,75,90,58.1,58.2,12.1,36.4,30.9
401827449,2025-11-07,Liberty,Charleston Cougars,H,90,75,75.1,66.1,24.0,32.3,28.8
401826771,2025-11-08,Charleston Cougars,Florida Atlantic*,H,77,94,72.4,46.7,19.3,36.1,40.0
401826771,2025-11-08,Florida Atlantic*,Charleston Cougars,A,94,77,71.5,56.6,15.4,46.2,32.4
401827450,2025-11-14,Charleston Cougars,South Carolina State,H,88,61,80.7,54.9,26.0,47.1,50.8
401827450,2025-11-14,South Carolina State,Charleston Cougars,A,61,88,64.8,40.8,13.9,37.8,45.0
401827451,2025-11-17,Charleston Cougars,Drake,H,62,71,70.0,39.1,18.6,35.6,29.7
401827451,2025-11-17,Drake,Charleston Cougars,A,71,62,68.7,51.6,17.5,26.8,23.0
401827452,2025-11-21,Charleston Cougars,Massachusetts*,H,69,65,74.8,45.9,20.1,11.1,59.2
401827452,2025-11-21,Massachusetts*,Charleston Cougars,A,65,69,60.2,52.7,13.3,32.3,23.2
401831204,2025-11-23,Charleston Cougars,Yale*,H,63,74,63.4,42.7,11.0,28.6,43.6
401831204,2025-11-23,Yale*,Charleston Cougars,A,74,63,67.5,54.3,16.3,28.6,31.0
401831209,2025-11-24,Charleston Cougars,Evansville*,H,78,59,70.5,41.8,12.8,5.6,32.7
401831209,2025-11-24,Evansville*,Charleston Cougars,A,59,78,74.0,56.4,23.0,26.7,38.2
401826836,2025-12-10,Charleston Cougars,South Florida,A,75,81,65.9,44.4,13.7,39.5,40.3
401826836,2025-12-10,South Florida,Charleston Cougars,H,81,75,83.9,47.1,29.8,45.7,33.3
401820803,2025-12-14,Charleston Cougars,Charlotte,H,74,67,75.6,55.2,23.8,25.8,27.6
401820803,2025-12-14,Charlotte,Charleston Cougars,A,67,74,73.7,47.4,24.4,27.3,24.1
401827453,2025-12-17,Charleston Cougars,The Citadel,H,82,78,80.5,58.0,24.9,10.3,93.2
401827453,2025-12-17,The Citadel,Charleston Cougars,A,78,82,75.8,52.9,19.8,28.6,14.7
401823390,2025-12-21,Charleston Cougars,Northern Kentucky,A,85,74,79.8,61.3,27.6,32.1,54.7
401823390,2025-12-21,Northern Kentucky,Charleston Cougars,H,74,85,74.6,46.9,22.8,35.9,25.0
401811986,2025-12-29,Charleston Cougars,Drexel,H,72,63,69.6,57.3,24.4,33.3,29.1
401811986,2025-12-29,Drexel,Charleston Cougars,A,63,72,62.6,49.1,19.2,29.4,30.2
401811994,2025-12-31,Charleston Cougars,Elon,A,85,81,72.8,50.0,15.1,33.3,49.2
401811994,2025-12-31,Elon,Charleston Cougars,H,81,85,81.5,50.0,17.2,23.8,29.4
401811998,2026-01-05,Charleston Cougars,William & Mary,H,88,79,73.8,56.0,13.6,23.5,50.0
401811998,2026-01-05,William & Mary,Charleston Cougars,A,79,88,97.9,38.3,22.5,25.0,32.5
401812010,2026-01-10,Charleston Cougars,Hampton,H,74,70,63.2,57.8,12.6,17.4,66.7
401812010,2026-01-10,Hampton,Charleston Cougars,A,70,74,65.7,44.1,16.8,45.5,20.6
401817517,2025-11-03,Charleston Southern Buccaneers,Virginia Tech,A,67,98,70.1,40.1,10.0,29.4,21.1
401817517,2025-11-03,Virginia Tech,Charleston Southern Buccaneers,H,98,67,91.8,52.0,22.9,40.9,35.5
401820837,2025-11-06,Charleston Southern Buccaneers,Toccoa Falls,H,106,71,82.4,62.7,14.6,35.6,32.0
401820837,2025-11-06,Toccoa Falls,Charleston Southern Buccaneers,A,71,106,73.4,36.0,2.7,30.6,32.0
401820838,2025-11-10,Charleston Southern Buccaneers,The Citadel,A,96,86,77.0,60.6,19.5,40.0,31.8
401820838,2025-11-10,The Citadel,Charleston Southern Buccaneers,H,86,96,81.2,57.9,19.7,18.8,52.6
401820840,2025-11-14,Charleston Southern Buccaneers,Lindenwood*,H,77,83,81.6,50.8,23.3,25.0,24.6
401820840,2025-11-14,Lindenwood*,Charleston Southern Buccaneers,A,83,77,80.7,48.4,17.3,27.3,48.4
401820841,2025-11-18,Charleston Southern Buccaneers,IU Indianapolis,H,103,91,67.2,65.4,1.5,32.5,46.2
401820841,2025-11-18,IU Indianapolis,Charleston Southern Buccaneers,A,91,103,98.5,49.4,21.3,24.5,25.0
401820809,2025-11-21,Charleston Southern Buccaneers,East Carolina,A,77,65,78.2,55.8,21.7,15.2,21.7
401820809,2025-11-21,East Carolina,Charleston Southern Buccaneers,H,65,77,71.4,43.3,14.0,27.8,40.0
401820842,2025-11-25,Charleston Southern Buccaneers,Piedmont,H,93,81,76.0,57.2,14.5,31.7,27.5
401820842,2025-11-25,Piedmont,Charleston Southern Buccaneers,A,81,93,94.3,45.8,20.1,16.3,36.6
401820843,2025-11-28,Charleston Southern Buccaneers,South Carolina,A,62,74,61.8,40.7,1.6,30.2,11.4
401820843,2025-11-28,South Carolina,Charleston Southern Buccaneers,H,74,62,73.9,45.8,12.2,18.9,41.7
401820844,2025-12-02,Charleston Southern Buccaneers,UT Martin,A,56,73,62.7,42.2,19.1,31.0,20.7
401820844,2025-12-02,UT Martin,Charleston Southern Buccaneers,H,73,56,73.2,38.7,19.1,40.0,51.6
401820845,2025-12-04,Charleston Southern Buccaneers,Warren Wilson,H,124,63,75.5,67.9,10.6,53.5,24.7
401820845,2025-12-04,Warren Wilson,Charleston Southern Buccaneers,A,63,124,84.8,35.6,11.8,16.4,10.0
401820846,2025-12-08,Charleston Southern Buccaneers,South Carolina State,H,84,44,75.2,52.6,22.6,34.2,52.6
401820846,2025-12-08,South Carolina State,Charleston Southern Buccaneers,A,44,84,57.4,32.4,8.7,27.7,44.4
401820847,2025-12-18,Charleston Southern Buccaneers,North Florida,H,113,90,84.5,73.8,20.1,22.6,30.8
401820847,2025-12-18,North Florida,Charleston Southern Buccaneers,A,90,113,89.9,53.0,20.0,16.2,37.9
401820848,2025-12-21,Charleston Southern Buccaneers,Furman,A,76,84,80.3,49.3,17.4,22.7,12.5
401820848,2025-12-21,Furman,Charleston Southern Buccaneers,H,84,76,77.3,52.5,15.5,20.0,42.6
401817181,2025-12-28,Charleston Southern Buccaneers,Richmond,A,77,72,74.9,47.7,20.0,35.6,35.4
401817181,2025-12-28,Richmond,Charleston Southern Buccaneers,H,72,77,78.8,39.8,20.3,24.4,49.2
401823874,2025-12-31,Charleston Southern Buccaneers,Gardner-Webb,A,89,79,71.7,59.6,13.9,29.4,54.4
401823874,2025-12-31,Gardner-Webb,Charleston Southern Buccaneers,H,79,89,75.7,42.4,15.9,28.2,55.9
401823900,2026-01-03,Charleston Southern Buccaneers,UNC Asheville,H,86,83,67.8,62.3,16.2,42.4,50.9
401823900,2026-01-03,UNC Asheville,Charleston Southern Buccaneers,A,83,86,78.5,43.8,19.1,44.2,60.9
401823902,2026-01-07,Charleston Southern Buccaneers,Winthrop,A,77,81,74.9,46.4,12.0,29.8,33.3
401823902,2026-01-07,Winthrop,Charleston Southern Buccaneers,H,81,77,78.7,42.5,11.4,36.0,42.5
401823906,2026-01-10,Charleston Southern Buccaneers,High Point,H,82,84,84.1,52.1,17.8,19.0,21.4
401823906,2026-01-10,High Point,Charleston Southern Buccaneers,A,84,82,89.0,43.5,19.1,31.4,58.0
401820796,2025-11-03,Charlotte 49ers,Indiana State,H,92,76,66.2,55.4,7.5,52.9,46.2
401820796,2025-11-03,Indiana State,Charlotte 49ers,A,76,92,62.0,53.5,4.8,22.9,36.8
401820797,2025-11-07,Charlotte 49ers,Tennessee Tech,H,70,65,61.5,59.6,24.4,37.0,42.6
401820797,2025-11-07,Tennessee Tech,Charlotte 49ers,A,65,70,68.9,56.4,29.0,32.3,53.2
401820798,2025-11-11,Charlotte 49ers,Davidson,H,55,62,59.5,40.7,20.2,39.0,37.0
401820798,2025-11-11,Davidson,Charlotte 49ers,A,62,55,55.7,57.4,14.4,20.0,25.5
401817520,2025-11-16,Charlotte 49ers,Virginia Tech,A,76,84,64.4,48.4,10.9,42.5,38.1
401817520,2025-11-16,Virginia Tech,Charlotte 49ers,H,84,76,76.1,45.0,19.7,39.0,60.0
401820800,2025-11-23,Charlotte 49ers,Shaw,H,83,79,75.9,57.9,26.3,46.2,40.4
401820800,2025-11-23,Shaw,Charlotte 49ers,A,79,83,76.7,59.5,20.9,24.2,19.0
401809398,2025-11-27,Charlotte 49ers,Illinois State*,H,69,79,75.7,55.8,23.8,30.0,59.6
401809398,2025-11-27,Illinois State*,Charlotte 49ers,A,79,69,62.9,52.9,15.9,29.4,44.2
401830917,2025-11-28,Charlotte 49ers,Richmond*,H,66,71,66.4,49.0,15.1,17.6,47.1
401830917,2025-11-28,Richmond*,Charlotte 49ers,A,71,66,65.2,53.1,15.3,29.0,70.8
401820801,2025-12-02,Charlotte 49ers,North Carolina A&T,H,74,57,71.0,61.0,28.2,30.8,38.0
401820801,2025-12-02,North Carolina A&T,Charlotte 49ers,A,57,74,64.8,40.4,17.0,23.3,61.7
401820802,2025-12-07,Charlotte 49ers,Utah State,H,53,79,51.5,41.2,9.7,38.9,39.2
401820802,2025-12-07,Utah State,Charlotte 49ers,A,79,53,87.0,54.3,33.3,30.0,32.8
401820804,2025-12-18,Charlotte 49ers,Lafayette,H,81,67,69.3,67.6,26.0,25.9,16.7
401820804,2025-12-18,Lafayette,Charlotte 49ers,A,67,81,56.9,52.4,10.5,35.1,6.5
401820805,2025-12-21,Charlotte 49ers,UIC,H,88,76,78.6,50.9,26.7,47.1,61.4
401820805,2025-12-21,UIC,Charlotte 49ers,A,76,88,66.0,47.7,10.6,37.2,32.3
401828151,2025-12-30,Charlotte 49ers,Temple,H,73,76,64.3,49.0,14.0,27.6,56.0
401828151,2025-12-30,Temple,Charlotte 49ers,A,76,73,76.4,57.5,22.3,17.9,45.3
401828156,2026-01-03,Charlotte 49ers,Wichita State,H,104,100,87.0,56.8,23.0,44.7,57.6
401828156,2026-01-03,Wichita State,Charlotte 49ers,A,100,104,74.5,54.7,16.1,56.1,29.3
401828163,2026-01-07,Charlotte 49ers,UTSA,A,74,58,62.1,52.5,14.5,41.7,24.6
401828163,2026-01-07,UTSA,Charlotte 49ers,H,58,74,65.7,43.2,13.7,20.0,20.3
401828170,2026-01-11,Charlotte 49ers,Rice,A,74,73,65.8,63.0,22.8,26.7,58.7
401828170,2026-01-11,Rice,Charlotte 49ers,H,73,74,65.2,41.5,15.3,42.9,50.8
401829429,2025-11-03,Chattanooga Mocs,Union (KY),H,92,39,88.3,55.8,22.7,31.1,11.5
401829429,2025-11-03,Union (KY),Chattanooga Mocs,A,39,92,66.2,28.3,10.6,14.9,21.7
401829430,2025-11-07,Chattanooga Mocs,Saint Mary's,A,66,87,68.0,49.0,19.1,19.4,36.5
401829430,2025-11-07,Saint Mary's,Chattanooga Mocs,H,87,66,62.8,66.7,15.9,28.6,64.4
401820396,2025-11-08,Chattanooga Mocs,UNLV,A,69,101,69.1,53.8,20.3,16.1,28.3
401820396,2025-11-08,UNLV,Chattanooga Mocs,H,101,69,79.6,62.7,23.9,51.6,62.7
401823227,2025-11-15,Chattanooga Mocs,Florida Gulf Coast,A,73,91,70.2,49.1,14.2,20.6,56.6
401823227,2025-11-15,Florida Gulf Coast,Chattanooga Mocs,H,91,73,76.1,59.1,21.0,39.4,22.7
401829278,2025-11-19,Chattanooga Mocs,South Carolina State,A,78,66,67.6,54.1,14.8,30.8,71.4
401829278,2025-11-19,South Carolina State,Chattanooga Mocs,H,66,78,81.2,36.9,19.7,30.0,55.7
401823435,2025-11-22,Chattanooga Mocs,North Alabama,H,71,57,66.7,54.5,27.0,42.4,25.0
401823435,2025-11-22,North Alabama,Chattanooga Mocs,A,57,71,60.1,48.0,20.0,30.3,34.0
401829431,2025-11-28,Chattanooga Mocs,Tennessee Wesleyan,H,109,59,82.2,66.7,18.2,39.4,14.7
401829431,2025-11-28,Tennessee Wesleyan,Chattanooga Mocs,A,59,109,70.7,38.5,11.3,12.5,23.0
401829388,2025-11-30,Chattanooga Mocs,Tennessee State,H,64,70,62.6,44.8,6.4,16.7,24.1
401829388,2025-11-30,Tennessee State,Chattanooga Mocs,A,70,64,65.1,47.5,12.3,26.5,25.4
401829350,2025-12-06,Chattanooga Mocs,Southeast Missouri State,H,70,74,65.1,57.0,16.9,16.0,34.0
401829350,2025-12-06,Southeast Missouri State,Chattanooga Mocs,A,74,70,71.3,55.6,22.4,32.4,14.5
401829432,2025-12-09,Chattanooga Mocs,Oakwood,H,103,46,83.2,63.3,30.1,56.1,17.3
401829432,2025-12-09,Oakwood,Chattanooga Mocs,A,46,103,61.1,30.0,13.1,29.2,25.0
401809226,2026-01-01,Chattanooga Mocs,UNC Greensboro,A,72,77,73.3,56.8,20.5,15.6,15.3
401809226,2026-01-01,UNC Greensboro,Chattanooga Mocs,H,77,72,69.7,51.9,21.5,41.2,57.4
401809232,2026-01-03,Chattanooga Mocs,VMI,A,71,79,69.4,47.2,15.9,20.6,44.4
401809232,2026-01-03,VMI,Chattanooga Mocs,H,79,71,67.8,52.7,16.2,33.3,52.7
401809313,2026-01-07,Chattanooga Mocs,Furman,H,67,78,72.8,47.7,20.6,25.6,12.5
401809313,2026-01-07,Furman,Chattanooga Mocs,A,78,67,70.5,55.3,19.9,31.2,35.1
401809318,2026-01-10,Chattanooga Mocs,Samford,H,88,79,80.4,54.1,13.7,9.1,39.3
401809318,2026-01-10,Samford,Chattanooga Mocs,A,79,88,70.1,52.8,5.7,14.3,66.7
401822339,2025-11-03,Chicago State Cougars,DePaul,A,62,92,63.9,41.1,12.5,28.9,41.1
401822339,2025-11-03,DePaul,Chicago State Cougars,H,92,62,82.6,56.7,26.6,41.0,58.3
401817183,2025-11-06,Chicago State Cougars,Saint Louis,A,86,108,86.6,43.9,18.5,27.9,53.0
401817183,2025-11-06,Saint Louis,Chicago State Cougars,H,108,86,93.7,62.9,24.6,25.0,53.2
401822340,2025-11-15,Chicago State Cougars,UIC,H,63,67,69.6,45.5,25.9,34.3,28.6
401822340,2025-11-15,UIC,Chicago State Cougars,A,67,63,61.3,46.0,17.9,43.3,56.0
401822341,2025-11-18,Chicago State Cougars,Minnesota,A,54,66,63.8,43.6,18.8,22.9,18.2
401822341,2025-11-18,Minnesota,Chicago State Cougars,H,66,54,63.8,43.3,20.4,40.0,51.9
401822342,2025-11-20,Chicago State Cougars,Iowa,A,54,93,51.1,42.0,3.9,24.2,30.0
401822342,2025-11-20,Iowa,Chicago State Cougars,H,93,54,78.0,67.2,29.5,46.2,32.8
401822343,2025-11-25,Chicago State Cougars,Purdue Fort Wayne,A,77,90,74.6,55.2,32.2,50.0,27.6
401822343,2025-11-25,Purdue Fort Wayne,Chicago State Cougars,H,90,77,73.6,72.6,27.2,30.4,30.2
401822344,2025-11-28,Chicago State Cougars,Youngstown State,A,64,87,68.1,41.0,16.2,32.4,27.9
401822344,2025-11-28,Youngstown State,Chicago State Cougars,H,87,64,72.7,65.3,19.3,22.6,23.7
401837346,2025-12-01,Chicago State Cougars,St. Xavier  (IL),H,85,62,75.3,49.3,25.2,57.4,36.6
401837346,2025-12-01,St. Xavier  (IL),Chicago State Cougars,A,62,85,71.3,53.6,23.8,11.8,12.7
401813260,2025-12-06,Chicago State Cougars,Illinois State,A,53,95,57.1,33.6,10.5,34.1,25.9
401813260,2025-12-06,Illinois State,Chicago State Cougars,H,95,53,73.1,62.1,23.2,55.3,21.4
401817161,2025-12-14,Chicago State Cougars,Loyola Chicago,A,84,75,82.8,45.3,23.0,38.9,45.3
401817161,2025-12-14,Loyola Chicago,Chicago State Cougars,H,75,84,64.5,45.5,15.5,51.1,32.8
401822347,2025-12-20,Chicago State Cougars,Indiana,A,58,78,68.8,39.4,16.0,26.2,9.1
401822347,2025-12-20,Indiana,Chicago State Cougars,H,78,58,66.5,54.0,13.5,37.1,29.0
401812411,2026-01-02,Chicago State Cougars,Wagner,H,72,79,68.8,41.5,13.1,30.0,45.8
401812411,2026-01-02,Wagner,Chicago State Cougars,A,79,72,60.2,53.8,8.3,36.4,56.6
401812366,2026-01-04,Chicago State Cougars,Long Island University,H,55,74,68.6,36.3,19.0,32.6,25.8
401812366,2026-01-04,Long Island University,Chicago State Cougars,A,74,55,54.7,62.3,12.8,39.3,22.6
401812317,2026-01-08,Chicago State Cougars,Fairleigh Dickinson,A,63,70,70.1,50.0,22.8,10.0,34.7
401812317,2026-01-08,Fairleigh Dickinson,Chicago State Cougars,H,70,63,62.1,47.9,17.7,34.3,72.3
401812404,2026-01-10,Chicago State Cougars,Stonehill,A,82,85,85.0,50.8,18.8,15.2,32.8
401812404,2026-01-10,Stonehill,Chicago State Cougars,H,85,82,65.0,57.4,15.4,45.7,34.4
401819842,2025-11-03,Cincinnati Bearcats,Western Carolina,H,94,63,92.2,62.7,28.2,23.3,50.8
401819842,2025-11-03,Western Carolina,Cincinnati Bearcats,A,63,94,69.7,43.0,18.7,32.6,21.9
401819843,2025-11-07,Cincinnati Bearcats,Georgia State,H,74,64,83.3,46.0,27.6,34.1,41.9
401819843,2025-11-07,Georgia State,Cincinnati Bearcats,A,64,74,68.5,42.1,16.0,23.5,31.6
401813436,2025-11-11,Cincinnati Bearcats,Dayton,H,74,62,63.6,56.7,11.0,18.2,82.2
401813436,2025-11-11,Dayton,Cincinnati Bearcats,A,62,74,93.8,33.9,26.6,14.0,43.5
401813398,2025-11-16,Cincinnati Bearcats,Mount St. Mary's,H,72,55,84.2,42.2,24.9,34.1,46.9
401813398,2025-11-16,Mount St. Mary's,Cincinnati Bearcats,A,55,72,53.8,46.4,0.0,18.4,17.9
401817243,2025-11-21,Cincinnati Bearcats,6Louisville*,H,64,74,65.6,43.5,10.7,26.8,25.8
401817243,2025-11-21,6Louisville*,Cincinnati Bearcats,A,74,64,75.3,44.6,22.6,28.9,50.0
401819844,2025-11-24,Cincinnati Bearcats,NJIT,H,94,67,100.0,58.0,33.0,30.8,30.4
401819844,2025-11-24,NJIT,Cincinnati Bearcats,A,67,94,61.1,45.2,8.2,33.3,24.2
401819845,2025-11-26,Cincinnati Bearcats,Eastern Michigan,H,56,64,73.7,40.2,25.8,21.6,25.0
401819845,2025-11-26,Eastern Michigan,Cincinnati Bearcats,A,64,56,57.5,51.1,17.4,25.0,50.0
401819846,2025-12-01,Cincinnati Bearcats,Tarleton State,H,76,58,63.1,59.8,22.2,43.8,26.8
401819846,2025-12-01,Tarleton State,Cincinnati Bearcats,A,58,76,74.7,49.0,29.5,17.2,27.5
401819847,2025-12-05,Cincinnati Bearcats,Xavier,A,74,79,67.5,45.7,4.4,31.9,31.9
401819847,2025-12-05,Xavier,Cincinnati Bearcats,H,79,74,78.9,51.6,11.4,12.2,35.9
401819848,2025-12-13,Cincinnati Bearcats,Georgia*,H,65,84,84.3,53.3,24.9,28.1,43.3
401819848,2025-12-13,Georgia*,Cincinnati Bearcats,A,84,65,72.0,40.8,15.3,30.4,32.3
401812926,2025-12-21,Cincinnati Bearcats,Clemson*,H,65,68,67.7,58.0,19.2,7.1,28.0
401812926,2025-12-21,Clemson*,Cincinnati Bearcats,A,68,65,69.1,46.6,20.3,28.6,25.9
401819850,2025-12-29,Cincinnati Bearcats,Lipscomb,H,89,62,84.3,55.3,22.5,35.9,12.0
401819850,2025-12-29,Lipscomb,Cincinnati Bearcats,A,62,89,64.2,48.2,10.9,16.2,22.8
401827595,2026-01-03,Cincinnati Bearcats,8Houston,H,60,67,59.6,49.0,16.8,24.1,32.7
401827595,2026-01-03,8Houston,Cincinnati Bearcats,A,67,60,73.3,47.6,24.6,34.3,14.3
401827603,2026-01-06,Cincinnati Bearcats,West Virginia,A,60,62,74.3,45.2,24.2,24.4,14.5
401827603,2026-01-06,West Virginia,Cincinnati Bearcats,H,62,60,56.2,57.3,14.2,20.7,27.1
401827615,2026-01-11,Cincinnati Bearcats,25UCF,A,72,73,77.8,50.0,21.9,27.8,11.9
401827615,2026-01-11,25UCF,Cincinnati Bearcats,H,73,72,59.3,63.5,11.8,19.0,17.3
401812916,2025-11-03,Clemson Tigers,New Hampshire,H,88,38,83.5,56.9,24.0,24.1,80.4
401812916,2025-11-03,New Hampshire,Clemson Tigers,A,38,88,58.3,28.3,3.4,17.4,15.0
401812917,2025-11-07,Clemson Tigers,Gardner-Webb,H,97,59,89.5,54.5,24.6,46.3,26.0
401812917,2025-11-07,Gardner-Webb,Clemson Tigers,A,59,97,58.4,44.7,8.6,17.6,55.3
401812918,2025-11-11,Clemson Tigers,Morehead State,H,83,56,67.5,55.6,17.8,40.5,29.0
401812918,2025-11-11,Morehead State,Clemson Tigers,A,56,83,54.2,38.7,11.1,43.2,17.7
401812919,2025-11-15,Clemson Tigers,Georgetown,A,74,79,69.5,49.2,14.4,27.5,32.8
401812919,2025-11-15,Georgetown,Clemson Tigers,H,79,74,71.2,50.9,12.6,19.4,60.4
401812920,2025-11-17,Clemson Tigers,North Alabama,H,81,61,59.5,53.3,13.4,54.3,32.8
401812920,2025-11-17,North Alabama,Clemson Tigers,A,61,81,69.1,42.5,21.7,33.3,25.0
401809308,2025-11-21,Clemson Tigers,West Virginia*,H,70,67,67.0,52.9,17.9,20.0,36.5
401809308,2025-11-21,West Virginia*,Clemson Tigers,A,67,70,76.0,48.2,25.0,23.1,33.3
401831230,2025-11-23,Clemson Tigers,Georgia*,H,97,94,84.3,55.3,16.6,21.1,39.4
401831230,2025-11-23,Georgia*,Clemson Tigers,A,94,97,87.8,54.3,22.8,35.7,42.0
401812924,2025-12-13,Clemson Tigers,Mercer,H,70,63,65.6,53.7,18.3,25.8,29.6
401812924,2025-12-13,Mercer,Clemson Tigers,A,63,70,62.8,53.7,11.2,9.7,18.5
401812925,2025-12-16,Clemson Tigers,South Carolina,H,68,61,73.7,52.1,21.7,14.3,66.0
401812925,2025-12-16,South Carolina,Clemson Tigers,A,61,68,58.9,41.2,10.2,26.5,45.1
401820640,2025-12-31,Clemson Tigers,Syracuse,A,64,61,67.7,51.8,19.2,21.9,21.4
401820640,2025-12-31,Syracuse,Clemson Tigers,H,61,64,64.4,45.6,20.2,17.2,53.3
401820647,2026-01-03,Clemson Tigers,Pittsburgh,A,73,68,61.9,61.1,14.5,16.0,55.6
401820647,2026-01-03,Pittsburgh,Clemson Tigers,H,68,73,68.5,50.0,17.5,20.0,42.3
401820652,2026-01-07,Clemson Tigers,24SMU,H,74,70,66.4,50.9,15.1,30.6,42.9
401820652,2026-01-07,24SMU,Clemson Tigers,A,70,74,62.8,43.1,15.9,35.3,56.9
401820662,2026-01-10,Clemson Tigers,Notre Dame,A,76,61,76.5,52.6,23.5,25.8,31.0
401820662,2026-01-10,Notre Dame,Clemson Tigers,H,61,76,60.5,52.1,18.2,20.7,38.3
401817153,2025-11-03,Cleveland State Vikings,Loyola Chicago,A,88,91,65.9,52.3,13.7,50.0,35.9
401817153,2025-11-03,Loyola Chicago,Cleveland State Vikings,H,91,88,89.9,54.5,26.7,29.3,37.9
401827484,2025-11-06,Cleveland State Vikings,Capital,H,71,70,68.6,54.5,21.9,27.8,28.6
401827484,2025-11-06,Capital,Cleveland State Vikings,A,70,71,65.8,50.0,13.7,27.8,16.1
401826913,2025-11-10,Cleveland State Vikings,Northwestern,A,63,110,63.2,48.3,11.1,25.6,21.7
401826913,2025-11-10,Northwestern,Cleveland State Vikings,H,110,63,100.5,68.4,32.9,39.3,32.4
401823011,2025-11-15,Cleveland State Vikings,Kent State*,H,95,102,78.2,59.2,24.3,46.9,50.0
401823011,2025-11-15,Kent State*,Cleveland State Vikings,A,102,95,83.8,57.6,20.3,40.0,78.0
401826070,2025-11-16,Cleveland State Vikings,Radford*,H,87,82,81.8,52.8,19.5,28.6,85.2
401826070,2025-11-16,Radford*,Cleveland State Vikings,A,82,87,86.2,41.9,22.0,38.9,40.5
401822332,2025-11-19,Cleveland State Vikings,Valparaiso,H,75,90,71.9,50.9,15.3,16.1,41.8
401822332,2025-11-19,Valparaiso,Cleveland State Vikings,A,90,75,73.5,59.5,19.0,41.9,31.7
401823014,2025-11-22,Cleveland State Vikings,Kent State,A,71,91,81.2,50.0,27.1,12.5,61.2
401823014,2025-11-22,Kent State,Cleveland State Vikings,H,91,71,86.1,59.7,30.2,40.0,22.4
401827485,2025-11-25,Cleveland State Vikings,Waynesburg,H,109,56,99.9,59.4,33.0,58.5,28.7
401827485,2025-11-25,Waynesburg,Cleveland State Vikings,A,56,109,76.4,33.6,22.3,22.2,41.4
401827486,2025-11-28,Cleveland State Vikings,Missouri,A,59,86,62.2,46.5,14.5,23.7,19.3
401827486,2025-11-28,Missouri,Cleveland State Vikings,H,86,59,76.2,56.0,27.6,51.4,19.4
401817504,2025-12-03,Cleveland State Vikings,Northern Kentucky,A,80,95,69.3,60.4,23.1,32.0,58.3
401817504,2025-12-03,Northern Kentucky,Cleveland State Vikings,H,95,80,82.1,66.4,31.7,44.4,24.6
401817507,2025-12-06,Cleveland State Vikings,Detroit Mercy,H,59,71,60.5,38.8,16.5,42.5,34.5
401817507,2025-12-06,Detroit Mercy,Cleveland State Vikings,A,71,59,71.0,49.1,19.7,28.6,32.8
401827487,2025-12-14,Cleveland State Vikings,Oakland City,H,96,52,65.7,63.2,16.8,58.8,20.6
401827487,2025-12-14,Oakland City,Cleveland State Vikings,A,52,96,68.5,34.3,16.1,17.1,40.7
401826877,2025-12-17,Cleveland State Vikings,UAB,A,77,101,62.1,54.3,3.2,15.6,25.9
401826877,2025-12-17,UAB,Cleveland State Vikings,H,101,77,90.8,62.1,26.4,36.1,43.9
401817595,2025-12-21,Cleveland State Vikings,Milwaukee,H,71,81,66.5,50.0,10.5,16.7,40.0
401817595,2025-12-21,Milwaukee,Cleveland State Vikings,A,81,71,68.8,51.4,16.0,43.9,14.1
401817596,2025-12-29,Cleveland State Vikings,IU Indianapolis,H,99,86,80.6,60.5,21.1,34.5,61.4
401817596,2025-12-29,IU Indianapolis,Cleveland State Vikings,A,86,99,82.5,51.4,20.6,33.3,31.9
401817607,2026-01-04,Cleveland State Vikings,Purdue Fort Wayne,A,71,74,66.2,51.7,22.7,42.4,18.3
401817607,2026-01-04,Purdue Fort Wayne,Cleveland State Vikings,H,74,71,82.0,49.1,26.8,25.8,36.2
401817615,2026-01-09,Cleveland State Vikings,Oakland,A,74,97,76.8,44.0,19.5,39.1,13.3
401817615,2026-01-09,Oakland,Cleveland State Vikings,H,97,74,83.8,48.7,23.9,53.3,36.0
401817620,2026-01-11,Cleveland State Vikings,Detroit Mercy,A,84,94,78.4,59.5,21.7,21.6,41.4
401817620,2026-01-11,Detroit Mercy,Cleveland State Vikings,H,94,84,83.7,52.3,28.7,51.3,47.7
401829052,2025-11-03,Coastal Carolina Chanticleers,Western Michigan,A,71,76,74.5,48.4,17.4,22.0,32.8
401829052,2025-11-03,Western Michigan,Coastal Carolina Chanticleers,H,76,71,73.6,48.0,16.3,16.1,70.0
401829486,2025-11-07,Coastal Carolina Chanticleers,Virginia-Lynchburg,H,121,44,94.5,63.4,22.2,48.8,20.9
401829486,2025-11-07,Virginia-Lynchburg,Coastal Carolina Chanticleers,A,44,121,87.8,23.5,11.4,11.8,12.3
401827066,2025-11-11,Coastal Carolina Chanticleers,Winthrop,H,72,66,68.0,56.6,20.6,29.0,39.6
401827066,2025-11-11,Winthrop,Coastal Carolina Chanticleers,A,66,72,79.9,44.9,20.0,14.3,39.0
401828308,2025-11-14,Coastal Carolina Chanticleers,Jacksonville State,A,67,74,62.6,41.3,6.4,30.0,25.4
401828308,2025-11-14,Jacksonville State,Coastal Carolina Chanticleers,H,74,67,68.9,50.9,14.5,23.7,40.4
401829487,2025-11-21,Coastal Carolina Chanticleers,Western Illinois,A,84,64,79.5,51.5,18.9,35.1,29.4
401829487,2025-11-21,Western Illinois,Coastal Carolina Chanticleers,H,64,84,70.0,39.5,11.4,27.0,33.9
401829457,2025-11-22,Coastal Carolina Chanticleers,North Dakota*,H,75,58,69.2,30.0,13.0,32.0,56.7
401829457,2025-11-22,North Dakota*,Coastal Carolina Chanticleers,A,58,75,68.5,56.9,8.8,12.1,31.0
401813258,2025-11-23,Coastal Carolina Chanticleers,Illinois State,A,42,94,64.4,29.5,3.1,12.5,7.6
401813258,2025-11-23,Illinois State,Coastal Carolina Chanticleers,H,94,42,85.5,58.3,17.6,17.6,33.3
401827063,2025-12-03,Coastal Carolina Chanticleers,South Carolina Upstate,A,78,85,84.2,44.7,16.6,25.0,17.1
401827063,2025-12-03,South Carolina Upstate,Coastal Carolina Chanticleers,H,85,78,84.1,48.4,17.8,25.6,57.1
401827070,2025-12-06,Coastal Carolina Chanticleers,Winthrop,A,88,84,73.3,58.6,15.0,23.5,44.8
401827070,2025-12-06,Winthrop,Coastal Carolina Chanticleers,H,84,88,69.2,46.2,13.0,43.8,52.3
401823790,2025-12-13,Coastal Carolina Chanticleers,Grand Canyon,A,61,82,62.8,42.5,3.2,22.7,11.9
401823790,2025-12-13,Grand Canyon,Coastal Carolina Chanticleers,H,82,61,70.5,42.8,7.1,46.5,26.3
401808583,2025-12-20,Coastal Carolina Chanticleers,Old Dominion,A,76,74,86.4,42.3,20.8,20.0,36.9
401808583,2025-12-20,Old Dominion,Coastal Carolina Chanticleers,H,74,76,67.0,52.7,10.4,16.1,33.9
401822672,2025-12-22,Coastal Carolina Chanticleers,Saint Joseph's,A,68,62,75.1,47.5,21.3,22.9,28.8
401822672,2025-12-22,Saint Joseph's,Coastal Carolina Chanticleers,H,62,68,74.7,39.2,17.4,23.3,21.5
401808592,2026-01-01,Coastal Carolina Chanticleers,Georgia Southern,H,81,82,75.8,42.3,15.8,40.8,38.0
401808592,2026-01-01,Georgia Southern,Coastal Carolina Chanticleers,A,82,81,77.2,45.3,13.0,28.6,50.0
401808596,2026-01-03,Coastal Carolina Chanticleers,Georgia State,H,71,89,58.1,46.7,8.6,40.0,27.9
401808596,2026-01-03,Georgia State,Coastal Carolina Chanticleers,A,89,71,72.7,63.6,20.6,26.7,23.7
401808603,2026-01-08,Coastal Carolina Chanticleers,Old Dominion,H,66,70,67.5,44.8,11.8,17.9,31.0
401808603,2026-01-08,Old Dominion,Coastal Carolina Chanticleers,A,70,66,70.2,50.8,20.0,34.1,20.3
401827219,2025-11-03,Colgate Raiders,22Michigan State,A,69,80,70.8,57.0,19.8,9.7,10.5
401827219,2025-11-03,22Michigan State,Colgate Raiders,H,80,69,74.6,46.7,21.5,46.3,61.7
401827273,2025-11-07,Colgate Raiders,Northeastern,H,65,68,60.6,44.1,6.6,29.4,27.1
401827273,2025-11-07,Northeastern,Colgate Raiders,A,68,65,78.9,42.4,24.1,27.5,42.4
401827512,2025-11-11,Colgate Raiders,Drexel,H,90,83,70.8,71.7,21.2,16.7,58.7
401827512,2025-11-11,Drexel,Colgate Raiders,A,83,90,69.1,56.0,14.5,38.5,22.4
401827180,2025-11-14,Colgate Raiders,14Illinois,A,65,84,71.3,46.0,15.4,16.7,14.5
401827180,2025-11-14,14Illinois,Colgate Raiders,H,84,65,68.4,45.7,10.2,45.2,34.8
401822833,2025-11-17,Colgate Raiders,Siena,A,72,69,61.1,56.7,11.5,22.2,32.7
401822833,2025-11-17,Siena,Colgate Raiders,H,69,72,64.5,46.6,15.5,36.4,31.0
401829402,2025-11-20,Colgate Raiders,Cornell,A,94,95,103.2,51.2,24.2,23.8,15.9
401829402,2025-11-20,Cornell,Colgate Raiders,H,95,94,86.2,52.2,13.9,20.0,44.1
401828269,2025-11-28,Colgate Raiders,UAlbany*,H,69,67,59.4,55.9,11.8,25.8,5.1
401828269,2025-11-28,UAlbany*,Colgate Raiders,A,67,69,67.3,55.0,17.8,26.5,15.0
401829403,2025-11-29,Colgate Raiders,SUNY-Oneonta*,H,85,50,55.7,69.4,10.8,43.5,22.2
401829403,2025-11-29,SUNY-Oneonta*,Colgate Raiders,A,50,85,59.8,33.1,6.7,30.4,15.4
401829404,2025-11-30,Colgate Raiders,Fordham*,H,72,62,65.2,52.5,18.4,35.3,18.3
401829404,2025-11-30,Fordham*,Colgate Raiders,A,62,72,62.3,46.7,14.4,29.4,11.7
401829405,2025-12-06,Colgate Raiders,St. John Fisher,H,94,50,87.7,68.5,31.9,33.3,19.4
401829405,2025-12-06,St. John Fisher,Colgate Raiders,A,50,94,63.7,37.1,12.6,19.0,20.7
401817203,2025-12-10,Colgate Raiders,St. Bonaventure,A,77,85,72.0,50.0,15.3,36.6,28.4
401817203,2025-12-10,St. Bonaventure,Colgate Raiders,H,85,77,62.4,50.8,3.2,43.2,36.9
401829406,2025-12-21,Colgate Raiders,23Florida,A,60,90,62.8,51.8,15.9,17.1,14.5
401829406,2025-12-21,23Florida,Colgate Raiders,H,90,60,71.8,58.1,23.7,55.6,43.5
401812612,2025-12-28,Colgate Raiders,Harvard,H,69,78,68.8,51.7,16.0,18.8,16.9
401812612,2025-12-28,Harvard,Colgate Raiders,A,78,69,79.8,61.9,27.6,13.3,10.2
401829407,2025-12-31,Colgate Raiders,Lafayette,A,85,77,81.7,53.5,20.8,22.9,57.9
401829407,2025-12-31,Lafayette,Colgate Raiders,H,77,85,71.3,53.7,14.0,17.6,51.9
401829408,2026-01-10,Colgate Raiders,Lehigh,H,77,78,69.0,52.6,18.8,36.4,36.2
401829408,2026-01-10,Lehigh,Colgate Raiders,A,78,77,66.3,49.2,13.6,36.8,44.1
401819860,2025-11-03,Colorado Buffaloes,Montana State,H,84,78,72.5,54.8,17.9,35.5,75.0
401819860,2025-11-03,Montana State,Colorado Buffaloes,A,78,84,69.1,58.0,15.9,21.4,30.4
401819861,2025-11-08,Colorado Buffaloes,Eastern Washington,H,102,97,86.5,59.5,18.5,31.4,61.9
401819861,2025-11-08,Eastern Washington,Colorado Buffaloes,A,97,102,78.0,66.9,15.4,17.9,30.6
401819862,2025-11-14,Colorado Buffaloes,Providence,H,97,88,77.8,56.1,14.1,34.3,40.9
401819862,2025-11-14,Providence,Colorado Buffaloes,A,88,97,75.7,49.2,6.6,22.5,47.7
401819864,2025-11-21,Colorado Buffaloes,UC Davis,H,95,79,76.0,67.5,21.1,26.9,36.8
401819864,2025-11-21,UC Davis,Colorado Buffaloes,A,79,95,67.3,58.3,14.9,24.1,15.0
401819865,2025-11-27,Colorado Buffaloes,San Francisco*,H,79,69,79.8,53.6,22.6,30.6,11.6
401819865,2025-11-27,San Francisco*,Colorado Buffaloes,A,69,79,62.2,52.5,11.3,29.4,22.0
401830749,2025-11-28,Colorado Buffaloes,Washington*,H,81,68,64.2,53.7,9.3,36.7,59.3
401830749,2025-11-28,Washington*,Colorado Buffaloes,A,68,81,71.1,39.1,12.7,31.1,21.7
401819867,2025-12-06,Colorado Buffaloes,Colorado State,A,86,91,77.2,68.1,23.3,20.0,22.4
401819867,2025-12-06,Colorado State,Colorado Buffaloes,H,91,86,67.1,69.6,13.4,22.2,30.4
401819868,2025-12-13,Colorado Buffaloes,UTSA,H,88,64,77.1,55.8,22.1,45.9,24.6
401819868,2025-12-13,UTSA,Colorado Buffaloes,A,64,88,65.6,43.8,12.2,32.6,25.0
401819869,2025-12-17,Colorado Buffaloes,Portland State,H,84,73,77.3,53.4,23.3,34.4,44.8
401819869,2025-12-17,Portland State,Colorado Buffaloes,A,73,84,67.5,51.8,14.8,27.3,35.1
401817474,2025-12-20,Colorado Buffaloes,Stanford*,H,68,77,60.2,50.9,10.0,23.3,23.6
401817474,2025-12-20,Stanford*,Colorado Buffaloes,A,77,68,82.5,47.1,27.9,36.4,78.8
401819870,2025-12-28,Colorado Buffaloes,Northern Colorado,H,81,86,84.1,44.1,19.0,31.9,19.7
401819870,2025-12-28,Northern Colorado,Colorado Buffaloes,A,86,81,65.1,61.9,7.7,24.1,28.8
401827607,2026-01-07,Colorado Buffaloes,Utah,H,85,73,70.0,53.2,15.7,38.2,33.9
401827607,2026-01-07,Utah,Colorado Buffaloes,A,73,85,72.9,43.2,13.7,33.3,34.8
401827610,2026-01-10,Colorado Buffaloes,14Texas Tech,H,71,73,73.5,44.8,16.3,18.9,37.9
401827610,2026-01-10,14Texas Tech,Colorado Buffaloes,A,73,71,72.8,49.3,19.2,35.6,14.3
401823807,2025-11-03,Colorado State Rams,Incarnate Word,H,98,64,60.2,74.0,10.0,38.1,62.5
401823807,2025-11-03,Incarnate Word,Colorado State Rams,A,64,98,77.0,44.1,19.5,16.7,35.6
401823808,2025-11-09,Colorado State Rams,Omaha,H,97,74,69.7,65.1,21.5,51.9,62.3
401823808,2025-11-09,Omaha,Colorado State Rams,A,74,97,68.1,53.4,14.7,21.6,25.4
401817156,2025-11-16,Colorado State Rams,Loyola Chicago,A,80,67,68.0,59.3,25.0,40.0,35.2
401817156,2025-11-16,Loyola Chicago,Colorado State Rams,H,67,80,50.5,57.8,5.9,28.6,48.9
401823810,2025-11-21,Colorado State Rams,Denver,H,81,83,53.9,59.0,11.1,48.0,112.8
401823810,2025-11-21,Denver,Colorado State Rams,A,83,81,71.0,59.6,19.7,30.0,33.3
401817522,2025-11-26,Colorado State Rams,Virginia Tech*,H,64,66,62.8,49.2,17.5,32.4,13.6
401817522,2025-11-26,Virginia Tech*,Colorado State Rams,A,66,64,66.6,52.0,19.5,17.2,31.4
401830754,2025-11-27,Colorado State Rams,Wichita State*,H,76,70,59.2,67.3,18.6,32.1,21.2
401830754,2025-11-27,Wichita State*,Colorado State Rams,A,70,76,55.1,47.7,7.3,54.1,23.4
401830876,2025-11-28,Colorado State Rams,South Florida*,H,83,68,80.7,42.0,23.6,30.4,20.3
401830876,2025-11-28,South Florida*,Colorado State Rams,A,68,83,66.7,77.6,22.5,14.3,24.5
401823811,2025-12-09,Colorado State Rams,Dartmouth,H,76,55,72.4,67.6,29.0,19.0,5.6
401823811,2025-12-09,Dartmouth,Colorado State Rams,A,55,76,57.8,49.0,17.3,25.0,15.4
401823812,2025-12-14,Colorado State Rams,Northern New Mexico,H,104,54,92.5,70.2,30.3,29.6,35.5
401823812,2025-12-14,Northern New Mexico,Colorado State Rams,A,54,104,63.7,39.7,14.1,22.0,20.7
401827913,2025-12-20,Colorado State Rams,Utah State,A,58,100,60.0,43.9,18.3,27.3,38.8
401827913,2025-12-20,Utah State,Colorado State Rams,H,100,58,80.4,74.1,33.6,59.3,41.4
401829292,2025-12-30,Colorado State Rams,Nevada,H,62,75,62.8,43.1,15.9,33.3,56.9
401829292,2025-12-30,Nevada,Colorado State Rams,A,75,62,67.7,50.0,17.7,32.4,59.6
401823792,2026-01-03,Colorado State Rams,Grand Canyon,A,70,60,61.9,52.0,19.4,40.6,49.0
401823792,2026-01-03,Grand Canyon,Colorado State Rams,H,60,70,65.2,46.4,19.9,27.8,23.2
401830321,2026-01-06,Colorado State Rams,New Mexico,H,70,80,61.2,51.7,13.1,33.3,18.6
401830321,2026-01-06,New Mexico,Colorado State Rams,A,80,70,75.0,63.2,28.0,31.0,39.6
401830827,2026-01-09,Colorado State Rams,UNLV,H,70,62,70.2,53.3,31.3,41.4,65.2
401830827,2026-01-09,UNLV,Colorado State Rams,A,62,70,67.9,48.0,28.0,35.3,51.0
401818367,2025-11-07,Columbia Lions,New Haven,A,71,53,64.7,63.3,26.3,30.8,28.6
401818367,2025-11-07,New Haven,Columbia Lions,H,53,71,69.6,35.1,20.1,21.4,28.1
401812787,2025-11-10,Columbia Lions,3UConn,A,62,89,56.5,42.0,3.5,28.9,35.7
401812787,2025-11-10,3UConn,Columbia Lions,H,89,62,69.8,66.0,14.3,25.0,54.7
401818368,2025-11-13,Columbia Lions,UMass Lowell,H,86,72,71.3,54.0,26.6,60.5,41.3
401818368,2025-11-13,UMass Lowell,Columbia Lions,A,72,86,74.7,53.4,25.5,28.6,23.7
401818370,2025-11-21,Columbia Lions,Lehigh,A,82,67,64.0,58.3,15.6,50.0,31.7
401818370,2025-11-21,Lehigh,Columbia Lions,H,67,82,69.0,49.1,14.5,19.5,36.8
401818371,2025-11-23,Columbia Lions,Longwood,H,95,70,80.7,65.2,27.3,37.1,18.2
401818371,2025-11-23,Longwood,Columbia Lions,A,70,95,74.1,53.6,22.9,18.8,30.9
401818372,2025-11-26,Columbia Lions,Fairfield,A,106,77,75.6,71.1,19.8,45.8,25.0
401818372,2025-11-26,Fairfield,Columbia Lions,H,77,106,75.6,46.5,18.5,37.0,22.5
401818533,2025-11-29,Columbia Lions,Sarah Lawrence,H,92,44,74.1,59.2,17.5,47.4,23.9
401818533,2025-11-29,Sarah Lawrence,Columbia Lions,A,44,92,74.5,30.3,12.1,11.5,1.4
401818534,2025-12-03,Columbia Lions,Hofstra,H,72,70,66.6,51.7,18.0,31.4,27.6
401818534,2025-12-03,Hofstra,Columbia Lions,A,70,72,61.5,50.0,9.8,28.6,40.0
401818535,2025-12-06,Columbia Lions,UAlbany,H,93,65,66.0,62.1,15.1,51.7,30.6
401818535,2025-12-06,UAlbany,Columbia Lions,A,65,93,70.8,39.2,14.1,27.9,45.0
401818536,2025-12-09,Columbia Lions,Stony Brook,A,73,77,78.0,42.0,23.1,40.0,27.5
401818536,2025-12-09,Stony Brook,Columbia Lions,H,77,73,81.0,47.0,21.0,29.5,31.3
401818537,2025-12-28,Columbia Lions,North Florida,A,90,82,75.0,66.4,20.0,20.0,38.2
401818537,2025-12-28,North Florida,Columbia Lions,H,82,90,72.7,54.6,11.0,16.7,18.5
401818538,2025-12-31,Columbia Lions,Penn St Abington,H,106,51,75.0,62.5,17.3,60.5,25.0
401818538,2025-12-31,Penn St Abington,Columbia Lions,A,51,106,71.8,30.0,15.3,17.0,52.7
401818539,2026-01-05,Columbia Lions,Cornell,A,104,99,81.7,63.3,18.4,31.0,55.0
401818539,2026-01-05,Cornell,Columbia Lions,H,99,104,93.5,54.0,24.6,35.0,26.7
401812614,2026-01-10,Columbia Lions,Harvard,H,54,79,58.2,39.3,18.9,38.9,19.6
401812614,2026-01-10,Harvard,Columbia Lions,A,79,54,71.2,61.8,29.5,38.5,20.0
401822757,2025-11-03,Coppin State Eagles,Maryland*,H,61,83,85.9,54.5,34.9,34.4,45.5
401822757,2025-11-03,Maryland*,Coppin State Eagles,A,83,61,59.6,50.0,18.5,25.8,32.7
401822176,2025-11-05,Coppin State Eagles,La Salle,A,59,87,71.5,38.6,18.2,17.5,31.6
401822176,2025-11-05,La Salle,Coppin State Eagles,H,87,59,76.6,56.6,23.5,34.4,66.0
401822758,2025-11-09,Coppin State Eagles,James Madison,A,70,84,60.1,46.8,13.3,34.3,76.6
401822758,2025-11-09,James Madison,Coppin State Eagles,H,84,70,78.5,57.6,25.5,30.3,33.9
401822759,2025-11-12,Coppin State Eagles,South Florida,A,50,100,61.5,32.7,17.9,30.8,42.3
401822759,2025-11-12,South Florida,Coppin State Eagles,H,100,50,87.8,61.2,31.9,55.6,40.3
401822761,2025-11-15,Coppin State Eagles,South Alabama*,H,62,72,65.1,43.8,15.4,25.7,30.4
401822761,2025-11-15,South Alabama*,Coppin State Eagles,A,72,62,79.1,48.4,29.1,35.9,23.8
401822762,2025-11-18,Coppin State Eagles,Central Penn,H,103,62,94.5,54.3,28.6,54.8,24.7
401822762,2025-11-18,Central Penn,Coppin State Eagles,A,62,103,72.2,40.8,18.0,25.6,16.9
401822737,2025-11-22,Coppin State Eagles,VCU,A,58,101,63.8,41.9,11.0,25.0,16.1
401822737,2025-11-22,VCU,Coppin State Eagles,H,101,58,89.2,62.3,24.7,31.0,52.5
401812630,2025-11-25,Coppin State Eagles,Rider,A,68,65,68.5,46.1,20.4,42.9,28.1
401812630,2025-11-25,Rider,Coppin State Eagles,H,65,68,71.2,34.2,19.7,40.0,53.3
401820189,2025-11-30,Coppin State Eagles,Loyola Maryland,A,84,95,72.7,61.0,20.6,28.0,62.0
401820189,2025-11-30,Loyola Maryland,Coppin State Eagles,H,95,84,72.4,67.3,23.5,44.0,43.6
401819919,2025-12-03,Coppin State Eagles,West Virginia,A,49,91,59.1,34.3,10.2,23.1,31.5
401819919,2025-12-03,West Virginia,Coppin State Eagles,H,91,49,84.7,55.5,23.6,35.7,51.6
401822763,2025-12-06,Coppin State Eagles,Liberty,A,50,92,60.5,33.9,11.6,27.5,32.1
401822763,2025-12-06,Liberty,Coppin State Eagles,H,92,50,74.3,71.0,24.2,31.0,11.3
401822670,2025-12-09,Coppin State Eagles,Saint Joseph's,A,65,87,67.2,47.4,14.9,18.2,22.8
401822670,2025-12-09,Saint Joseph's,Coppin State Eagles,H,87,65,74.4,62.3,22.8,25.9,45.3
401822764,2025-12-14,Coppin State Eagles,Radford,A,77,107,72.0,55.4,22.2,27.3,33.9
401822764,2025-12-14,Radford,Coppin State Eagles,H,107,77,102.0,74.2,38.2,33.3,33.9
401820158,2025-12-19,Coppin State Eagles,Navy,A,55,88,61.1,39.3,13.1,26.3,26.8
401820158,2025-12-19,Navy,Coppin State Eagles,H,88,55,68.8,58.2,20.4,46.7,52.7
401822765,2025-12-22,Coppin State Eagles,Georgetown,A,67,97,70.5,47.5,17.0,27.5,29.5
401822765,2025-12-22,Georgetown,Coppin State Eagles,H,97,67,86.3,64.2,24.3,27.6,46.7
401822766,2025-12-29,Coppin State Eagles,UMBC,H,59,93,70.1,43.0,17.1,15.4,26.3
401822766,2025-12-29,UMBC,Coppin State Eagles,A,93,59,83.9,63.5,26.2,35.3,36.5
401822767,2026-01-03,Coppin State Eagles,Delaware State,A,53,51,59.1,48.0,20.3,28.1,30.6
401822767,2026-01-03,Delaware State,Coppin State Eagles,H,51,53,68.2,40.4,26.4,33.3,22.8
401822768,2026-01-10,Coppin State Eagles,North Carolina Central,H,77,88,61.7,63.0,16.2,28.6,22.2
401822768,2026-01-10,North Carolina Central,Coppin State Eagles,A,88,77,71.1,62.5,19.7,29.6,75.0
401823009,2025-11-07,Cornell Big Red,Kent State,A,102,110,74.5,67.5,18.8,39.4,34.9
401823009,2025-11-07,Kent State,Cornell Big Red,H,110,102,93.7,67.7,25.6,37.9,50.8
401813254,2025-11-09,Cornell Big Red,Illinois State,A,65,76,70.4,40.0,12.8,23.3,40.0
401813254,2025-11-09,Illinois State,Cornell Big Red,H,76,65,65.7,53.6,10.7,30.8,60.0
401829413,2025-11-13,Cornell Big Red,Lafayette,A,97,78,71.1,63.4,9.8,30.6,25.4
401829413,2025-11-13,Lafayette,Cornell Big Red,H,78,97,78.3,48.4,15.3,21.4,41.3
401830009,2025-11-26,Cornell Big Red,Misericordia,H,114,70,94.2,68.4,29.7,41.7,14.5
401830009,2025-11-26,Misericordia,Cornell Big Red,A,70,114,73.5,47.6,13.6,17.5,29.0
401826703,2025-12-02,Cornell Big Red,George Mason,A,81,99,74.1,60.5,22.9,25.0,29.8
401826703,2025-12-02,George Mason,Cornell Big Red,H,99,81,83.9,63.9,25.0,35.7,41.0
401827500,2025-12-03,Cornell Big Red,Towson,A,80,93,73.5,58.9,21.8,24.1,32.1
401827500,2025-12-03,Towson,Cornell Big Red,H,93,80,73.1,64.4,21.9,47.1,22.7
401829434,2025-12-07,Cornell Big Red,Samford,A,90,93,80.5,50.7,16.1,37.0,23.7
401829434,2025-12-07,Samford,Cornell Big Red,H,93,90,73.7,60.3,10.9,24.2,56.9
401828272,2025-12-21,Cornell Big Red,UAlbany,A,83,75,64.7,61.9,20.1,45.2,23.7
401828272,2025-12-21,UAlbany,Cornell Big Red,H,75,83,63.3,58.3,17.4,37.9,11.7
401827222,2025-12-29,Cornell Big Red,9Michigan State,A,97,114,83.9,56.4,14.3,23.1,32.9
401827222,2025-12-29,9Michigan State,Cornell Big Red,H,114,97,84.4,65.4,16.6,38.5,66.2
401830010,2026-01-02,Cornell Big Red,Alfred State,H,133,65,96.7,79.5,26.9,50.0,17.9
401830010,2026-01-02,Alfred State,Cornell Big Red,A,65,133,83.4,39.0,16.8,19.6,6.5
401830011,2026-01-10,Cornell Big Red,Dartmouth,H,91,102,74.4,54.6,13.4,32.4,36.9
401830011,2026-01-10,Dartmouth,Cornell Big Red,A,102,91,86.0,66.2,19.8,22.9,27.9
401811102,2025-11-05,Creighton Bluejays,South Dakota,H,92,76,79.2,55.4,24.0,54.3,14.9
401811102,2025-11-05,South Dakota,Creighton Bluejays,A,76,92,76.7,45.3,22.2,45.7,18.9
401820831,2025-11-11,Creighton Bluejays,19Gonzaga,A,63,90,59.7,43.9,8.4,23.1,63.3
401820831,2025-11-11,19Gonzaga,Creighton Bluejays,H,90,63,92.2,59.3,29.3,31.4,18.6
401820832,2025-11-14,Creighton Bluejays,Maryland Eastern Shore,H,84,45,83.2,56.7,33.6,45.9,16.4
401820832,2025-11-14,Maryland Eastern Shore,Creighton Bluejays,A,45,84,53.9,40.0,13.0,18.8,12.0
401820833,2025-11-19,Creighton Bluejays,North Dakota,H,75,60,62.9,47.6,14.3,50.0,39.7
401820833,2025-11-19,North Dakota,Creighton Bluejays,A,60,75,67.2,43.3,16.4,23.7,18.3
401819875,2025-11-25,Creighton Bluejays,15Iowa State*,H,60,78,77.7,53.1,24.5,36.1,21.5
401819875,2025-11-25,15Iowa State*,Creighton Bluejays,A,78,60,60.2,46.6,13.3,29.7,19.0
401831221,2025-11-27,Creighton Bluejays,Oregon*,H,76,66,71.0,48.3,11.3,17.6,35.6
401831221,2025-11-27,Oregon*,Creighton Bluejays,A,66,76,62.2,42.8,6.4,37.2,15.9
401820834,2025-12-02,Creighton Bluejays,Nicholls,H,96,76,63.3,75.4,11.1,26.1,11.9
401820834,2025-12-02,Nicholls,Creighton Bluejays,A,76,96,78.6,53.3,20.4,17.1,26.2
401820835,2025-12-07,Creighton Bluejays,Nebraska,A,50,71,57.1,38.5,10.5,22.5,32.7
401820835,2025-12-07,Nebraska,Creighton Bluejays,H,71,50,66.5,52.7,15.0,23.5,36.4
401819896,2025-12-13,Creighton Bluejays,Kansas State,H,76,83,61.1,49.2,3.3,28.9,23.8
401819896,2025-12-13,Kansas State,Creighton Bluejays,A,83,76,68.1,51.5,11.7,38.5,22.1
401822871,2025-12-17,Creighton Bluejays,Xavier,A,98,57,77.8,73.0,20.6,24.0,15.9
401822871,2025-12-17,Xavier,Creighton Bluejays,H,57,98,78.8,40.9,24.1,20.0,9.1
401822873,2025-12-20,Creighton Bluejays,Marquette,H,84,63,79.5,54.8,17.6,17.6,32.3
401822873,2025-12-20,Marquette,Creighton Bluejays,A,63,84,72.5,40.6,11.0,19.1,31.2
401820836,2025-12-22,Creighton Bluejays,Utah Tech,H,92,69,89.1,64.3,31.4,28.1,23.8
401820836,2025-12-22,Utah Tech,Creighton Bluejays,A,69,92,64.8,55.2,12.3,16.7,13.8
401822886,2026-01-04,Creighton Bluejays,Seton Hall,A,54,56,60.6,40.0,14.9,28.2,29.1
401822886,2026-01-04,Seton Hall,Creighton Bluejays,H,56,54,67.0,37.7,16.4,16.7,35.8
401822891,2026-01-07,Creighton Bluejays,Villanova,A,76,72,59.6,56.0,11.7,41.9,27.6
401822891,2026-01-07,Villanova,Creighton Bluejays,H,72,76,71.2,48.5,16.8,31.6,16.7
401822892,2026-01-10,Creighton Bluejays,St. John's,H,73,90,61.5,56.0,6.5,6.9,40.0
401822892,2026-01-10,St. John's,Creighton Bluejays,A,90,73,73.5,60.0,16.3,33.3,27.7
401813320,2025-11-09,Dartmouth Big Green,Marist,H,56,75,62.3,37.8,14.4,25.7,57.1
401813320,2025-11-09,Marist,Dartmouth Big Green,A,75,56,84.4,53.8,29.6,25.0,7.6
401831277,2025-11-18,Dartmouth Big Green,Maine-Augusta,H,113,68,86.4,61.8,23.1,51.2,31.6
401831277,2025-11-18,Maine-Augusta,Dartmouth Big Green,A,68,113,83.8,46.2,20.3,9.8,15.2
401831276,2025-11-29,Dartmouth Big Green,Saint Peter's,A,87,61,69.3,59.4,21.6,41.4,52.8
401831276,2025-11-29,Saint Peter's,Dartmouth Big Green,H,61,87,66.1,35.9,13.6,35.7,26.6
401827267,2025-12-03,Dartmouth Big Green,New Hampshire,H,69,68,57.1,47.5,3.5,33.3,24.6
401827267,2025-12-03,New Hampshire,Dartmouth Big Green,A,68,69,74.6,45.2,17.4,21.1,25.8
401823761,2025-12-06,Dartmouth Big Green,Wyoming,A,80,93,62.9,63.8,12.7,12.0,48.9
401823761,2025-12-06,Wyoming,Dartmouth Big Green,H,93,80,92.5,58.8,28.1,33.3,32.4
401812670,2025-12-16,Dartmouth Big Green,Holy Cross,A,89,64,62.5,67.9,14.4,38.7,35.7
401812670,2025-12-16,Holy Cross,Dartmouth Big Green,H,64,89,64.0,42.7,9.4,18.9,38.2
401823729,2025-12-19,Dartmouth Big Green,Sacred Heart,A,63,85,60.5,40.8,11.6,38.6,36.7
401823729,2025-12-19,Sacred Heart,Dartmouth Big Green,H,85,63,83.7,47.5,22.7,42.9,17.7
401829419,2025-12-29,Dartmouth Big Green,22Florida,A,72,94,78.7,50.0,16.5,7.9,22.6
401829419,2025-12-29,22Florida,Dartmouth Big Green,H,94,72,72.0,52.2,15.3,54.3,55.9
401831278,2026-01-01,Dartmouth Big Green,Elms College,H,107,43,78.1,66.2,17.9,48.4,23.9
401831278,2026-01-01,Elms College,Dartmouth Big Green,A,43,107,66.0,29.3,4.5,15.1,2.9
401812613,2026-01-05,Dartmouth Big Green,Harvard,A,76,68,59.8,64.1,11.7,28.0,63.0
401812613,2026-01-05,Harvard,Dartmouth Big Green,H,68,76,69.1,46.0,18.8,32.5,24.2
401828642,2025-11-03,Davidson Wildcats,DeSales,H,97,63,83.7,60.2,22.7,31.2,55.9
401828642,2025-11-03,DeSales,Davidson Wildcats,A,63,97,58.5,51.0,6.8,15.6,35.3
401824134,2025-11-07,Davidson Wildcats,Washington State,H,85,69,77.0,69.4,28.6,18.2,42.9
401824134,2025-11-07,Washington State,Davidson Wildcats,A,69,85,64.9,45.5,16.9,33.3,41.8
401831229,2025-11-23,Davidson Wildcats,Utah State*,H,60,94,64.1,46.2,23.4,33.3,32.1
401831229,2025-11-23,Utah State*,Davidson Wildcats,A,94,60,83.7,69.5,29.9,29.2,23.7
401827733,2025-11-28,Davidson Wildcats,North Carolina A&T,H,90,74,74.6,63.6,18.8,33.3,63.6
401827733,2025-11-28,North Carolina A&T,Davidson Wildcats,A,74,90,61.2,59.6,11.4,22.6,63.8
401828643,2025-12-04,Davidson Wildcats,The Citadel,H,79,63,73.0,55.0,21.9,34.2,35.0
401828643,2025-12-04,The Citadel,Davidson Wildcats,A,63,79,60.6,55.0,16.5,20.7,28.0
401828644,2025-12-07,Davidson Wildcats,Saint Mary's,H,61,70,67.1,45.7,16.4,23.1,25.9
401828644,2025-12-07,Saint Mary's,Davidson Wildcats,A,70,61,64.1,48.4,18.7,45.9,27.9
401820215,2025-12-13,Davidson Wildcats,Mercyhurst,H,80,47,66.1,67.6,25.7,41.7,33.3
401820215,2025-12-13,Mercyhurst,Davidson Wildcats,A,47,80,61.6,44.4,19.5,9.4,35.6
401826840,2025-12-18,Davidson Wildcats,Temple,H,63,68,58.1,42.7,8.6,39.0,24.2
401826840,2025-12-18,Temple,Davidson Wildcats,A,68,63,67.7,45.7,16.3,15.2,71.7
401819887,2025-12-22,Davidson Wildcats,17Kansas,A,61,90,78.8,44.0,26.6,26.1,9.0
401819887,2025-12-22,17Kansas,Davidson Wildcats,H,90,61,85.4,66.4,31.6,29.6,7.8
401828343,2025-12-30,Davidson Wildcats,Duquesne,H,83,89,88.1,46.7,17.0,20.4,19.7
401828343,2025-12-30,Duquesne,Davidson Wildcats,A,89,83,70.0,52.2,7.1,32.6,30.4
401828350,2026-01-03,Davidson Wildcats,Saint Joseph's,A,62,56,54.6,50.0,16.5,39.3,32.7
401828350,2026-01-03,Saint Joseph's,Davidson Wildcats,H,56,62,64.0,41.0,20.3,31.0,42.0
401828357,2026-01-07,Davidson Wildcats,Loyola Chicago,A,79,64,73.1,58.6,23.3,31.2,29.3
401828357,2026-01-07,Loyola Chicago,Davidson Wildcats,H,64,79,69.0,44.1,20.3,35.0,35.6
401828363,2026-01-10,Davidson Wildcats,Rhode Island,H,45,70,60.0,38.4,20.0,12.9,44.2
401828363,2026-01-10,Rhode Island,Davidson Wildcats,A,70,45,68.8,65.6,27.6,13.6,20.8
401813435,2025-11-08,Dayton Flyers,UMBC,H,77,71,73.4,56.9,23.2,23.1,47.1
401813435,2025-11-08,UMBC,Dayton Flyers,A,71,77,61.8,54.3,16.2,34.4,17.2
401813438,2025-11-19,Dayton Flyers,Marquette,A,77,71,74.3,60.2,24.2,19.2,53.1
401813438,2025-11-19,Marquette,Dayton Flyers,H,71,77,83.6,45.4,28.7,31.7,24.6
401813439,2025-11-22,Dayton Flyers,North Carolina Central,H,74,55,79.0,50.0,25.3,32.5,30.2
401813439,2025-11-22,North Carolina Central,Dayton Flyers,A,55,74,52.2,43.1,7.7,26.5,25.5
401809396,2025-11-27,Dayton Flyers,Georgetown*,H,84,79,77.2,50.0,19.4,30.0,54.2
401809396,2025-11-27,Georgetown*,Dayton Flyers,A,79,84,83.0,51.6,24.1,26.3,33.3
401813440,2025-12-02,Dayton Flyers,East Tennessee State,H,88,71,86.6,60.0,32.3,33.3,70.0
401813440,2025-12-02,East Tennessee State,Dayton Flyers,A,71,88,63.1,52.7,17.4,35.5,26.8
401813441,2025-12-06,Dayton Flyers,Virginia*,H,73,86,60.8,73.3,14.8,27.3,60.0
401813441,2025-12-06,Virginia*,Dayton Flyers,A,86,73,87.5,44.5,25.2,20.5,34.4
401813442,2025-12-13,Dayton Flyers,North Florida,H,84,61,79.1,58.5,25.3,38.9,26.2
401813442,2025-12-13,North Florida,Dayton Flyers,A,61,84,61.6,40.3,11.4,34.1,25.8
401813443,2025-12-16,Dayton Flyers,Florida State,H,97,69,89.3,55.9,24.6,20.7,92.2
401813443,2025-12-16,Florida State,Dayton Flyers,A,69,97,65.8,43.1,13.7,32.6,46.6
401813444,2025-12-20,Dayton Flyers,Liberty,H,61,64,58.1,46.2,15.5,31.4,28.3
401813444,2025-12-20,Liberty,Dayton Flyers,A,64,61,64.3,55.6,15.6,13.3,16.7
401828344,2025-12-31,Dayton Flyers,Fordham,H,63,56,72.5,46.3,24.8,24.2,33.3
401828344,2025-12-31,Fordham,Dayton Flyers,A,56,63,51.8,42.5,7.7,39.0,13.3
401828351,2026-01-03,Dayton Flyers,Loyola Chicago,A,70,68,78.9,43.8,22.8,20.6,44.6
401828351,2026-01-03,Loyola Chicago,Dayton Flyers,H,68,70,59.4,49.2,11.8,43.2,7.6
401828356,2026-01-06,Dayton Flyers,George Washington,H,79,72,89.2,47.3,34.7,34.4,54.5
401828356,2026-01-06,George Washington,Dayton Flyers,A,72,79,60.5,57.7,21.5,45.2,38.5
401824945,2025-11-07,DePaul Blue Demons,Stonehill,H,72,64,94.6,41.1,25.4,20.0,56.5
401824945,2025-11-07,Stonehill,DePaul Blue Demons,A,64,72,66.1,48.2,12.1,16.2,26.3
401825571,2025-11-14,DePaul Blue Demons,Northwestern,H,79,81,66.8,48.3,16.5,45.7,45.8
401825571,2025-11-14,Northwestern,DePaul Blue Demons,A,81,79,70.4,65.0,21.3,25.0,48.0
401825572,2025-11-18,DePaul Blue Demons,Gardner-Webb,H,93,62,91.6,61.5,27.3,20.0,24.6
401825572,2025-11-18,Gardner-Webb,DePaul Blue Demons,A,62,93,71.1,40.9,15.5,30.2,22.7
401823372,2025-11-23,DePaul Blue Demons,Detroit Mercy,H,95,75,76.3,62.7,21.0,39.3,44.1
401823372,2025-11-23,Detroit Mercy,DePaul Blue Demons,A,75,95,61.0,50.0,9.8,38.2,32.2
401825573,2025-11-28,DePaul Blue Demons,Georgia Tech*,H,75,61,66.1,54.5,15.1,26.7,30.4
401825573,2025-11-28,Georgia Tech*,DePaul Blue Demons,A,61,75,67.7,39.7,16.3,32.5,22.2
401830885,2025-11-29,DePaul Blue Demons,LSU*,H,63,96,76.3,73.5,27.5,42.1,51.0
401830885,2025-11-29,LSU*,DePaul Blue Demons,A,96,63,66.9,49.0,17.9,21.6,44.2
401813280,2025-12-09,DePaul Blue Demons,Morgan State,H,92,49,88.6,68.5,35.0,25.0,80.4
401813280,2025-12-09,Morgan State,DePaul Blue Demons,A,49,92,61.7,22.7,21.1,44.7,56.4
401825575,2025-12-13,DePaul Blue Demons,Wichita State,A,61,58,50.8,58.5,9.9,25.0,21.3
401825575,2025-12-13,Wichita State,DePaul Blue Demons,H,58,61,70.3,42.5,27.0,39.5,52.8
401822869,2025-12-16,DePaul Blue Demons,22St. John's,A,66,79,70.4,44.2,14.2,27.5,7.2
401822869,2025-12-16,22St. John's,DePaul Blue Demons,H,79,66,73.0,53.4,20.6,29.4,36.2
401822875,2025-12-21,DePaul Blue Demons,5UConn,H,54,72,79.0,39.1,30.4,25.6,38.2
401822875,2025-12-21,5UConn,DePaul Blue Demons,A,72,54,59.6,52.6,10.1,37.9,28.1
401822881,2025-12-31,DePaul Blue Demons,Villanova,A,66,71,61.7,49.2,13.0,33.3,20.0
401822881,2025-12-31,Villanova,DePaul Blue Demons,H,71,66,76.7,43.1,24.8,32.6,53.4
401822884,2026-01-03,DePaul Blue Demons,Xavier,H,86,77,67.7,58.7,13.3,29.6,59.6
401822884,2026-01-03,Xavier,DePaul Blue Demons,A,77,86,68.7,48.6,11.7,35.7,20.3
401822887,2026-01-06,DePaul Blue Demons,Georgetown,H,56,50,63.0,42.2,19.1,27.0,41.2
401822887,2026-01-06,Georgetown,DePaul Blue Demons,A,50,56,68.7,23.6,21.8,32.6,58.5
401822893,2026-01-10,DePaul Blue Demons,4UConn,A,60,72,58.1,51.1,15.5,21.4,36.2
401822893,2026-01-10,4UConn,DePaul Blue Demons,H,72,60,71.0,56.0,28.2,29.6,38.0
401828301,2025-11-07,Delaware Blue Hens,Wilmington (DE),H,62,71,62.5,39.8,8.0,26.3,30.5
401828301,2025-11-07,Wilmington (DE),Delaware Blue Hens,A,71,62,84.9,41.7,22.4,25.0,34.8
401828302,2025-11-18,Delaware Blue Hens,Saint Peter's,H,81,70,61.5,64.4,13.0,29.6,38.5
401828302,2025-11-18,Saint Peter's,Delaware Blue Hens,A,70,81,71.8,50.8,18.1,18.9,9.5
401828303,2025-11-23,Delaware Blue Hens,Southern Illinois*,H,59,79,62.3,49.1,20.9,30.0,12.7
401828303,2025-11-23,Southern Illinois*,Delaware Blue Hens,A,79,59,81.9,49.2,29.3,41.2,41.7
401828304,2025-11-25,Delaware Blue Hens,UNC Greensboro*,H,73,60,63.8,63.9,17.2,18.5,14.8
401828304,2025-11-25,UNC Greensboro*,Delaware Blue Hens,A,60,73,63.5,39.6,12.6,20.5,41.5
401824308,2025-12-01,Delaware Blue Hens,Iona,H,66,89,63.8,50.8,9.4,21.6,12.9
401824308,2025-12-01,Iona,Delaware Blue Hens,A,89,66,82.0,69.8,26.8,8.0,35.8
401828305,2025-12-06,Delaware Blue Hens,Delaware State,A,72,75,73.2,52.7,21.9,16.7,23.2
401828305,2025-12-06,Delaware State,Delaware Blue Hens,H,75,72,86.4,51.7,28.9,25.0,41.4
401817150,2025-12-10,Delaware Blue Hens,George Washington,A,70,58,63.2,60.2,19.0,18.2,26.5
401817150,2025-12-10,George Washington,Delaware Blue Hens,H,58,70,70.5,35.5,21.3,36.2,35.5
401823853,2025-12-16,Delaware Blue Hens,Rider,H,65,57,61.5,52.1,14.6,15.4,42.6
401823853,2025-12-16,Rider,Delaware Blue Hens,A,57,65,60.3,39.3,10.0,28.2,14.8
401804854,2025-12-29,Delaware Blue Hens,Missouri State,H,43,61,46.6,37.2,4.3,18.2,37.2
401804854,2025-12-29,Missouri State,Delaware Blue Hens,A,61,43,62.0,47.0,17.7,25.0,38.0
401804859,2026-01-02,Delaware Blue Hens,Jacksonville State,H,64,67,61.9,53.6,16.2,19.4,10.9
401804859,2026-01-02,Jacksonville State,Delaware Blue Hens,A,67,64,57.4,55.7,13.9,25.9,59.1
401804866,2026-01-04,Delaware Blue Hens,Kennesaw State,H,67,52,62.1,54.8,12.9,20.0,32.7
401804866,2026-01-04,Kennesaw State,Delaware Blue Hens,A,52,67,59.7,34.2,15.1,34.9,20.0
401804872,2026-01-08,Delaware Blue Hens,Sam Houston,A,60,72,52.7,49.1,0.0,17.1,22.6
401804872,2026-01-08,Sam Houston,Delaware Blue Hens,H,72,60,69.5,43.8,17.3,36.6,28.1
401804878,2026-01-10,Delaware Blue Hens,Louisiana Tech,A,68,70,62.1,54.8,14.5,20.0,28.8
401804878,2026-01-10,Louisiana Tech,Delaware Blue Hens,H,70,68,66.2,45.5,13.6,33.3,53.6
401826837,2025-11-05,Delaware State Hornets,Temple,A,65,83,61.2,50.9,14.7,27.6,24.1
401826837,2025-11-05,Temple,Delaware State Hornets,H,83,65,79.5,61.4,26.4,29.0,38.6
401817477,2025-11-08,Delaware State Hornets,Syracuse,A,43,83,63.1,22.3,11.1,33.3,26.2
401817477,2025-11-08,Syracuse,Delaware State Hornets,H,83,43,83.0,65.5,30.1,25.0,38.2
401813375,2025-11-10,Delaware State Hornets,Niagara,A,57,68,57.7,45.4,10.4,22.9,22.2
401813375,2025-11-10,Niagara,Delaware State Hornets,H,68,57,58.6,62.8,13.6,12.0,29.8
401828681,2025-11-15,Delaware State Hornets,New Haven,A,52,65,76.8,39.5,27.4,15.4,17.5
401828681,2025-11-15,New Haven,Delaware State Hornets,H,65,52,54.5,53.2,11.0,28.6,42.6
401830834,2025-11-18,Delaware State Hornets,Cheyney (PA),H,88,70,79.0,59.5,22.8,36.7,30.2
401830834,2025-11-18,Cheyney (PA),Delaware State Hornets,A,70,88,72.4,50.0,18.0,17.1,44.4
401830835,2025-11-20,Delaware State Hornets,Kean,H,66,64,75.2,44.7,20.0,30.0,19.7
401830835,2025-11-20,Kean,Delaware State Hornets,A,64,66,68.7,48.2,16.0,18.5,21.1
401809418,2025-11-23,Delaware State Hornets,Miami,A,41,97,58.1,29.6,12.1,25.0,31.5
401809418,2025-11-23,Miami,Delaware State Hornets,H,97,41,95.0,69.4,36.8,37.9,30.6
401831378,2025-11-26,Delaware State Hornets,Virginia St*,H,58,62,69.4,38.0,14.4,30.4,7.0
401831378,2025-11-26,Virginia St*,Delaware State Hornets,A,62,58,60.2,55.2,13.3,3.6,22.9
401826055,2025-11-29,Delaware State Hornets,UMBC,A,57,71,68.3,39.7,16.1,25.0,14.3
401826055,2025-11-29,UMBC,Delaware State Hornets,H,71,57,62.3,55.1,12.8,27.3,15.3
401820156,2025-12-03,Delaware State Hornets,Navy,H,59,66,84.0,37.3,23.8,18.6,30.2
401820156,2025-12-03,Navy,Delaware State Hornets,A,66,59,61.2,47.8,14.7,30.0,69.6
401827055,2025-12-13,Delaware State Hornets,Longwood,A,81,76,73.9,64.0,23.0,18.5,50.0
401827055,2025-12-13,Longwood,Delaware State Hornets,H,76,81,59.5,54.7,13.4,37.9,37.7
401822671,2025-12-18,Delaware State Hornets,Saint Joseph's,A,51,67,65.2,35.5,16.9,30.2,17.7
401822671,2025-12-18,Saint Joseph's,Delaware State Hornets,H,67,51,61.5,45.9,14.6,43.6,29.5
401830836,2025-12-21,Delaware State Hornets,Holy Family University,H,73,61,65.7,64.6,25.9,31.6,29.2
401830836,2025-12-21,Holy Family University,Delaware State Hornets,A,61,73,64.8,49.1,23.1,30.0,14.5
401827436,2025-12-29,Delaware State Hornets,Rutgers,A,50,65,59.5,38.2,11.8,18.4,35.3
401827436,2025-12-29,Rutgers,Delaware State Hornets,H,65,50,62.8,36.0,20.7,50.0,50.9
401828725,2026-01-10,Delaware State Hornets,Norfolk State,H,64,66,74.2,50.9,31.0,32.0,20.4
401828725,2026-01-10,Norfolk State,Delaware State Hornets,A,66,64,71.0,55.3,28.2,24.0,44.7
401824125,2025-11-03,Denver Pioneers,Seattle U,A,73,84,71.3,44.6,16.8,27.8,50.0
401824125,2025-11-03,Seattle U,Denver Pioneers,H,84,73,84.7,52.5,23.6,26.3,55.9
401826738,2025-11-06,Denver Pioneers,Washington,A,70,84,68.7,50.8,16.0,25.7,19.7
401826738,2025-11-06,Washington,Denver Pioneers,H,84,70,83.1,56.2,26.5,33.3,23.1
401825577,2025-11-09,Denver Pioneers,Montana State,A,75,73,59.8,62.7,15.1,37.5,18.2
401825577,2025-11-09,Montana State,Denver Pioneers,H,73,75,69.3,55.7,20.2,29.0,11.5
401826739,2025-11-15,Denver Pioneers,UTSA,H,79,84,74.7,55.8,21.4,23.5,23.3
401826739,2025-11-15,UTSA,Denver Pioneers,A,84,79,59.5,61.6,8.4,36.7,35.7
401823760,2025-11-26,Denver Pioneers,Wyoming,A,59,101,68.5,36.9,16.1,32.6,36.1
401823760,2025-11-26,Wyoming,Denver Pioneers,H,101,59,74.4,63.6,16.1,46.9,36.4
401823504,2025-12-03,Denver Pioneers,Eastern Washington,H,93,89,76.7,58.0,19.6,32.3,58.9
401823504,2025-12-03,Eastern Washington,Denver Pioneers,A,89,93,72.0,68.2,20.8,30.4,34.5
401824856,2025-12-06,Denver Pioneers,Idaho State,A,79,93,67.8,53.6,14.7,33.3,49.1
401824856,2025-12-06,Idaho State,Denver Pioneers,H,93,79,78.5,61.7,22.9,38.7,28.1
401826741,2025-12-09,Denver Pioneers,Colorado Christian,H,95,59,74.0,67.8,18.9,32.0,32.2
401826741,2025-12-09,Colorado Christian,Denver Pioneers,A,59,95,67.6,48.1,17.8,12.1,30.8
401826742,2025-12-11,Denver Pioneers,Alaska Anchorage,H,97,61,79.9,67.2,32.5,51.7,39.7
401826742,2025-12-11,Alaska Anchorage,Denver Pioneers,A,61,97,63.8,48.2,18.8,27.3,17.9
401826743,2025-12-16,Denver Pioneers,Colorado-Colorado Springs,H,129,93,79.8,77.9,11.3,48.0,38.6
401826743,2025-12-16,Colorado-Colorado Springs,Denver Pioneers,A,93,129,76.1,56.7,6.6,25.0,20.0
401826744,2025-12-20,Denver Pioneers,Northern Colorado,A,86,79,76.5,59.6,17.0,11.1,35.1
401826744,2025-12-20,Northern Colorado,Denver Pioneers,H,79,86,71.8,52.1,13.9,35.7,13.9
401826745,2025-12-22,Denver Pioneers,Tulsa,A,85,90,75.3,49.2,17.3,39.5,40.0
401826745,2025-12-22,Tulsa,Denver Pioneers,H,90,85,87.4,48.6,22.9,40.9,32.4
401818330,2025-12-31,Denver Pioneers,Kansas City,H,87,74,80.3,53.2,18.7,25.7,41.9
401818330,2025-12-31,Kansas City,Denver Pioneers,A,74,87,66.9,47.5,12.0,34.2,37.7
401818376,2026-01-04,Denver Pioneers,St. Thomas-Minnesota,A,88,92,71.2,56.4,15.4,30.0,54.5
401818376,2026-01-04,St. Thomas-Minnesota,Denver Pioneers,H,92,88,81.8,56.0,20.8,36.4,43.3
401818380,2026-01-08,Denver Pioneers,South Dakota State,A,79,87,73.1,50.0,15.0,34.1,21.7
401818380,2026-01-08,South Dakota State,Denver Pioneers,H,87,79,71.9,54.8,16.7,41.2,40.3
401818383,2026-01-10,Denver Pioneers,South Dakota,A,72,82,78.2,46.9,23.0,28.9,20.0
401818383,2026-01-10,South Dakota,Denver Pioneers,H,82,72,71.5,57.9,15.4,21.9,38.6
401823367,2025-11-03,Detroit Mercy Titans,UIC,A,71,91,79.5,36.4,17.6,38.9,26.0
401823367,2025-11-03,UIC,Detroit Mercy Titans,H,91,71,75.1,54.5,17.3,32.4,64.3
401817132,2025-11-07,Detroit Mercy Titans,Notre Dame,A,70,102,73.8,48.5,13.6,19.5,14.9
401817132,2025-11-07,Notre Dame,Detroit Mercy Titans,H,102,70,88.5,62.3,22.6,30.6,31.9
401823368,2025-11-11,Detroit Mercy Titans,Cleary University,H,92,54,89.5,52.3,24.6,39.0,64.1
401823368,2025-11-11,Cleary University,Detroit Mercy Titans,A,54,92,71.4,34.4,18.2,28.0,39.3
401823369,2025-11-15,Detroit Mercy Titans,Toledo,A,83,90,80.1,50.7,20.0,34.9,23.9
401823369,2025-11-15,Toledo,Detroit Mercy Titans,H,90,83,79.2,58.5,21.5,33.3,50.8
401823370,2025-11-18,Detroit Mercy Titans,Eastern Michigan,H,62,72,73.5,35.2,19.0,30.2,28.1
401823370,2025-11-18,Eastern Michigan,Detroit Mercy Titans,A,72,62,65.9,53.8,16.7,30.3,47.2
401823371,2025-11-21,Detroit Mercy Titans,17Michigan State,A,56,84,62.8,40.8,15.9,29.7,13.3
401823371,2025-11-21,17Michigan State,Detroit Mercy Titans,H,84,56,75.3,52.5,23.9,44.4,42.6
401813379,2025-11-29,Detroit Mercy Titans,Niagara,A,70,66,62.2,42.7,11.2,37.8,54.5
401813379,2025-11-29,Niagara,Detroit Mercy Titans,H,66,70,71.7,50.9,18.1,12.1,25.0
401817501,2025-12-03,Detroit Mercy Titans,IU Indianapolis,H,92,78,70.4,55.5,12.8,41.2,37.5
401817501,2025-12-03,IU Indianapolis,Detroit Mercy Titans,A,78,92,75.7,50.0,18.5,34.1,16.9
401817512,2025-12-14,Detroit Mercy Titans,Purdue Fort Wayne,A,77,81,63.6,47.8,6.3,35.7,20.6
401817512,2025-12-14,Purdue Fort Wayne,Detroit Mercy Titans,H,81,77,77.8,55.8,15.4,19.4,45.0
401823373,2025-12-20,Detroit Mercy Titans,Siena Heights,H,91,60,74.7,57.8,24.1,54.8,56.9
401823373,2025-12-20,Siena Heights,Detroit Mercy Titans,A,60,91,73.5,41.7,17.7,10.5,40.7
401817599,2025-12-29,Detroit Mercy Titans,Youngstown State,A,73,68,62.9,49.1,11.1,33.3,44.6
401817599,2025-12-29,Youngstown State,Detroit Mercy Titans,H,68,73,76.5,40.3,19.6,32.6,29.9
401817605,2026-01-02,Detroit Mercy Titans,Robert Morris,H,77,85,75.3,54.8,27.9,32.3,50.0
401817605,2026-01-02,Robert Morris,Detroit Mercy Titans,A,85,77,77.2,51.8,28.5,48.4,58.2
401817614,2026-01-09,Detroit Mercy Titans,Wright State,H,82,84,74.7,49.2,18.7,40.0,51.7
401817614,2026-01-09,Wright State,Detroit Mercy Titans,A,84,82,71.3,58.7,18.2,25.0,53.8
401825586,2025-11-03,Drake Bulldogs,Northern Arizona*,H,77,71,68.5,50.8,14.6,33.3,36.7
401825586,2025-11-03,Northern Arizona*,Drake Bulldogs,A,71,77,73.7,43.8,13.6,30.6,16.4
401823399,2025-11-06,Drake Bulldogs,Robert Morris,H,79,81,88.2,41.5,24.9,30.4,49.2
401823399,2025-11-06,Robert Morris,Drake Bulldogs,A,81,79,67.8,53.7,14.7,38.9,11.8
401828905,2025-11-10,Drake Bulldogs,Simpson College (IA),H,89,51,84.2,54.2,23.7,27.8,50.0
401828905,2025-11-10,Simpson College (IA),Drake Bulldogs,A,51,89,66.8,36.9,10.5,17.4,9.2
401828906,2025-11-14,Drake Bulldogs,SIU Edwardsville,H,59,61,57.8,45.8,8.7,28.2,13.3
401828906,2025-11-14,SIU Edwardsville,Drake Bulldogs,A,61,59,61.3,46.7,14.7,31.6,15.0
401828907,2025-11-21,Drake Bulldogs,Buena Vista,H,98,52,83.8,70.3,32.2,48.0,15.6
401828907,2025-11-21,Buena Vista,Drake Bulldogs,A,52,98,57.3,45.3,10.5,14.3,13.2
401828908,2025-11-28,Drake Bulldogs,LSU*,H,62,71,70.2,42.6,12.8,14.3,21.3
401828908,2025-11-28,LSU*,Drake Bulldogs,A,71,62,68.5,50.9,10.2,15.2,39.3
401830884,2025-11-29,Drake Bulldogs,Georgia Tech*,H,84,74,60.8,58.2,3.3,29.0,49.1
401830884,2025-11-29,Georgia Tech*,Drake Bulldogs,A,74,84,61.5,54.9,3.2,27.0,29.5
401828909,2025-12-02,Drake Bulldogs,Western Illinois,H,108,57,71.7,86.6,20.9,29.4,21.4
401828909,2025-12-02,Western Illinois,Drake Bulldogs,A,57,108,63.0,40.7,12.7,24.3,38.9
401826875,2025-12-05,Drake Bulldogs,UAB,H,69,74,71.6,46.0,15.4,22.5,25.8
401826875,2025-12-05,UAB,Drake Bulldogs,A,74,69,69.3,46.5,17.3,38.2,49.1
401828910,2025-12-13,Drake Bulldogs,North Dakota State,H,94,99,61.8,65.4,3.2,22.2,55.8
401828910,2025-12-13,North Dakota State,Drake Bulldogs,A,99,94,89.5,68.5,25.7,18.2,35.5
401830247,2025-12-18,Drake Bulldogs,Murray State,A,72,81,60.9,47.4,6.6,34.3,39.7
401830247,2025-12-18,Murray State,Drake Bulldogs,H,81,72,73.7,48.2,17.6,32.4,54.4
401830249,2025-12-21,Drake Bulldogs,Evansville,A,66,65,68.2,53.5,22.0,26.5,19.3
401830249,2025-12-21,Evansville,Drake Bulldogs,H,65,66,64.5,46.2,17.1,28.6,41.5
401830252,2025-12-29,Drake Bulldogs,Illinois State,H,56,73,83.5,40.2,31.1,17.5,32.1
401830252,2025-12-29,Illinois State,Drake Bulldogs,A,73,56,48.7,79.3,12.3,23.5,29.3
401830259,2026-01-04,Drake Bulldogs,Indiana State,H,74,72,72.3,59.3,26.3,31.2,15.3
401830259,2026-01-04,Indiana State,Drake Bulldogs,A,72,74,63.0,54.9,20.6,34.5,37.3
401827511,2025-11-03,Drexel Dragons,Widener,H,93,59,85.1,53.8,22.3,44.4,21.8
401827511,2025-11-03,Widener,Drexel Dragons,A,59,93,83.3,39.1,22.8,18.2,10.1
401822667,2025-11-08,Drexel Dragons,Saint Joseph's,A,65,76,66.7,40.6,10.5,36.4,20.3
401822667,2025-11-08,Saint Joseph's,Drexel Dragons,H,76,65,77.2,43.1,20.7,29.7,51.7
401817478,2025-11-15,Drexel Dragons,Syracuse*,H,50,80,78.1,54.8,25.6,36.4,23.8
401817478,2025-11-15,Syracuse*,Drexel Dragons,A,80,50,49.8,37.3,8.0,42.9,16.9
401827513,2025-11-18,Drexel Dragons,NJIT,H,75,43,80.2,48.2,25.0,32.4,60.7
401827513,2025-11-18,NJIT,Drexel Dragons,A,43,75,58.4,26.0,8.6,22.2,46.2
401812577,2025-11-21,Drexel Dragons,Pennsylvania,H,68,84,67.1,47.7,13.4,32.6,26.6
401812577,2025-11-21,Pennsylvania,Drexel Dragons,A,84,68,68.3,57.4,17.6,36.7,51.9
401827514,2025-11-23,Drexel Dragons,Old Dominion,H,75,71,67.0,52.7,19.4,34.3,37.5
401827514,2025-11-23,Old Dominion,Drexel Dragons,A,71,75,65.6,50.0,12.2,31.6,25.8
401813278,2025-11-25,Drexel Dragons,Morgan State,A,71,66,56.4,48.1,10.6,41.2,50.0
401813278,2025-11-25,Morgan State,Drexel Dragons,H,66,71,74.0,45.5,21.6,20.6,38.2
401831238,2025-12-06,Drexel Dragons,La Salle,A,64,69,68.6,38.6,17.5,44.7,22.9
401831238,2025-12-06,La Salle,Drexel Dragons,H,69,64,65.9,51.8,16.7,32.4,41.8
401827516,2025-12-16,Drexel Dragons,Howard,H,66,74,71.0,52.9,25.3,20.6,37.3
401827516,2025-12-16,Howard,Drexel Dragons,A,74,66,66.9,53.1,23.9,37.5,52.1
401813405,2025-12-19,Drexel Dragons,Mount St. Mary's,H,75,67,83.9,62.2,36.9,13.0,51.1
401813405,2025-12-19,Mount St. Mary's,Drexel Dragons,A,67,75,76.5,53.1,35.3,31.0,40.8
401820631,2025-12-21,Drexel Dragons,Maine,H,74,56,65.3,71.4,32.1,34.8,14.3
401820631,2025-12-21,Maine,Drexel Dragons,A,56,74,63.2,50.0,30.1,33.3,22.9
401811991,2025-12-31,Drexel Dragons,UNC Wilmington,A,53,65,55.0,37.3,10.9,37.5,34.5
401811991,2025-12-31,UNC Wilmington,Drexel Dragons,H,65,53,65.3,43.3,16.8,31.4,53.8
401811996,2026-01-03,Drexel Dragons,Hofstra,H,67,70,75.5,45.8,23.8,29.3,33.3
401811996,2026-01-03,Hofstra,Drexel Dragons,A,70,67,49.1,56.9,0.0,33.3,33.3
401812001,2026-01-08,Drexel Dragons,Stony Brook,H,56,37,53.8,49.0,16.7,30.0,20.4
401812001,2026-01-08,Stony Brook,Drexel Dragons,A,37,56,58.2,24.6,17.2,34.0,18.6
401812009,2026-01-10,Drexel Dragons,William & Mary,H,64,58,55.2,59.6,18.1,30.8,27.7
401812009,2026-01-10,William & Mary,Drexel Dragons,A,58,64,73.7,40.8,24.4,25.6,20.0
401817228,2025-11-04,Duke Blue Devils,Texas*,H,75,60,63.2,51.0,12.6,32.4,57.7
401817228,2025-11-04,Texas*,Duke Blue Devils,A,60,75,59.9,36.4,13.4,40.9,39.0
401817229,2025-11-08,Duke Blue Devils,Western Carolina,H,95,54,87.7,54.7,24.0,32.5,51.6
401817229,2025-11-08,Western Carolina,Duke Blue Devils,A,54,95,69.2,33.3,10.1,28.3,15.3
401817231,2025-11-14,Duke Blue Devils,Indiana State,H,100,62,91.0,60.6,28.6,48.5,29.6
401817231,2025-11-14,Indiana State,Duke Blue Devils,A,62,100,69.1,43.4,15.9,23.8,24.6
401817232,2025-11-18,Duke Blue Devils,24Kansas*,H,78,66,69.3,52.6,17.3,37.1,44.8
401817232,2025-11-18,24Kansas*,Duke Blue Devils,A,66,78,70.7,46.7,17.0,22.2,23.3
401813377,2025-11-21,Duke Blue Devils,Niagara,H,100,42,78.4,73.6,29.3,45.8,43.6
401813377,2025-11-21,Niagara,Duke Blue Devils,A,42,100,51.1,34.4,5.9,19.4,31.2
401817233,2025-11-23,Duke Blue Devils,Howard,H,93,56,77.5,66.9,21.9,33.3,37.3
401817233,2025-11-23,Howard,Duke Blue Devils,A,56,93,70.0,36.6,17.1,19.0,37.5
401806364,2025-12-02,Duke Blue Devils,15Florida,H,67,66,64.6,50.9,18.6,31.4,28.6
401806364,2025-12-02,15Florida,Duke Blue Devils,A,66,67,63.7,42.5,17.3,47.6,17.9
401817235,2025-12-06,Duke Blue Devils,7Michigan State,A,66,60,59.9,46.4,6.7,25.0,41.8
401817235,2025-12-06,7Michigan State,Duke Blue Devils,H,60,66,69.7,37.9,14.4,27.7,21.2
401817236,2025-12-16,Duke Blue Devils,Lipscomb,H,97,73,70.5,58.0,15.6,52.6,31.9
401817236,2025-12-16,Lipscomb,Duke Blue Devils,A,73,97,94.5,45.1,28.6,7.9,32.8
401817237,2025-12-20,Duke Blue Devils,19Texas Tech*,H,81,82,69.8,61.5,14.3,20.7,55.8
401817237,2025-12-20,19Texas Tech*,Duke Blue Devils,A,82,81,76.1,61.2,22.3,23.3,29.3
401820636,2025-12-31,Duke Blue Devils,Georgia Tech,H,85,79,76.6,47.7,22.2,47.7,54.7
401820636,2025-12-31,Georgia Tech,Duke Blue Devils,A,79,85,73.2,63.0,24.6,19.2,24.1
401820644,2026-01-03,Duke Blue Devils,Florida State,A,91,87,70.9,64.2,22.6,40.0,47.2
401820644,2026-01-03,Florida State,Duke Blue Devils,H,87,91,73.6,65.5,23.1,30.0,27.6
401820650,2026-01-06,Duke Blue Devils,20Louisville,A,84,73,78.3,57.0,20.4,22.9,49.1
401820650,2026-01-06,20Louisville,Duke Blue Devils,H,73,84,66.7,49.2,9.0,24.4,18.5
401820657,2026-01-10,Duke Blue Devils,24SMU,H,82,75,76.8,59.8,27.3,26.7,52.9
401820657,2026-01-10,24SMU,Duke Blue Devils,A,75,82,63.3,63.2,22.1,34.8,17.0
401813373,2025-11-03,Duquesne Dukes,Niagara,H,83,63,74.2,66.4,27.0,26.9,23.6
401813373,2025-11-03,Niagara,Duquesne Dukes,A,63,83,74.8,43.8,26.7,19.4,56.2
401813445,2025-11-07,Duquesne Dukes,Sacred Heart,H,92,80,78.5,50.0,14.0,37.8,59.1
401813445,2025-11-07,Sacred Heart,Duquesne Dukes,A,80,92,71.8,43.8,12.5,34.9,82.1
401813446,2025-11-11,Duquesne Dukes,Queens University,H,87,81,81.2,53.0,12.3,22.0,45.5
401813446,2025-11-11,Queens University,Duquesne Dukes,A,81,87,82.8,43.6,16.9,29.8,38.6
401813447,2025-11-15,Duquesne Dukes,Villanova,A,77,87,64.5,58.2,18.6,37.5,36.4
401813447,2025-11-15,Villanova,Duquesne Dukes,H,87,77,77.7,50.0,27.0,55.3,53.2
401813448,2025-11-19,Duquesne Dukes,Loyola Maryland,H,92,78,79.3,62.1,26.5,38.7,44.8
401813448,2025-11-19,Loyola Maryland,Duquesne Dukes,A,78,92,78.0,56.0,20.5,18.2,36.2
401813449,2025-11-22,Duquesne Dukes,Northeastern*,H,86,93,85.9,58.5,23.3,15.6,42.4
401813449,2025-11-22,Northeastern*,Duquesne Dukes,A,93,86,80.2,59.5,21.2,29.0,51.7
401813450,2025-11-26,Duquesne Dukes,Central State (OH),H,101,80,81.0,72.9,23.5,29.2,35.6
401813450,2025-11-26,Central State (OH),Duquesne Dukes,A,80,101,74.3,53.7,17.5,28.6,13.4
401813451,2025-12-02,Duquesne Dukes,William & Mary,H,79,83,76.4,52.5,24.9,39.4,40.7
401813451,2025-12-02,William & Mary,Duquesne Dukes,A,83,79,84.7,64.5,31.9,14.8,25.5
401813452,2025-12-06,Duquesne Dukes,Stony Brook,H,84,75,67.3,56.0,14.8,38.2,44.8
401813452,2025-12-06,Stony Brook,Duquesne Dukes,A,75,84,71.7,47.1,14.0,31.7,20.6
401813454,2025-12-13,Duquesne Dukes,Nevada,A,75,78,69.5,48.3,21.6,37.8,33.9
401813454,2025-12-13,Nevada,Duquesne Dukes,H,78,75,77.2,48.2,23.3,33.3,57.1
401813455,2025-12-27,Duquesne Dukes,Cleary University,H,99,49,79.0,59.7,21.5,51.4,26.4
401813455,2025-12-27,Cleary University,Duquesne Dukes,A,49,99,77.2,31.1,20.7,22.4,19.7
401828352,2026-01-03,Duquesne Dukes,VCU,H,80,93,77.9,60.4,24.4,20.7,47.2
401828352,2026-01-03,VCU,Duquesne Dukes,A,93,80,71.7,63.9,18.1,34.5,57.4
401828358,2026-01-07,Duquesne Dukes,Saint Joseph's,A,90,97,78.1,52.0,14.1,36.8,20.3
401828358,2026-01-07,Saint Joseph's,Duquesne Dukes,H,97,90,88.8,55.1,22.5,36.1,42.6
401820806,2025-11-04,East Carolina Pirates,Georgia Southern,H,92,89,87.5,50.0,22.9,43.9,62.1
401820806,2025-11-04,Georgia Southern,East Carolina Pirates,A,89,92,83.2,53.8,20.4,35.0,45.5
401817173,2025-11-08,East Carolina Pirates,Richmond,A,72,87,69.7,46.3,12.9,21.6,57.4
401817173,2025-11-08,Richmond,East Carolina Pirates,H,87,72,80.1,58.0,21.2,14.8,72.0
401820807,2025-11-13,East Carolina Pirates,Elizabeth City State,H,71,70,62.4,45.5,17.6,47.1,42.9
401820807,2025-11-13,Elizabeth City State,East Carolina Pirates,A,70,71,78.2,45.4,21.7,25.0,20.0
401820808,2025-11-18,East Carolina Pirates,UNC Wilmington,A,60,85,66.7,38.9,13.5,26.7,22.2
401820808,2025-11-18,UNC Wilmington,East Carolina Pirates,H,85,60,62.3,64.0,12.8,31.0,56.0
401820810,2025-11-25,East Carolina Pirates,11Michigan State*,H,56,89,58.4,39.6,15.4,30.6,54.2
401820810,2025-11-25,11Michigan State*,East Carolina Pirates,A,89,56,90.7,60.4,34.2,36.1,17.9
401817199,2025-11-27,East Carolina Pirates,St. Bonaventure*,H,58,67,67.9,33.6,20.6,30.2,45.5
401817199,2025-11-27,St. Bonaventure*,East Carolina Pirates,A,67,58,73.7,46.6,23.1,25.0,23.7
401820811,2025-12-02,East Carolina Pirates,Maryland Eastern Shore,H,68,56,63.9,55.3,23.5,36.0,48.9
401820811,2025-12-02,Maryland Eastern Shore,East Carolina Pirates,A,56,68,55.3,51.0,12.7,24.0,13.7
401820812,2025-12-06,East Carolina Pirates,UNC Greensboro,H,78,82,64.6,52.3,15.5,52.9,24.6
401820812,2025-12-06,UNC Greensboro,East Carolina Pirates,A,82,78,71.4,51.7,18.2,37.5,40.7
401820815,2025-12-17,East Carolina Pirates,Presbyterian,H,74,53,70.3,59.1,25.6,20.0,59.1
401820815,2025-12-17,Presbyterian,East Carolina Pirates,A,53,74,65.7,40.6,24.4,30.3,26.4
401817271,2025-12-22,East Carolina Pirates,12North Carolina,A,51,99,70.1,27.4,12.8,37.7,23.3
401817271,2025-12-22,12North Carolina,East Carolina Pirates,H,99,51,88.2,63.5,29.5,40.5,47.6
401828152,2025-12-31,East Carolina Pirates,Tulane,H,70,79,76.0,45.3,22.4,35.0,29.7
401828152,2025-12-31,Tulane,East Carolina Pirates,A,79,70,64.8,57.5,18.5,38.2,50.9
401828164,2026-01-07,East Carolina Pirates,Temple,A,67,75,59.0,52.9,11.9,34.5,40.4
401828164,2026-01-07,Temple,East Carolina Pirates,H,75,67,74.3,49.1,24.2,31.4,47.3
401828169,2026-01-11,East Carolina Pirates,UAB,H,85,87,72.9,50.0,8.2,35.0,32.9
401828169,2026-01-11,UAB,East Carolina Pirates,A,87,85,89.0,47.4,15.7,26.7,27.3
401824884,2025-11-04,East Tennessee State Buccaneers,Converse University,H,102,50,99.2,58.1,32.3,47.5,16.2
401824884,2025-11-04,Converse University,East Tennessee State Buccaneers,A,50,102,64.0,36.6,14.1,28.9,3.0
401824885,2025-11-08,East Tennessee State Buccaneers,Presbyterian,A,64,68,71.0,43.6,26.8,36.1,38.2
401824885,2025-11-08,Presbyterian,East Tennessee State Buccaneers,H,68,64,56.4,51.0,12.4,36.7,54.2
401824886,2025-11-12,East Tennessee State Buccaneers,Northern Kentucky,H,75,63,72.8,63.6,26.1,13.0,61.4
401824886,2025-11-12,Northern Kentucky,East Tennessee State Buccaneers,A,63,75,83.7,42.1,34.7,34.1,22.2
401824887,2025-11-15,East Tennessee State Buccaneers,North Alabama,A,78,74,82.7,55.6,25.4,22.2,22.2
401824887,2025-11-15,North Alabama,East Tennessee State Buccaneers,H,74,78,64.0,51.8,15.6,33.3,38.2
401824888,2025-11-21,East Tennessee State Buccaneers,Morehead State,H,77,62,83.7,45.6,32.3,42.1,57.9
401824888,2025-11-21,Morehead State,East Tennessee State Buccaneers,A,62,77,52.4,48.9,11.5,35.5,52.2
401824889,2025-11-23,East Tennessee State Buccaneers,UL Monroe,H,97,55,81.8,67.4,26.9,39.3,15.2
401824889,2025-11-23,UL Monroe,East Tennessee State Buccaneers,A,55,97,65.7,38.6,15.2,20.5,24.6
401824891,2025-12-05,East Tennessee State Buccaneers,South Alabama,H,91,65,78.3,57.5,21.7,41.0,12.3
401824891,2025-12-05,South Alabama,East Tennessee State Buccaneers,A,65,91,61.6,51.9,9.7,17.1,29.6
401824892,2025-12-07,East Tennessee State Buccaneers,Tusculum,H,78,62,78.1,53.2,25.6,38.2,27.0
401824892,2025-12-07,Tusculum,East Tennessee State Buccaneers,A,62,78,71.8,42.3,23.7,38.8,8.5
401817270,2025-12-16,East Tennessee State Buccaneers,12North Carolina,A,58,77,58.6,45.2,8.5,17.6,30.8
401817270,2025-12-16,12North Carolina,East Tennessee State Buccaneers,H,77,58,58.9,62.0,8.5,29.2,46.0
401824894,2025-12-20,East Tennessee State Buccaneers,Jacksonville State,H,75,81,60.8,63.4,18.1,20.8,70.7
401824894,2025-12-20,Jacksonville State,East Tennessee State Buccaneers,A,81,75,62.8,64.3,19.1,42.3,55.1
401809224,2025-12-30,East Tennessee State Buccaneers,The Citadel,A,74,49,77.0,55.8,33.8,37.0,36.5
401809224,2025-12-30,The Citadel,East Tennessee State Buccaneers,H,49,74,59.2,39.4,20.3,30.6,25.0
401809228,2026-01-03,East Tennessee State Buccaneers,Mercer,H,77,71,75.8,47.4,29.0,44.4,47.4
401809228,2026-01-03,Mercer,East Tennessee State Buccaneers,A,71,77,71.1,50.9,22.5,31.4,29.3
401809314,2026-01-07,East Tennessee State Buccaneers,VMI,H,81,67,60.0,63.5,6.7,20.8,36.5
401809314,2026-01-07,VMI,East Tennessee State Buccaneers,A,67,81,71.8,42.4,15.3,27.5,45.8
401809319,2026-01-10,East Tennessee State Buccaneers,UNC Greensboro,H,86,60,87.8,64.5,28.5,11.5,12.9
401809319,2026-01-10,UNC Greensboro,East Tennessee State Buccaneers,A,60,86,55.9,38.7,7.2,35.1,47.2
401830655,2025-11-03,East Texas A&M Lions,Arlington Baptist,H,119,60,120.0,71.9,40.8,40.0,28.8
401830655,2025-11-03,Arlington Baptist,East Texas A&M Lions,A,60,119,66.9,36.4,13.5,23.1,45.5
401830318,2025-11-05,East Texas A&M Lions,New Mexico,A,54,76,70.2,37.9,19.9,26.2,17.7
401830318,2025-11-05,New Mexico,East Texas A&M Lions,H,76,54,83.9,49.2,26.2,30.0,36.5
401824896,2025-11-10,East Texas A&M Lions,Hawai'i,A,74,100,76.2,49.1,21.0,23.5,60.4
401824896,2025-11-10,Hawai'i,East Texas A&M Lions,H,100,74,86.7,61.8,23.1,38.5,105.9
401826806,2025-11-14,East Texas A&M Lions,Rice,A,64,71,71.2,52.8,25.3,20.7,24.5
401826806,2025-11-14,Rice,East Texas A&M Lions,H,71,64,60.1,57.8,21.6,37.9,29.4
401830656,2025-11-19,East Texas A&M Lions,Dallas Christian,H,115,44,108.2,63.7,32.4,39.5,15.5
401830656,2025-11-19,Dallas Christian,East Texas A&M Lions,A,44,115,63.5,27.9,7.9,22.4,29.5
401812287,2025-11-24,East Texas A&M Lions,Fairleigh Dickinson,A,70,65,77.3,54.2,29.8,27.0,15.0
401812287,2025-11-24,Fairleigh Dickinson,East Texas A&M Lions,H,65,70,54.6,56.0,14.7,36.7,32.0
401812792,2025-12-05,East Texas A&M Lions,5UConn,A,59,83,57.7,46.3,8.7,20.6,22.2
401812792,2025-12-05,5UConn,East Texas A&M Lions,H,83,59,77.7,55.4,23.2,37.5,21.5
401808702,2025-12-12,East Texas A&M Lions,McNeese,A,66,102,69.6,46.7,17.2,26.8,26.2
401808702,2025-12-12,McNeese,East Texas A&M Lions,H,102,66,89.4,65.9,30.2,41.4,38.1
401808703,2025-12-15,East Texas A&M Lions,SE Louisiana,A,70,69,59.1,54.9,10.2,20.0,33.3
401808703,2025-12-15,SE Louisiana,East Texas A&M Lions,H,69,70,69.1,48.3,17.4,25.0,29.3
401829428,2025-12-21,East Texas A&M Lions,Texas A&M,A,77,118,76.2,40.2,13.1,31.2,48.5
401829428,2025-12-21,Texas A&M,East Texas A&M Lions,H,118,77,94.1,74.3,24.4,32.3,20.3
401808704,2025-12-29,East Texas A&M Lions,Stephen F. Austin,H,48,75,55.6,43.1,9.0,18.9,27.5
401808704,2025-12-29,Stephen F. Austin,East Texas A&M Lions,A,75,48,68.1,50.0,17.6,38.5,27.0
401808705,2025-12-31,East Texas A&M Lions,Lamar,H,62,69,62.6,47.1,20.8,27.3,31.4
401808705,2025-12-31,Lamar,East Texas A&M Lions,A,69,62,71.1,44.5,18.3,35.9,26.6
401808706,2026-01-03,East Texas A&M Lions,Nicholls,A,58,80,64.2,46.4,21.8,30.3,20.0
401808706,2026-01-03,Nicholls,East Texas A&M Lions,H,80,58,91.5,50.8,35.0,39.0,33.8
401808707,2026-01-05,East Texas A&M Lions,New Orleans,A,73,83,68.5,45.3,10.2,25.6,28.1
401808707,2026-01-05,New Orleans,East Texas A&M Lions,H,83,73,73.2,46.9,16.4,43.9,46.2
401808708,2026-01-10,East Texas A&M Lions,UT Rio Grande Valley,H,77,69,67.2,59.5,19.4,35.7,22.4
401808708,2026-01-10,UT Rio Grande Valley,East Texas A&M Lions,A,69,77,73.2,53.6,27.3,28.1,23.2
401822329,2025-11-04,Eastern Illinois Panthers,Valparaiso,A,63,66,63.7,41.3,20.4,31.2,67.4
401822329,2025-11-04,Valparaiso,Eastern Illinois Panthers,H,66,63,70.6,40.9,21.2,34.0,63.6
401822366,2025-11-07,Eastern Illinois Panthers,Nicholls,H,65,57,65.8,41.3,18.2,32.4,55.8
401822366,2025-11-07,Nicholls,Eastern Illinois Panthers,A,57,65,80.8,32.8,27.2,32.6,44.3
401817433,2025-11-11,Eastern Illinois Panthers,Notre Dame,A,58,78,59.7,44.4,15.1,28.1,22.2
401817433,2025-11-11,Notre Dame,Eastern Illinois Panthers,H,78,58,71.1,55.8,29.5,53.1,25.0
401822356,2025-11-14,Eastern Illinois Panthers,9Kentucky,A,53,99,72.0,38.5,22.2,13.2,36.5
401822356,2025-11-14,9Kentucky,Eastern Illinois Panthers,H,99,53,68.6,68.0,19.0,57.1,25.0
401822367,2025-11-19,Eastern Illinois Panthers,Tiffin,H,62,50,66.1,52.9,24.2,30.0,33.3
401822367,2025-11-19,Tiffin,Eastern Illinois Panthers,A,50,62,64.2,42.0,20.2,12.1,22.0
401822359,2025-11-28,Eastern Illinois Panthers,1Purdue,A,62,109,69.3,51.9,21.7,13.3,16.7
401822359,2025-11-28,1Purdue,Eastern Illinois Panthers,H,109,62,88.5,71.5,29.4,45.8,27.7
401806343,2025-12-06,Eastern Illinois Panthers,Lindenwood,H,74,82,78.5,44.2,19.1,33.3,26.1
401806343,2025-12-06,Lindenwood,Eastern Illinois Panthers,A,82,74,68.9,52.5,14.5,38.2,37.7
401828547,2025-12-10,Eastern Illinois Panthers,Eastern Kentucky,H,59,68,65.7,44.3,21.3,24.2,26.4
401828547,2025-12-10,Eastern Kentucky,Eastern Illinois Panthers,A,68,59,68.2,49.1,24.9,35.3,22.8
401819879,2025-12-14,Eastern Illinois Panthers,4Iowa State,A,53,78,60.7,41.5,16.5,22.9,22.6
401819879,2025-12-14,4Iowa State,Eastern Illinois Panthers,H,78,53,84.8,50.0,29.5,34.4,46.6
401806345,2025-12-18,Eastern Illinois Panthers,SIU Edwardsville,H,76,72,74.1,55.3,25.6,31.2,29.8
401806345,2025-12-18,SIU Edwardsville,Eastern Illinois Panthers,A,72,76,66.6,50.9,13.5,21.6,27.6
401822362,2025-12-22,Eastern Illinois Panthers,East-West University,H,110,56,91.9,63.9,28.3,56.2,34.7
401822362,2025-12-22,East-West University,Eastern Illinois Panthers,A,56,110,71.2,35.5,12.6,23.1,15.9
401806415,2026-01-01,Eastern Illinois Panthers,Southeast Missouri State,A,59,68,67.5,39.8,11.9,16.1,40.7
401806415,2026-01-01,Southeast Missouri State,Eastern Illinois Panthers,H,68,59,70.5,49.2,17.0,32.4,33.3
401806420,2026-01-03,Eastern Illinois Panthers,UT Martin,A,61,65,77.9,40.4,29.5,30.2,40.4
401806420,2026-01-03,UT Martin,Eastern Illinois Panthers,H,65,61,62.4,44.8,20.9,34.4,54.2
401806426,2026-01-08,Eastern Illinois Panthers,Tennessee Tech,H,71,61,77.5,50.9,29.7,33.3,31.6
401806426,2026-01-08,Tennessee Tech,Eastern Illinois Panthers,A,61,71,49.0,45.7,4.1,32.1,45.7
401806431,2026-01-10,Eastern Illinois Panthers,Tennessee State,H,74,70,71.2,53.3,22.5,31.4,18.0
401806431,2026-01-10,Tennessee State,Eastern Illinois Panthers,A,70,74,69.5,45.8,15.8,28.9,37.3
401828543,2025-11-06,Eastern Kentucky Colonels,Midway University,H,122,60,116.1,59.4,35.3,48.9,45.0
401828543,2025-11-06,Midway University,Eastern Kentucky Colonels,A,60,122,65.3,45.0,15.3,19.4,52.0
401823359,2025-11-10,Eastern Kentucky Colonels,Western Kentucky,H,79,87,64.5,54.1,3.1,23.5,32.8
401823359,2025-11-10,Western Kentucky,Eastern Kentucky Colonels,A,87,79,86.3,49.3,17.4,27.9,40.0
401828544,2025-11-12,Eastern Kentucky Colonels,Vanderbilt,A,62,92,73.0,40.0,19.2,22.7,31.7
401828544,2025-11-12,Vanderbilt,Eastern Kentucky Colonels,H,92,62,79.6,59.4,21.4,37.8,23.2
401823013,2025-11-18,Eastern Kentucky Colonels,Kent State,A,78,93,74.4,48.5,16.1,32.6,36.9
401823013,2025-11-18,Kent State,Eastern Kentucky Colonels,H,93,78,90.6,56.8,27.6,32.4,62.7
401818792,2025-11-22,Eastern Kentucky Colonels,Mercer,H,83,95,77.1,48.6,19.4,40.9,20.5
401818792,2025-11-22,Mercer,Eastern Kentucky Colonels,A,95,83,72.5,66.4,23.4,46.7,29.5
401823386,2025-11-24,Eastern Kentucky Colonels,Northern Kentucky,A,71,82,71.0,49.2,19.7,32.4,31.7
401823386,2025-11-24,Northern Kentucky,Eastern Kentucky Colonels,H,82,71,73.0,54.2,17.8,28.1,35.6
401828545,2025-11-29,Eastern Kentucky Colonels,Wofford,H,77,83,67.6,44.4,5.9,35.6,22.2
401828545,2025-11-29,Wofford,Eastern Kentucky Colonels,A,83,77,75.2,47.6,14.6,30.2,51.6
401813259,2025-12-03,Eastern Kentucky Colonels,Illinois State,A,78,89,80.9,53.4,27.2,28.2,39.0
401813259,2025-12-03,Illinois State,Eastern Kentucky Colonels,H,89,78,75.5,64.0,22.5,28.6,35.1
401828546,2025-12-06,Eastern Kentucky Colonels,Indiana University East,H,122,67,124.9,58.4,36.8,45.8,28.1
401828546,2025-12-06,Indiana University East,Eastern Kentucky Colonels,A,67,122,63.2,50.8,7.9,22.2,18.0
401828548,2025-12-13,Eastern Kentucky Colonels,Miami (OH),H,69,79,59.5,41.9,10.1,43.2,35.5
401828548,2025-12-13,Miami (OH),Eastern Kentucky Colonels,A,79,69,78.3,62.3,25.6,22.6,14.8
401828314,2025-12-17,Eastern Kentucky Colonels,Jacksonville State,A,62,59,52.8,47.3,9.5,39.4,17.9
401828314,2025-12-17,Jacksonville State,Eastern Kentucky Colonels,H,59,62,68.9,39.2,24.7,30.6,49.0
401826884,2025-12-21,Eastern Kentucky Colonels,Wichita State,A,57,88,69.3,43.4,15.9,14.6,11.5
401826884,2025-12-21,Wichita State,Eastern Kentucky Colonels,H,88,57,68.7,59.7,13.1,37.8,20.9
401807662,2026-01-01,Eastern Kentucky Colonels,Queens University,A,89,91,71.0,60.7,11.3,22.9,34.4
401807662,2026-01-01,Queens University,Eastern Kentucky Colonels,H,91,89,67.7,54.9,3.0,32.3,50.8
401807668,2026-01-03,Eastern Kentucky Colonels,West Georgia,A,76,88,67.8,52.2,10.3,29.3,14.7
401807668,2026-01-03,West Georgia,Eastern Kentucky Colonels,H,88,76,72.5,56.3,16.6,40.6,34.9
401807676,2026-01-08,Eastern Kentucky Colonels,North Alabama,H,88,80,68.9,54.8,14.5,42.9,36.5
401807676,2026-01-08,North Alabama,Eastern Kentucky Colonels,A,80,88,66.9,62.3,13.5,23.3,47.2
401827734,2025-11-03,Eastern Michigan Eagles,Georgia State,H,71,49,78.2,44.5,28.1,46.8,15.1
401827734,2025-11-03,Georgia State,Eastern Michigan Eagles,A,49,71,56.7,35.3,10.6,29.5,20.7
401817443,2025-11-10,Eastern Michigan Eagles,Pittsburgh,A,66,78,70.0,40.7,15.7,25.6,35.6
401817443,2025-11-10,Pittsburgh,Eastern Michigan Eagles,H,78,66,73.9,55.0,16.2,25.7,38.3
401823376,2025-11-14,Eastern Michigan Eagles,IU Indianapolis,H,83,90,82.0,45.9,20.7,40.0,28.8
401823376,2025-11-14,IU Indianapolis,Eastern Michigan Eagles,A,90,83,70.2,62.5,12.8,29.0,20.3
401826871,2025-11-21,Eastern Michigan Eagles,Oakland,H,97,91,71.1,71.2,12.7,17.4,25.4
401826871,2025-11-21,Oakland,Eastern Michigan Eagles,A,91,97,77.5,57.5,14.2,27.0,29.9
401817244,2025-11-24,Eastern Michigan Eagles,6Louisville,A,46,87,59.1,29.8,8.5,25.0,29.8
401817244,2025-11-24,6Louisville,Eastern Michigan Eagles,H,87,46,79.0,59.7,25.3,32.4,30.6
401827755,2025-11-28,Eastern Michigan Eagles,NJIT,H,73,55,74.7,56.0,28.1,31.2,20.7
401827755,2025-11-28,NJIT,Eastern Michigan Eagles,A,55,73,55.2,44.2,14.5,30.3,21.2
401827756,2025-12-05,Eastern Michigan Eagles,Cleary University,H,86,48,77.5,52.9,20.7,43.6,32.4
401827756,2025-12-05,Cleary University,Eastern Michigan Eagles,A,48,86,66.6,36.4,19.5,22.0,29.1
401823397,2025-12-10,Eastern Michigan Eagles,Purdue Fort Wayne,A,65,80,60.1,58.0,13.3,15.6,30.0
401823397,2025-12-10,Purdue Fort Wayne,Eastern Michigan Eagles,H,80,65,69.9,54.5,14.3,25.0,41.1
401823414,2025-12-22,Eastern Michigan Eagles,Wright State,A,64,70,74.6,45.7,22.8,22.9,27.6
401823414,2025-12-22,Wright State,Eastern Michigan Eagles,H,70,64,67.2,50.0,19.3,32.4,64.0
401814496,2025-12-30,Eastern Michigan Eagles,Massachusetts,H,80,74,68.5,48.2,7.3,27.0,70.9
401814496,2025-12-30,Massachusetts,Eastern Michigan Eagles,A,74,80,73.5,44.3,9.5,25.0,25.7
401814502,2026-01-03,Eastern Michigan Eagles,Ohio,H,67,68,63.8,47.1,17.2,32.4,51.9
401814502,2026-01-03,Ohio,Eastern Michigan Eagles,A,68,67,64.1,49.1,14.0,27.8,25.9
401814513,2026-01-10,Eastern Michigan Eagles,Western Michigan,A,62,79,68.8,50.0,20.4,17.6,17.9
401814513,2026-01-10,Western Michigan,Eastern Michigan Eagles,H,79,62,63.8,57.8,17.2,36.7,52.9
401813756,2025-11-03,Eastern Washington Eagles,12UCLA,A,74,80,65.7,60.2,16.8,20.7,25.9
401813756,2025-11-03,12UCLA,Eastern Washington Eagles,H,80,74,75.8,52.9,17.2,33.3,14.3
401823499,2025-11-05,Eastern Washington Eagles,Loyola Marymount,A,62,70,78.9,43.3,26.6,18.2,48.1
401823499,2025-11-05,Loyola Marymount,Eastern Washington Eagles,H,70,62,67.0,50.9,14.9,26.5,37.5
401823500,2025-11-12,Eastern Washington Eagles,Seattle U,A,67,94,72.1,48.3,19.4,22.2,29.3
401823500,2025-11-12,Seattle U,Eastern Washington Eagles,H,94,67,75.2,74.6,22.6,20.8,22.8
401823501,2025-11-17,Eastern Washington Eagles,Eastern Oregon,H,91,73,78.1,58.2,20.5,37.1,25.4
401823501,2025-11-17,Eastern Oregon,Eastern Washington Eagles,A,73,91,79.9,50.7,22.5,23.7,5.8
401823503,2025-11-25,Eastern Washington Eagles,North Texas,A,71,79,68.0,44.4,14.7,35.9,30.2
401823503,2025-11-25,North Texas,Eastern Washington Eagles,H,79,71,71.2,49.2,14.0,31.7,50.0
401823505,2025-12-06,Eastern Washington Eagles,Kansas City,H,90,66,93.3,53.8,33.2,42.1,39.4
401823505,2025-12-06,Kansas City,Eastern Washington Eagles,A,66,90,72.0,49.1,23.6,29.0,38.9
401823507,2025-12-17,Eastern Washington Eagles,Washington State*,H,63,78,75.5,42.5,21.2,23.1,30.0
401823507,2025-12-17,Washington State*,Eastern Washington Eagles,A,78,63,74.3,58.9,25.6,37.9,14.5
401819913,2025-12-20,Eastern Washington Eagles,Utah,A,77,101,69.0,45.7,11.6,40.9,27.1
401819913,2025-12-20,Utah,Eastern Washington Eagles,H,101,77,72.1,78.1,16.6,23.8,29.8
401808453,2026-01-03,Eastern Washington Eagles,Idaho,A,81,84,71.9,45.7,22.3,56.5,35.7
401808453,2026-01-03,Idaho,Eastern Washington Eagles,H,84,81,75.8,59.4,27.7,40.0,54.7
401808454,2026-01-08,Eastern Washington Eagles,Montana State,H,64,68,75.1,39.3,26.6,35.9,27.9
401808454,2026-01-08,Montana State,Eastern Washington Eagles,A,68,64,58.0,53.1,19.0,40.7,43.8
401808455,2026-01-10,Eastern Washington Eagles,Montana,H,66,65,58.3,52.7,6.9,17.2,12.5
401808455,2026-01-10,Montana,Eastern Washington Eagles,A,65,66,61.5,48.1,16.2,30.0,34.6
401827517,2025-11-05,Elon Phoenix,Belmont Abbey,H,99,51,92.0,57.6,29.4,42.5,29.2
401827517,2025-11-05,Belmont Abbey,Elon Phoenix,A,51,99,49.2,45.2,0.0,25.7,25.0
401827518,2025-11-08,Elon Phoenix,UNC Greensboro,A,92,90,88.2,47.3,20.4,40.4,40.0
401827518,2025-11-08,UNC Greensboro,Elon Phoenix,H,90,92,68.8,58.7,7.3,30.8,42.9
401827262,2025-11-12,Elon Phoenix,Marshall,A,89,96,83.5,52.1,20.4,33.3,31.4
401827262,2025-11-12,Marshall,Elon Phoenix,H,96,89,76.5,66.4,18.3,28.1,36.1
401826969,2025-11-15,Elon Phoenix,Gardner-Webb,H,95,84,75.9,67.8,21.1,33.3,39.0
401826969,2025-11-15,Gardner-Webb,Elon Phoenix,A,84,95,84.1,51.4,25.0,40.5,20.5
401809417,2025-11-20,Elon Phoenix,Miami,A,72,99,61.5,60.8,11.4,17.9,35.3
401809417,2025-11-20,Miami,Elon Phoenix,H,99,72,88.9,61.0,28.1,46.9,33.8
401823488,2025-11-29,Elon Phoenix,Mercer,H,84,91,68.3,48.5,11.7,45.2,38.8
401823488,2025-11-29,Mercer,Elon Phoenix,A,91,84,88.2,56.7,24.9,21.6,50.0
401824871,2025-12-03,Elon Phoenix,Furman,H,88,97,81.9,50.7,19.5,32.6,36.8
401824871,2025-12-03,Furman,Elon Phoenix,A,97,88,73.7,59.8,13.6,33.3,50.8
401827519,2025-12-06,Elon Phoenix,Wofford,A,73,52,63.6,57.4,22.0,39.3,25.9
401827519,2025-12-06,Wofford,Elon Phoenix,H,52,73,61.1,38.4,14.7,27.5,26.8
401823466,2025-12-13,Elon Phoenix,Northern Illinois,H,85,79,73.7,54.5,17.6,34.4,58.9
401823466,2025-12-13,Northern Illinois,Elon Phoenix,A,79,85,70.8,50.9,16.9,34.3,46.6
401817179,2025-12-17,Elon Phoenix,Richmond,H,73,70,81.6,55.4,35.5,33.3,28.6
401817179,2025-12-17,Richmond,Elon Phoenix,A,70,73,61.8,56.6,24.3,39.3,18.9
401817526,2025-12-20,Elon Phoenix,Virginia Tech,A,81,82,72.2,54.5,23.5,47.1,16.7
401817526,2025-12-20,Virginia Tech,Elon Phoenix,H,82,81,71.8,51.7,22.3,48.6,48.3
401827520,2025-12-22,Elon Phoenix,Greensboro College,H,97,63,78.3,54.5,23.0,55.6,41.8
401827520,2025-12-22,Greensboro College,Elon Phoenix,A,63,97,74.4,45.5,17.5,18.4,7.6
401811983,2025-12-29,Elon Phoenix,Northeastern,H,103,91,72.9,72.4,19.2,45.8,43.1
401811983,2025-12-29,Northeastern,Elon Phoenix,A,91,103,73.1,69.0,20.5,27.6,29.3
401812005,2026-01-08,Elon Phoenix,North Carolina A&T,A,69,64,77.5,46.7,23.2,26.2,36.7
401812005,2026-01-08,North Carolina A&T,Elon Phoenix,H,64,69,70.3,44.5,22.8,35.0,14.1
401828553,2025-11-04,Evansville Purple Aces,1Purdue,A,51,82,61.9,35.0,16.2,41.7,5.7
401828553,2025-11-04,1Purdue,Evansville Purple Aces,H,82,51,66.6,58.5,18.0,37.5,27.1
401828911,2025-11-07,Evansville Purple Aces,Calumet,H,92,50,72.8,59.9,23.4,51.4,11.3
401828911,2025-11-07,Calumet,Evansville Purple Aces,A,50,92,59.7,37.7,13.4,18.9,22.6
401828912,2025-11-09,Evansville Purple Aces,Oakland City,H,76,47,69.3,55.7,14.4,21.9,52.8
401828912,2025-11-09,Oakland City,Evansville Purple Aces,A,47,76,68.1,29.2,14.7,21.7,28.3
401822995,2025-11-12,Evansville Purple Aces,Middle Tennessee,H,72,77,74.4,50.9,20.2,18.8,44.4
401822995,2025-11-12,Middle Tennessee,Evansville Purple Aces,A,77,72,70.1,54.9,14.3,26.5,27.9
401823867,2025-11-18,Evansville Purple Aces,UT Arlington,H,76,84,75.7,51.9,23.8,26.5,59.6
401823867,2025-11-18,UT Arlington,Evansville Purple Aces,A,84,76,60.4,71.1,23.2,55.6,53.3
401824058,2025-11-21,Evansville Purple Aces,Oregon State*,H,73,69,73.9,42.4,24.3,38.9,39.0
401824058,2025-11-21,Oregon State*,Evansville Purple Aces,A,69,73,73.6,45.0,25.8,37.5,70.0
401823363,2025-12-06,Evansville Purple Aces,Western Kentucky,A,79,80,75.9,55.9,23.7,30.8,39.0
401823363,2025-12-06,Western Kentucky,Evansville Purple Aces,H,80,79,76.9,50.8,23.4,37.8,37.1
401817439,2025-12-13,Evansville Purple Aces,Notre Dame,A,58,82,67.2,47.2,23.8,22.2,24.5
401817439,2025-12-13,Notre Dame,Evansville Purple Aces,H,82,58,70.1,59.3,18.6,29.4,28.8
401830255,2026-01-01,Evansville Purple Aces,Illinois State,A,47,73,62.2,37.3,20.9,21.6,25.5
401830255,2026-01-01,Illinois State,Evansville Purple Aces,H,73,47,86.0,52.6,27.9,14.7,32.8
401830260,2026-01-04,Evansville Purple Aces,Northern Iowa,H,48,62,58.2,43.3,15.5,6.9,28.9
401830260,2026-01-04,Northern Iowa,Evansville Purple Aces,A,62,48,60.2,57.3,21.6,20.7,22.9
401830262,2026-01-07,Evansville Purple Aces,Murray State,H,69,79,68.0,51.9,16.2,16.1,35.8
401830262,2026-01-07,Murray State,Evansville Purple Aces,A,79,69,75.8,51.7,18.5,27.0,45.8
401830266,2026-01-10,Evansville Purple Aces,Indiana State,A,72,69,70.9,58.6,18.3,6.9,6.9
401830266,2026-01-10,Indiana State,Evansville Purple Aces,H,69,72,72.1,43.2,16.6,32.6,25.8
401823187,2025-11-03,Fairfield Stags,Penn State,A,68,76,69.3,42.9,10.1,27.3,12.9
401823187,2025-11-03,Penn State,Fairfield Stags,H,76,68,70.9,53.5,12.7,21.2,43.9
401823188,2025-11-08,Fairfield Stags,NJIT,A,74,53,73.4,43.9,19.1,39.1,36.4
401823188,2025-11-08,NJIT,Fairfield Stags,H,53,74,75.7,37.5,22.5,16.3,20.0
401823189,2025-11-10,Fairfield Stags,Seton Hall,A,59,82,50.9,41.0,2.0,28.9,46.0
401823189,2025-11-10,Seton Hall,Fairfield Stags,H,82,59,80.3,44.7,21.2,37.2,42.4
401822350,2025-11-14,Fairfield Stags,Stonehill,H,73,71,85.4,41.0,17.6,17.0,35.8
401822350,2025-11-14,Stonehill,Fairfield Stags,A,71,73,74.2,46.3,8.1,12.5,16.2
401820186,2025-11-16,Fairfield Stags,Loyola Maryland,H,85,82,73.0,53.6,12.3,35.0,27.5
401820186,2025-11-16,Loyola Maryland,Fairfield Stags,A,82,85,66.6,62.5,12.0,19.2,28.6
401823190,2025-11-22,Fairfield Stags,Le Moyne,A,97,83,84.9,57.5,24.7,41.2,34.3
401823190,2025-11-22,Le Moyne,Fairfield Stags,H,83,97,62.2,57.3,11.2,40.0,54.5
401823191,2025-11-30,Fairfield Stags,New Hampshire,H,72,68,64.1,52.5,17.2,40.0,28.8
401823191,2025-11-30,New Hampshire,Fairfield Stags,A,68,72,68.5,44.3,14.6,31.7,36.1
401813299,2025-12-05,Fairfield Stags,Manhattan,A,66,70,69.3,41.1,18.8,42.6,9.6
401813299,2025-12-05,Manhattan,Fairfield Stags,H,70,66,73.0,47.3,20.6,24.2,37.5
401823192,2025-12-07,Fairfield Stags,Merrimack,A,63,74,62.6,44.9,19.2,40.0,27.1
401823192,2025-12-07,Merrimack,Fairfield Stags,H,74,63,72.8,55.3,23.3,15.4,57.4
401823313,2025-12-14,Fairfield Stags,Monmouth,H,73,65,66.4,53.7,19.6,42.1,7.5
401823313,2025-12-14,Monmouth,Fairfield Stags,A,65,73,61.4,50.0,11.4,27.3,8.2
401823314,2025-12-22,Fairfield Stags,City College NY,H,121,58,108.9,56.8,27.6,43.8,28.4
401823314,2025-12-22,City College NY,Fairfield Stags,A,58,121,61.8,40.5,0.0,12.5,12.7
401823315,2025-12-29,Fairfield Stags,Saint Peter's,H,66,70,67.0,45.6,17.9,29.7,33.3
401823315,2025-12-29,Saint Peter's,Fairfield Stags,A,70,66,75.2,43.6,23.9,41.9,15.7
401813385,2026-01-04,Fairfield Stags,Niagara,A,83,75,73.0,56.1,24.7,41.4,36.8
401813385,2026-01-04,Niagara,Fairfield Stags,H,75,83,56.9,62.3,8.8,26.9,7.0
401823316,2026-01-09,Fairfield Stags,Rider,H,68,62,62.5,41.9,11.2,38.6,35.5
401823316,2026-01-09,Rider,Fairfield Stags,A,62,68,59.5,47.3,10.1,26.3,32.7
401812282,2025-11-03,Fairleigh Dickinson Knights,16Iowa State,A,50,88,57.1,38.5,8.8,20.0,32.7
401812282,2025-11-03,16Iowa State,Fairleigh Dickinson Knights,H,88,50,86.3,61.2,27.8,26.5,13.4
401812283,2025-11-08,Fairleigh Dickinson Knights,Saint Peter's,A,83,93,69.5,63.2,20.1,33.3,35.1
401812283,2025-11-08,Saint Peter's,Fairleigh Dickinson Knights,H,93,83,77.8,58.1,18.0,32.4,43.5
401812284,2025-11-12,Fairleigh Dickinson Knights,Texas,A,58,93,74.2,37.3,14.8,20.8,19.4
401812284,2025-11-12,Texas,Fairleigh Dickinson Knights,H,93,58,77.2,56.9,15.6,39.0,52.3
401812285,2025-11-15,Fairleigh Dickinson Knights,NJIT,A,81,93,91.9,43.8,26.1,34.8,31.5
401812285,2025-11-15,NJIT,Fairleigh Dickinson Knights,H,93,81,70.0,73.9,17.1,26.1,82.6
401812286,2025-11-18,Fairleigh Dickinson Knights,St. Elizabeth,H,100,58,76.9,59.4,26.0,63.9,33.3
401812286,2025-11-18,St. Elizabeth,Fairleigh Dickinson Knights,A,58,100,71.4,39.6,16.8,12.5,45.3
401812289,2025-12-02,Fairleigh Dickinson Knights,Providence,A,64,94,59.2,45.1,20.3,46.3,18.0
401812289,2025-12-02,Providence,Fairleigh Dickinson Knights,H,94,64,81.2,70.8,30.8,37.5,18.3
401812290,2025-12-04,Fairleigh Dickinson Knights,Manor College,H,86,38,73.3,65.3,25.9,39.3,11.3
401812290,2025-12-04,Manor College,Fairleigh Dickinson Knights,A,38,86,55.8,31.2,10.8,8.8,20.8
401812291,2025-12-10,Fairleigh Dickinson Knights,Fordham,A,54,75,59.3,43.6,10.1,16.7,16.4
401812291,2025-12-10,Fordham,Fairleigh Dickinson Knights,H,75,54,69.2,56.9,24.6,36.4,22.4
401812292,2025-12-19,Fairleigh Dickinson Knights,Lehman College,H,76,42,70.5,49.2,24.1,43.9,32.3
401812292,2025-12-19,Lehman College,Fairleigh Dickinson Knights,A,42,76,50.1,35.1,8.0,24.3,36.2
401812314,2025-12-29,Fairleigh Dickinson Knights,Minnesota,A,43,60,51.6,33.7,11.6,32.5,26.9
401812314,2025-12-29,Minnesota,Fairleigh Dickinson Knights,H,60,43,69.7,47.4,28.7,33.3,21.1
401812315,2026-01-02,Fairleigh Dickinson Knights,Mercyhurst,A,74,67,66.6,64.6,28.5,36.4,33.3
401812315,2026-01-02,Mercyhurst,Fairleigh Dickinson Knights,H,67,74,73.5,47.1,27.2,25.8,38.5
401812316,2026-01-04,Fairleigh Dickinson Knights,Saint Francis,A,82,85,70.7,51.9,11.3,23.3,61.1
401812316,2026-01-04,Saint Francis,Fairleigh Dickinson Knights,H,85,82,71.2,55.6,14.0,23.3,55.6
401812318,2026-01-10,Fairleigh Dickinson Knights,New Haven,A,55,65,66.5,37.5,19.5,26.2,32.1
401812318,2026-01-10,New Haven,Fairleigh Dickinson Knights,H,65,55,63.4,60.7,18.9,12.5,61.9
401826812,2025-11-03,Florida A&M Rattlers,South Florida,A,67,102,80.3,41.5,24.9,27.5,44.1
401826812,2025-11-03,South Florida,Florida A&M Rattlers,H,102,67,90.0,54.8,28.9,48.6,64.5
401828336,2025-11-08,Florida A&M Rattlers,Kennesaw State,H,72,92,87.7,35.8,20.5,30.2,49.3
401828336,2025-11-08,Kennesaw State,Florida A&M Rattlers,A,92,72,72.3,63.2,9.7,17.9,49.1
401824825,2025-11-11,Florida A&M Rattlers,UCF,A,60,97,74.5,43.6,21.5,17.5,40.0
401824825,2025-11-11,UCF,Florida A&M Rattlers,H,97,60,80.6,64.4,27.3,46.9,24.2
401829420,2025-11-17,Florida A&M Rattlers,Georgia,A,57,87,59.6,39.5,11.7,37.2,22.6
401829420,2025-11-17,Georgia,Florida A&M Rattlers,H,87,57,93.6,44.6,34.2,52.6,53.8
401823345,2025-12-02,Florida A&M Rattlers,Jacksonville,A,82,85,69.8,70.5,18.6,8.0,10.7
401823345,2025-12-02,Jacksonville,Florida A&M Rattlers,H,85,82,79.0,51.4,17.7,32.6,27.1
401831242,2025-12-06,Florida A&M Rattlers,Florida Memorial*,H,60,58,73.5,44.4,27.2,29.7,40.7
401831242,2025-12-06,Florida Memorial*,Florida A&M Rattlers,A,58,60,73.9,34.8,24.4,29.3,44.6
401842404,2025-12-15,Florida A&M Rattlers,Albany St (GA),H,93,77,84.5,66.9,29.6,33.3,33.9
401842404,2025-12-15,Albany St (GA),Florida A&M Rattlers,A,77,93,71.3,58.2,23.8,23.3,53.1
401823349,2025-12-17,Florida A&M Rattlers,Jacksonville,H,72,65,68.8,53.9,17.4,26.7,56.9
401823349,2025-12-17,Jacksonville,Florida A&M Rattlers,A,65,72,61.6,50.0,13.0,22.6,30.2
401827002,2025-12-19,Florida A&M Rattlers,Tarleton State,A,54,78,74.4,37.5,26.9,22.5,46.2
401827002,2025-12-19,Tarleton State,Florida A&M Rattlers,H,78,54,89.9,51.7,35.6,34.3,39.0
401812258,2025-12-21,Florida A&M Rattlers,TCU,A,56,80,65.1,48.0,16.9,12.5,29.4
401812258,2025-12-21,TCU,Florida A&M Rattlers,H,80,56,71.5,50.8,22.4,41.7,36.7
401826756,2025-12-28,Florida A&M Rattlers,Georgia Tech,A,65,89,81.6,41.5,22.1,30.0,22.5
401826756,2025-12-28,Georgia Tech,Florida A&M Rattlers,H,89,65,68.5,66.7,21.9,44.0,40.7
401827023,2026-01-10,Florida A&M Rattlers,Southern,H,67,59,62.5,48.1,20.8,37.5,38.5
401827023,2026-01-10,Southern,Florida A&M Rattlers,A,59,67,74.8,39.4,29.4,30.8,51.9
401826772,2025-11-09,Florida Atlantic Owls,Liberty,A,68,88,67.4,42.7,19.3,34.3,43.6
401826772,2025-11-09,Liberty,Florida Atlantic Owls,H,88,68,71.2,66.4,16.9,18.5,22.4
401826773,2025-11-17,Florida Atlantic Owls,Coastal Georgia,H,92,63,85.0,51.3,24.7,48.9,27.3
401826773,2025-11-17,Coastal Georgia,Florida Atlantic Owls,A,63,92,64.5,47.2,15.5,23.1,37.0
401824063,2025-11-20,Florida Atlantic Owls,Pacific,H,82,59,71.6,66.3,26.5,26.9,30.8
401824063,2025-11-20,Pacific,Florida Atlantic Owls,A,59,82,63.5,44.0,22.0,32.3,40.0
401824042,2025-11-24,Florida Atlantic Owls,Loyola Marymount*,H,76,65,67.7,46.7,19.2,28.9,20.0
401824042,2025-11-24,Loyola Marymount*,Florida Atlantic Owls,A,65,76,60.6,53.3,14.8,45.5,23.3
401831235,2025-11-25,Florida Atlantic Owls,George Mason*,H,65,74,61.7,49.1,17.8,34.3,21.1
401831235,2025-11-25,George Mason*,Florida Atlantic Owls,A,74,65,65.0,57.8,21.5,34.5,41.2
401817200,2025-11-30,Florida Atlantic Owls,St. Bonaventure,H,65,70,62.6,47.5,17.6,35.9,23.7
401817200,2025-11-30,St. Bonaventure,Florida Atlantic Owls,A,70,65,69.5,59.6,23.0,14.8,46.8
401823233,2025-12-07,Florida Atlantic Owls,Florida Gulf Coast,A,81,76,71.2,48.2,19.7,38.9,57.1
401823233,2025-12-07,Florida Gulf Coast,Florida Atlantic Owls,H,76,81,65.6,56.4,16.8,28.6,29.1
401826774,2025-12-10,Florida Atlantic Owls,Saint Leo,H,112,55,101.5,61.6,36.5,55.9,30.1
401826774,2025-12-10,Saint Leo,Florida Atlantic Owls,A,55,112,70.1,36.0,18.6,19.5,29.8
401826795,2025-12-13,Florida Atlantic Owls,UAlbany,H,105,79,93.0,67.6,26.9,30.3,30.9
401826795,2025-12-13,UAlbany,Florida Atlantic Owls,A,79,105,83.5,53.2,20.4,15.8,31.7
401826796,2025-12-19,Florida Atlantic Owls,Saint Mary's,A,75,88,78.9,48.4,20.3,25.0,41.0
401826796,2025-12-19,Saint Mary's,Florida Atlantic Owls,H,88,75,75.7,50.0,17.2,41.7,53.2
401824830,2025-12-23,Florida Atlantic Owls,UCF,A,80,85,79.7,50.7,18.8,26.8,17.1
401824830,2025-12-23,UCF,Florida Atlantic Owls,H,85,80,74.5,53.8,14.8,31.6,33.8
401828153,2025-12-31,Florida Atlantic Owls,UTSA,H,110,70,82.5,72.3,21.8,34.5,30.8
401828153,2025-12-31,UTSA,Florida Atlantic Owls,A,70,110,72.2,38.5,9.7,21.3,49.2
401828160,2026-01-04,Florida Atlantic Owls,Tulane,A,66,69,63.1,49.1,19.0,41.2,25.9
401828160,2026-01-04,Tulane,Florida Atlantic Owls,H,69,66,75.1,47.5,21.3,21.6,25.0
401828162,2026-01-07,Florida Atlantic Owls,UAB,A,76,71,69.4,46.7,11.5,27.5,39.3
401828162,2026-01-07,UAB,Florida Atlantic Owls,H,71,76,77.3,42.5,19.4,24.4,46.7
401828171,2026-01-11,Florida Atlantic Owls,Memphis,H,89,78,74.6,56.5,16.1,36.8,23.2
401828171,2026-01-11,Memphis,Florida Atlantic Owls,A,78,89,91.6,54.8,29.5,13.5,25.8
401823441,2025-11-06,Florida Gators,North Florida,H,104,64,88.3,53.1,26.0,63.0,34.6
401823441,2025-11-06,North Florida,Florida Gators,A,64,104,77.5,36.9,16.8,16.7,36.1
401826707,2025-11-11,Florida Gators,Florida State,H,78,76,73.2,43.8,15.0,37.8,50.0
401826707,2025-11-11,Florida State,Florida Gators,A,76,78,83.9,40.4,14.3,16.3,36.8
401809416,2025-11-16,Florida Gators,Miami*,H,82,68,76.8,51.6,20.8,35.9,47.5
401809416,2025-11-16,Miami*,Florida Gators,A,68,82,83.8,37.3,20.3,32.1,38.0
401827489,2025-11-21,Florida Gators,Merrimack,H,80,45,66.9,50.0,19.4,51.4,37.1
401827489,2025-11-21,Merrimack,Florida Gators,A,45,80,60.2,32.1,10.0,17.1,19.6
401809047,2025-11-27,Florida Gators,TCU*,H,80,84,69.8,52.7,17.2,33.3,49.1
401809047,2025-11-27,TCU*,Florida Gators,A,84,80,88.7,50.8,24.8,27.6,55.9
401831223,2025-11-28,Florida Gators,Providence*,H,90,78,78.8,51.5,16.5,31.7,40.9
401831223,2025-11-28,Providence*,Florida Gators,A,78,90,73.3,48.3,13.6,23.7,43.3
401812793,2025-12-09,Florida Gators,5UConn*,H,73,77,75.6,56.9,22.5,22.6,27.6
401812793,2025-12-09,5UConn*,Florida Gators,A,77,73,63.8,45.8,12.5,43.2,45.8
401817151,2025-12-13,Florida Gators,George Washington*,H,80,70,72.7,55.6,20.6,35.3,61.1
401817151,2025-12-13,George Washington*,Florida Gators,A,70,80,74.0,48.5,17.6,29.5,29.2
401812387,2025-12-17,Florida Gators,Saint Francis,H,102,61,71.4,69.5,19.6,54.2,40.7
401812387,2025-12-17,Saint Francis,Florida Gators,A,61,102,71.2,42.1,15.4,20.5,17.5
401808147,2026-01-03,Florida Gators,Missouri,A,74,76,70.5,46.8,15.6,33.3,31.7
401808147,2026-01-03,Missouri,Florida Gators,H,76,74,67.2,52.7,13.4,31.4,54.5
401808153,2026-01-06,Florida Gators,18Georgia,H,92,77,78.9,50.7,19.0,47.8,30.7
401808153,2026-01-06,18Georgia,Florida Gators,A,77,92,85.9,44.3,18.6,24.4,32.9
401808162,2026-01-10,Florida Gators,21Tennessee,H,91,67,93.9,55.5,32.0,33.3,39.1
401808162,2026-01-10,21Tennessee,Florida Gators,A,67,91,64.8,49.0,12.4,17.1,59.2
401823224,2025-11-03,Florida Gulf Coast Eagles,New College (FL),H,96,60,98.4,46.5,26.4,44.6,27.9
401823224,2025-11-03,New College (FL),Florida Gulf Coast Eagles,A,60,96,61.0,46.2,4.9,10.5,35.8
401823225,2025-11-07,Florida Gulf Coast Eagles,17Illinois,A,70,113,84.7,37.3,15.3,24.5,15.2
401823225,2025-11-07,17Illinois,Florida Gulf Coast Eagles,H,113,70,72.2,63.8,2.8,39.3,52.3
401823226,2025-11-11,Florida Gulf Coast Eagles,Georgia Southern,H,94,95,80.2,53.6,23.7,55.1,13.3
401823226,2025-11-11,Georgia Southern,Florida Gulf Coast Eagles,A,95,94,81.5,71.6,25.8,20.7,31.0
401823228,2025-11-19,Florida Gulf Coast Eagles,Samford,A,77,62,59.1,56.8,11.8,42.4,25.4
401823228,2025-11-19,Samford,Florida Gulf Coast Eagles,H,62,77,78.4,39.5,25.5,31.9,38.7
401823229,2025-11-24,Florida Gulf Coast Eagles,Oral Roberts,H,93,88,84.2,62.7,28.5,40.7,61.8
401823229,2025-11-24,Oral Roberts,Florida Gulf Coast Eagles,A,88,93,77.9,63.9,25.7,30.8,46.3
401823230,2025-11-25,Florida Gulf Coast Eagles,Rice,H,78,63,71.7,46.6,12.6,27.5,56.9
401823230,2025-11-25,Rice,Florida Gulf Coast Eagles,A,63,78,74.5,41.0,17.4,20.9,32.8
401823231,2025-11-26,Florida Gulf Coast Eagles,Kennesaw State,H,100,102,95.5,52.2,20.9,27.3,56.5
401823231,2025-11-26,Kennesaw State,Florida Gulf Coast Eagles,A,102,100,82.1,57.9,18.3,36.1,57.1
401823232,2025-12-03,Florida Gulf Coast Eagles,Florida International,A,83,89,79.0,47.8,21.5,41.0,30.9
401823232,2025-12-03,Florida International,Florida Gulf Coast Eagles,H,89,83,80.6,53.6,22.3,28.1,63.6
401823234,2025-12-14,Florida Gulf Coast Eagles,New Mexico,A,59,75,71.7,43.9,23.7,24.3,24.6
401823234,2025-12-14,New Mexico,Florida Gulf Coast Eagles,H,75,59,73.8,42.5,23.0,44.4,45.0
401824829,2025-12-20,Florida Gulf Coast Eagles,UCF,A,80,102,69.4,63.1,17.3,19.4,8.2
401824829,2025-12-20,UCF,Florida Gulf Coast Eagles,H,102,80,82.7,65.1,25.4,47.2,16.4
401823235,2025-12-28,Florida Gulf Coast Eagles,Fort Lauderdale,H,84,43,72.7,52.1,24.8,60.5,19.7
401823235,2025-12-28,Fort Lauderdale,Florida Gulf Coast Eagles,A,43,84,55.7,33.6,5.4,20.5,21.8
401807669,2026-01-03,Florida Gulf Coast Eagles,North Alabama,A,72,55,63.3,54.2,12.6,28.1,15.0
401807669,2026-01-03,North Alabama,Florida Gulf Coast Eagles,H,55,72,72.8,35.6,19.2,15.0,51.9
401807681,2026-01-10,Florida Gulf Coast Eagles,Lipscomb,H,77,84,73.0,55.1,17.8,25.8,32.2
401807681,2026-01-10,Lipscomb,Florida Gulf Coast Eagles,A,84,77,69.0,60.0,15.9,25.0,38.2
401829042,2025-11-03,Florida International Panthers,Florida National,H,101,49,98.3,59.3,31.5,52.6,34.7
401829042,2025-11-03,Florida National,Florida International Panthers,A,49,101,54.8,37.7,9.1,26.8,14.0
401827237,2025-11-08,Florida International Panthers,Nebraska,A,66,96,66.8,43.7,15.0,38.6,8.5
401827237,2025-11-08,Nebraska,Florida International Panthers,H,96,66,91.8,67.9,32.7,28.1,11.9
401829043,2025-11-13,Florida International Panthers,LSU,A,81,98,85.0,47.9,21.2,31.1,29.6
401829043,2025-11-13,LSU,Florida International Panthers,H,98,81,76.2,56.7,15.8,38.7,56.7
401829044,2025-11-18,Florida International Panthers,Fort Lauderdale,H,104,80,84.7,55.5,18.9,46.5,45.2
401829044,2025-11-18,Fort Lauderdale,Florida International Panthers,A,80,104,99.9,40.3,25.0,25.0,29.9
401829045,2025-11-24,Florida International Panthers,James Madison,H,72,80,69.8,42.4,12.9,36.7,40.9
401829045,2025-11-24,James Madison,Florida International Panthers,A,80,72,66.2,42.6,13.6,51.0,44.1
401829046,2025-11-26,Florida International Panthers,Omaha,H,74,61,86.5,49.2,25.4,25.0,34.4
401829046,2025-11-26,Omaha,Florida International Panthers,A,61,74,56.5,42.7,7.1,32.4,36.4
401823346,2025-12-06,Florida International Panthers,Jacksonville,H,88,65,84.2,67.7,33.2,23.1,62.5
401823346,2025-12-06,Jacksonville,Florida International Panthers,A,65,88,61.6,43.8,16.2,43.2,21.9
401809422,2025-12-16,Florida International Panthers,Miami,A,81,98,80.0,53.2,23.8,35.3,33.3
401809422,2025-12-16,Miami,Florida International Panthers,H,98,81,84.7,58.5,23.6,44.1,47.7
401812363,2025-12-20,Florida International Panthers,Long Island University,H,86,79,84.4,57.4,27.3,34.4,39.3
401812363,2025-12-20,Long Island University,Florida International Panthers,A,79,86,80.1,51.5,30.0,45.0,25.8
401829047,2025-12-22,Florida International Panthers,Trinity College of Jacksonville,H,121,70,105.6,62.5,28.4,44.7,46.1
401829047,2025-12-22,Trinity College of Jacksonville,Florida International Panthers,A,70,121,80.9,39.2,16.1,19.1,38.5
401804831,2025-12-28,Florida International Panthers,Liberty,H,94,97,76.9,53.4,16.9,50.0,31.5
401804831,2025-12-28,Liberty,Florida International Panthers,A,97,94,80.6,61.6,18.6,30.6,23.2
401804855,2026-01-02,Florida International Panthers,New Mexico State,H,89,74,78.3,59.3,26.8,41.2,44.1
401804855,2026-01-02,New Mexico State,Florida International Panthers,A,74,89,71.7,57.9,20.9,20.0,21.1
401804862,2026-01-04,Florida International Panthers,UTEP,H,76,64,67.8,53.6,19.2,39.4,49.1
401804862,2026-01-04,UTEP,Florida International Panthers,A,64,76,63.7,43.5,14.1,31.7,19.4
401804867,2026-01-07,Florida International Panthers,Jacksonville State,A,64,71,73.0,49.0,27.4,17.9,38.8
401804867,2026-01-07,Jacksonville State,Florida International Panthers,H,71,64,61.5,57.1,21.1,38.5,40.8
401804876,2026-01-10,Florida International Panthers,Missouri State,A,71,79,83.0,47.6,27.7,30.0,30.2
401804876,2026-01-10,Missouri State,Florida International Panthers,H,79,71,65.7,56.6,15.2,36.4,58.5
401826708,2025-11-18,Florida State Seminoles,UT Martin,H,87,73,100.9,51.4,32.7,33.3,31.9
401826708,2025-11-18,UT Martin,Florida State Seminoles,A,73,87,55.0,54.8,7.3,36.7,40.4
401826709,2025-11-21,Florida State Seminoles,Georgia Southern,H,98,72,87.8,55.6,17.1,28.6,40.8
401826709,2025-11-21,Georgia Southern,Florida State Seminoles,A,72,98,76.4,40.5,14.4,20.9,38.1
401826710,2025-11-28,Florida State Seminoles,Texas A&M*,H,59,95,68.1,34.9,10.3,34.5,23.3
401826710,2025-11-28,Texas A&M*,Florida State Seminoles,A,95,59,78.9,55.1,26.6,52.4,36.8
401806369,2025-12-02,Florida State Seminoles,Georgia,H,73,107,78.5,45.1,15.3,28.3,25.4
401806369,2025-12-02,Georgia,Florida State Seminoles,A,107,73,83.0,65.0,21.7,51.7,30.0
401824813,2025-12-06,Florida State Seminoles,8Houston*,H,67,82,75.3,57.7,23.9,36.4,13.8
401824813,2025-12-06,8Houston*,Florida State Seminoles,A,82,67,68.5,47.4,27.7,41.0,31.6
401826711,2025-12-13,Florida State Seminoles,Massachusetts*,H,95,103,79.9,52.8,15.0,37.5,31.9
401826711,2025-12-13,Massachusetts*,Florida State Seminoles,A,103,95,87.0,62.0,20.7,33.3,29.6
401826712,2025-12-19,Florida State Seminoles,Mississippi Valley State,H,96,49,96.4,55.8,32.2,40.5,34.8
401826712,2025-12-19,Mississippi Valley State,Florida State Seminoles,A,49,96,52.5,39.4,7.6,26.5,46.8
401823350,2025-12-22,Florida State Seminoles,Jacksonville,H,87,63,64.3,54.9,10.9,45.7,42.6
401823350,2025-12-22,Jacksonville,Florida State Seminoles,A,63,87,61.6,44.2,6.5,24.3,23.3
401820639,2025-12-30,Florida State Seminoles,12North Carolina,A,66,79,61.6,43.9,1.6,27.9,21.2
401820639,2025-12-30,12North Carolina,Florida State Seminoles,H,79,66,72.5,47.8,15.2,39.0,29.4
401820658,2026-01-10,Florida State Seminoles,NC State,H,69,113,70.8,43.8,9.9,15.4,51.8
401820658,2026-01-10,NC State,Florida State Seminoles,A,113,69,91.9,68.8,25.0,36.7,33.3
401822165,2025-11-04,Fordham Rams,NJIT,H,61,72,67.5,37.3,16.3,40.4,26.9
401822165,2025-11-04,NJIT,Fordham Rams,A,72,61,59.8,57.6,10.0,25.7,13.6
401822166,2025-11-07,Fordham Rams,Mount Saint Mary (NY),H,106,37,97.1,59.5,37.1,69.4,19.0
401822166,2025-11-07,Mount Saint Mary (NY),Fordham Rams,A,37,106,61.1,26.6,16.4,9.8,36.2
401822167,2025-11-11,Fordham Rams,Wagner,H,63,61,69.0,45.3,21.7,25.7,39.6
401822167,2025-11-11,Wagner,Fordham Rams,A,61,63,55.9,49.2,12.5,34.2,10.2
401822168,2025-11-14,Fordham Rams,Iona,A,71,76,68.8,44.0,13.1,43.2,10.7
401822168,2025-11-14,Iona,Fordham Rams,H,76,71,74.5,55.9,17.4,17.1,30.5
401822169,2025-11-16,Fordham Rams,Manhattanville,H,96,62,91.2,61.3,28.5,33.3,18.3
401822169,2025-11-16,Manhattanville,Fordham Rams,A,62,96,82.1,42.6,18.3,2.4,24.6
401812355,2025-11-20,Fordham Rams,Long Island University,H,69,53,69.1,50.0,18.8,30.6,25.0
401812355,2025-11-20,Long Island University,Fordham Rams,A,53,69,56.4,33.7,3.5,23.1,46.2
401830741,2025-11-28,Fordham Rams,Franklin Pierce*,H,74,72,85.6,51.5,26.9,23.8,24.6
401830741,2025-11-28,Franklin Pierce*,Fordham Rams,A,72,74,70.8,54.8,18.3,21.9,9.7
401828270,2025-11-29,Fordham Rams,UAlbany*,H,88,68,64.0,69.8,17.2,40.0,39.6
401828270,2025-11-29,UAlbany*,Fordham Rams,A,68,88,74.2,41.4,20.2,40.5,18.6
401812668,2025-12-06,Fordham Rams,Holy Cross,H,69,70,63.0,56.0,15.9,21.4,38.0
401812668,2025-12-06,Holy Cross,Fordham Rams,A,70,69,65.4,53.0,18.3,24.2,48.0
401822170,2025-12-13,Fordham Rams,Manhattan,H,82,53,60.9,59.8,13.1,50.0,6.1
401822170,2025-12-13,Manhattan,Fordham Rams,A,53,82,62.3,37.9,9.6,15.8,15.5
401822171,2025-12-22,Fordham Rams,New Haven,H,65,47,63.8,55.7,25.1,33.3,15.1
401822171,2025-12-22,New Haven,Fordham Rams,A,47,65,58.0,42.6,15.5,17.1,3.7
401828355,2026-01-04,Fordham Rams,Richmond,H,75,83,54.4,51.8,7.4,51.4,42.1
401828355,2026-01-04,Richmond,Fordham Rams,A,83,75,78.5,60.5,25.5,21.9,31.6
401828359,2026-01-07,Fordham Rams,George Mason,H,58,67,63.8,38.8,17.3,40.4,14.9
401828359,2026-01-07,George Mason,Fordham Rams,A,67,58,68.3,49.0,20.5,21.4,54.2
401828364,2026-01-10,Fordham Rams,St. Bonaventure,A,81,77,75.5,55.2,22.5,28.6,31.0
401828364,2026-01-10,St. Bonaventure,Fordham Rams,H,77,81,68.8,57.6,20.4,31.0,16.9
401828922,2025-11-03,Fresno State Bulldogs,Fresno Pacific,H,88,51,72.3,63.4,20.7,44.4,50.0
401828922,2025-11-03,Fresno Pacific,Fresno State Bulldogs,A,51,88,65.5,31.7,12.2,23.9,30.0
401827058,2025-11-05,Fresno State Bulldogs,South Carolina Upstate,H,66,67,71.5,41.1,18.2,32.6,35.5
401827058,2025-11-05,South Carolina Upstate,Fresno State Bulldogs,A,67,66,61.1,56.0,19.6,30.0,34.0
401823305,2025-11-08,Fresno State Bulldogs,Long Beach State,H,82,62,79.3,58.7,30.3,35.7,53.8
401823305,2025-11-08,Long Beach State,Fresno State Bulldogs,A,62,82,58.9,41.5,5.1,22.2,43.4
401826908,2025-11-12,Fresno State Bulldogs,UC San Diego,H,73,78,84.0,48.3,33.3,35.1,35.6
401826908,2025-11-12,UC San Diego,Fresno State Bulldogs,A,78,73,65.2,60.0,16.9,34.3,21.7
401826948,2025-11-15,Fresno State Bulldogs,Utah Valley,H,75,74,73.5,65.2,27.2,12.0,47.8
401826948,2025-11-15,Utah Valley,Fresno State Bulldogs,A,74,75,79.3,59.0,29.0,21.9,56.0
401828923,2025-11-18,Fresno State Bulldogs,Stephen F. Austin,H,80,78,76.0,63.9,28.9,32.1,35.2
401828923,2025-11-18,Stephen F. Austin,Fresno State Bulldogs,A,78,80,76.8,51.4,26.0,45.2,8.2
401808895,2025-11-21,Fresno State Bulldogs,New Orleans,H,85,76,78.3,55.3,21.7,27.3,49.1
401808895,2025-11-21,New Orleans,Fresno State Bulldogs,A,76,85,69.7,48.3,12.9,30.8,53.4
401824072,2025-11-26,Fresno State Bulldogs,Pepperdine*,H,76,53,89.8,55.5,31.2,21.9,15.6
401824072,2025-11-26,Pepperdine*,Fresno State Bulldogs,A,53,76,57.8,35.9,10.4,40.5,15.6
401828924,2025-12-20,Fresno State Bulldogs,UNLV,A,72,84,74.2,48.4,22.9,33.3,20.3
401828924,2025-12-20,UNLV,Fresno State Bulldogs,H,84,72,69.5,66.3,20.2,18.2,44.9
401827914,2025-12-30,Fresno State Bulldogs,Utah State,H,63,72,76.5,38.8,23.5,24.4,37.9
401827914,2025-12-30,Utah State,Fresno State Bulldogs,A,72,63,73.5,51.8,24.5,29.4,40.0
401828925,2026-01-03,Fresno State Bulldogs,Nevada,H,65,66,59.2,51.9,16.9,33.3,20.4
401828925,2026-01-03,Nevada,Fresno State Bulldogs,A,66,65,74.5,48.2,25.5,25.7,32.1
401828926,2026-01-06,Fresno State Bulldogs,San José State,A,70,55,67.7,57.7,29.6,42.3,26.9
401828926,2026-01-06,San José State,Fresno State Bulldogs,H,55,70,65.3,45.5,19.9,17.6,12.7
401823773,2026-01-10,Fresno State Bulldogs,San Diego State,A,52,71,63.3,38.1,9.5,12.5,11.9
401823773,2026-01-10,San Diego State,Fresno State Bulldogs,H,71,52,75.7,44.3,17.2,30.2,17.1
401824867,2025-11-03,Furman Paladins,High Point*,H,71,97,92.1,64.5,27.1,25.7,21.7
401824867,2025-11-03,High Point*,Furman Paladins,A,97,71,54.0,50.0,5.6,44.1,33.3
401824868,2025-11-07,Furman Paladins,Troy,H,61,64,61.7,47.3,16.2,28.6,21.4
401824868,2025-11-07,Troy,Furman Paladins,A,64,61,76.2,49.1,28.9,23.5,23.2
401824869,2025-11-10,Furman Paladins,Columbia International,H,89,59,79.9,52.1,25.0,48.8,32.9
401824869,2025-11-10,Columbia International,Furman Paladins,A,59,89,67.1,45.2,17.9,11.8,28.8
401820543,2025-11-14,Furman Paladins,Northern Iowa,A,54,70,64.2,42.9,17.1,22.2,19.6
401820543,2025-11-14,Northern Iowa,Furman Paladins,H,70,54,68.1,51.9,19.1,21.9,31.5
401824870,2025-11-19,Furman Paladins,Ohio Christian,H,79,44,63.1,59.8,22.2,54.3,24.6
401824870,2025-11-19,Ohio Christian,Furman Paladins,A,44,79,60.2,36.1,13.3,17.1,20.4
401823494,2025-11-23,Furman Paladins,Queens University,H,90,79,64.0,63.3,7.8,36.7,35.0
401823494,2025-11-23,Queens University,Furman Paladins,A,79,90,66.1,55.1,10.6,24.2,28.8
401809397,2025-11-27,Furman Paladins,Richmond*,H,73,72,70.0,59.3,25.7,35.3,38.9
401809397,2025-11-27,Richmond*,Furman Paladins,A,72,73,61.1,48.3,13.1,38.9,28.8
401830916,2025-11-28,Furman Paladins,Illinois State*,H,65,72,69.5,52.6,18.7,27.3,31.6
401830916,2025-11-28,Illinois State*,Furman Paladins,A,72,65,69.2,53.6,21.7,18.8,20.0
401812609,2025-12-06,Furman Paladins,Harvard,H,79,69,59.5,64.3,11.8,26.1,40.8
401812609,2025-12-06,Harvard,Furman Paladins,A,69,79,70.2,50.8,15.7,22.9,17.7
401824872,2025-12-09,Furman Paladins,Bob Jones,H,105,57,91.0,66.7,28.6,43.3,27.5
401824872,2025-12-09,Bob Jones,Furman Paladins,A,57,105,61.8,41.5,8.1,17.5,16.9
401823862,2025-12-18,Furman Paladins,Manhattan,A,75,68,66.7,58.3,21.0,38.9,23.3
401823862,2025-12-18,Manhattan,Furman Paladins,H,68,75,71.6,44.5,19.6,33.3,25.0
401809223,2025-12-31,Furman Paladins,Mercer,H,74,72,65.5,51.7,13.8,36.1,37.3
401809223,2025-12-31,Mercer,Furman Paladins,A,72,74,75.3,46.4,19.9,33.3,12.9
401809229,2026-01-03,Furman Paladins,Western Carolina,H,77,80,75.1,53.1,17.3,26.2,26.2
401809229,2026-01-03,Western Carolina,Furman Paladins,A,80,77,74.6,51.5,21.4,41.5,23.5
401809320,2026-01-10,Furman Paladins,VMI,H,69,48,67.5,52.7,31.1,48.6,32.1
401809320,2026-01-10,VMI,Furman Paladins,A,48,69,74.2,34.8,33.7,30.2,23.2
401826967,2025-11-03,Gardner-Webb Runnin' Bulldogs,Minnesota,A,60,87,71.8,38.6,18.1,25.0,47.4
401826967,2025-11-03,Minnesota,Gardner-Webb Runnin' Bulldogs,H,87,60,78.2,60.9,26.8,37.5,54.5
401826968,2025-11-10,Gardner-Webb Runnin' Bulldogs,North Greenville,H,81,92,85.4,49.2,21.1,20.0,37.5
401826968,2025-11-10,North Greenville,Gardner-Webb Runnin' Bulldogs,A,92,81,64.0,69.3,10.9,31.0,33.3
401817176,2025-11-22,Gardner-Webb Runnin' Bulldogs,Richmond,A,67,102,66.2,50.8,13.6,18.4,18.6
401817176,2025-11-22,Richmond,Gardner-Webb Runnin' Bulldogs,H,102,67,87.5,61.0,24.0,39.5,24.7
401820153,2025-11-26,Gardner-Webb Runnin' Bulldogs,Navy*,H,51,84,60.7,41.2,16.5,18.2,23.5
401820153,2025-11-26,Navy*,Gardner-Webb Runnin' Bulldogs,A,84,51,73.5,60.5,28.6,43.3,31.6
401823592,2025-11-28,Gardner-Webb Runnin' Bulldogs,SE Louisiana*,H,68,76,57.9,55.6,12.1,20.7,55.6
401823592,2025-11-28,SE Louisiana*,Gardner-Webb Runnin' Bulldogs,A,76,68,73.2,45.5,17.8,30.6,57.1
401823593,2025-11-29,Gardner-Webb Runnin' Bulldogs,UNC Wilmington,A,62,88,65.2,44.8,13.8,20.0,22.4
401823593,2025-11-29,UNC Wilmington,Gardner-Webb Runnin' Bulldogs,H,88,62,84.2,62.5,27.3,25.0,17.2
401823495,2025-12-03,Gardner-Webb Runnin' Bulldogs,Queens University,A,74,107,69.5,40.8,11.5,38.3,25.4
401823495,2025-12-03,Queens University,Gardner-Webb Runnin' Bulldogs,H,107,74,79.1,72.4,16.4,30.0,25.4
401826970,2025-12-06,Gardner-Webb Runnin' Bulldogs,Georgia Southern,H,84,88,68.3,56.5,11.7,24.1,51.9
401826970,2025-12-06,Georgia Southern,Gardner-Webb Runnin' Bulldogs,A,88,84,85.3,56.6,22.3,22.9,45.9
401826971,2025-12-12,Gardner-Webb Runnin' Bulldogs,Brevard,H,77,63,76.0,54.2,22.4,33.3,35.0
401826971,2025-12-12,Brevard,Gardner-Webb Runnin' Bulldogs,A,63,77,74.2,50.9,24.3,10.0,20.4
401826972,2025-12-15,Gardner-Webb Runnin' Bulldogs,Wofford,H,57,83,60.1,42.0,10.0,12.5,34.0
401826972,2025-12-15,Wofford,Gardner-Webb Runnin' Bulldogs,A,83,57,74.5,53.0,22.8,48.6,30.3
401826973,2025-12-18,Gardner-Webb Runnin' Bulldogs,Toccoa Falls,H,105,65,85.0,68.2,24.7,44.4,31.8
401826973,2025-12-18,Toccoa Falls,Gardner-Webb Runnin' Bulldogs,A,65,105,69.4,42.0,14.4,21.1,42.9
401826974,2025-12-21,Gardner-Webb Runnin' Bulldogs,20Tennessee,A,52,94,61.3,40.5,8.2,14.6,15.5
401826974,2025-12-21,20Tennessee,Gardner-Webb Runnin' Bulldogs,H,94,52,77.7,60.6,20.6,44.1,16.9
401823898,2026-01-03,Gardner-Webb Runnin' Bulldogs,Winthrop,A,77,88,69.0,57.9,11.6,13.9,33.3
401823898,2026-01-03,Winthrop,Gardner-Webb Runnin' Bulldogs,H,88,77,67.2,50.0,11.9,47.4,51.6
401823903,2026-01-07,Gardner-Webb Runnin' Bulldogs,High Point,A,49,104,62.9,37.9,9.5,18.2,9.7
401823903,2026-01-07,High Point,Gardner-Webb Runnin' Bulldogs,H,104,49,104.3,57.5,33.5,40.0,35.6
401826697,2025-11-03,George Mason Patriots,Wofford,H,70,46,71.6,52.7,23.7,26.7,29.1
401826697,2025-11-03,Wofford,George Mason Patriots,A,46,70,49.6,36.0,4.0,25.6,32.0
401826698,2025-11-07,George Mason Patriots,Winthrop,H,96,90,71.4,55.1,11.2,44.4,72.9
401826698,2025-11-07,Winthrop,George Mason Patriots,A,90,96,85.8,48.5,18.7,24.4,43.3
401826699,2025-11-11,George Mason Patriots,Catawba,H,86,62,70.7,69.5,31.1,50.0,80.5
401826699,2025-11-11,Catawba,George Mason Patriots,A,62,86,77.8,50.0,30.8,23.5,13.8
401826700,2025-11-15,George Mason Patriots,New Hampshire,H,61,44,66.8,37.0,21.0,36.8,50.0
401826700,2025-11-15,New Hampshire,George Mason Patriots,A,44,61,54.3,35.3,9.2,16.7,17.6
401823343,2025-11-18,George Mason Patriots,Jacksonville,H,79,57,79.6,66.3,35.2,32.0,81.4
401823343,2025-11-18,Jacksonville,George Mason Patriots,A,57,79,62.1,42.3,24.1,38.7,28.8
401826701,2025-11-24,George Mason Patriots,Ohio*,H,92,69,62.5,48.3,12.8,36.1,34.5
401826701,2025-11-24,Ohio*,George Mason Patriots,A,69,92,80.5,56.5,22.4,41.0,29.0
401826702,2025-11-29,George Mason Patriots,James Madison,H,82,66,64.1,61.4,10.9,16.0,81.8
401826702,2025-11-29,James Madison,George Mason Patriots,A,66,82,71.7,44.4,16.7,22.5,22.6
401817523,2025-12-06,George Mason Patriots,Virginia Tech,A,62,73,60.6,46.4,19.8,40.6,25.5
401817523,2025-12-06,Virginia Tech,George Mason Patriots,H,73,62,76.2,55.3,27.6,25.8,22.8
401826704,2025-12-13,George Mason Patriots,Old Dominion,H,73,61,76.7,44.6,19.6,23.7,55.4
401826704,2025-12-13,Old Dominion,George Mason Patriots,A,61,73,63.6,47.2,15.7,18.2,26.4
401820192,2025-12-21,George Mason Patriots,Loyola Maryland,H,86,79,70.2,52.7,14.3,36.4,60.7
401820192,2025-12-21,Loyola Maryland,George Mason Patriots,A,79,86,68.1,53.3,16.2,32.4,27.9
401812583,2025-12-28,George Mason Patriots,Pennsylvania,H,83,79,74.3,57.5,17.5,37.5,46.7
401812583,2025-12-28,Pennsylvania,George Mason Patriots,A,79,83,65.1,56.3,6.1,23.7,23.8
401828345,2025-12-31,George Mason Patriots,La Salle,A,80,75,70.3,52.7,12.8,24.2,50.0
401828345,2025-12-31,La Salle,George Mason Patriots,H,75,80,60.8,45.2,0.0,33.3,43.5
401828353,2026-01-03,George Mason Patriots,Rhode Island,H,61,50,65.3,52.3,19.9,13.3,59.1
401828353,2026-01-03,Rhode Island,George Mason Patriots,A,50,61,55.3,43.5,9.0,20.0,16.7
401828365,2026-01-10,George Mason Patriots,VCU,H,86,80,64.4,59.1,6.2,23.1,43.6
401828365,2026-01-10,VCU,George Mason Patriots,A,80,86,65.9,53.5,12.1,32.4,43.9
401817141,2025-11-03,George Washington Revolutionaries,Maine,H,67,47,67.1,47.5,23.9,47.1,28.8
401817141,2025-11-03,Maine,George Washington Revolutionaries,A,47,67,60.7,36.3,14.8,14.3,23.5
401817142,2025-11-08,George Washington Revolutionaries,South Florida*,H,99,95,75.5,62.7,15.9,34.4,74.5
401817142,2025-11-08,South Florida*,George Washington Revolutionaries,A,95,99,103.6,47.2,29.0,36.4,51.4
401817144,2025-11-15,George Washington Revolutionaries,Old Dominion,H,96,73,91.5,54.0,25.1,34.2,61.9
401817144,2025-11-15,Old Dominion,George Washington Revolutionaries,A,73,96,61.5,46.8,8.1,39.0,35.5
401817145,2025-11-19,George Washington Revolutionaries,UMBC,H,89,52,74.7,64.3,18.7,25.8,19.0
401817145,2025-11-19,UMBC,George Washington Revolutionaries,A,52,89,68.5,38.0,17.5,14.6,33.3
401808728,2025-11-23,George Washington Revolutionaries,McNeese*,H,86,92,56.2,57.4,10.7,54.5,55.6
401808728,2025-11-23,McNeese*,George Washington Revolutionaries,A,92,86,94.3,51.5,30.8,39.5,41.8
401817146,2025-11-24,George Washington Revolutionaries,Middle Tennessee*,H,92,79,67.9,57.5,13.2,18.5,43.4
401817146,2025-11-24,Middle Tennessee*,George Washington Revolutionaries,A,79,92,84.4,67.6,27.3,15.4,44.4
401817147,2025-11-25,George Washington Revolutionaries,Murray State*,H,95,96,81.7,56.6,18.4,29.4,54.1
401817147,2025-11-25,Murray State*,George Washington Revolutionaries,A,96,95,72.0,60.3,15.3,44.4,27.9
401817149,2025-12-06,George Washington Revolutionaries,William & Mary,H,99,86,82.4,57.1,18.2,40.0,34.3
401817149,2025-12-06,William & Mary,George Washington Revolutionaries,A,86,99,72.0,55.5,11.1,27.3,29.7
401817152,2025-12-22,George Washington Revolutionaries,St. Mary's (MD),H,97,40,96.1,60.6,32.2,37.1,21.1
401817152,2025-12-22,St. Mary's (MD),George Washington Revolutionaries,A,40,97,68.3,28.0,14.6,11.1,15.3
401828346,2025-12-31,George Washington Revolutionaries,Richmond,A,99,85,71.1,73.3,21.1,36.0,25.9
401828346,2025-12-31,Richmond,George Washington Revolutionaries,H,85,99,66.0,59.6,13.6,33.3,36.8
401828354,2026-01-03,George Washington Revolutionaries,La Salle,H,77,55,68.7,55.6,21.8,41.2,19.4
401828354,2026-01-03,La Salle,George Washington Revolutionaries,A,55,77,61.1,42.7,9.8,18.4,27.3
401828366,2026-01-10,George Washington Revolutionaries,Loyola Chicago,H,101,66,93.0,57.6,26.9,34.2,26.4
401828366,2026-01-10,Loyola Chicago,George Washington Revolutionaries,A,66,101,58.7,46.2,3.4,32.6,18.5
401813272,2025-11-03,Georgetown Hoyas,Morgan State,H,87,70,98.5,46.2,29.4,35.0,60.0
401813272,2025-11-03,Morgan State,Georgetown Hoyas,A,70,87,63.4,45.7,7.9,29.7,41.4
401822724,2025-11-07,Georgetown Hoyas,Maryland,A,70,60,69.7,44.3,18.6,28.2,58.5
401822724,2025-11-07,Maryland,Georgetown Hoyas,H,60,70,69.6,28.8,17.2,28.6,71.2
401822725,2025-11-22,Georgetown Hoyas,Wagner,H,92,75,91.3,54.0,28.5,28.6,45.2
401822725,2025-11-22,Wagner,Georgetown Hoyas,A,75,92,65.0,50.0,9.2,28.2,31.1
401830887,2025-11-28,Georgetown Hoyas,Miami*,H,65,78,77.4,41.5,31.0,40.5,40.7
401830887,2025-11-28,Miami*,Georgetown Hoyas,A,78,65,68.6,64.7,26.2,36.4,31.4
401822726,2025-12-03,Georgetown Hoyas,UMBC,H,90,81,74.8,64.8,17.4,24.1,15.6
401822726,2025-12-03,UMBC,Georgetown Hoyas,A,81,90,66.6,54.8,10.5,30.3,25.8
401817268,2025-12-07,Georgetown Hoyas,16North Carolina,A,61,81,74.7,36.1,10.7,22.4,16.7
401817268,2025-12-07,16North Carolina,Georgetown Hoyas,H,81,61,69.0,55.8,8.7,21.9,35.0
401822727,2025-12-13,Georgetown Hoyas,Saint Peter's,H,76,68,72.1,52.0,23.6,37.5,72.0
401822727,2025-12-13,Saint Peter's,Georgetown Hoyas,A,68,76,72.8,43.0,17.9,26.2,50.9
401822870,2025-12-17,Georgetown Hoyas,Marquette,A,78,69,65.9,50.0,16.7,43.8,39.7
401822870,2025-12-17,Marquette,Georgetown Hoyas,H,69,78,66.7,47.7,13.5,30.8,18.8
401822874,2025-12-20,Georgetown Hoyas,Xavier,H,77,80,73.4,45.6,10.9,27.9,75.4
401822874,2025-12-20,Xavier,Georgetown Hoyas,A,80,77,72.7,51.5,17.9,36.8,20.9
401822879,2025-12-31,Georgetown Hoyas,St. John's,H,83,95,66.9,53.3,13.4,38.9,37.7
401822879,2025-12-31,St. John's,Georgetown Hoyas,A,95,83,73.3,62.5,20.4,42.4,43.3
401822894,2026-01-10,Georgetown Hoyas,Seton Hall,H,67,76,69.0,39.5,15.9,34.1,33.9
401822894,2026-01-10,Seton Hall,Georgetown Hoyas,A,76,67,71.7,45.6,18.1,36.8,57.9
401823036,2025-11-05,Georgia Bulldogs,Maryland Eastern Shore,H,94,29,98.8,46.1,34.4,54.3,38.2
401823036,2025-11-05,Maryland Eastern Shore,Georgia Bulldogs,A,29,94,46.2,20.9,8.7,40.4,23.6
401828576,2025-11-09,Georgia Bulldogs,Morehead State,H,120,81,96.3,67.3,25.9,43.2,34.7
401828576,2025-11-09,Morehead State,Georgia Bulldogs,A,81,120,68.5,45.9,7.3,42.6,27.0
401826713,2025-11-14,Georgia Bulldogs,Georgia Tech,H,92,87,90.9,44.8,23.1,41.9,65.7
401826713,2025-11-14,Georgia Tech,Georgia Bulldogs,A,87,92,81.3,47.9,16.0,36.7,38.4
401809309,2025-11-21,Georgia Bulldogs,Xavier*,H,78,77,73.0,46.4,12.3,31.2,27.1
401809309,2025-11-21,Xavier*,Georgia Bulldogs,A,77,78,71.5,50.8,12.6,27.0,28.1
401826833,2025-11-29,Georgia Bulldogs,Tennessee Tech,H,123,81,99.8,68.7,23.1,33.3,38.7
401826833,2025-11-29,Tennessee Tech,Georgia Bulldogs,A,81,123,84.0,45.1,13.1,21.4,29.2
401826775,2025-12-18,Georgia Bulldogs,Western Carolina,H,112,82,93.0,68.6,25.8,31.0,67.8
401826775,2025-12-18,Western Carolina,Georgia Bulldogs,A,82,112,80.1,57.1,18.7,17.6,27.0
401825391,2025-12-22,Georgia Bulldogs,West Georgia,H,103,74,96.7,51.9,24.8,45.7,42.3
401825391,2025-12-22,West Georgia,Georgia Bulldogs,A,74,103,77.6,42.1,12.9,22.7,22.9
401812364,2025-12-29,Georgia Bulldogs,Long Island University,H,89,74,81.8,54.0,25.7,41.0,46.0
401812364,2025-12-29,Long Island University,Georgia Bulldogs,A,74,89,77.4,46.1,22.0,38.5,37.5
401808165,2026-01-10,Georgia Bulldogs,South Carolina,A,75,70,75.5,46.8,18.6,29.7,35.5
401808165,2026-01-10,South Carolina,Georgia Bulldogs,H,70,75,69.0,47.4,14.5,25.0,36.2
401829488,2025-11-08,Georgia Southern Eagles,UNC Asheville,H,93,90,95.5,50.0,25.1,28.6,60.0
401829488,2025-11-08,UNC Asheville,Georgia Southern Eagles,A,90,93,71.4,58.3,12.6,31.0,40.0
401829489,2025-11-14,Georgia Southern Eagles,Johnson C Smith,H,98,79,90.5,59.6,23.2,25.0,32.4
401829489,2025-11-14,Johnson C Smith,Georgia Southern Eagles,A,79,98,69.3,50.0,8.7,32.6,12.3
401826714,2025-11-18,Georgia Southern Eagles,Georgia Tech,A,66,68,70.1,43.3,15.7,32.6,22.4
401826714,2025-11-18,Georgia Tech,Georgia Southern Eagles,H,68,66,65.2,42.9,15.3,40.5,53.6
401829490,2025-11-24,Georgia Southern Eagles,Youngstown State*,H,61,67,64.5,52.9,24.8,35.5,35.3
401829490,2025-11-24,Youngstown State*,Georgia Southern Eagles,A,67,61,72.1,42.1,23.6,24.3,26.3
401829491,2025-11-25,Georgia Southern Eagles,UTSA*,H,64,77,71.0,37.5,12.7,27.3,67.9
401829491,2025-11-25,UTSA*,Georgia Southern Eagles,A,77,64,74.6,43.3,16.1,34.9,61.7
401828334,2025-11-29,Georgia Southern Eagles,Houston Christian,H,80,62,76.5,56.5,23.5,32.4,29.0
401828334,2025-11-29,Houston Christian,Georgia Southern Eagles,A,62,80,53.1,46.4,1.9,29.7,26.8
401826901,2025-12-03,Georgia Southern Eagles,Louisiana Tech,H,77,69,72.5,56.2,22.1,26.7,32.1
401826901,2025-12-03,Louisiana Tech,Georgia Southern Eagles,A,69,77,68.1,55.6,19.1,22.6,31.5
401829492,2025-12-11,Georgia Southern Eagles,Coastal Georgia,H,100,58,84.5,62.3,23.7,36.1,26.1
401829492,2025-12-11,Coastal Georgia,Georgia Southern Eagles,A,58,100,65.5,41.3,13.7,13.2,38.5
401825389,2025-12-13,Georgia Southern Eagles,West Georgia,A,91,85,89.9,56.2,30.0,35.1,35.4
401825389,2025-12-13,West Georgia,Georgia Southern Eagles,H,85,91,66.5,52.4,16.5,48.6,31.7
401808576,2025-12-18,Georgia Southern Eagles,Georgia State,H,90,67,87.6,46.8,30.8,44.2,55.6
401808576,2025-12-18,Georgia State,Georgia Southern Eagles,A,67,90,57.6,50.0,8.7,29.7,24.6
401808582,2025-12-20,Georgia Southern Eagles,James Madison,H,96,92,94.5,48.5,21.2,27.3,57.4
401808582,2025-12-20,James Madison,Georgia Southern Eagles,A,92,96,73.0,51.6,13.7,44.7,61.3
401808595,2026-01-03,Georgia Southern Eagles,Old Dominion,A,93,86,84.2,52.3,19.0,31.6,45.5
401808595,2026-01-03,Old Dominion,Georgia Southern Eagles,H,86,93,96.9,44.0,23.7,27.1,33.3
401808610,2026-01-10,Georgia Southern Eagles,South Alabama,A,71,87,80.5,43.8,21.1,23.9,34.4
401808610,2026-01-10,South Alabama,Georgia Southern Eagles,H,87,71,68.9,65.7,16.0,29.6,46.3
401826938,2025-11-10,Georgia State Panthers,Presbyterian,H,61,63,66.5,44.4,25.5,38.2,33.3
401826938,2025-11-10,Presbyterian,Georgia State Panthers,A,63,61,61.0,52.2,24.6,34.6,41.3
401829493,2025-11-13,Georgia State Panthers,Fort Valley State,H,90,56,77.9,53.6,16.7,38.5,33.3
401829493,2025-11-13,Fort Valley State,Georgia State Panthers,A,56,90,71.7,32.2,9.8,19.6,52.5
401829474,2025-11-21,Georgia State Panthers,South Dakota State,A,58,105,67.8,39.2,11.8,10.5,52.9
401829474,2025-11-21,South Dakota State,Georgia State Panthers,H,105,58,74.5,73.3,17.5,33.3,36.7
401829433,2025-11-25,Georgia State Panthers,Samford*,H,63,78,75.8,31.5,22.4,32.7,43.5
401829433,2025-11-25,Samford*,Georgia State Panthers,A,78,63,64.2,55.0,10.9,31.0,68.0
401820227,2025-11-26,Georgia State Panthers,New Mexico State*,H,58,77,80.7,44.1,19.8,39.1,18.4
401820227,2025-11-26,New Mexico State*,Georgia State Panthers,A,77,58,74.7,36.6,17.4,26.2,17.9
401823489,2025-12-02,Georgia State Panthers,Mercer,A,67,78,67.1,47.5,13.4,23.7,25.0
401823489,2025-12-02,Mercer,Georgia State Panthers,H,78,67,76.2,47.4,22.3,35.1,51.7
401828341,2025-12-06,Georgia State Panthers,Kennesaw State,A,69,92,91.7,31.4,21.8,25.5,47.1
401828341,2025-12-06,Kennesaw State,Georgia State Panthers,H,92,69,80.8,60.7,18.6,27.3,47.5
401828313,2025-12-13,Georgia State Panthers,Jacksonville State,H,77,73,65.2,48.1,10.7,28.1,61.5
401828313,2025-12-13,Jacksonville State,Georgia State Panthers,A,73,77,75.5,47.7,17.2,31.7,30.3
401829494,2025-12-28,Georgia State Panthers,Columbia College (SC),H,110,72,93.0,62.0,24.7,40.5,28.0
401829494,2025-12-28,Columbia College (SC),Georgia State Panthers,A,72,110,58.1,57.4,1.7,12.9,27.8
401808589,2025-12-31,Georgia State Panthers,Marshall,A,80,84,80.9,48.4,24.7,32.4,37.1
401808589,2025-12-31,Marshall,Georgia State Panthers,H,84,80,69.5,59.3,13.0,27.3,37.3
401808608,2026-01-10,Georgia State Panthers,Marshall,H,81,73,76.5,44.4,23.5,41.2,72.2
401808608,2026-01-10,Marshall,Georgia State Panthers,A,73,81,72.5,49.2,20.7,37.8,36.1
401820296,2025-11-03,Georgia Tech Yellow Jackets,Maryland Eastern Shore,H,56,52,74.5,39.2,24.1,27.9,30.0
401820296,2025-11-03,Maryland Eastern Shore,Georgia Tech Yellow Jackets,A,52,56,64.2,41.1,20.2,26.3,19.6
401808950,2025-11-10,Georgia Tech Yellow Jackets,SE Louisiana,H,70,60,77.3,50.0,29.7,30.0,51.0
401808950,2025-11-10,SE Louisiana,Georgia Tech Yellow Jackets,A,60,70,68.1,40.0,14.7,23.1,25.0
401825386,2025-11-23,Georgia Tech Yellow Jackets,West Georgia,H,82,66,66.0,58.2,12.1,37.5,31.1
401825386,2025-11-23,West Georgia,Georgia Tech Yellow Jackets,A,66,82,77.1,44.5,16.9,18.2,26.6
401806377,2025-12-03,Georgia Tech Yellow Jackets,Mississippi State,H,73,85,82.5,39.0,15.8,30.9,26.0
401806377,2025-12-03,Mississippi State,Georgia Tech Yellow Jackets,A,85,73,67.5,55.7,7.4,26.5,36.1
401824865,2025-12-06,Georgia Tech Yellow Jackets,Monmouth,H,79,67,65.3,53.7,13.8,33.3,48.1
401824865,2025-12-06,Monmouth,Georgia Tech Yellow Jackets,A,67,79,77.1,39.0,16.9,33.3,20.5
401813326,2025-12-16,Georgia Tech Yellow Jackets,Marist,H,87,76,72.1,64.9,23.6,41.7,29.8
401813326,2025-12-16,Marist,Georgia Tech Yellow Jackets,A,76,87,76.7,55.6,26.1,32.4,22.6
401826755,2025-12-20,Georgia Tech Yellow Jackets,Lafayette,H,95,81,75.2,57.5,17.3,37.5,50.0
401826755,2025-12-20,Lafayette,Georgia Tech Yellow Jackets,A,81,95,77.0,53.3,18.2,22.9,34.4
401820653,2026-01-06,Georgia Tech Yellow Jackets,Syracuse,H,72,82,76.3,42.2,14.4,26.8,40.6
401820653,2026-01-06,Syracuse,Georgia Tech Yellow Jackets,A,82,72,73.7,48.4,16.3,37.8,50.8
401820660,2026-01-10,Georgia Tech Yellow Jackets,Miami,A,81,91,77.8,50.9,20.6,25.8,47.4
401820660,2026-01-10,Miami,Georgia Tech Yellow Jackets,H,91,81,83.2,60.3,21.6,25.0,55.2
401824031,2025-11-03,Gonzaga Bulldogs,Texas Southern,H,98,43,78.0,58.7,23.1,55.9,30.4
401824031,2025-11-03,Texas Southern,Gonzaga Bulldogs,A,43,98,62.1,28.0,11.3,24.5,28.8
401824032,2025-11-08,Gonzaga Bulldogs,Oklahoma,H,83,68,72.2,49.4,8.3,36.7,13.9
401824032,2025-11-08,Oklahoma,Gonzaga Bulldogs,A,68,83,67.5,44.8,13.3,22.2,31.0
401823542,2025-11-17,Gonzaga Bulldogs,Southern Utah,H,122,50,99.5,73.6,27.1,34.6,27.8
401823542,2025-11-17,Southern Utah,Gonzaga Bulldogs,A,50,122,65.1,32.8,9.2,20.5,24.6
401824033,2025-11-25,Gonzaga Bulldogs,Maryland*,H,100,61,90.1,68.8,35.5,46.4,23.4
401824033,2025-11-25,Maryland*,Gonzaga Bulldogs,A,61,100,60.9,40.9,14.8,35.0,41.8
401831214,2025-11-26,Gonzaga Bulldogs,7Michigan*,H,61,101,82.9,70.8,19.3,16.1,41.7
401831214,2025-11-26,7Michigan*,Gonzaga Bulldogs,A,101,61,74.1,35.8,6.7,23.5,20.3
401824034,2025-12-05,Gonzaga Bulldogs,18Kentucky*,H,94,59,68.3,32.5,11.7,26.7,43.3
401824034,2025-12-05,18Kentucky*,Gonzaga Bulldogs,A,59,94,70.6,64.3,14.2,34.5,25.4
401823448,2025-12-07,Gonzaga Bulldogs,North Florida,H,109,58,91.5,68.6,28.4,41.9,25.7
401823448,2025-12-07,North Florida,Gonzaga Bulldogs,A,58,109,69.2,41.7,14.5,16.7,21.7
401813763,2025-12-13,Gonzaga Bulldogs,25UCLA*,H,82,72,80.2,55.4,26.2,34.3,57.1
401813763,2025-12-13,25UCLA*,Gonzaga Bulldogs,A,72,82,61.0,55.9,11.5,20.0,37.3
401824036,2025-12-21,Gonzaga Bulldogs,Oregon*,H,91,82,61.2,57.5,6.5,29.0,21.7
401824036,2025-12-21,Oregon*,Gonzaga Bulldogs,A,82,91,81.3,54.8,23.4,35.1,45.2
401829163,2025-12-28,Gonzaga Bulldogs,Pepperdine,A,96,56,87.0,61.2,27.6,38.2,28.4
401829163,2025-12-28,Pepperdine,Gonzaga Bulldogs,H,56,96,66.5,38.4,16.5,24.4,35.7
401829169,2025-12-30,Gonzaga Bulldogs,San Diego,A,99,93,78.4,62.3,16.6,41.7,34.8
401829169,2025-12-30,San Diego,Gonzaga Bulldogs,H,93,99,92.9,61.9,26.9,17.1,36.5
401829180,2026-01-02,Gonzaga Bulldogs,Seattle U,H,80,72,73.9,52.5,14.9,23.5,42.4
401829180,2026-01-02,Seattle U,Gonzaga Bulldogs,A,72,80,79.7,44.4,21.3,31.9,16.7
401829181,2026-01-04,Gonzaga Bulldogs,Loyola Marymount,H,82,47,78.8,58.2,22.9,32.4,14.9
401829181,2026-01-04,Loyola Marymount,Gonzaga Bulldogs,A,47,82,66.3,34.9,15.1,22.2,11.1
401829190,2026-01-08,Gonzaga Bulldogs,Santa Clara,H,89,77,80.0,62.7,26.3,35.7,35.6
401829190,2026-01-08,Santa Clara,Gonzaga Bulldogs,A,77,89,77.6,48.5,23.2,34.2,24.6
401827087,2025-11-03,Grambling Tigers,Huston-Tillotson,H,91,47,85.2,50.0,21.1,37.5,47.8
401827087,2025-11-03,Huston-Tillotson,Grambling Tigers,A,47,91,74.0,35.5,25.7,20.9,34.5
401819871,2025-11-06,Grambling Tigers,16Iowa State,A,62,102,66.9,46.9,17.9,15.6,46.9
401819871,2025-11-06,16Iowa State,Grambling Tigers,H,102,62,90.8,63.6,29.7,44.4,43.9
401827088,2025-11-09,Grambling Tigers,Howard,A,73,70,67.0,61.2,28.3,37.0,38.8
401827088,2025-11-09,Howard,Grambling Tigers,H,70,73,66.6,59.4,31.5,43.5,33.3
401827089,2025-11-13,Grambling Tigers,Southern Miss,H,75,70,67.6,63.0,22.2,20.8,32.0
401827089,2025-11-13,Southern Miss,Grambling Tigers,A,70,75,78.8,41.3,25.4,43.9,46.0
401824111,2025-11-18,Grambling Tigers,San Diego,A,68,78,70.7,41.7,17.0,38.1,51.7
401824111,2025-11-18,San Diego,Grambling Tigers,H,78,68,74.2,44.3,21.6,30.3,60.4
401826045,2025-11-24,Grambling Tigers,UC Riverside,A,74,83,68.7,48.1,11.6,22.9,62.3
401826045,2025-11-24,UC Riverside,Grambling Tigers,H,83,74,68.7,62.8,18.9,24.0,66.0
401826845,2025-12-02,Grambling Tigers,Tulane,A,63,65,57.5,51.0,15.7,32.1,41.7
401826845,2025-12-02,Tulane,Grambling Tigers,H,65,63,65.0,45.4,18.5,31.4,38.9
401827090,2025-12-08,Grambling Tigers,Southern Miss,A,60,68,59.9,44.1,21.7,42.1,49.0
401827090,2025-12-08,Southern Miss,Grambling Tigers,H,68,60,71.7,50.9,26.5,34.5,25.0
401827092,2025-12-18,Grambling Tigers,Norfolk State*,H,80,68,81.5,56.2,20.9,6.7,39.3
401827092,2025-12-18,Norfolk State*,Grambling Tigers,A,68,80,72.9,43.2,15.1,34.0,37.9
401827091,2025-12-19,Grambling Tigers,Hampton*,H,81,72,73.9,50.9,31.1,41.9,43.4
401827091,2025-12-19,Hampton*,Grambling Tigers,A,72,81,76.2,61.7,31.5,36.0,63.8
401827093,2025-12-23,Grambling Tigers,Ohio State,A,63,89,64.9,44.2,20.0,33.3,44.2
401827093,2025-12-23,Ohio State,Grambling Tigers,H,89,63,81.9,68.0,35.4,42.9,50.0
401827094,2025-12-30,Grambling Tigers,Centenary (LA),H,90,58,86.0,54.5,26.8,37.8,31.3
401827094,2025-12-30,Centenary (LA),Grambling Tigers,A,58,90,72.1,41.1,19.4,13.5,26.8
401827047,2026-01-03,Grambling Tigers,Prairie View A&M,H,76,72,75.6,54.1,27.8,33.3,71.4
401827047,2026-01-03,Prairie View A&M,Grambling Tigers,A,72,76,71.8,44.7,20.9,34.2,47.4
401827095,2026-01-05,Grambling Tigers,Texas Southern,H,84,67,78.8,60.0,29.2,42.9,49.1
401827095,2026-01-05,Texas Southern,Grambling Tigers,A,67,84,68.7,47.5,18.9,30.0,20.3
401823391,2025-11-03,Grand Canyon Lopes,Purdue Fort Wayne,H,90,71,73.5,65.8,19.0,25.0,35.1
401823391,2025-11-03,Purdue Fort Wayne,Grand Canyon Lopes,A,71,90,79.8,48.4,21.3,15.8,15.6
401823002,2025-11-07,Grand Canyon Lopes,Youngstown State,H,81,90,67.5,50.0,10.4,44.4,33.3
401823002,2025-11-07,Youngstown State,Grand Canyon Lopes,A,90,81,80.2,58.9,22.4,25.8,53.6
401823462,2025-11-10,Grand Canyon Lopes,Northern Illinois,H,88,59,89.0,57.4,37.1,53.8,31.1
401823462,2025-11-10,Northern Illinois,Grand Canyon Lopes,A,59,88,64.0,42.9,18.8,22.6,42.9
401817185,2025-11-15,Grand Canyon Lopes,Saint Louis,A,64,78,83.5,33.6,25.2,30.0,32.8
401817185,2025-11-15,Saint Louis,Grand Canyon Lopes,H,78,64,67.1,54.2,14.9,29.4,28.8
401823788,2025-11-21,Grand Canyon Lopes,Northwestern State,H,85,72,65.5,56.1,15.3,46.2,79.6
401823788,2025-11-21,Northwestern State,Grand Canyon Lopes,A,72,85,72.4,53.8,16.6,9.4,46.2
401819910,2025-11-25,Grand Canyon Lopes,Utah*,H,68,58,80.2,39.7,21.2,23.8,55.2
401819910,2025-11-25,Utah*,Grand Canyon Lopes,A,58,68,51.5,46.1,0.0,25.8,35.3
401830744,2025-11-26,Grand Canyon Lopes,Iowa*,H,46,59,53.3,46.4,20.6,15.4,21.4
401830744,2025-11-26,Iowa*,Grand Canyon Lopes,A,59,46,69.5,46.8,31.7,33.3,46.8
401823789,2025-12-02,Grand Canyon Lopes,Stetson,H,67,45,70.9,48.1,25.4,32.4,43.4
401823789,2025-12-02,Stetson,Grand Canyon Lopes,A,45,67,60.8,38.7,19.8,23.7,18.9
401813293,2025-12-06,Grand Canyon Lopes,Oklahoma State*,H,78,84,77.2,51.5,22.0,35.0,19.1
401813293,2025-12-06,Oklahoma State*,Grand Canyon Lopes,A,84,78,68.3,61.5,13.2,23.1,53.8
401823791,2025-12-20,Grand Canyon Lopes,Wyoming,A,82,70,75.6,64.8,25.1,18.2,79.5
401823791,2025-12-20,Wyoming,Grand Canyon Lopes,H,70,82,79.2,39.8,21.5,28.2,50.8
401823380,2025-12-22,Grand Canyon Lopes,IU Indianapolis,H,91,78,78.2,57.0,24.3,42.9,52.6
401823380,2025-12-22,IU Indianapolis,Grand Canyon Lopes,A,78,91,79.1,53.9,22.7,30.3,23.4
401823794,2026-01-10,Grand Canyon Lopes,San José State,H,76,58,77.5,53.5,27.1,33.3,31.6
401823794,2026-01-10,San José State,Grand Canyon Lopes,A,58,76,68.5,42.3,19.0,22.6,42.3
401819882,2025-11-03,Green Bay Phoenix,19Kansas,A,51,94,59.5,35.7,3.4,16.7,32.1
401819882,2025-11-03,19Kansas,Green Bay Phoenix,H,94,51,77.4,65.5,22.0,32.1,41.4
401828476,2025-11-10,Green Bay Phoenix,Ripon,H,83,63,79.7,57.3,21.3,24.2,60.0
401828476,2025-11-10,Ripon,Green Bay Phoenix,A,63,83,60.6,44.3,4.9,23.3,23.0
401828477,2025-11-13,Green Bay Phoenix,St. Thomas-Minnesota,A,61,80,64.7,47.3,15.5,22.2,25.0
401828477,2025-11-13,St. Thomas-Minnesota,Green Bay Phoenix,H,80,61,83.8,59.2,26.3,9.7,16.7
401827235,2025-11-15,Green Bay Phoenix,Minnesota,A,65,72,68.4,46.3,14.6,18.9,44.4
401827235,2025-11-15,Minnesota,Green Bay Phoenix,H,72,65,77.5,47.3,19.3,26.8,70.9
401818301,2025-11-21,Green Bay Phoenix,Yale*,H,67,73,62.0,57.8,16.1,28.6,37.3
401818301,2025-11-21,Yale*,Green Bay Phoenix,A,73,67,66.4,47.3,18.1,34.3,43.6
401831206,2025-11-22,Green Bay Phoenix,Massachusetts*,H,79,75,64.3,48.2,9.3,34.6,47.3
401831206,2025-11-22,Massachusetts*,Green Bay Phoenix,A,75,79,63.6,52.0,7.9,25.0,71.4
401831210,2025-11-24,Green Bay Phoenix,Iona*,H,80,75,67.0,49.2,11.9,31.6,30.6
401831210,2025-11-24,Iona*,Green Bay Phoenix,A,75,80,73.3,46.9,13.6,30.2,40.6
401828478,2025-11-29,Green Bay Phoenix,Haskell,H,95,55,87.1,62.9,31.0,43.8,25.8
401828478,2025-11-29,Haskell,Green Bay Phoenix,A,55,95,66.7,39.8,15.0,10.5,25.9
401817505,2025-12-04,Green Bay Phoenix,Robert Morris,H,78,80,70.7,57.6,19.8,16.0,67.4
401817505,2025-12-04,Robert Morris,Green Bay Phoenix,A,80,78,70.5,54.8,19.8,41.2,29.0
401817510,2025-12-07,Green Bay Phoenix,Wright State,A,58,86,55.5,46.9,10.8,23.3,37.5
401817510,2025-12-07,Wright State,Green Bay Phoenix,H,86,58,74.9,56.9,20.0,31.2,43.1
401817511,2025-12-11,Green Bay Phoenix,IU Indianapolis,A,85,75,72.7,56.7,19.3,25.8,59.6
401817511,2025-12-11,IU Indianapolis,Green Bay Phoenix,H,75,85,79.3,45.1,18.9,22.5,42.6
401828479,2025-12-17,Green Bay Phoenix,UC Santa Barbara,H,67,64,60.9,64.0,16.4,10.7,53.5
401828479,2025-12-17,UC Santa Barbara,Green Bay Phoenix,A,64,67,53.3,64.1,16.9,22.7,15.2
401817601,2026-01-01,Green Bay Phoenix,Purdue Fort Wayne,A,72,54,61.9,55.7,21.0,30.4,56.8
401817601,2026-01-01,Purdue Fort Wayne,Green Bay Phoenix,H,54,72,67.8,47.2,22.1,15.2,14.8
401817610,2026-01-05,Green Bay Phoenix,Milwaukee,H,79,76,69.8,65.6,20.1,14.3,64.4
401817610,2026-01-05,Milwaukee,Green Bay Phoenix,A,76,79,64.1,59.3,17.2,30.0,31.5
401817612,2026-01-09,Green Bay Phoenix,IU Indianapolis,H,75,59,63.4,51.9,12.6,29.0,50.0
401817612,2026-01-09,IU Indianapolis,Green Bay Phoenix,A,59,75,72.8,37.7,12.4,20.8,14.5
401817618,2026-01-11,Green Bay Phoenix,Northern Kentucky,H,80,78,54.1,67.3,7.4,36.0,28.8
401817618,2026-01-11,Northern Kentucky,Green Bay Phoenix,A,78,80,71.5,53.4,18.2,26.5,34.5
401822308,2025-11-03,Hampton Pirates,Milwaukee,A,86,90,76.2,48.4,17.1,37.2,54.0
401822308,2025-11-03,Milwaukee,Hampton Pirates,H,90,86,88.0,47.9,21.6,41.2,60.0
401827521,2025-11-06,Hampton Pirates,Mid-Atlantic Christian,H,103,43,76.5,71.2,17.0,36.7,27.3
401827521,2025-11-06,Mid-Atlantic Christian,Hampton Pirates,A,43,103,73.7,25.7,10.9,20.7,16.7
401817488,2025-11-11,Hampton Pirates,Virginia,A,53,91,64.2,36.5,10.9,24.4,17.5
401817488,2025-11-11,Virginia,Hampton Pirates,H,91,53,73.1,64.2,27.4,51.7,28.3
401812662,2025-11-16,Hampton Pirates,Holy Cross*,H,61,67,57.1,41.7,17.5,42.9,31.5
401812662,2025-11-16,Holy Cross*,Hampton Pirates,A,67,61,60.1,57.8,20.0,19.0,33.3
401827522,2025-11-21,Hampton Pirates,Norfolk State,A,60,62,65.1,50.0,23.0,29.0,28.8
401827522,2025-11-21,Norfolk State,Hampton Pirates,H,62,60,63.5,49.0,17.3,27.8,42.3
401823040,2025-11-25,Hampton Pirates,Maryland Eastern Shore,A,74,68,61.7,55.7,14.6,24.1,75.0
401823040,2025-11-25,Maryland Eastern Shore,Hampton Pirates,H,68,74,61.9,48.1,11.3,26.5,43.4
401827523,2025-12-01,Hampton Pirates,Apprentice School,H,94,58,89.8,53.5,26.7,48.9,7.1
401827523,2025-12-01,Apprentice School,Hampton Pirates,A,58,94,62.2,39.1,11.2,32.6,17.2
401820190,2025-12-03,Hampton Pirates,Loyola Maryland,H,93,71,91.1,68.0,35.1,30.8,72.0
401820190,2025-12-03,Loyola Maryland,Hampton Pirates,A,71,93,71.7,44.7,18.1,36.8,57.9
401827524,2025-12-13,Hampton Pirates,Howard*,H,57,61,67.7,42.6,19.2,22.9,70.2
401827524,2025-12-13,Howard*,Hampton Pirates,A,61,57,70.4,27.0,21.3,33.3,86.0
401828300,2025-12-18,Hampton Pirates,Jackson State*,H,84,77,71.6,55.2,16.8,18.8,27.6
401828300,2025-12-18,Jackson State*,Hampton Pirates,A,77,84,66.7,55.8,15.0,34.5,59.6
401811984,2025-12-29,Hampton Pirates,Stony Brook,H,62,59,66.0,49.0,19.7,25.8,36.5
401811984,2025-12-29,Stony Brook,Hampton Pirates,A,59,62,60.5,54.3,19.8,22.6,43.5
401811992,2025-12-31,Hampton Pirates,Towson,H,63,62,60.5,50.0,21.5,34.5,41.7
401811992,2025-12-31,Towson,Hampton Pirates,A,62,63,63.4,40.9,17.4,38.5,47.3
401811999,2026-01-03,Hampton Pirates,UNC Wilmington,A,45,49,62.3,33.3,16.1,22.0,15.8
401811999,2026-01-03,UNC Wilmington,Hampton Pirates,H,49,45,54.0,41.8,11.1,28.2,42.9
401812599,2025-11-07,Harvard Crimson,MIT,H,79,50,72.8,54.5,19.2,27.8,48.2
401812599,2025-11-07,MIT,Harvard Crimson,A,50,79,63.5,30.6,12.6,20.0,37.0
401812600,2025-11-09,Harvard Crimson,New Hampshire,H,86,75,80.5,63.4,26.1,18.5,32.1
401812600,2025-11-09,New Hampshire,Harvard Crimson,A,75,86,64.8,56.9,10.8,16.7,17.2
401812601,2025-11-11,Harvard Crimson,Northeastern,H,60,77,52.4,43.5,7.6,28.1,52.2
401812601,2025-11-11,Northeastern,Harvard Crimson,A,77,60,78.9,52.5,25.3,30.0,38.3
401812603,2025-11-16,Harvard Crimson,Marist,A,56,54,63.9,42.2,25.0,25.0,51.1
401812603,2025-11-16,Marist,Harvard Crimson,H,54,56,75.1,44.0,35.9,25.7,30.0
401812604,2025-11-19,Harvard Crimson,Penn State,A,80,84,55.8,63.2,7.2,37.5,14.0
401812604,2025-11-19,Penn State,Harvard Crimson,H,84,80,74.9,58.8,25.4,44.8,43.9
401812608,2025-12-03,Harvard Crimson,Massachusetts,A,71,78,81.1,45.4,25.9,31.6,23.1
401812608,2025-12-03,Massachusetts,Harvard Crimson,H,78,71,74.0,58.2,21.6,24.1,38.2
401812610,2025-12-20,Harvard Crimson,Holy Cross,H,81,53,59.1,66.3,13.5,36.4,28.8
401812610,2025-12-20,Holy Cross,Harvard Crimson,A,53,81,63.3,38.3,15.8,26.8,15.0
401812611,2025-12-23,Harvard Crimson,St. John's,A,59,85,66.2,47.2,21.1,19.4,20.8
401812611,2025-12-23,St. John's,Harvard Crimson,H,85,59,73.5,57.3,23.1,46.7,29.0
401824895,2025-11-04,Hawai'i Rainbow Warriors,Oregon,A,59,60,82.0,36.2,28.0,33.3,29.2
401824895,2025-11-04,Oregon,Hawai'i Rainbow Warriors,H,60,59,66.3,37.9,19.6,39.5,44.8
401824848,2025-11-12,Hawai'i Rainbow Warriors,Mississippi Valley State,H,88,56,61.8,58.9,9.7,48.3,51.8
401824848,2025-11-12,Mississippi Valley State,Hawai'i Rainbow Warriors,A,56,88,73.1,38.1,21.9,22.5,25.4
401824897,2025-11-14,Hawai'i Rainbow Warriors,Manhattan,H,86,56,83.3,50.8,24.0,39.5,39.4
401824897,2025-11-14,Manhattan,Hawai'i Rainbow Warriors,A,56,86,72.5,41.1,17.9,15.0,35.7
401824898,2025-11-15,Hawai'i Rainbow Warriors,Utah Tech,H,68,62,71.9,49.0,29.2,32.1,52.1
401824898,2025-11-15,Utah Tech,Hawai'i Rainbow Warriors,A,62,68,73.1,45.5,20.5,14.3,26.8
401824899,2025-11-24,Hawai'i Rainbow Warriors,Hawai'i Pacific,H,88,76,66.5,50.9,12.0,51.7,70.9
401824899,2025-11-24,Hawai'i Pacific,Hawai'i Rainbow Warriors,A,76,88,77.5,46.4,16.8,31.1,29.0
401824900,2025-11-28,Hawai'i Rainbow Warriors,North Dakota,H,92,55,85.7,62.3,28.0,33.3,54.4
401824900,2025-11-28,North Dakota,Hawai'i Rainbow Warriors,A,55,92,76.3,35.8,21.0,16.2,52.8
401809123,2025-12-04,Hawai'i Rainbow Warriors,UC Davis,H,75,69,64.7,62.0,13.9,17.2,67.4
401809123,2025-12-04,UC Davis,Hawai'i Rainbow Warriors,A,69,75,79.0,45.8,22.8,21.1,35.6
401824901,2025-12-10,Hawai'i Rainbow Warriors,Hawai'i Hilo,H,98,46,88.5,60.1,27.1,41.7,31.9
401824901,2025-12-10,Hawai'i Hilo,Hawai'i Rainbow Warriors,A,46,98,59.3,34.4,11.8,28.6,11.5
401824902,2025-12-13,Hawai'i Rainbow Warriors,UTEP,H,66,61,66.5,46.2,16.6,21.2,42.3
401824902,2025-12-13,UTEP,Hawai'i Rainbow Warriors,A,61,66,64.8,46.7,13.9,24.3,16.7
401809140,2026-01-01,Hawai'i Rainbow Warriors,UC Riverside,A,88,45,60.6,65.3,13.2,47.1,22.6
401809140,2026-01-01,UC Riverside,Hawai'i Rainbow Warriors,H,45,88,67.1,35.0,23.8,16.7,30.0
401809087,2026-01-03,Hawai'i Rainbow Warriors,UC San Diego,A,73,83,59.0,53.8,6.8,23.3,35.8
401809087,2026-01-03,UC San Diego,Hawai'i Rainbow Warriors,H,83,73,72.1,54.7,15.3,31.2,23.4
401809110,2026-01-10,Hawai'i Rainbow Warriors,UC Irvine,H,67,66,78.2,45.3,26.9,33.3,20.3
401809110,2026-01-10,UC Irvine,Hawai'i Rainbow Warriors,A,66,67,65.1,40.3,13.8,43.9,22.4
401826977,2025-11-08,High Point Panthers,Averett,H,127,52,119.0,76.6,38.7,43.5,62.5
401826977,2025-11-08,Averett,High Point Panthers,A,52,127,65.9,34.0,21.2,23.7,46.0
401823341,2025-11-11,High Point Panthers,Jacksonville,H,85,64,79.2,50.0,16.4,25.0,48.4
401823341,2025-11-11,Jacksonville,High Point Panthers,A,64,85,56.6,44.2,3.5,31.7,26.7
401826852,2025-11-14,High Point Panthers,UAB,A,74,91,76.7,43.3,16.9,27.5,51.7
401826852,2025-11-14,UAB,High Point Panthers,H,91,74,87.6,54.2,24.0,26.5,59.3
401820483,2025-11-20,High Point Panthers,UIC*,H,90,80,74.4,53.4,26.9,48.5,40.7
401820483,2025-11-20,UIC*,High Point Panthers,A,80,90,79.6,54.5,22.6,34.4,67.3
401830880,2025-11-22,High Point Panthers,Incarnate Word*,H,91,80,72.7,58.0,23.4,53.6,55.4
401830880,2025-11-22,Incarnate Word*,High Point Panthers,A,80,91,62.5,51.6,8.0,37.8,36.1
401826752,2025-11-29,High Point Panthers,Western Carolina,H,93,73,89.0,67.2,32.6,28.6,36.2
401826752,2025-11-29,Western Carolina,High Point Panthers,A,73,93,67.5,55.4,17.8,30.0,32.1
401826978,2025-12-03,High Point Panthers,Southern Illinois,H,84,86,74.4,50.8,14.8,30.2,36.9
401826978,2025-12-03,Southern Illinois,High Point Panthers,A,86,84,76.7,56.7,19.6,33.3,20.9
401826979,2025-12-05,High Point Panthers,NJIT,H,89,72,94.9,52.9,31.6,34.1,33.8
401826979,2025-12-05,NJIT,High Point Panthers,A,72,89,66.6,54.5,16.5,21.9,29.1
401826980,2025-12-16,High Point Panthers,Mary Baldwin,H,129,47,109.7,75.4,34.6,46.4,47.8
401826980,2025-12-16,Mary Baldwin,High Point Panthers,A,47,129,60.8,38.7,13.2,13.2,18.9
401822184,2025-12-19,High Point Panthers,La Salle,H,84,72,76.3,60.6,24.9,25.8,53.8
401822184,2025-12-19,La Salle,High Point Panthers,A,72,84,66.2,47.9,18.1,30.0,66.7
401826981,2025-12-28,High Point Panthers,Pfeiffer,H,123,64,101.4,70.3,31.6,51.6,32.4
401826981,2025-12-28,Pfeiffer,High Point Panthers,A,64,123,69.2,44.5,8.7,17.5,20.3
401823895,2025-12-31,High Point Panthers,UNC Asheville,A,87,69,66.3,72.3,16.6,19.0,55.3
401823895,2025-12-31,UNC Asheville,High Point Panthers,H,69,87,69.4,48.2,14.4,24.2,42.9
401823899,2026-01-03,High Point Panthers,Longwood,H,80,67,71.5,59.4,19.6,22.2,41.5
401823899,2026-01-03,Longwood,High Point Panthers,A,67,80,56.7,53.6,12.3,33.3,21.8
401824823,2025-11-03,Hofstra Pride,UCF,A,78,82,81.4,46.0,25.8,35.1,38.7
401824823,2025-11-03,UCF,Hofstra Pride,H,82,78,70.1,53.6,18.5,47.1,64.3
401824302,2025-11-07,Hofstra Pride,Iona,A,73,81,75.5,50.0,23.8,36.8,28.6
401824302,2025-11-07,Iona,Hofstra Pride,H,81,73,83.8,52.5,26.2,30.6,45.0
401830743,2025-11-10,Hofstra Pride,Molloy,H,95,61,86.1,58.9,23.2,35.9,20.5
401830743,2025-11-10,Molloy,Hofstra Pride,A,61,95,74.3,40.7,10.8,17.8,12.9
401826838,2025-11-19,Hofstra Pride,Temple,A,76,81,72.2,52.4,18.0,26.5,21.0
401826838,2025-11-19,Temple,Hofstra Pride,H,81,76,69.7,57.0,15.8,20.7,62.0
401822182,2025-11-28,Hofstra Pride,La Salle*,H,63,58,66.7,42.2,22.5,34.3,20.7
401822182,2025-11-28,La Salle*,Hofstra Pride,A,58,63,68.2,48.3,20.5,27.8,18.6
401826905,2025-11-29,Hofstra Pride,Merrimack*,H,78,58,68.5,54.5,20.4,36.7,35.7
401826905,2025-11-29,Merrimack*,Hofstra Pride,A,58,78,71.7,39.0,20.9,22.0,23.7
401812580,2025-11-30,Hofstra Pride,Pennsylvania,A,77,60,62.5,58.8,17.6,34.8,35.3
401812580,2025-11-30,Pennsylvania,Hofstra Pride,H,60,77,72.1,36.9,20.8,33.3,26.2
401817448,2025-12-07,Hofstra Pride,Pittsburgh,A,80,73,67.5,60.0,17.8,30.8,32.7
401817448,2025-12-07,Pittsburgh,Hofstra Pride,H,73,80,58.5,56.2,13.7,30.8,45.8
401830739,2025-12-10,Hofstra Pride,Old Westbury,H,92,23,75.1,66.4,28.0,54.5,26.6
401830739,2025-12-10,Old Westbury,Hofstra Pride,A,23,92,56.9,19.6,14.1,11.4,11.8
401817483,2025-12-13,Hofstra Pride,Syracuse,A,70,69,63.9,60.4,25.1,29.6,11.3
401817483,2025-12-13,Syracuse,Hofstra Pride,H,69,70,62.6,52.6,20.8,44.1,28.1
401820586,2025-12-21,Hofstra Pride,Quinnipiac,H,74,66,64.9,44.5,16.9,47.7,35.9
401820586,2025-12-21,Quinnipiac,Hofstra Pride,A,66,74,72.5,41.8,17.9,26.8,32.8
401812002,2026-01-08,Hofstra Pride,Towson,A,78,67,74.2,51.0,22.9,31.2,61.5
401812002,2026-01-08,Towson,Hofstra Pride,H,67,78,62.9,40.7,11.1,36.6,42.4
401812007,2026-01-10,Hofstra Pride,Monmouth,H,67,64,66.7,32.2,12.0,34.8,55.9
401812007,2026-01-10,Monmouth,Hofstra Pride,A,64,67,77.9,40.4,23.1,19.5,40.4
401812659,2025-11-03,Holy Cross Crusaders,Providence,A,79,89,84.0,50.0,21.4,20.9,32.3
401812659,2025-11-03,Providence,Holy Cross Crusaders,H,89,79,79.8,55.6,16.3,22.2,43.5
401812661,2025-11-10,Holy Cross Crusaders,Utah,A,69,87,72.0,51.8,13.9,13.2,36.8
401812661,2025-11-10,Utah,Holy Cross Crusaders,H,87,69,67.0,60.0,7.5,23.3,31.7
401812664,2025-11-21,Holy Cross Crusaders,Sacred Heart,A,66,79,58.1,53.9,13.8,26.7,29.4
401812664,2025-11-21,Sacred Heart,Holy Cross Crusaders,H,79,66,76.7,56.5,24.8,27.8,19.4
401812665,2025-11-24,Holy Cross Crusaders,Siena,H,69,73,66.8,59.6,19.5,12.5,19.2
401812665,2025-11-24,Siena,Holy Cross Crusaders,A,73,69,65.3,60.0,15.3,16.0,16.4
401812666,2025-11-26,Holy Cross Crusaders,Worcester State,H,77,53,83.3,50.8,27.6,33.3,41.9
401812666,2025-11-26,Worcester State,Holy Cross Crusaders,A,53,77,62.6,37.1,11.2,28.3,22.6
401812667,2025-12-03,Holy Cross Crusaders,Northeastern,H,76,59,78.2,58.0,28.1,22.2,23.2
401812667,2025-12-03,Northeastern,Holy Cross Crusaders,A,59,76,65.8,45.9,18.2,26.8,13.1
401812669,2025-12-09,Holy Cross Crusaders,Regis,H,69,47,83.0,43.1,30.1,40.5,32.3
401812669,2025-12-09,Regis,Holy Cross Crusaders,A,47,69,57.9,42.3,17.3,20.0,7.7
401820161,2026-01-03,Holy Cross Crusaders,Navy,H,58,65,60.6,42.7,18.1,33.3,25.5
401820161,2026-01-03,Navy,Holy Cross Crusaders,A,65,58,60.5,50.0,16.5,28.6,36.0
401824385,2026-01-07,Holy Cross Crusaders,Lehigh,A,58,66,64.8,46.4,15.4,16.1,18.2
401824385,2026-01-07,Lehigh,Holy Cross Crusaders,H,66,58,61.3,54.7,16.3,21.4,17.0
401828330,2025-11-03,Houston Christian Huskies,Southern Arkansas,H,74,70,74.4,48.3,20.2,29.7,40.7
401828330,2025-11-03,Southern Arkansas,Houston Christian Huskies,A,70,74,82.5,43.3,23.0,27.9,26.9
401826907,2025-11-08,Houston Christian Huskies,UC San Diego,A,60,78,65.7,50.0,16.8,18.9,25.5
401826907,2025-11-08,UC San Diego,Houston Christian Huskies,H,78,60,79.2,58.6,29.0,26.7,22.4
401828331,2025-11-13,Houston Christian Huskies,UL Monroe,H,72,61,73.8,50.0,20.3,27.8,15.6
401828331,2025-11-13,UL Monroe,Houston Christian Huskies,A,61,72,64.3,48.2,12.4,11.8,12.3
401828332,2025-11-20,Houston Christian Huskies,College Of Biblical Studies,H,85,67,90.3,50.0,34.3,47.4,43.8
401828332,2025-11-20,College Of Biblical Studies,Houston Christian Huskies,A,67,85,77.8,53.4,32.1,25.8,10.3
401828333,2025-11-26,Houston Christian Huskies,The Citadel,A,72,65,61.2,61.5,19.6,34.6,25.0
401828333,2025-11-26,The Citadel,Houston Christian Huskies,H,65,72,63.2,50.9,22.1,32.3,20.4
401828278,2025-12-02,Houston Christian Huskies,North Texas,A,75,77,71.2,56.0,18.3,21.2,64.0
401828278,2025-12-02,North Texas,Houston Christian Huskies,H,77,75,49.0,72.3,4.1,34.6,40.4
401808899,2025-12-06,Houston Christian Huskies,New Orleans,A,85,76,71.2,53.4,15.4,36.4,51.7
401808899,2025-12-06,New Orleans,Houston Christian Huskies,H,76,85,65.5,54.3,12.2,28.6,34.5
401808953,2025-12-13,Houston Christian Huskies,SE Louisiana,H,71,74,70.5,50.9,22.7,34.3,31.0
401808953,2025-12-13,SE Louisiana,Houston Christian Huskies,A,74,71,80.9,50.0,29.7,29.7,44.6
401820475,2025-12-15,Houston Christian Huskies,McNeese,H,68,78,63.1,49.1,19.0,34.3,30.9
401820475,2025-12-15,McNeese,Houston Christian Huskies,A,78,68,67.3,65.7,23.8,30.4,16.7
401808919,2025-12-17,Houston Christian Huskies,Nicholls,A,64,79,60.9,53.3,14.8,19.2,55.6
401808919,2025-12-17,Nicholls,Houston Christian Huskies,H,79,64,79.2,54.6,22.7,25.7,16.9
401819881,2025-12-29,Houston Christian Huskies,3Iowa State,A,61,89,67.1,49.0,20.9,10.0,35.4
401819881,2025-12-29,3Iowa State,Houston Christian Huskies,H,89,61,72.0,55.4,20.8,53.1,67.9
401820476,2026-01-03,Houston Christian Huskies,Incarnate Word,A,56,73,60.2,41.7,13.3,31.7,18.3
401820476,2026-01-03,Incarnate Word,Houston Christian Huskies,H,73,56,72.7,51.6,17.9,23.5,19.4
401820477,2026-01-05,Houston Christian Huskies,Texas A&M-Corpus Christi,H,65,81,60.0,46.4,11.7,32.4,34.5
401820477,2026-01-05,Texas A&M-Corpus Christi,Houston Christian Huskies,A,81,65,85.1,53.8,32.9,45.5,23.1
401808968,2026-01-10,Houston Christian Huskies,Stephen F. Austin,A,67,85,55.1,54.1,10.9,29.6,34.7
401808968,2026-01-10,Stephen F. Austin,Houston Christian Huskies,H,85,67,76.7,55.1,27.4,48.6,17.6
401824809,2025-11-03,Houston Cougars,Lehigh,H,75,57,74.5,48.4,25.5,41.7,32.8
401824809,2025-11-03,Lehigh,Houston Cougars,A,57,75,62.9,41.2,15.9,24.3,45.1
401824810,2025-11-08,Houston Cougars,Towson,H,65,48,75.3,48.4,29.2,31.6,11.3
401824810,2025-11-08,Towson,Houston Cougars,A,48,65,58.6,41.8,20.5,28.1,28.6
401824811,2025-11-12,Houston Cougars,Oakland,H,78,45,68.8,51.4,17.4,45.0,11.3
401824811,2025-11-12,Oakland,Houston Cougars,A,45,78,54.1,34.3,11.1,26.3,29.4
401812629,2025-11-20,Houston Cougars,Rider,H,91,45,93.3,63.6,35.4,31.0,10.6
401812629,2025-11-20,Rider,Houston Cougars,A,45,91,53.3,34.6,16.9,33.3,17.3
401817481,2025-11-24,Houston Cougars,Syracuse*,H,78,74,82.8,44.7,25.4,37.0,40.9
401817481,2025-11-24,Syracuse*,Houston Cougars,A,74,78,76.8,49.2,18.2,30.4,46.0
401824812,2025-11-25,Houston Cougars,17Tennessee*,H,73,76,55.2,53.3,7.2,44.1,18.0
401824812,2025-11-25,17Tennessee*,Houston Cougars,A,76,73,61.8,52.0,16.2,41.9,56.9
401831217,2025-11-26,Houston Cougars,Notre Dame*,H,66,56,65.9,40.7,18.2,39.0,39.0
401831217,2025-11-26,Notre Dame*,Houston Cougars,A,56,66,60.0,40.0,15.0,24.3,42.0
401824814,2025-12-10,Houston Cougars,Jackson State,H,80,38,83.2,56.2,36.1,46.2,20.0
401824814,2025-12-10,Jackson State,Houston Cougars,A,38,80,46.4,39.8,15.1,22.6,11.4
401808901,2025-12-13,Houston Cougars,New Orleans,H,99,57,91.7,63.6,31.6,34.4,52.5
401808901,2025-12-13,New Orleans,Houston Cougars,A,57,99,50.9,42.2,9.8,31.2,51.1
401823001,2025-12-29,Houston Cougars,Middle Tennessee,H,69,60,83.1,45.8,36.1,38.9,28.8
401823001,2025-12-29,Middle Tennessee,Houston Cougars,A,60,69,43.9,58.2,6.8,39.3,12.2
401827600,2026-01-06,Houston Cougars,14Texas Tech,H,69,65,72.5,42.6,17.9,30.8,36.1
401827600,2026-01-06,14Texas Tech,Houston Cougars,A,65,69,57.2,49.1,7.0,25.0,19.6
401829423,2025-11-03,Howard Bison,Missouri,H,67,88,71.6,45.2,16.8,24.4,25.8
401829423,2025-11-03,Missouri,Howard Bison,A,88,67,70.0,63.9,21.4,47.1,34.4
401830236,2025-11-06,Howard Bison,District Of Columbia,H,103,71,79.2,68.4,21.5,39.3,59.6
401830236,2025-11-06,District Of Columbia,Howard Bison,A,71,103,69.7,43.8,15.8,16.7,68.8
401825206,2025-11-19,Howard Bison,Stetson,A,60,64,77.6,37.5,25.8,30.4,25.0
401825206,2025-11-19,Stetson,Howard Bison,H,64,60,66.3,47.8,19.6,16.1,62.2
401813378,2025-11-22,Howard Bison,Niagara*,H,80,70,90.4,50.0,34.3,32.4,86.0
401813378,2025-11-22,Niagara*,Howard Bison,A,70,80,68.8,50.0,20.4,31.0,58.0
401830237,2025-11-26,Howard Bison,St. Mary's (MD),H,115,61,100.2,67.4,31.0,47.1,49.3
401830237,2025-11-26,St. Mary's (MD),Howard Bison,A,61,115,72.2,39.6,22.1,26.2,56.6
401813402,2025-11-29,Howard Bison,Mount St. Mary's,A,75,79,84.0,44.1,22.6,27.7,30.9
401813402,2025-11-29,Mount St. Mary's,Howard Bison,H,79,75,63.6,58.9,12.6,28.6,28.6
401830238,2025-12-06,Howard Bison,Bowie State,H,85,69,93.2,54.2,32.2,34.3,53.3
401830238,2025-12-06,Bowie State,Howard Bison,A,69,85,72.5,40.9,22.1,20.0,93.2
401827529,2025-12-09,Howard Bison,North Carolina A&T*,H,73,69,74.3,50.0,25.6,34.3,51.9
401827529,2025-12-09,North Carolina A&T*,Howard Bison,A,69,73,57.1,46.0,8.8,45.0,23.8
401827502,2025-12-20,Howard Bison,UNC Wilmington,A,67,66,69.7,48.3,24.4,35.3,20.3
401827502,2025-12-20,UNC Wilmington,Howard Bison,H,66,67,68.5,42.6,20.4,39.0,32.8
401826936,2025-12-30,Howard Bison,Northwestern,A,60,80,55.2,47.3,10.9,34.3,23.6
401826936,2025-12-30,Northwestern,Howard Bison,H,80,60,80.2,51.8,26.2,36.1,60.7
401829284,2026-01-03,Howard Bison,South Carolina State,A,57,58,80.7,34.6,26.0,25.8,63.5
401829284,2026-01-03,South Carolina State,Howard Bison,H,58,57,57.5,48.9,20.9,33.3,44.4
401823046,2026-01-10,Howard Bison,Maryland Eastern Shore,A,57,69,63.2,43.1,17.4,28.2,19.0
401823046,2026-01-10,Maryland Eastern Shore,Howard Bison,H,69,57,73.5,51.0,24.5,15.6,44.0
401823374,2025-11-03,IU Indianapolis Jaguars,Ohio State,A,102,118,92.5,57.9,20.5,28.6,26.3
401823374,2025-11-03,Ohio State,IU Indianapolis Jaguars,H,118,102,90.2,70.4,24.4,45.8,98.1
401812351,2025-11-06,IU Indianapolis Jaguars,Long Island University,H,90,94,96.5,48.7,24.9,31.1,23.1
401812351,2025-11-06,Long Island University,IU Indianapolis Jaguars,A,94,90,85.5,62.9,25.7,39.4,33.3
401823375,2025-11-11,IU Indianapolis Jaguars,IU Columbus,H,121,77,132.6,58.7,38.5,40.9,17.4
401823375,2025-11-11,IU Columbus,IU Indianapolis Jaguars,A,77,121,74.3,54.5,13.5,13.5,50.0
401823378,2025-11-29,IU Indianapolis Jaguars,Morehead State,H,85,80,92.3,55.7,27.1,17.9,12.9
401823378,2025-11-29,Morehead State,IU Indianapolis Jaguars,A,80,85,72.2,45.1,15.2,38.5,52.5
401817508,2025-12-06,IU Indianapolis Jaguars,Youngstown State,H,55,78,78.0,36.2,30.8,29.5,32.8
401817508,2025-12-06,Youngstown State,IU Indianapolis Jaguars,A,78,55,61.5,59.8,16.2,44.8,32.1
401823379,2025-12-16,IU Indianapolis Jaguars,Miami (OH)-Middletown,H,126,73,117.7,63.7,31.4,37.2,13.2
401823379,2025-12-16,Miami (OH)-Middletown,IU Indianapolis Jaguars,A,73,126,65.9,45.0,10.6,32.4,38.3
401817603,2026-01-01,IU Indianapolis Jaguars,Northern Kentucky,A,72,81,69.8,51.6,18.6,33.3,9.4
401817603,2026-01-01,Northern Kentucky,IU Indianapolis Jaguars,H,81,72,79.9,60.0,27.5,27.3,45.5
401817606,2026-01-04,IU Indianapolis Jaguars,Wright State,H,77,81,76.2,54.7,24.9,35.3,17.2
401817606,2026-01-04,Wright State,IU Indianapolis Jaguars,A,81,77,63.9,66.3,23.5,37.5,54.3
401817616,2026-01-11,IU Indianapolis Jaguars,Milwaukee,A,83,95,78.7,54.7,21.6,28.1,21.9
401817616,2026-01-11,Milwaukee,IU Indianapolis Jaguars,H,95,83,67.9,68.1,17.7,48.3,43.1
401823553,2025-11-04,Idaho State Bengals,Park University Gilbert,H,81,71,76.2,50.0,26.2,55.3,47.6
401823553,2025-11-04,Park University Gilbert,Idaho State Bengals,A,71,81,61.4,61.8,13.0,16.0,9.1
401823554,2025-11-07,Idaho State Bengals,San Diego,A,71,68,69.0,51.8,23.2,40.6,33.3
401823554,2025-11-07,San Diego,Idaho State Bengals,H,68,71,66.7,49.2,19.5,34.3,23.7
401823555,2025-11-09,Idaho State Bengals,San Diego State,A,57,73,54.6,52.2,22.0,34.6,31.1
401823555,2025-11-09,San Diego State,Idaho State Bengals,H,73,57,79.7,65.3,37.6,23.8,24.5
401823556,2025-11-15,Idaho State Bengals,Seattle U,A,74,83,70.6,53.4,29.7,48.5,27.6
401823556,2025-11-15,Seattle U,Idaho State Bengals,H,83,74,75.2,73.0,33.3,28.6,26.0
401823557,2025-11-18,Idaho State Bengals,Santa Clara,A,55,64,55.5,45.7,14.4,22.6,39.1
401823557,2025-11-18,Santa Clara,Idaho State Bengals,H,64,55,68.5,37.9,17.5,43.2,30.3
401823558,2025-11-21,Idaho State Bengals,Justice College,H,89,51,74.0,55.4,18.9,46.9,32.3
401823558,2025-11-21,Justice College,Idaho State Bengals,A,51,89,61.3,40.4,11.4,16.2,12.3
401823353,2025-11-26,Idaho State Bengals,Sam Houston*,H,81,84,67.5,53.3,16.3,32.1,89.1
401823353,2025-11-26,Sam Houston*,Idaho State Bengals,A,84,81,76.3,51.7,23.6,51.7,46.7
401824855,2025-12-03,Idaho State Bengals,Kansas City,A,68,59,57.7,51.8,17.3,45.5,21.1
401824855,2025-12-03,Kansas City,Idaho State Bengals,H,59,68,59.6,47.0,18.5,29.0,32.0
401824857,2025-12-10,Idaho State Bengals,Utah Valley,A,69,73,69.1,51.8,20.3,23.5,30.9
401824857,2025-12-10,Utah Valley,Idaho State Bengals,H,73,69,72.1,52.7,27.7,41.4,30.4
401824858,2025-12-18,Idaho State Bengals,Montana-Western,H,80,64,64.9,55.4,13.9,40.7,41.1
401824858,2025-12-18,Montana-Western,Idaho State Bengals,A,64,80,81.6,46.6,29.4,23.5,27.6
401824859,2025-12-21,Idaho State Bengals,UC Davis,H,83,93,58.7,60.4,10.2,36.7,68.8
401824859,2025-12-21,UC Davis,Idaho State Bengals,A,93,83,74.9,63.2,17.4,26.1,40.4
401808487,2026-01-01,Idaho State Bengals,Sacramento State,H,97,84,87.8,60.0,21.6,26.5,41.5
401808487,2026-01-01,Sacramento State,Idaho State Bengals,A,84,97,81.6,45.2,13.5,25.6,58.7
401808488,2026-01-03,Idaho State Bengals,Portland State,H,87,93,69.2,55.8,8.7,33.3,50.0
401808488,2026-01-03,Portland State,Idaho State Bengals,A,93,87,82.3,59.2,19.4,22.2,43.3
401808489,2026-01-08,Idaho State Bengals,Northern Colorado,A,72,85,64.9,48.2,13.9,33.3,40.4
401808489,2026-01-08,Northern Colorado,Idaho State Bengals,H,85,72,70.1,66.1,20.0,23.3,26.8
401808490,2026-01-10,Idaho State Bengals,Northern Arizona,A,81,79,69.0,61.5,27.5,48.0,40.4
401808490,2026-01-10,Northern Arizona,Idaho State Bengals,H,79,81,70.3,56.7,24.2,37.9,50.0
401823508,2025-11-03,Idaho Vandals,Washington State,A,83,81,71.0,59.5,15.5,21.2,32.8
401823508,2025-11-03,Washington State,Idaho Vandals,H,81,83,75.2,49.1,10.6,17.6,59.6
401823509,2025-11-07,Idaho Vandals,Whitman,H,94,49,78.5,65.0,28.0,42.9,30.0
401823509,2025-11-07,Whitman,Idaho Vandals,A,49,94,71.1,32.0,12.7,14.6,27.9
401823510,2025-11-12,Idaho Vandals,San Diego,A,74,78,63.9,46.6,18.8,51.4,42.4
401823510,2025-11-12,San Diego,Idaho Vandals,H,78,74,66.2,63.4,19.6,27.6,19.6
401823511,2025-11-15,Idaho Vandals,UC San Diego,A,67,75,66.5,44.2,12.0,26.2,33.3
401823511,2025-11-15,UC San Diego,Idaho Vandals,H,75,67,67.3,53.0,11.9,12.9,56.0
401823512,2025-11-22,Idaho Vandals,Eastern Oregon,H,97,68,87.5,64.4,26.3,30.3,27.3
401823512,2025-11-22,Eastern Oregon,Idaho Vandals,A,68,97,65.7,45.3,10.7,30.0,21.9
401823354,2025-11-28,Idaho Vandals,Sam Houston*,H,68,94,60.1,54.5,8.3,25.0,26.8
401823354,2025-11-28,Sam Houston*,Idaho Vandals,A,94,68,67.3,67.7,14.9,42.9,13.8
401823568,2025-12-03,Idaho Vandals,North Dakota,H,90,58,77.4,65.4,29.7,39.1,46.2
401823568,2025-12-03,North Dakota,Idaho Vandals,A,58,90,61.5,47.0,13.0,18.8,40.0
401823569,2025-12-06,Idaho Vandals,South Dakota State,A,84,81,64.8,59.4,7.7,23.3,54.7
401823569,2025-12-06,South Dakota State,Idaho Vandals,H,81,84,75.7,51.8,15.9,20.6,60.0
401817438,2025-12-10,Idaho Vandals,Notre Dame,A,65,80,63.8,48.3,12.5,20.0,17.2
401817438,2025-12-10,Notre Dame,Idaho Vandals,H,80,65,60.8,59.8,9.9,35.5,16.4
401823570,2025-12-14,Idaho Vandals,Evergreen State,H,109,55,84.6,66.0,28.4,55.9,22.2
401823570,2025-12-14,Evergreen State,Idaho Vandals,A,55,109,67.2,43.6,13.4,7.9,23.6
401808471,2026-01-08,Idaho Vandals,Montana,H,73,79,72.8,42.2,16.5,37.8,45.3
401808471,2026-01-08,Montana,Idaho Vandals,A,79,73,61.5,57.7,4.9,14.3,42.3
401808472,2026-01-10,Idaho Vandals,Montana State,H,92,89,78.7,59.6,20.3,32.4,20.6
401808472,2026-01-10,Montana State,Idaho Vandals,A,89,92,66.0,65.5,13.6,32.0,38.2
401827170,2025-11-03,Illinois Fighting Illini,Jackson State,H,113,55,77.4,66.4,18.1,58.3,32.9
401827170,2025-11-03,Jackson State,Illinois Fighting Illini,A,55,113,77.7,36.3,16.7,9.1,22.6
401811097,2025-11-11,Illinois Fighting Illini,11Texas Tech,H,81,77,87.9,55.1,33.0,32.4,39.0
401811097,2025-11-11,11Texas Tech,Illinois Fighting Illini,A,77,81,74.9,57.8,21.4,23.3,6.2
401812356,2025-11-22,Illinois Fighting Illini,Long Island University,H,98,58,87.1,66.9,32.1,50.0,23.1
401812356,2025-11-22,Long Island University,Illinois Fighting Illini,A,58,98,68.3,45.0,20.5,25.0,11.7
401827181,2025-11-24,Illinois Fighting Illini,UT Rio Grande Valley,H,87,73,64.5,56.7,4.7,29.0,36.7
401827181,2025-11-24,UT Rio Grande Valley,Illinois Fighting Illini,A,73,87,72.6,47.8,11.0,24.4,23.5
401811096,2025-11-28,Illinois Fighting Illini,5UConn*,H,61,74,66.1,49.2,13.6,35.9,27.0
401811096,2025-11-28,5UConn*,Illinois Fighting Illini,A,74,61,65.5,36.7,15.3,31.0,30.0
401811099,2025-12-06,Illinois Fighting Illini,13Tennessee*,H,75,62,55.5,41.5,9.0,53.5,27.7
401811099,2025-12-06,13Tennessee*,Illinois Fighting Illini,A,62,75,61.6,57.8,13.0,32.4,24.1
401825404,2025-12-09,Illinois Fighting Illini,Ohio State,A,88,80,68.2,54.6,11.7,28.1,59.3
401825404,2025-12-09,Ohio State,Illinois Fighting Illini,H,80,88,74.0,53.3,13.5,20.0,34.4
401825407,2025-12-13,Illinois Fighting Illini,23Nebraska,H,80,83,62.5,56.9,12.8,40.6,34.5
401825407,2025-12-13,23Nebraska,Illinois Fighting Illini,A,83,80,65.8,61.3,12.2,27.6,12.9
401811100,2025-12-22,Illinois Fighting Illini,Missouri*,H,91,48,65.5,64.7,19.8,55.6,34.5
401811100,2025-12-22,Missouri*,Illinois Fighting Illini,A,48,91,63.1,33.9,19.0,30.0,26.8
401827020,2025-12-29,Illinois Fighting Illini,Southern,H,90,55,63.5,63.8,20.5,55.2,31.0
401827020,2025-12-29,Southern,Illinois Fighting Illini,A,55,90,71.8,37.1,20.9,31.0,12.1
401825416,2026-01-03,Illinois Fighting Illini,Penn State,A,73,65,66.3,44.6,15.1,36.1,50.0
401825416,2026-01-03,Penn State,Illinois Fighting Illini,H,65,73,69.7,40.6,11.5,28.6,20.3
401825427,2026-01-08,Illinois Fighting Illini,Rutgers,H,81,55,68.0,53.4,16.2,34.3,35.6
401825427,2026-01-08,Rutgers,Illinois Fighting Illini,A,55,81,64.8,41.3,10.8,21.4,12.7
401825435,2026-01-11,Illinois Fighting Illini,19Iowa,A,75,69,62.2,57.9,14.5,30.0,19.3
401825435,2026-01-11,19Iowa,Illinois Fighting Illini,H,69,75,71.8,47.7,18.1,25.6,9.1
401813253,2025-11-06,Illinois State Redbirds,Ohio,A,68,72,69.2,50.0,15.9,23.1,17.7
401813253,2025-11-06,Ohio,Illinois State Redbirds,H,72,68,79.8,51.8,21.3,15.6,49.1
401813255,2025-11-14,Illinois State Redbirds,USC*,H,67,87,78.6,56.1,19.1,31.2,61.4
401813255,2025-11-14,USC*,Illinois State Redbirds,A,87,67,63.2,39.3,6.3,39.5,18.6
401813256,2025-11-16,Illinois State Redbirds,Long Beach State,A,82,80,74.5,52.0,16.1,16.1,79.6
401813256,2025-11-16,Long Beach State,Illinois State Redbirds,H,80,82,73.5,55.6,16.3,27.8,28.6
401813257,2025-11-20,Illinois State Redbirds,Rockford,H,93,48,66.2,68.8,19.6,54.8,20.3
401813257,2025-11-20,Rockford,Illinois State Redbirds,A,48,93,60.8,33.6,14.8,29.5,13.1
401813261,2025-12-13,Illinois State Redbirds,Utah State*,H,78,83,75.1,58.2,34.6,63.3,24.6
401813261,2025-12-13,Utah State*,Illinois State Redbirds,A,83,78,71.6,63.7,27.9,33.3,31.4
401830248,2025-12-18,Illinois State Redbirds,Southern Illinois,A,75,68,77.5,55.7,25.8,33.3,29.5
401830248,2025-12-18,Southern Illinois,Illinois State Redbirds,H,68,75,68.5,52.8,21.9,29.4,41.5
401830250,2025-12-21,Illinois State Redbirds,Indiana State,H,85,65,78.1,56.2,17.9,23.5,23.1
401830250,2025-12-21,Indiana State,Illinois State Redbirds,A,65,85,64.8,53.3,12.3,6.5,58.7
401830264,2026-01-07,Illinois State Redbirds,Valparaiso,A,71,77,67.9,46.0,17.7,41.5,37.1
401830264,2026-01-07,Valparaiso,Illinois State Redbirds,H,77,71,67.6,62.2,20.7,17.4,85.4
401830265,2026-01-10,Illinois State Redbirds,UIC,H,59,63,70.5,33.9,18.5,31.9,35.5
401830265,2026-01-10,UIC,Illinois State Redbirds,A,63,59,67.2,43.4,19.3,33.3,18.0
401828495,2025-11-07,Incarnate Word Cardinals,Jarvis Christian,H,104,60,97.2,63.3,37.0,50.0,14.7
401828495,2025-11-07,Jarvis Christian,Incarnate Word Cardinals,A,60,104,65.5,37.3,12.2,27.3,37.3
401828496,2025-11-11,Incarnate Word Cardinals,Southwestern Christian,H,109,70,77.5,62.3,14.2,52.6,26.0
401828496,2025-11-11,Southwestern Christian,Incarnate Word Cardinals,A,70,109,75.1,46.2,12.0,14.0,23.1
401827189,2025-11-16,Incarnate Word Cardinals,Indiana,A,61,69,63.3,45.0,11.1,21.1,15.0
401827189,2025-11-16,Indiana,Incarnate Word Cardinals,H,69,61,63.4,48.1,15.8,36.4,49.1
401820482,2025-11-20,Incarnate Word Cardinals,Southern Indiana*,H,87,81,77.8,57.6,20.6,35.5,49.2
401820482,2025-11-20,Southern Indiana*,Incarnate Word Cardinals,A,81,87,78.0,53.3,18.0,20.6,34.4
401828497,2025-11-26,Incarnate Word Cardinals,Texas Lutheran,H,117,55,85.3,71.6,25.8,53.3,38.8
401828497,2025-11-26,Texas Lutheran,Incarnate Word Cardinals,A,55,117,64.8,39.3,7.7,14.3,16.4
401808731,2025-12-01,Incarnate Word Cardinals,McNeese,H,71,67,69.4,54.0,27.4,40.7,48.0
401808731,2025-12-01,McNeese,Incarnate Word Cardinals,A,67,71,72.7,52.9,28.9,28.0,26.9
401808918,2025-12-06,Incarnate Word Cardinals,Nicholls,A,67,74,61.2,38.8,9.8,43.6,51.7
401808918,2025-12-06,Nicholls,Incarnate Word Cardinals,H,74,67,75.0,54.7,25.3,18.5,88.4
401808900,2025-12-08,Incarnate Word Cardinals,New Orleans,A,83,84,82.0,57.6,30.5,35.3,35.6
401808900,2025-12-08,New Orleans,Incarnate Word Cardinals,H,84,83,63.4,65.6,18.9,37.5,54.2
401812256,2025-12-15,Incarnate Word Cardinals,TCU,A,65,69,65.3,52.6,16.9,22.6,15.8
401812256,2025-12-15,TCU,Incarnate Word Cardinals,H,69,65,67.9,50.0,20.6,29.0,49.0
401820494,2025-12-21,Incarnate Word Cardinals,Northern Arizona,H,90,66,78.2,58.3,23.0,37.8,50.0
401820494,2025-12-21,Northern Arizona,Incarnate Word Cardinals,A,66,90,61.0,59.6,11.5,10.7,44.7
401820495,2025-12-30,Incarnate Word Cardinals,SE Louisiana,H,79,70,66.6,53.2,9.0,26.3,25.4
401820495,2025-12-30,SE Louisiana,Incarnate Word Cardinals,A,70,79,74.5,41.5,18.8,34.1,30.8
401808978,2026-01-05,Incarnate Word Cardinals,UT Rio Grande Valley,A,67,80,69.5,40.2,17.3,38.3,30.3
401808978,2026-01-05,UT Rio Grande Valley,Incarnate Word Cardinals,H,80,67,64.1,54.9,15.6,42.4,24.6
401820496,2026-01-10,Incarnate Word Cardinals,Lamar,A,51,63,62.6,43.3,22.4,29.7,30.8
401820496,2026-01-10,Lamar,Incarnate Word Cardinals,H,63,51,60.6,47.3,18.2,38.2,29.1
401823022,2025-11-09,Indiana Hoosiers,Marquette*,H,100,77,71.7,40.7,15.3,36.8,55.9
401823022,2025-11-09,Marquette*,Indiana Hoosiers,A,77,100,82.4,60.6,18.2,28.6,36.4
401822311,2025-11-12,Indiana Hoosiers,Milwaukee,H,101,70,85.8,68.3,28.0,37.9,45.0
401822311,2025-11-12,Milwaukee,Indiana Hoosiers,A,70,101,64.5,50.8,10.8,35.1,29.0
401822399,2025-11-20,Indiana Hoosiers,Lindenwood,H,73,53,73.8,45.1,14.9,26.2,44.3
401822399,2025-11-20,Lindenwood,Indiana Hoosiers,A,53,73,57.5,27.2,0.0,37.7,29.4
401819892,2025-11-25,Indiana Hoosiers,Kansas State,H,86,69,86.8,56.1,31.1,35.5,50.9
401819892,2025-11-25,Kansas State,Indiana Hoosiers,A,69,86,72.1,49.1,22.2,25.0,26.3
401825395,2025-12-03,Indiana Hoosiers,Minnesota,A,64,73,81.5,47.3,27.0,14.3,36.4
401825395,2025-12-03,Minnesota,Indiana Hoosiers,H,73,64,54.8,57.4,9.1,33.3,57.4
401817246,2025-12-06,Indiana Hoosiers,6Louisville*,H,78,87,71.3,58.3,15.4,22.6,51.9
401817246,2025-12-06,6Louisville*,Indiana Hoosiers,A,87,78,79.0,50.0,21.5,27.0,30.2
401825403,2025-12-09,Indiana Hoosiers,Penn State,H,113,72,90.1,82.8,28.8,23.5,24.6
401825403,2025-12-09,Penn State,Indiana Hoosiers,A,72,113,70.5,50.9,17.0,25.0,39.3
401827208,2025-12-13,Indiana Hoosiers,Kentucky,A,60,72,55.8,38.6,10.8,28.6,65.9
401827208,2025-12-13,Kentucky,Indiana Hoosiers,H,72,60,85.0,40.5,27.0,32.6,65.5
401822838,2025-12-22,Indiana Hoosiers,Siena,H,81,60,65.2,55.0,15.3,32.1,60.0
401822838,2025-12-22,Siena,Indiana Hoosiers,A,60,81,73.3,36.0,17.7,23.8,49.1
401825418,2026-01-04,Indiana Hoosiers,Washington,H,90,80,62.5,61.7,6.4,34.4,33.3
401825418,2026-01-04,Washington,Indiana Hoosiers,A,80,90,64.9,50.9,6.2,26.7,43.9
401825425,2026-01-07,Indiana Hoosiers,Maryland,A,84,66,73.3,51.7,20.4,40.0,43.3
401825425,2026-01-07,Maryland,Indiana Hoosiers,H,66,84,66.1,45.1,13.6,30.8,27.9
401825431,2026-01-10,Indiana Hoosiers,10Nebraska,H,77,83,60.1,56.2,10.0,31.2,30.4
401825431,2026-01-10,10Nebraska,Indiana Hoosiers,A,83,77,68.7,60.0,16.0,30.0,23.3
401828913,2025-11-06,Indiana State Sycamores,Illinois Tech,H,104,73,90.2,59.7,28.8,52.8,50.7
401828913,2025-11-06,Illinois Tech,Indiana State Sycamores,A,73,104,82.6,55.2,25.4,11.4,27.6
401828914,2025-11-10,Indiana State Sycamores,SIU Edwardsville,A,64,55,68.1,42.5,20.6,35.0,28.3
401828914,2025-11-10,SIU Edwardsville,Indiana State Sycamores,H,55,64,70.2,36.7,20.0,32.6,20.3
401826898,2025-11-19,Indiana State Sycamores,Louisiana Tech,H,60,51,70.7,42.5,17.0,16.7,20.0
401826898,2025-11-19,Louisiana Tech,Indiana State Sycamores,A,51,60,69.5,30.3,12.9,28.8,30.3
401826899,2025-11-26,Indiana State Sycamores,Louisiana Tech,A,73,75,72.8,57.1,22.0,14.8,17.9
401826899,2025-11-26,Louisiana Tech,Indiana State Sycamores,H,75,73,67.3,53.1,16.3,38.7,10.8
401830740,2025-12-02,Indiana State Sycamores,Eureka,H,99,57,84.6,68.2,26.0,35.5,24.2
401830740,2025-12-02,Eureka,Indiana State Sycamores,A,57,99,78.3,43.4,21.7,7.1,11.5
401829354,2025-12-07,Indiana State Sycamores,Southern Indiana,H,77,55,67.8,55.7,14.8,25.0,16.4
401829354,2025-12-07,Southern Indiana,Indiana State Sycamores,A,55,77,67.2,40.9,17.9,16.2,23.6
401822314,2025-12-14,Indiana State Sycamores,Milwaukee,A,70,68,53.9,63.5,7.4,20.0,11.5
401822314,2025-12-14,Milwaukee,Indiana State Sycamores,H,68,70,74.0,39.6,18.9,35.6,28.4
401830257,2026-01-01,Indiana State Sycamores,Northern Iowa,A,66,75,60.9,58.2,9.9,7.4,7.3
401830257,2026-01-01,Northern Iowa,Indiana State Sycamores,H,75,66,63.1,57.0,14.3,33.3,26.3
401824303,2025-11-11,Iona Gaels,Kansas City,A,105,91,85.7,66.7,21.0,31.4,19.4
401824303,2025-11-11,Kansas City,Iona Gaels,H,91,105,96.0,51.4,28.1,37.5,28.4
401824304,2025-11-18,Iona Gaels,Princeton,H,89,69,81.8,58.6,20.8,20.0,46.6
401824304,2025-11-18,Princeton,Iona Gaels,A,69,89,82.9,40.3,21.7,28.3,34.3
401831207,2025-11-22,Iona Gaels,Oregon State*,H,91,84,82.1,48.5,14.6,26.7,55.4
401831207,2025-11-22,Oregon State*,Iona Gaels,A,84,91,86.5,46.8,16.2,34.0,28.2
401820582,2025-12-05,Iona Gaels,Quinnipiac,H,68,89,73.5,40.8,17.7,32.6,33.8
401820582,2025-12-05,Quinnipiac,Iona Gaels,A,89,68,79.7,54.1,22.6,47.4,19.2
401823726,2025-12-07,Iona Gaels,Sacred Heart,A,81,69,77.5,54.1,23.2,29.4,29.5
401823726,2025-12-07,Sacred Heart,Iona Gaels,H,69,81,65.7,52.7,21.3,32.4,25.0
401824309,2025-12-13,Iona Gaels,22St. John's,A,64,91,74.3,41.5,16.1,27.3,9.9
401824309,2025-12-13,22St. John's,Iona Gaels,H,91,64,71.9,60.3,16.7,34.5,43.1
401824310,2025-12-20,Iona Gaels,Vermont,A,83,78,68.4,60.0,10.2,18.5,43.6
401824310,2025-12-20,Vermont,Iona Gaels,H,78,83,70.7,51.5,9.9,24.4,20.9
401813407,2025-12-29,Iona Gaels,Mount St. Mary's,A,59,66,76.8,39.2,20.8,20.5,15.4
401813407,2025-12-29,Mount St. Mary's,Iona Gaels,H,66,59,79.1,49.1,27.8,22.9,25.9
401813422,2026-01-02,Iona Gaels,Siena,H,75,72,61.2,59.8,8.2,21.4,23.2
401813422,2026-01-02,Siena,Iona Gaels,A,72,75,82.2,46.2,24.3,23.1,16.7
401813330,2026-01-04,Iona Gaels,Marist,A,38,83,52.1,33.0,9.6,13.9,38.6
401813330,2026-01-04,Marist,Iona Gaels,H,83,38,91.1,51.5,29.6,28.9,22.1
401813386,2026-01-09,Iona Gaels,Niagara,H,71,53,60.2,51.7,15.0,39.4,22.4
401813386,2026-01-09,Niagara,Iona Gaels,A,53,71,65.3,38.3,16.9,25.6,15.0
401823398,2025-11-04,Iowa Hawkeyes,Robert Morris,H,101,69,90.9,69.1,36.3,45.5,93.6
401823398,2025-11-04,Robert Morris,Iowa Hawkeyes,A,69,101,52.5,59.4,13.3,44.8,45.8
401823647,2025-11-07,Iowa Hawkeyes,Western Illinois,H,77,58,79.5,62.0,30.2,14.8,40.0
401823647,2025-11-07,Western Illinois,Iowa Hawkeyes,A,58,77,55.5,45.7,10.8,21.4,38.3
401823560,2025-11-14,Iowa Hawkeyes,Xavier,H,81,62,73.8,59.8,24.4,32.0,52.9
401823560,2025-11-14,Xavier,Iowa Hawkeyes,A,62,81,66.7,45.8,12.0,17.5,23.7
401823648,2025-11-18,Iowa Hawkeyes,Southeast Missouri State,H,99,70,84.5,71.4,30.8,36.0,79.6
401823648,2025-11-18,Southeast Missouri State,Iowa Hawkeyes,A,70,99,64.0,58.0,21.9,34.5,42.0
401823649,2025-11-25,Iowa Hawkeyes,Ole Miss*,H,74,69,69.4,50.0,18.7,32.4,42.9
401823649,2025-11-25,Ole Miss*,Iowa Hawkeyes,A,69,74,60.5,53.1,13.2,24.0,40.8
401825392,2025-12-02,Iowa Hawkeyes,7Michigan State,A,52,71,65.1,45.6,27.7,20.0,37.8
401825392,2025-12-02,7Michigan State,Iowa Hawkeyes,H,71,52,59.9,53.3,25.1,52.0,54.3
401825398,2025-12-06,Iowa Hawkeyes,Maryland,H,83,64,81.7,61.1,25.7,23.5,19.0
401825398,2025-12-06,Maryland,Iowa Hawkeyes,A,64,83,56.0,42.6,7.1,35.1,80.9
401819878,2025-12-11,Iowa Hawkeyes,4Iowa State,A,62,66,55.4,57.8,18.1,30.8,9.8
401819878,2025-12-11,4Iowa State,Iowa Hawkeyes,H,66,62,70.9,47.1,25.4,30.3,44.2
401823650,2025-12-14,Iowa Hawkeyes,Western Michigan,H,91,51,69.1,67.8,15.9,31.0,28.8
401823650,2025-12-14,Western Michigan,Iowa Hawkeyes,A,51,91,59.5,35.1,13.5,35.6,38.6
401823651,2025-12-29,Iowa Hawkeyes,UMass Lowell,H,90,62,80.4,61.8,27.4,33.3,43.6
401823651,2025-12-29,UMass Lowell,Iowa Hawkeyes,A,62,90,58.5,53.0,15.4,30.0,36.0
401825414,2026-01-03,Iowa Hawkeyes,UCLA,H,74,61,60.4,55.3,19.9,42.3,55.3
401825414,2026-01-03,UCLA,Iowa Hawkeyes,A,61,74,66.7,47.3,25.5,36.4,21.4
401825422,2026-01-06,Iowa Hawkeyes,Minnesota,A,67,70,68.2,45.2,19.1,35.9,20.6
401825422,2026-01-06,Minnesota,Iowa Hawkeyes,H,70,67,77.3,52.1,25.9,10.7,59.6
401819872,2025-11-10,Iowa State Cyclones,Mississippi State*,H,96,80,95.9,55.0,30.2,40.5,35.7
401819872,2025-11-10,Mississippi State*,Iowa State Cyclones,A,80,96,56.6,59.5,12.4,48.4,24.1
401819873,2025-11-17,Iowa State Cyclones,Stonehill,H,96,57,92.2,65.3,30.4,30.0,50.8
401819873,2025-11-17,Stonehill,Iowa State Cyclones,A,57,96,54.0,50.9,7.4,18.8,3.6
401819874,2025-11-24,Iowa State Cyclones,14St. John's*,H,83,82,72.2,49.2,18.0,41.7,50.0
401819874,2025-11-24,14St. John's*,Iowa State Cyclones,A,82,83,70.9,50.8,19.8,44.7,40.3
401831216,2025-11-26,Iowa State Cyclones,Syracuse*,H,95,64,93.0,66.4,32.3,29.6,34.4
401831216,2025-11-26,Syracuse*,Iowa State Cyclones,A,64,95,64.0,46.4,17.2,33.3,33.9
401819877,2025-12-06,Iowa State Cyclones,1Purdue,A,81,58,69.8,63.1,24.3,37.9,9.8
401819877,2025-12-06,1Purdue,Iowa State Cyclones,H,58,81,63.6,44.1,20.4,41.7,23.7
401819880,2025-12-21,Iowa State Cyclones,Long Beach State,H,91,60,74.5,63.8,18.8,38.2,27.7
401819880,2025-12-21,Long Beach State,Iowa State Cyclones,A,60,91,76.8,42.1,20.8,17.9,15.9
401827592,2026-01-02,Iowa State Cyclones,West Virginia,H,80,59,67.1,64.5,25.3,42.9,27.3
401827592,2026-01-02,West Virginia,Iowa State Cyclones,A,59,80,62.7,50.0,23.9,23.3,24.5
401827611,2026-01-10,Iowa State Cyclones,Oklahoma State,H,83,71,78.2,50.9,19.2,28.1,51.7
401827611,2026-01-10,Oklahoma State,Iowa State Cyclones,A,71,83,61.4,52.1,6.5,10.0,54.2
401817240,2025-11-06,Jackson State Tigers,11Louisville,A,70,106,70.6,48.4,9.9,17.1,25.4
401817240,2025-11-06,11Louisville,Jackson State Tigers,H,106,70,83.6,59.7,17.9,40.5,52.2
401826897,2025-11-15,Jackson State Tigers,Louisiana Tech,A,51,68,69.1,33.9,21.7,22.7,30.4
401826897,2025-11-15,Louisiana Tech,Jackson State Tigers,H,68,51,63.7,39.1,12.6,46.0,48.4
401827067,2025-11-23,Jackson State Tigers,Winthrop,H,62,80,62.8,50.9,17.5,24.2,14.3
401827067,2025-11-23,Winthrop,Jackson State Tigers,A,80,62,76.8,57.3,27.4,33.3,16.1
401828662,2025-11-28,Jackson State Tigers,Louisiana,A,51,45,67.4,42.7,26.7,22.9,9.1
401828662,2025-11-28,Louisiana,Jackson State Tigers,H,45,51,64.6,36.3,29.4,37.1,31.4
401828340,2025-12-02,Jackson State Tigers,Kennesaw State,A,73,88,70.8,40.5,14.1,28.9,50.0
401828340,2025-12-02,Kennesaw State,Jackson State Tigers,H,88,73,77.5,46.3,20.6,50.0,57.4
401826935,2025-12-13,Jackson State Tigers,Northwestern,A,53,93,62.9,33.9,6.4,19.0,41.1
401826935,2025-12-13,Northwestern,Jackson State Tigers,H,93,53,84.5,56.2,24.8,34.4,69.6
401828733,2025-12-19,Jackson State Tigers,Norfolk State*,H,72,82,76.6,49.2,24.8,28.9,26.2
401828733,2025-12-19,Norfolk State*,Jackson State Tigers,A,82,72,83.4,53.4,30.0,32.4,41.4
401812259,2025-12-29,Jackson State Tigers,TCU,A,64,115,62.1,45.8,9.7,26.3,25.4
401812259,2025-12-29,TCU,Jackson State Tigers,H,115,64,94.7,74.6,29.6,33.3,17.4
401809413,2025-11-03,Jacksonville Dolphins,Miami,A,69,86,82.7,53.4,27.8,15.6,24.1
401809413,2025-11-03,Miami,Jacksonville Dolphins,H,86,69,74.6,58.2,21.5,34.8,75.5
401823340,2025-11-06,Jacksonville Dolphins,Trinity (FL),H,132,45,104.6,66.5,26.8,60.5,45.1
401823340,2025-11-06,Trinity (FL),Jacksonville Dolphins,A,45,132,69.1,26.7,8.7,8.1,29.3
401823342,2025-11-15,Jacksonville Dolphins,VMI,A,69,67,65.8,58.2,27.4,38.7,18.2
401823342,2025-11-15,VMI,Jacksonville Dolphins,H,67,69,74.2,52.7,31.0,30.0,20.0
401831237,2025-11-25,Jacksonville Dolphins,Pacific*,H,53,68,60.5,39.2,11.6,16.7,35.3
401831237,2025-11-25,Pacific*,Jacksonville Dolphins,A,68,53,60.9,44.7,18.1,50.0,40.4
401823347,2025-12-11,Jacksonville Dolphins,Trinity College of Jacksonville,H,122,49,84.8,73.9,24.8,64.3,39.1
401823347,2025-12-11,Trinity College of Jacksonville,Jacksonville Dolphins,A,49,122,62.9,26.8,8.0,21.3,44.6
401823348,2025-12-14,Jacksonville Dolphins,Texas A&M,A,75,112,72.1,52.6,20.8,26.5,29.3
401823348,2025-12-14,Texas A&M,Jacksonville Dolphins,H,112,75,84.9,67.6,23.6,51.5,32.4
401807664,2026-01-01,Jacksonville Dolphins,Lipscomb,A,57,76,46.7,48.0,4.3,37.5,23.5
401807664,2026-01-01,Lipscomb,Jacksonville Dolphins,H,76,57,77.2,60.0,29.8,21.4,20.0
401807677,2026-01-08,Jacksonville Dolphins,Queens University,H,51,77,58.5,40.4,13.7,32.4,38.5
401807677,2026-01-08,Queens University,Jacksonville Dolphins,A,77,51,81.1,60.9,30.8,25.0,30.9
401807684,2026-01-10,Jacksonville Dolphins,West Georgia,H,75,43,71.1,63.0,23.9,13.0,30.0
401807684,2026-01-10,West Georgia,Jacksonville Dolphins,A,43,75,47.5,37.2,6.3,19.2,56.4
401828306,2025-11-03,Jacksonville State Gamecocks,Oakwood,H,117,63,93.2,57.6,20.4,48.8,43.0
401828306,2025-11-03,Oakwood,Jacksonville State Gamecocks,A,63,117,75.4,36.4,8.0,16.3,36.4
401828307,2025-11-10,Jacksonville State Gamecocks,Reinhardt,H,114,39,90.4,64.7,28.8,57.9,32.0
401828307,2025-11-10,Reinhardt,Jacksonville State Gamecocks,A,39,114,53.5,28.0,7.5,21.4,36.0
401828309,2025-11-19,Jacksonville State Gamecocks,South Alabama,H,65,71,61.9,50.0,11.3,26.8,6.2
401828309,2025-11-19,South Alabama,Jacksonville State Gamecocks,A,71,65,68.4,52.8,14.6,18.2,45.3
401828311,2025-11-26,Jacksonville State Gamecocks,North Dakota State*,H,43,56,52.9,30.0,7.6,29.3,46.0
401828311,2025-11-26,North Dakota State*,Jacksonville State Gamecocks,A,56,43,65.1,46.0,23.1,22.9,34.0
401823437,2025-12-01,Jacksonville State Gamecocks,North Alabama,H,66,73,64.5,47.5,12.4,31.0,33.3
401823437,2025-12-01,North Alabama,Jacksonville State Gamecocks,A,73,66,65.5,48.4,12.2,31.6,29.5
401828312,2025-12-07,Jacksonville State Gamecocks,Auburn-Montgomery,H,66,39,67.5,56.1,26.7,29.0,40.8
401828312,2025-12-07,Auburn-Montgomery,Jacksonville State Gamecocks,A,39,66,71.1,25.0,18.3,26.8,22.7
401804832,2025-12-29,Jacksonville State Gamecocks,Western Kentucky,H,78,67,63.5,67.1,18.9,20.0,102.6
401804832,2025-12-29,Western Kentucky,Jacksonville State Gamecocks,A,67,78,74.0,36.8,21.6,44.4,29.2
401804865,2026-01-04,Jacksonville State Gamecocks,Liberty,A,69,78,62.0,45.6,12.9,34.3,33.3
401804865,2026-01-04,Liberty,Jacksonville State Gamecocks,H,78,69,68.3,51.9,16.1,31.2,51.9
401804873,2026-01-10,Jacksonville State Gamecocks,Kennesaw State,A,82,88,64.8,56.0,6.2,31.2,46.6
401804873,2026-01-10,Kennesaw State,Jacksonville State Gamecocks,H,88,82,76.2,55.3,18.4,33.3,59.6
401829495,2025-11-05,James Madison Dukes,Washington and Lee,H,70,56,65.5,45.8,16.8,37.8,33.9
401829495,2025-11-05,Washington and Lee,James Madison Dukes,A,56,70,63.4,44.3,14.2,21.1,4.9
401826992,2025-11-12,James Madison Dukes,Longwood,A,72,82,62.0,53.4,3.2,19.4,32.8
401826992,2025-11-12,Longwood,James Madison Dukes,H,82,72,77.0,41.1,19.5,35.0,75.0
401812354,2025-11-15,James Madison Dukes,Long Island University,A,79,88,74.7,53.8,18.8,30.8,21.2
401812354,2025-11-15,Long Island University,James Madison Dukes,H,88,79,84.1,64.8,25.0,17.9,24.6
401827499,2025-11-18,James Madison Dukes,Towson,H,81,75,64.0,69.6,15.6,8.7,45.7
401827499,2025-11-18,Towson,James Madison Dukes,A,75,81,64.9,47.5,15.4,44.7,37.7
401829467,2025-11-25,James Madison Dukes,Omaha*,H,88,77,68.8,69.8,21.8,29.6,13.8
401829467,2025-11-25,Omaha*,James Madison Dukes,A,77,88,66.8,57.4,16.5,31.2,16.4
401828737,2025-12-03,James Madison Dukes,North Carolina Central,H,67,62,72.2,43.3,23.5,31.6,61.5
401828737,2025-12-03,North Carolina Central,James Madison Dukes,A,62,67,68.1,48.1,25.0,27.3,28.3
401828722,2025-12-06,James Madison Dukes,Norfolk State,H,68,67,74.5,51.9,24.2,22.2,40.7
401828722,2025-12-06,Norfolk State,James Madison Dukes,A,67,68,60.1,56.7,16.6,31.2,32.7
401808577,2025-12-17,James Madison Dukes,Old Dominion,A,68,77,62.5,50.9,11.2,21.9,33.3
401808577,2025-12-17,Old Dominion,James Madison Dukes,H,77,68,76.7,47.2,20.9,21.6,62.3
401808601,2026-01-07,James Madison Dukes,Marshall,H,64,66,56.2,46.7,7.1,35.9,21.7
401808601,2026-01-07,Marshall,James Madison Dukes,A,66,64,72.6,45.0,24.8,33.3,26.7
401808609,2026-01-10,James Madison Dukes,Old Dominion,H,70,69,56.9,51.0,7.0,27.6,51.0
401808609,2026-01-10,Old Dominion,James Madison Dukes,A,69,70,76.5,44.4,18.3,20.9,32.3
401829451,2025-11-03,Kansas City Roos,Evangel,H,80,74,78.9,54.2,26.6,35.3,39.0
401829451,2025-11-03,Evangel,Kansas City Roos,A,74,80,70.1,50.8,14.3,27.8,23.8
401828917,2025-11-07,Kansas City Roos,Southern Illinois,A,78,101,72.9,46.4,12.3,34.0,33.3
401828917,2025-11-07,Southern Illinois,Kansas City Roos,H,101,78,85.3,69.7,24.6,33.3,42.6
401829425,2025-11-15,Kansas City Roos,Texas,A,55,71,62.8,37.7,6.4,23.8,12.3
401829425,2025-11-15,Texas,Kansas City Roos,H,71,55,69.3,42.2,15.9,43.2,43.8
401812253,2025-11-19,Kansas City Roos,TCU,A,45,81,61.0,29.5,13.1,26.7,33.9
401812253,2025-11-19,TCU,Kansas City Roos,H,81,45,74.1,50.0,21.6,41.5,22.1
401822393,2025-11-24,Kansas City Roos,Lindenwood,A,67,80,69.3,45.2,17.3,20.6,50.0
401822393,2025-11-24,Lindenwood,Kansas City Roos,H,80,67,74.8,50.8,18.7,31.4,45.8
401826934,2025-11-29,Kansas City Roos,Weber State,A,61,82,70.7,48.2,21.2,18.9,25.0
401826934,2025-11-29,Weber State,Kansas City Roos,H,82,61,76.5,61.8,30.1,39.3,36.4
401826957,2025-12-10,Kansas City Roos,Weber State,H,60,64,71.0,39.0,19.7,30.0,35.6
401826957,2025-12-10,Weber State,Kansas City Roos,A,64,60,81.5,45.1,29.4,30.8,29.5
401829452,2025-12-13,Kansas City Roos,Spurgeon College,H,102,75,81.7,63.9,22.0,40.6,54.1
401829452,2025-12-13,Spurgeon College,Kansas City Roos,A,75,102,93.7,42.3,23.5,23.5,15.4
401826781,2025-12-16,Kansas City Roos,Oklahoma,A,67,89,65.5,49.0,18.3,25.7,42.3
401826781,2025-12-16,Oklahoma,Kansas City Roos,H,89,67,87.0,55.7,27.6,39.0,27.1
401813295,2025-12-18,Kansas City Roos,Oklahoma State,A,79,91,84.5,45.5,21.3,26.8,32.8
401813295,2025-12-18,Oklahoma State,Kansas City Roos,H,91,79,81.0,62.1,25.9,37.9,30.6
401829454,2025-12-28,Kansas City Roos,McPherson,H,91,78,78.7,50.8,21.6,41.5,48.4
401829454,2025-12-28,McPherson,Kansas City Roos,A,78,91,75.6,50.0,21.2,32.4,25.0
401818375,2026-01-03,Kansas City Roos,Omaha,A,73,66,72.5,49.1,16.6,17.1,39.3
401818375,2026-01-03,Omaha,Kansas City Roos,H,66,73,55.2,54.6,3.6,20.0,20.4
401818379,2026-01-08,Kansas City Roos,North Dakota State,H,73,97,62.1,56.4,17.7,37.5,30.9
401818379,2026-01-08,North Dakota State,Kansas City Roos,A,97,73,86.0,62.9,30.2,44.1,28.8
401818381,2026-01-10,Kansas City Roos,North Dakota,H,79,81,50.6,66.0,5.9,39.1,28.0
401818381,2026-01-10,North Dakota,Kansas City Roos,A,81,79,83.4,54.0,27.6,33.3,38.7
401817263,2025-11-07,Kansas Jayhawks,25North Carolina,A,74,87,77.1,55.2,24.6,23.3,25.9
401817263,2025-11-07,25North Carolina,Kansas Jayhawks,H,87,74,72.1,57.6,19.4,44.4,25.8
401819883,2025-11-11,Kansas Jayhawks,Texas A&M-Corpus Christi,H,77,46,68.5,62.0,21.9,25.9,44.0
401819883,2025-11-11,Texas A&M-Corpus Christi,Kansas Jayhawks,A,46,77,80.2,33.1,26.2,14.0,22.0
401819884,2025-11-15,Kansas Jayhawks,Princeton,H,76,57,78.3,51.9,26.8,28.1,52.8
401819884,2025-11-15,Princeton,Kansas Jayhawks,A,57,76,74.6,39.7,22.8,19.0,27.6
401817436,2025-11-24,Kansas Jayhawks,Notre Dame*,H,71,61,65.2,51.7,13.8,29.4,21.7
401817436,2025-11-24,Notre Dame*,Kansas Jayhawks,A,61,71,73.1,37.5,16.4,22.7,23.4
401817482,2025-11-25,Kansas Jayhawks,Syracuse*,H,71,60,50.5,49.1,0.0,41.9,37.0
401817482,2025-11-25,Syracuse*,Kansas Jayhawks,A,60,71,71.9,37.3,12.5,23.4,36.5
401831215,2025-11-26,Kansas Jayhawks,17Tennessee*,H,81,76,68.5,46.8,10.2,30.8,34.9
401831215,2025-11-26,17Tennessee*,Kansas Jayhawks,A,76,81,69.2,48.2,11.6,29.4,52.6
401812791,2025-12-02,Kansas Jayhawks,5UConn,H,56,61,62.0,40.2,16.1,25.0,41.2
401812791,2025-12-02,5UConn,Kansas Jayhawks,A,61,56,55.8,48.2,10.8,32.4,14.0
401819885,2025-12-07,Kansas Jayhawks,Missouri*,H,80,60,67.3,53.5,14.8,38.7,45.6
401819885,2025-12-07,Missouri*,Kansas Jayhawks,A,60,80,64.0,40.2,14.1,35.6,34.4
401817259,2025-12-13,Kansas Jayhawks,NC State,A,77,76,70.8,50.7,8.5,23.3,14.3
401817259,2025-12-13,NC State,Kansas Jayhawks,H,76,77,77.1,43.9,9.1,23.4,20.3
401819886,2025-12-16,Kansas Jayhawks,Towson,H,73,49,67.7,53.3,19.2,34.3,23.3
401819886,2025-12-16,Towson,Kansas Jayhawks,A,49,73,58.7,29.7,10.2,41.5,17.4
401827594,2026-01-03,Kansas Jayhawks,UCF,A,75,81,65.9,50.0,12.1,30.6,39.7
401827594,2026-01-03,UCF,Kansas Jayhawks,H,81,75,78.3,49.2,19.1,31.7,40.6
401827601,2026-01-06,Kansas Jayhawks,TCU,H,104,100,94.0,58.7,22.3,25.0,63.5
401827601,2026-01-06,TCU,Kansas Jayhawks,A,100,104,83.4,56.7,15.6,35.6,32.0
401827614,2026-01-10,Kansas Jayhawks,West Virginia,A,75,86,72.5,49.2,17.9,27.0,29.5
401827614,2026-01-10,West Virginia,Kansas Jayhawks,H,86,75,65.8,58.0,10.6,33.3,51.8
401819888,2025-11-04,Kansas State Wildcats,UNC Greensboro,H,93,64,86.5,61.2,24.3,34.4,29.9
401819888,2025-11-04,UNC Greensboro,Kansas State Wildcats,A,64,93,77.5,42.6,21.9,24.4,32.8
401819890,2025-11-17,Kansas State Wildcats,Tulsa,H,84,83,78.0,47.8,15.4,33.3,30.9
401819890,2025-11-17,Tulsa,Kansas State Wildcats,A,83,84,79.8,47.0,17.5,33.3,43.9
401819891,2025-11-20,Kansas State Wildcats,Mississippi State*,H,98,77,83.2,60.3,20.4,32.4,15.1
401819891,2025-11-20,Mississippi State*,Kansas State Wildcats,A,77,98,65.9,49.2,6.1,25.7,38.3
401831195,2025-11-21,Kansas State Wildcats,Nebraska*,H,85,86,86.5,60.7,27.7,25.8,32.8
401831195,2025-11-21,Nebraska*,Kansas State Wildcats,A,86,85,81.5,53.2,22.1,27.3,35.5
401819894,2025-12-06,Kansas State Wildcats,Seton Hall,H,67,78,66.6,41.9,10.5,39.6,56.5
401819894,2025-12-06,Seton Hall,Kansas State Wildcats,A,78,67,89.5,42.4,24.6,34.9,30.6
401819895,2025-12-08,Kansas State Wildcats,Mississippi Valley State,H,108,49,78.6,72.0,21.6,40.0,24.2
401819895,2025-12-08,Mississippi Valley State,Kansas State Wildcats,A,49,108,61.6,29.0,6.5,26.7,25.8
401811114,2025-12-20,Kansas State Wildcats,South Dakota,H,106,76,73.6,71.2,14.9,40.7,24.2
401811114,2025-12-20,South Dakota,Kansas State Wildcats,A,76,106,74.5,48.5,13.4,26.7,29.9
401819897,2025-12-28,Kansas State Wildcats,UL Monroe,H,94,85,81.4,54.3,18.4,39.5,34.3
401819897,2025-12-28,UL Monroe,Kansas State Wildcats,A,85,94,84.2,55.5,23.8,20.0,61.8
401828335,2025-11-03,Kennesaw State Owls,Paine,H,105,29,78.5,65.9,16.6,34.2,29.0
401828335,2025-11-03,Paine,Kennesaw State Owls,A,29,105,68.8,17.6,4.4,18.0,8.1
401828337,2025-11-12,Kennesaw State Owls,Point University,H,111,60,100.1,60.1,29.0,50.0,45.6
401828337,2025-11-12,Point University,Kennesaw State Owls,A,60,111,67.9,35.3,7.4,15.6,43.1
401826813,2025-11-16,Kennesaw State Owls,South Florida,H,89,108,72.5,45.1,8.3,46.0,54.9
401826813,2025-11-16,South Florida,Kennesaw State Owls,A,108,89,86.8,56.5,19.6,38.9,74.2
401828338,2025-11-24,Kennesaw State Owls,Rice*,H,89,84,86.2,47.1,22.0,38.6,42.9
401828338,2025-11-24,Rice*,Kennesaw State Owls,A,84,89,81.0,48.4,18.5,34.1,61.3
401828339,2025-11-25,Kennesaw State Owls,Oral Roberts*,H,83,91,73.3,69.8,21.8,17.4,58.3
401828339,2025-11-25,Oral Roberts*,Kennesaw State Owls,A,91,83,77.6,50.8,19.3,33.3,59.3
401828342,2025-12-08,Kennesaw State Owls,Southern Wesleyan,H,121,66,112.1,67.9,39.2,55.6,18.5
401828342,2025-12-08,Southern Wesleyan,Kennesaw State Owls,A,66,121,62.6,49.1,11.2,26.5,28.1
401822999,2025-12-17,Kennesaw State Owls,Middle Tennessee,A,67,68,64.5,38.9,14.0,42.9,34.9
401822999,2025-12-17,Middle Tennessee,Kennesaw State Owls,H,68,67,72.2,39.3,22.2,36.6,57.1
401804860,2026-01-02,Kennesaw State Owls,Liberty,A,73,81,72.2,40.0,15.2,46.3,16.2
401804860,2026-01-02,Liberty,Kennesaw State Owls,H,81,73,75.4,58.5,19.9,14.3,45.3
401804868,2026-01-07,Kennesaw State Owls,Missouri State,H,90,80,72.2,62.5,20.8,35.7,61.5
401804868,2026-01-07,Missouri State,Kennesaw State Owls,A,80,90,75.7,47.7,19.8,42.2,47.7
401823008,2025-11-03,Kent State Golden Flashes,Troy,H,97,103,87.7,45.6,17.1,44.0,41.8
401823008,2025-11-03,Troy,Kent State Golden Flashes,A,103,97,96.7,61.9,24.8,20.7,52.4
401823010,2025-11-10,Kent State Golden Flashes,UNC Wilmington,H,86,77,71.4,65.1,19.6,23.3,45.3
401823010,2025-11-10,UNC Wilmington,Kent State Golden Flashes,A,77,86,85.5,41.6,19.9,35.4,23.4
401823012,2025-11-16,Kent State Golden Flashes,Wright State*,H,76,72,65.3,44.4,12.2,42.5,41.9
401823012,2025-11-16,Wright State*,Kent State Golden Flashes,A,72,76,82.0,49.2,25.6,23.7,31.1
401823015,2025-11-29,Kent State Golden Flashes,Penn State-Shenango,H,123,59,99.2,67.0,19.1,32.5,12.5
401823015,2025-11-29,Penn State-Shenango,Kent State Golden Flashes,A,59,123,75.2,36.4,9.3,13.7,15.7
401823017,2025-12-06,Kent State Golden Flashes,Roberts Wesleyan,H,111,68,88.3,72.6,26.0,39.1,41.9
401823017,2025-12-06,Roberts Wesleyan,Kent State Golden Flashes,A,68,111,90.0,38.9,22.2,23.5,29.2
401823018,2025-12-14,Kent State Golden Flashes,Portland,A,78,88,72.3,46.6,20.7,38.9,48.3
401823018,2025-12-14,Portland,Kent State Golden Flashes,H,88,78,85.0,58.7,22.4,22.6,33.3
401813771,2025-12-20,Kent State Golden Flashes,Massachusetts,A,69,59,70.1,49.1,18.6,22.9,29.8
401813771,2025-12-20,Massachusetts,Kent State Golden Flashes,H,59,69,63.4,38.2,9.5,22.0,43.6
401823019,2025-12-29,Kent State Golden Flashes,5Purdue,A,60,101,72.7,40.2,15.1,15.0,23.0
401823019,2025-12-29,5Purdue,Kent State Golden Flashes,H,101,60,92.0,65.6,27.2,21.4,29.7
401814501,2026-01-03,Kent State Golden Flashes,Northern Illinois,H,77,73,82.0,43.4,28.0,35.1,75.5
401814501,2026-01-03,Northern Illinois,Kent State Golden Flashes,A,73,77,63.2,53.9,19.0,40.0,58.8
401826746,2025-11-04,Kentucky Wildcats,Nicholls,H,77,51,64.5,52.4,10.9,37.5,35.5
401826746,2025-11-04,Nicholls,Kentucky Wildcats,A,51,77,66.5,34.0,12.0,12.2,41.5
401822330,2025-11-07,Kentucky Wildcats,Valparaiso,H,107,59,84.3,62.5,17.8,33.3,38.2
401822330,2025-11-07,Valparaiso,Kentucky Wildcats,A,59,107,76.5,34.3,15.7,23.5,29.9
401817241,2025-11-11,Kentucky Wildcats,12Louisville,A,88,96,72.6,55.9,13.8,32.5,23.5
401817241,2025-11-11,12Louisville,Kentucky Wildcats,H,96,88,89.7,54.3,21.2,31.0,44.9
401827221,2025-11-18,Kentucky Wildcats,17Michigan State*,H,66,83,78.5,41.2,21.7,15.8,38.6
401827221,2025-11-18,17Michigan State*,Kentucky Wildcats,A,83,66,73.8,58.6,20.3,31.2,15.6
401820187,2025-11-21,Kentucky Wildcats,Loyola Maryland,H,88,46,86.3,55.3,27.8,42.9,11.8
401820187,2025-11-21,Loyola Maryland,Kentucky Wildcats,A,46,88,58.8,34.7,3.4,19.1,12.9
401826832,2025-11-26,Kentucky Wildcats,Tennessee Tech,H,104,54,80.2,70.5,22.5,35.7,19.7
401826832,2025-11-26,Tennessee Tech,Kentucky Wildcats,A,54,104,70.4,37.7,11.4,19.1,7.2
401806365,2025-12-02,Kentucky Wildcats,16North Carolina,H,64,67,68.5,44.3,19.0,27.6,41.5
401806365,2025-12-02,16North Carolina,Kentucky Wildcats,A,67,64,58.1,45.3,12.0,47.6,23.4
401828738,2025-12-09,Kentucky Wildcats,North Carolina Central,H,103,67,90.7,70.3,29.8,26.9,21.9
401828738,2025-12-09,North Carolina Central,Kentucky Wildcats,A,67,103,71.1,47.4,18.3,19.4,29.8
401809306,2025-12-20,Kentucky Wildcats,22St. John's*,H,78,66,70.5,49.2,21.3,48.5,36.1
401809306,2025-12-20,22St. John's*,Kentucky Wildcats,A,66,78,78.2,38.2,29.4,32.4,62.7
401808157,2026-01-07,Kentucky Wildcats,Missouri,H,68,73,65.4,50.0,16.8,24.2,47.1
401808157,2026-01-07,Missouri,Kentucky Wildcats,A,73,68,73.5,57.7,23.1,14.8,34.6
401808163,2026-01-10,Kentucky Wildcats,Mississippi State,H,92,68,86.7,61.9,31.2,42.4,20.9
401808163,2026-01-10,Mississippi State,Kentucky Wildcats,A,68,92,63.6,50.9,15.7,29.0,25.0
401826995,2025-11-05,LSU Tigers,Tarleton State,H,96,60,62.8,80.4,15.9,46.7,63.0
401826995,2025-11-05,Tarleton State,LSU Tigers,A,60,96,70.5,37.9,17.0,27.3,29.0
401808892,2025-11-10,LSU Tigers,New Orleans,H,93,58,75.3,50.7,12.0,42.9,39.4
401808892,2025-11-10,New Orleans,LSU Tigers,A,58,93,71.1,34.3,11.3,24.0,25.4
401829422,2025-11-21,LSU Tigers,Omaha,H,99,73,85.4,64.3,22.2,22.9,38.1
401829422,2025-11-21,Omaha,LSU Tigers,A,73,99,83.9,46.2,21.5,25.5,37.9
401819902,2025-12-07,LSU Tigers,19Texas Tech*,H,58,82,62.5,57.5,11.2,35.1,30.0
401819902,2025-12-07,19Texas Tech*,LSU Tigers,A,82,58,81.0,36.5,22.2,20.5,30.2
401817461,2025-12-13,LSU Tigers,SMU*,H,89,77,64.7,68.1,17.0,43.5,20.7
401817461,2025-12-13,SMU*,LSU Tigers,A,77,89,72.1,54.9,26.4,43.2,27.9
401808954,2025-12-19,LSU Tigers,SE Louisiana,H,78,65,66.8,64.1,21.0,24.0,58.7
401808954,2025-12-19,SE Louisiana,LSU Tigers,A,65,78,63.1,48.2,15.8,30.3,26.8
401827045,2025-12-22,LSU Tigers,Prairie View A&M,H,104,90,83.3,53.5,21.6,48.4,86.0
401827045,2025-12-22,Prairie View A&M,LSU Tigers,A,90,104,71.3,59.3,14.0,21.4,51.9
401827260,2025-12-29,LSU Tigers,Southern Miss,H,90,62,79.9,58.1,20.0,29.4,40.3
401827260,2025-12-29,Southern Miss,LSU Tigers,A,62,90,70.8,33.1,14.1,31.2,46.8
401808149,2026-01-03,LSU Tigers,Texas A&M,A,72,75,66.5,51.9,15.0,23.3,37.0
401808149,2026-01-03,Texas A&M,LSU Tigers,H,75,72,73.0,48.4,21.9,39.5,33.9
401808158,2026-01-06,LSU Tigers,South Carolina,H,68,78,58.6,45.2,11.9,42.5,22.6
401808158,2026-01-06,South Carolina,LSU Tigers,A,78,68,68.0,58.5,17.7,21.9,39.6
401808167,2026-01-10,LSU Tigers,11Vanderbilt,A,73,84,67.1,51.7,14.9,29.4,28.8
401808167,2026-01-10,11Vanderbilt,LSU Tigers,H,84,73,80.8,48.4,19.8,32.4,46.0
401822177,2025-11-08,La Salle Explorers,Monmouth,H,73,60,78.3,41.9,29.4,45.5,45.2
401822177,2025-11-08,Monmouth,La Salle Explorers,A,60,73,64.1,47.1,23.4,32.4,32.7
401822178,2025-11-11,La Salle Explorers,Temple,A,63,90,63.4,40.7,11.0,24.3,44.4
401822178,2025-11-11,Temple,La Salle Explorers,H,90,63,71.7,58.8,18.1,44.4,20.6
401822179,2025-11-15,La Salle Explorers,Penn State*,H,69,83,58.1,57.0,15.5,29.6,30.0
401822179,2025-11-15,Penn State*,La Salle Explorers,A,83,69,72.2,66.7,22.2,23.1,19.3
401822180,2025-11-19,La Salle Explorers,Villanova,H,55,70,55.2,46.1,19.9,39.4,25.5
401822180,2025-11-19,Villanova,La Salle Explorers,A,70,55,70.8,59.3,35.3,46.4,18.5
401822181,2025-11-22,La Salle Explorers,Lancasater Bible College,H,75,46,75.7,54.0,26.4,36.4,19.4
401822181,2025-11-22,Lancasater Bible College,La Salle Explorers,A,46,75,70.4,32.6,17.0,18.4,4.5
401812579,2025-11-29,La Salle Explorers,Pennsylvania,A,71,73,63.8,46.5,12.5,46.3,11.3
401812579,2025-11-29,Pennsylvania,La Salle Explorers,H,73,71,63.1,59.6,19.0,30.0,32.7
401822183,2025-11-30,La Salle Explorers,Merrimack*,H,60,66,53.5,44.2,16.8,50.0,34.6
401822183,2025-11-30,Merrimack*,La Salle Explorers,A,66,60,70.2,50.9,24.2,27.3,19.3
401812361,2025-12-13,La Salle Explorers,Long Island University,A,60,70,61.8,45.1,22.7,47.4,16.4
401812361,2025-12-13,Long Island University,La Salle Explorers,H,70,60,68.4,56.2,26.3,29.0,50.0
401822185,2025-12-21,La Salle Explorers,2Michigan,A,50,102,65.1,29.5,15.4,31.0,24.6
401822185,2025-12-21,2Michigan,La Salle Explorers,H,102,50,93.2,66.1,30.0,33.3,48.4
401828360,2026-01-07,La Salle Explorers,Rhode Island,A,79,72,64.7,69.5,24.7,36.4,80.5
401828360,2026-01-07,Rhode Island,La Salle Explorers,H,72,79,69.5,51.7,27.3,44.4,31.0
401828367,2026-01-10,La Salle Explorers,Saint Louis,H,72,84,74.5,41.8,18.8,33.3,70.9
401828367,2026-01-10,Saint Louis,La Salle Explorers,A,84,72,63.5,66.7,15.8,32.0,43.1
401822666,2025-11-03,Lafayette Leopards,Saint Joseph's,A,76,85,66.9,50.0,6.0,30.8,35.9
401822666,2025-11-03,Saint Joseph's,Lafayette Leopards,H,85,76,71.5,50.0,12.6,40.0,33.3
401829411,2025-11-05,Lafayette Leopards,Dickinson (PA),H,79,44,101.5,47.0,37.5,33.3,32.8
401829411,2025-11-05,Dickinson (PA),Lafayette Leopards,A,44,79,62.8,35.3,19.1,24.4,13.8
401829412,2025-11-08,Lafayette Leopards,Texas,A,60,97,61.1,44.5,13.1,27.0,30.9
401829412,2025-11-08,Texas,Lafayette Leopards,H,97,60,84.8,59.5,28.3,51.6,46.0
401819917,2025-11-17,Lafayette Leopards,West Virginia,A,59,81,57.7,51.0,15.6,20.0,24.5
401819917,2025-11-17,West Virginia,Lafayette Leopards,H,81,59,76.0,57.8,26.3,38.7,36.2
401822351,2025-11-21,Lafayette Leopards,Stonehill,A,70,74,71.8,41.1,16.7,38.1,46.8
401822351,2025-11-21,Stonehill,Lafayette Leopards,H,74,70,70.1,53.3,20.0,34.3,28.3
401826857,2025-11-28,Lafayette Leopards,Le Moyne,H,63,76,64.1,43.9,12.5,23.1,29.8
401826857,2025-11-28,Le Moyne,Lafayette Leopards,A,76,63,76.0,52.5,25.0,35.5,32.2
401824863,2025-11-30,Lafayette Leopards,Monmouth,H,74,88,81.5,50.9,27.0,21.9,39.3
401824863,2025-11-30,Monmouth,Lafayette Leopards,A,88,74,79.7,67.3,26.3,22.7,63.3
401820213,2025-12-05,Lafayette Leopards,Mercyhurst,H,79,71,52.6,64.0,7.6,36.0,32.0
401820213,2025-12-05,Mercyhurst,Lafayette Leopards,A,71,79,76.8,47.8,24.7,36.8,11.8
401812581,2025-12-08,Lafayette Leopards,Pennsylvania,A,72,74,71.2,52.5,16.9,20.0,22.0
401812581,2025-12-08,Pennsylvania,Lafayette Leopards,H,74,72,78.0,47.0,20.5,31.0,28.8
401820194,2026-01-03,Lafayette Leopards,Loyola Maryland,A,79,64,61.1,61.2,8.2,28.1,25.9
401820194,2026-01-03,Loyola Maryland,Lafayette Leopards,H,64,79,64.2,45.9,10.9,23.7,18.0
401820163,2026-01-10,Lafayette Leopards,Navy,A,50,76,56.1,36.8,5.3,19.0,32.1
401820163,2026-01-10,Navy,Lafayette Leopards,H,76,50,73.8,61.8,23.0,20.6,52.9
401828511,2025-11-03,Lamar Cardinals,Texas A&M-San Antonio,H,93,53,90.9,60.3,35.2,45.5,36.5
401828511,2025-11-03,Texas A&M-San Antonio,Lamar Cardinals,A,53,93,68.5,39.6,23.3,22.5,34.0
401812251,2025-11-10,Lamar Cardinals,TCU,A,65,78,72.7,47.5,23.4,30.3,20.0
401812251,2025-11-10,TCU,Lamar Cardinals,H,78,65,67.4,58.5,23.7,41.9,45.3
401828512,2025-11-17,Lamar Cardinals,UL Monroe,A,79,66,79.6,48.6,20.1,33.3,22.9
401828512,2025-11-17,UL Monroe,Lamar Cardinals,H,66,79,60.4,46.4,5.0,28.9,46.4
401828291,2025-11-23,Lamar Cardinals,Montana,A,68,63,70.8,43.8,15.5,36.2,11.0
401828291,2025-11-23,Montana,Lamar Cardinals,H,63,68,71.2,40.4,21.1,26.8,61.5
401826872,2025-11-24,Lamar Cardinals,Oakland*,H,68,83,67.6,45.2,19.2,39.0,25.4
401826872,2025-11-24,Oakland*,Lamar Cardinals,A,83,68,82.2,54.5,26.8,32.4,57.1
401828513,2025-11-29,Lamar Cardinals,Our Lady Of The Lake,H,90,46,88.7,59.0,28.2,36.8,16.7
401828513,2025-11-29,Our Lady Of The Lake,Lamar Cardinals,A,46,90,67.4,33.1,14.8,22.2,7.7
401828514,2025-12-03,Lamar Cardinals,Louisiana,H,65,55,76.4,47.2,31.4,35.3,45.3
401828514,2025-12-03,Louisiana,Lamar Cardinals,A,55,65,53.8,51.0,16.7,24.1,16.7
401820488,2025-12-06,Lamar Cardinals,Texas A&M-Corpus Christi,H,49,57,59.3,42.2,18.6,21.2,17.6
401820488,2025-12-06,Texas A&M-Corpus Christi,Lamar Cardinals,A,57,49,64.0,48.9,25.0,21.4,42.2
401823767,2025-12-10,Lamar Cardinals,San Diego State,A,71,89,67.5,48.3,13.3,24.3,34.5
401823767,2025-12-10,San Diego State,Lamar Cardinals,H,89,71,77.7,55.0,19.3,36.4,51.7
401808976,2025-12-16,Lamar Cardinals,UT Rio Grande Valley,H,72,83,73.0,48.3,20.6,27.5,35.6
401808976,2025-12-16,UT Rio Grande Valley,Lamar Cardinals,A,83,72,65.2,63.8,10.7,19.4,22.4
401828515,2025-12-20,Lamar Cardinals,Omaha,H,82,85,79.5,48.6,21.4,42.1,29.0
401828515,2025-12-20,Omaha,Lamar Cardinals,A,85,82,71.9,60.2,18.1,24.1,46.3
401808935,2025-12-29,Lamar Cardinals,Northwestern State,A,76,61,60.8,63.9,13.2,25.0,18.5
401808935,2025-12-29,Northwestern State,Lamar Cardinals,H,61,76,64.3,45.7,17.1,20.0,59.6
401808873,2026-01-02,Lamar Cardinals,McNeese,A,70,82,56.7,41.7,12.3,45.2,57.4
401808873,2026-01-02,McNeese,Lamar Cardinals,H,82,70,61.0,54.2,13.1,45.2,83.3
401808957,2026-01-05,Lamar Cardinals,SE Louisiana,A,52,60,55.0,32.1,14.6,42.1,39.6
401808957,2026-01-05,SE Louisiana,Lamar Cardinals,H,60,52,58.7,48.9,11.9,25.0,68.9
401826855,2025-11-03,Le Moyne Dolphins,SUNY Cobleskill,H,94,50,105.2,57.5,36.1,33.3,17.8
401826855,2025-11-03,SUNY Cobleskill,Le Moyne Dolphins,A,50,94,55.3,39.5,7.2,25.6,15.8
401812333,2025-11-06,Le Moyne Dolphins,Xavier,A,69,74,61.7,60.8,16.2,19.2,23.5
401812333,2025-11-06,Xavier,Le Moyne Dolphins,H,74,69,76.6,53.4,26.1,26.3,27.1
401826856,2025-11-13,Le Moyne Dolphins,Massachusetts,A,80,94,80.3,50.8,17.4,21.6,45.9
401826856,2025-11-13,Massachusetts,Le Moyne Dolphins,H,94,80,78.5,59.1,20.4,39.4,30.3
401813376,2025-11-17,Le Moyne Dolphins,Niagara,H,74,68,59.5,52.9,8.4,23.3,43.1
401813376,2025-11-17,Niagara,Le Moyne Dolphins,A,68,74,65.7,51.8,15.2,17.6,25.5
401824862,2025-11-29,Le Moyne Dolphins,Monmouth*,H,83,79,70.3,62.2,21.3,25.0,57.1
401824862,2025-11-29,Monmouth*,Le Moyne Dolphins,A,79,83,74.5,48.4,20.1,37.5,34.4
401826858,2025-12-16,Le Moyne Dolphins,Texas,A,53,95,68.9,30.0,11.6,22.2,38.3
401826858,2025-12-16,Texas,Le Moyne Dolphins,H,95,53,84.9,57.4,28.3,48.6,33.8
401817205,2025-12-20,Le Moyne Dolphins,St. Bonaventure,A,81,92,69.4,53.4,15.9,31.4,41.4
401817205,2025-12-20,St. Bonaventure,Le Moyne Dolphins,H,92,81,71.6,60.2,18.2,37.5,64.8
401812334,2026-01-02,Le Moyne Dolphins,Saint Francis,A,84,58,67.7,65.5,20.7,37.9,24.1
401812334,2026-01-02,Saint Francis,Le Moyne Dolphins,H,58,84,67.5,39.8,16.3,27.9,33.9
401812335,2026-01-04,Le Moyne Dolphins,Mercyhurst,A,60,74,61.6,42.6,13.0,35.0,23.0
401812335,2026-01-04,Mercyhurst,Le Moyne Dolphins,H,74,60,69.0,50.9,23.2,38.2,33.3
401812336,2026-01-08,Le Moyne Dolphins,New Haven,H,73,47,69.4,58.0,23.1,28.6,48.0
401812336,2026-01-08,New Haven,Le Moyne Dolphins,A,47,73,55.0,40.4,12.7,21.6,40.4
401829414,2025-11-06,Lehigh Mountain Hawks,Valley Forge,H,91,52,84.5,58.2,27.2,38.9,26.9
401829414,2025-11-06,Valley Forge,Lehigh Mountain Hawks,A,52,91,72.2,29.7,15.2,28.0,18.8
401819916,2025-11-09,Lehigh Mountain Hawks,West Virginia,A,47,69,61.2,42.4,21.2,9.4,23.9
401819916,2025-11-09,West Virginia,Lehigh Mountain Hawks,H,69,47,67.9,54.1,23.6,29.0,51.0
401827433,2025-11-14,Lehigh Mountain Hawks,Rutgers,A,72,84,79.6,50.0,22.6,18.4,26.2
401827433,2025-11-14,Rutgers,Lehigh Mountain Hawks,H,84,72,71.8,53.3,16.7,42.4,44.3
401812381,2025-11-18,Lehigh Mountain Hawks,Saint Francis,H,79,62,76.3,54.4,23.6,32.4,45.6
401812381,2025-11-18,Saint Francis,Lehigh Mountain Hawks,A,62,79,59.2,44.9,6.8,27.8,22.0
401813323,2025-11-25,Lehigh Mountain Hawks,Marist,A,55,78,68.5,37.3,13.1,19.5,30.5
401813323,2025-11-25,Marist,Lehigh Mountain Hawks,H,78,55,73.1,54.2,20.5,29.4,28.3
401829415,2025-11-28,Lehigh Mountain Hawks,UC Santa Barbara*,H,70,72,57.9,53.3,12.1,21.4,50.0
401829415,2025-11-28,UC Santa Barbara*,Lehigh Mountain Hawks,A,72,70,72.2,39.3,22.2,40.5,57.1
401831225,2025-11-29,Lehigh Mountain Hawks,Texas State*,H,78,74,77.9,45.2,26.9,44.4,37.1
401831225,2025-11-29,Texas State*,Lehigh Mountain Hawks,A,74,78,65.7,61.2,13.7,22.6,20.7
401812360,2025-12-06,Lehigh Mountain Hawks,Long Island University,H,82,87,74.8,55.4,25.4,40.6,48.2
401812360,2025-12-06,Long Island University,Lehigh Mountain Hawks,A,87,82,83.5,53.7,31.1,52.6,29.4
401829416,2025-12-18,Lehigh Mountain Hawks,Penn State Hazleton,H,83,74,69.3,51.6,10.1,30.6,42.6
401829416,2025-12-18,Penn State Hazleton,Lehigh Mountain Hawks,A,74,83,82.8,47.9,19.3,18.6,11.3
401824866,2025-12-21,Lehigh Mountain Hawks,Monmouth,A,62,76,56.9,55.6,17.6,31.0,7.4
401824866,2025-12-21,Monmouth,Lehigh Mountain Hawks,H,76,62,75.8,58.3,29.0,34.4,16.7
401828469,2025-11-03,Liberty Flames,Kentucky Christian,H,98,57,71.2,74.2,15.4,25.9,17.7
401828469,2025-11-03,Kentucky Christian,Liberty Flames,A,57,98,69.3,42.5,11.5,7.1,15.0
401828470,2025-11-17,Liberty Flames,Carolina University,H,98,46,75.0,72.8,21.3,29.2,33.3
401828470,2025-11-17,Carolina University,Liberty Flames,A,46,98,60.8,38.5,9.9,5.4,19.2
401809393,2025-11-24,Liberty Flames,Vermont*,H,79,73,67.1,55.4,16.4,23.3,26.8
401809393,2025-11-24,Vermont*,Liberty Flames,A,73,79,73.5,64.8,19.0,10.3,33.3
401830888,2025-11-25,Liberty Flames,Towson*,H,69,72,70.8,51.7,18.4,18.2,16.9
401830888,2025-11-25,Towson*,Liberty Flames,A,72,69,58.6,53.4,10.2,38.7,24.1
401817258,2025-12-10,Liberty Flames,NC State,A,45,85,56.8,41.2,12.3,15.4,19.6
401817258,2025-12-10,NC State,Liberty Flames,H,85,45,81.0,60.0,25.9,26.5,31.7
401828471,2025-12-16,Liberty Flames,Midway University,H,95,57,76.1,72.4,19.7,20.0,29.3
401828471,2025-12-16,Midway University,Liberty Flames,A,57,95,54.9,48.2,3.6,15.6,10.9
401804871,2026-01-08,Liberty Flames,Louisiana Tech,A,72,56,64.6,54.6,18.6,29.0,29.6
401804871,2026-01-08,Louisiana Tech,Liberty Flames,H,56,72,61.2,42.5,11.4,25.6,18.3
401804877,2026-01-10,Liberty Flames,Sam Houston,A,82,74,78.9,62.7,24.1,8.0,45.1
401804877,2026-01-10,Sam Houston,Liberty Flames,H,74,82,72.7,50.8,24.8,40.0,22.6
401824946,2025-11-03,Lipscomb Bisons,Vanderbilt,A,61,105,61.5,35.7,6.5,23.7,39.3
401824946,2025-11-03,Vanderbilt,Lipscomb Bisons,H,105,61,101.1,68.4,32.6,24.2,25.0
401823485,2025-11-09,Lipscomb Bisons,Mercer,A,77,92,74.3,53.0,21.5,33.3,10.4
401823485,2025-11-09,Mercer,Lipscomb Bisons,H,92,77,72.2,63.8,16.6,36.7,20.0
401824947,2025-11-11,Lipscomb Bisons,UNC Asheville,A,64,69,73.1,42.1,26.0,39.0,23.8
401824947,2025-11-11,UNC Asheville,Lipscomb Bisons,H,69,64,60.4,56.2,16.6,31.0,50.0
401824948,2025-11-15,Lipscomb Bisons,Bryan (TN),H,98,53,99.5,56.1,33.1,41.0,24.3
401824948,2025-11-15,Bryan (TN),Lipscomb Bisons,A,53,98,57.8,37.1,5.2,27.3,16.1
401824949,2025-11-22,Lipscomb Bisons,Western Carolina,H,83,62,90.8,57.1,30.8,25.0,8.6
401824949,2025-11-22,Western Carolina,Lipscomb Bisons,A,62,83,65.1,48.2,12.3,14.7,27.3
401824950,2025-11-26,Lipscomb Bisons,Marshall,A,90,67,89.3,64.0,29.1,18.2,45.6
401824950,2025-11-26,Marshall,Lipscomb Bisons,H,67,90,83.5,40.3,27.6,29.3,35.5
401824951,2025-11-29,Lipscomb Bisons,Southeast Missouri State,A,88,77,83.3,59.5,22.8,18.2,44.8
401824951,2025-11-29,Southeast Missouri State,Lipscomb Bisons,H,77,88,78.2,44.3,19.2,31.6,49.2
401824952,2025-12-03,Lipscomb Bisons,Tennessee Tech,H,83,80,88.5,53.1,27.1,26.3,30.8
401824952,2025-12-03,Tennessee Tech,Lipscomb Bisons,A,80,83,71.1,54.0,14.1,27.8,27.0
401824954,2025-12-20,Lipscomb Bisons,Blue Mountain,H,123,60,90.1,74.0,26.6,50.0,20.0
401824954,2025-12-20,Blue Mountain,Lipscomb Bisons,A,60,123,81.3,39.0,22.1,20.0,13.2
401807671,2026-01-03,Lipscomb Bisons,North Florida,H,82,74,74.5,47.2,14.8,35.3,31.0
401807671,2026-01-03,North Florida,Lipscomb Bisons,A,74,82,65.9,50.0,10.6,30.2,5.7
401807675,2026-01-08,Lipscomb Bisons,Stetson,A,83,91,71.4,57.9,11.2,16.7,42.1
401807675,2026-01-08,Stetson,Lipscomb Bisons,H,91,83,82.8,61.8,21.7,12.5,52.7
401825185,2025-11-04,Little Rock Trojans,Arkansas Baptist,H,92,63,92.5,59.4,31.4,45.5,29.0
401825185,2025-11-04,Arkansas Baptist,Little Rock Trojans,A,63,92,80.2,45.8,27.4,19.4,18.6
401822310,2025-11-10,Little Rock Trojans,Milwaukee,A,72,92,65.1,55.4,15.4,25.8,26.8
401822310,2025-11-10,Milwaukee,Little Rock Trojans,H,92,72,86.9,66.1,33.4,33.3,41.1
401823023,2025-11-12,Little Rock Trojans,Marquette,A,49,89,57.2,40.4,17.5,31.4,25.0
401823023,2025-11-12,Marquette,Little Rock Trojans,H,89,49,91.5,60.0,37.1,44.4,27.7
401825186,2025-11-18,Little Rock Trojans,Murray State,A,68,89,58.6,45.9,10.2,43.2,26.2
401825186,2025-11-18,Murray State,Little Rock Trojans,H,89,68,77.9,63.2,26.9,36.7,40.4
401825187,2025-11-21,Little Rock Trojans,Texas State,A,56,65,64.5,40.7,21.7,31.6,33.3
401825187,2025-11-21,Texas State,Little Rock Trojans,H,65,56,59.6,56.0,21.8,39.3,32.0
401825188,2025-11-29,Little Rock Trojans,Southern Illinois,A,65,74,60.2,57.7,19.9,31.0,21.2
401825188,2025-11-29,Southern Illinois,Little Rock Trojans,H,74,65,60.5,66.0,19.8,34.8,42.6
401819920,2025-12-09,Little Rock Trojans,West Virginia,A,58,90,63.6,41.4,17.3,32.5,27.6
401819920,2025-12-09,West Virginia,Little Rock Trojans,H,90,58,68.1,68.6,23.5,48.4,28.8
401806344,2025-12-16,Little Rock Trojans,Morehead State,A,64,78,78.9,43.4,25.4,17.6,47.2
401806344,2025-12-16,Morehead State,Little Rock Trojans,H,78,64,72.9,50.0,20.6,41.9,42.4
401806347,2025-12-18,Little Rock Trojans,Southern Indiana,A,77,62,64.0,59.1,20.3,39.4,34.5
401806347,2025-12-18,Southern Indiana,Little Rock Trojans,H,62,77,65.5,49.1,15.3,21.1,32.7
401825190,2025-12-22,Little Rock Trojans,Williams Baptist,H,98,84,98.3,57.4,32.6,40.5,41.2
401825190,2025-12-22,Williams Baptist,Little Rock Trojans,A,84,98,81.6,52.2,22.1,31.7,23.2
401806417,2026-01-01,Little Rock Trojans,Tennessee Tech,H,77,58,77.5,58.5,27.1,22.6,41.5
401806417,2026-01-01,Tennessee Tech,Little Rock Trojans,A,58,77,66.1,33.8,21.2,43.8,26.2
401806422,2026-01-03,Little Rock Trojans,Tennessee State,H,79,84,71.8,49.2,16.7,33.3,49.2
401806422,2026-01-03,Tennessee State,Little Rock Trojans,A,84,79,80.0,49.3,20.0,35.0,30.9
401806427,2026-01-08,Little Rock Trojans,SIU Edwardsville,A,73,70,70.9,46.7,21.2,42.1,41.7
401806427,2026-01-08,SIU Edwardsville,Little Rock Trojans,H,70,73,57.6,54.6,19.1,45.5,29.6
401806432,2026-01-10,Little Rock Trojans,Lindenwood,A,82,74,81.7,56.5,33.1,46.7,22.6
401806432,2026-01-10,Lindenwood,Little Rock Trojans,H,74,82,65.7,55.3,18.3,34.5,24.6
401823304,2025-11-04,Long Beach State Beach,San Diego State,A,45,77,60.4,36.4,18.2,31.6,8.5
401823304,2025-11-04,San Diego State,Long Beach State Beach,H,77,45,81.0,52.5,29.6,34.3,31.7
401823306,2025-11-12,Long Beach State Beach,Pacific,A,66,69,75.0,48.2,26.7,27.5,37.5
401823306,2025-11-12,Pacific,Long Beach State Beach,H,69,66,66.2,45.2,19.6,35.1,57.7
401823307,2025-11-19,Long Beach State Beach,Nobel,H,87,54,84.4,50.7,23.7,38.5,35.3
401823307,2025-11-19,Nobel,Long Beach State Beach,A,54,87,65.0,40.0,13.8,8.8,38.0
401823308,2025-11-21,Long Beach State Beach,Montana State,H,72,78,67.1,49.2,13.4,29.4,28.3
401823308,2025-11-21,Montana State,Long Beach State Beach,A,78,72,81.0,55.2,25.9,21.9,32.8
401823309,2025-11-26,Long Beach State Beach,Portland,A,73,93,75.5,49.2,21.2,27.0,33.3
401823309,2025-11-26,Portland,Long Beach State Beach,H,93,73,71.0,76.0,21.1,17.6,38.0
401823310,2025-11-30,Long Beach State Beach,San Diego,H,76,72,70.8,56.3,21.2,38.7,15.9
401823310,2025-11-30,San Diego,Long Beach State Beach,A,72,76,61.3,57.9,21.2,46.2,12.3
401823311,2025-12-04,Long Beach State Beach,UC Santa Barbara,A,77,84,79.4,43.9,23.9,38.6,36.4
401823311,2025-12-04,UC Santa Barbara,Long Beach State Beach,H,84,77,68.0,51.0,11.8,28.1,74.5
401809085,2025-12-06,Long Beach State Beach,UC San Diego,H,74,80,71.8,53.2,18.1,25.0,15.9
401809085,2025-12-06,UC San Diego,Long Beach State Beach,A,80,74,72.9,61.0,22.0,17.9,50.0
401823312,2025-12-09,Long Beach State Beach,San José State,A,83,89,74.7,53.0,25.5,50.0,20.9
401823312,2025-12-09,San José State,Long Beach State Beach,H,89,83,78.8,63.9,24.1,25.9,50.0
401823333,2025-12-18,Long Beach State Beach,Pepperdine,H,81,78,82.0,58.9,26.8,17.2,33.9
401823333,2025-12-18,Pepperdine,Long Beach State Beach,A,78,81,67.8,66.0,22.1,23.8,18.9
401823334,2025-12-30,Long Beach State Beach,Lincoln University (CA),H,113,66,102.2,69.1,31.3,37.9,14.5
401823334,2025-12-30,Lincoln University (CA),Long Beach State Beach,A,66,113,65.2,46.0,6.1,15.8,17.7
401809109,2026-01-08,Long Beach State Beach,UC Irvine,A,64,74,68.2,45.0,13.2,18.9,21.7
401809109,2026-01-08,UC Irvine,Long Beach State Beach,H,74,64,74.3,46.4,17.5,22.2,50.0
401812350,2025-11-03,Long Island University Sharks,Notre Dame,A,67,89,69.7,43.6,20.1,33.3,56.4
401812350,2025-11-03,Notre Dame,Long Island University Sharks,H,89,67,73.2,61.8,28.7,50.0,54.5
401812357,2025-11-24,Long Island University Sharks,Missouri State,A,75,61,55.5,66.7,14.4,39.1,37.5
401812357,2025-11-24,Missouri State,Long Island University Sharks,H,61,75,70.8,42.7,22.6,35.1,49.1
401812359,2025-12-02,Long Island University Sharks,Winthrop,H,92,94,73.9,58.1,16.2,36.4,40.3
401812359,2025-12-02,Winthrop,Long Island University Sharks,A,94,92,85.8,50.7,22.2,40.0,42.0
401812362,2025-12-16,Long Island University Sharks,Mississippi State,A,83,87,78.2,55.1,16.6,21.6,16.2
401812362,2025-12-16,Mississippi State,Long Island University Sharks,H,87,83,72.2,53.3,12.5,30.6,50.0
401812367,2026-01-08,Long Island University Sharks,Mercyhurst,H,60,58,63.0,43.5,20.6,37.1,35.2
401812367,2026-01-08,Mercyhurst,Long Island University Sharks,A,58,60,59.3,49.1,16.9,28.1,12.7
401812368,2026-01-10,Long Island University Sharks,Saint Francis,H,67,63,61.9,42.6,16.2,51.2,41.0
401812368,2026-01-10,Saint Francis,Long Island University Sharks,A,63,67,77.7,51.9,27.0,9.7,26.4
401826991,2025-11-03,Longwood Lancers,Mary Baldwin,H,92,55,90.0,55.2,35.6,59.4,69.0
401826991,2025-11-03,Mary Baldwin,Longwood Lancers,A,55,92,79.3,43.9,32.8,21.6,15.8
401817442,2025-11-07,Longwood Lancers,Pittsburgh,A,60,78,74.7,34.8,14.7,24.5,20.3
401817442,2025-11-07,Pittsburgh,Longwood Lancers,H,78,60,62.6,54.0,11.2,32.4,70.0
401823039,2025-11-18,Longwood Lancers,Maryland Eastern Shore,H,82,83,79.2,43.3,22.7,40.5,56.7
401823039,2025-11-18,Maryland Eastern Shore,Longwood Lancers,A,83,82,80.1,56.7,28.7,43.6,22.4
401822835,2025-11-28,Longwood Lancers,Siena*,H,63,70,81.5,58.2,33.1,17.2,44.9
401822835,2025-11-28,Siena*,Longwood Lancers,A,70,63,58.6,47.2,17.1,35.3,30.2
401820626,2025-11-29,Longwood Lancers,Maine*,H,65,61,57.0,57.8,21.1,37.0,46.7
401820626,2025-11-29,Maine*,Longwood Lancers,A,61,65,71.1,50.9,29.5,27.8,28.3
401826994,2025-12-03,Longwood Lancers,Pfeiffer,H,101,55,94.7,69.5,32.8,30.4,21.9
401826994,2025-12-03,Pfeiffer,Longwood Lancers,A,55,101,67.9,39.4,13.3,20.5,6.1
401813279,2025-12-06,Longwood Lancers,Morgan State,A,84,80,74.9,58.5,22.7,33.3,93.6
401813279,2025-12-06,Morgan State,Longwood Lancers,H,80,84,73.5,50.8,15.0,21.2,37.3
401817536,2025-12-17,Longwood Lancers,Wake Forest,A,68,71,76.0,41.9,19.7,27.5,33.9
401817536,2025-12-17,Wake Forest,Longwood Lancers,H,71,68,76.2,45.4,18.4,16.7,55.6
401827056,2025-12-20,Longwood Lancers,North Carolina Central,A,74,72,70.4,49.1,24.1,44.4,41.4
401827056,2025-12-20,North Carolina Central,Longwood Lancers,H,72,74,73.2,47.1,20.5,22.6,58.8
401827057,2025-12-28,Longwood Lancers,Averett,H,92,49,79.2,71.2,30.3,40.9,18.6
401827057,2025-12-28,Averett,Longwood Lancers,A,49,92,67.6,29.4,19.2,32.7,25.4
401823897,2025-12-31,Longwood Lancers,Winthrop,H,82,70,70.0,57.8,22.9,43.8,36.2
401823897,2025-12-31,Winthrop,Longwood Lancers,A,70,82,70.2,36.3,14.2,38.6,51.6
401823904,2026-01-07,Longwood Lancers,UNC Asheville,A,61,72,68.5,43.6,19.0,25.7,36.4
401823904,2026-01-07,UNC Asheville,Longwood Lancers,H,72,61,61.0,52.7,14.8,43.8,37.5
401823907,2026-01-10,Longwood Lancers,Presbyterian,H,77,70,67.7,56.0,22.2,38.7,24.1
401823907,2026-01-10,Presbyterian,Longwood Lancers,A,70,77,65.6,60.0,22.9,24.1,32.0
401808949,2025-11-07,Louisiana Ragin' Cajuns,SE Louisiana,H,58,52,56.7,58.0,19.4,16.0,27.3
401808949,2025-11-07,SE Louisiana,Louisiana Ragin' Cajuns,A,52,58,58.7,37.8,18.7,30.8,68.9
401826844,2025-11-11,Louisiana Ragin' Cajuns,Tulane,H,62,66,72.0,44.0,22.2,30.8,36.2
401826844,2025-11-11,Tulane,Louisiana Ragin' Cajuns,A,66,62,64.8,48.9,17.0,19.2,58.7
401829444,2025-11-14,Louisiana Ragin' Cajuns,McNeese,A,62,88,60.9,38.9,18.1,40.5,42.6
401829444,2025-11-14,McNeese,Louisiana Ragin' Cajuns,H,88,62,80.5,64.4,31.0,32.0,86.7
401817467,2025-11-18,Louisiana Ragin' Cajuns,Stanford,A,66,93,68.1,50.9,16.2,18.2,30.9
401817467,2025-11-18,Stanford,Louisiana Ragin' Cajuns,H,93,66,80.6,58.0,23.6,34.4,62.5
401824121,2025-11-21,Louisiana Ragin' Cajuns,Santa Clara,A,43,80,54.9,26.1,14.6,27.3,56.8
401824121,2025-11-21,Santa Clara,Louisiana Ragin' Cajuns,H,80,43,86.0,47.2,30.2,50.0,26.4
401826089,2025-11-24,Louisiana Ragin' Cajuns,UC Davis,A,56,77,70.2,40.0,24.2,28.6,18.3
401826089,2025-11-24,UC Davis,Louisiana Ragin' Cajuns,H,77,56,66.2,62.5,19.6,22.2,72.7
401823595,2025-12-06,Louisiana Ragin' Cajuns,UNC Wilmington,H,63,70,67.2,46.5,16.4,21.9,22.8
401823595,2025-12-06,UNC Wilmington,Louisiana Ragin' Cajuns,A,70,63,65.4,53.0,21.4,33.3,48.0
401826903,2025-12-13,Louisiana Ragin' Cajuns,Louisiana Tech,A,44,65,54.2,37.0,20.3,34.2,26.0
401826903,2025-12-13,Louisiana Tech,Louisiana Ragin' Cajuns,H,65,44,61.0,50.0,24.6,42.9,38.8
401808580,2025-12-18,Louisiana Ragin' Cajuns,Southern Miss,A,54,62,64.2,38.6,9.3,13.2,22.8
401808580,2025-12-18,Southern Miss,Louisiana Ragin' Cajuns,H,62,54,71.5,37.5,16.8,17.5,81.2
401808585,2025-12-20,Louisiana Ragin' Cajuns,UL Monroe,A,76,62,72.5,61.1,22.1,20.7,33.3
401808585,2025-12-20,UL Monroe,Louisiana Ragin' Cajuns,H,62,76,59.7,42.9,15.1,23.3,78.6
401828723,2025-12-28,Louisiana Ragin' Cajuns,Norfolk State,H,63,54,60.1,51.0,16.6,25.8,29.4
401828723,2025-12-28,Norfolk State,Louisiana Ragin' Cajuns,A,54,63,53.6,39.8,5.6,29.7,29.6
401808590,2025-12-31,Louisiana Ragin' Cajuns,South Alabama,H,58,63,56.3,46.5,14.2,32.4,12.3
401808590,2025-12-31,South Alabama,Louisiana Ragin' Cajuns,A,63,58,54.5,51.1,18.3,37.0,44.4
401808598,2026-01-03,Louisiana Ragin' Cajuns,Southern Miss,H,67,74,73.6,50.0,27.2,29.0,29.1
401808598,2026-01-03,Southern Miss,Louisiana Ragin' Cajuns,A,74,67,69.2,54.4,26.0,34.8,66.7
401808605,2026-01-08,Louisiana Ragin' Cajuns,UL Monroe,H,85,79,70.1,56.6,18.5,48.6,22.1
401808605,2026-01-08,UL Monroe,Louisiana Ragin' Cajuns,A,79,85,68.5,60.6,14.6,15.4,42.3
401808613,2026-01-10,Louisiana Ragin' Cajuns,Troy,H,70,90,74.2,55.6,27.0,20.0,24.1
401808613,2026-01-10,Troy,Louisiana Ragin' Cajuns,A,90,70,67.2,67.5,25.3,58.1,17.5
401826895,2025-11-04,Louisiana Tech Bulldogs,Nevada,A,50,77,60.1,39.0,16.6,22.2,34.0
401826895,2025-11-04,Nevada,Louisiana Tech Bulldogs,H,77,50,63.3,50.0,17.4,48.6,50.0
401826896,2025-11-09,Louisiana Tech Bulldogs,Lyon,H,93,35,88.5,63.8,32.8,46.9,30.8
401826896,2025-11-09,Lyon,Louisiana Tech Bulldogs,A,35,93,60.9,30.4,16.4,17.8,10.7
401826902,2025-12-07,Louisiana Tech Bulldogs,Ecclesia,H,89,37,60.1,76.0,16.6,47.4,28.8
401826902,2025-12-07,Ecclesia,Louisiana Tech Bulldogs,A,37,89,63.2,27.8,17.4,15.9,20.4
401826848,2025-12-17,Louisiana Tech Bulldogs,Tulane,A,53,61,50.5,34.2,7.9,46.3,31.6
401826848,2025-12-17,Tulane,Louisiana Tech Bulldogs,H,61,53,66.7,40.2,24.0,29.4,67.4
401826904,2025-12-22,Louisiana Tech Bulldogs,Dallas Christian,H,90,37,75.0,59.2,24.0,53.1,29.2
401826904,2025-12-22,Dallas Christian,Louisiana Tech Bulldogs,A,37,90,69.1,28.2,21.7,17.4,27.3
401804853,2025-12-29,Louisiana Tech Bulldogs,UTEP,H,75,63,74.2,52.9,24.3,32.4,65.4
401804853,2025-12-29,UTEP,Louisiana Tech Bulldogs,A,63,75,53.6,43.9,9.3,42.1,28.1
401804858,2026-01-02,Louisiana Tech Bulldogs,Middle Tennessee,A,51,88,50.0,43.2,10.0,25.8,43.2
401804858,2026-01-02,Middle Tennessee,Louisiana Tech Bulldogs,H,88,51,67.8,74.1,23.6,32.3,13.8
401804864,2026-01-04,Louisiana Tech Bulldogs,Western Kentucky,A,61,66,65.0,41.3,12.3,33.3,30.2
401804864,2026-01-04,Western Kentucky,Louisiana Tech Bulldogs,H,66,61,64.9,43.4,17.0,27.5,47.2
401817239,2025-11-03,Louisville Cardinals,South Carolina State,H,104,45,101.7,62.9,35.4,36.4,53.2
401817239,2025-11-03,South Carolina State,Louisville Cardinals,A,45,104,67.5,24.6,17.8,25.5,38.6
401817242,2025-11-15,Louisville Cardinals,Ohio,H,106,81,92.2,61.8,29.3,43.6,44.1
401817242,2025-11-15,Ohio,Louisville Cardinals,A,81,106,77.3,51.7,23.3,33.3,44.1
401817245,2025-11-26,Louisville Cardinals,NJIT,H,104,47,74.7,63.0,20.1,52.6,19.2
401817245,2025-11-26,NJIT,Louisville Cardinals,A,47,104,62.3,37.1,6.4,7.1,12.1
401817247,2025-12-13,Louisville Cardinals,Memphis,H,99,73,73.9,72.2,21.7,32.0,46.3
401817247,2025-12-13,Memphis,Louisville Cardinals,A,73,99,74.5,43.4,17.4,38.1,29.4
401817248,2025-12-16,Louisville Cardinals,20Tennessee,A,62,83,63.5,44.0,14.2,32.4,31.0
401817248,2025-12-16,20Tennessee,Louisville Cardinals,H,83,62,77.3,61.3,27.2,35.7,52.8
401817249,2025-12-20,Louisville Cardinals,Montana,H,94,54,77.0,61.5,22.1,40.0,29.2
401817249,2025-12-20,Montana,Louisville Cardinals,A,54,94,71.1,38.7,21.1,10.5,28.3
401820643,2026-01-02,Louisville Cardinals,Stanford,A,76,80,64.0,48.3,18.8,51.4,35.0
401820643,2026-01-02,Stanford,Louisville Cardinals,H,80,76,66.7,54.6,18.0,40.0,57.4
401817154,2025-11-06,Loyola Chicago Ramblers,Mercyhurst,H,65,73,66.9,45.3,19.4,27.0,43.4
401817154,2025-11-06,Mercyhurst,Loyola Chicago Ramblers,A,73,65,72.0,52.8,23.6,31.0,38.9
401828276,2025-11-09,Loyola Chicago Ramblers,North Texas*,H,62,64,61.7,37.3,13.0,36.4,56.4
401828276,2025-11-09,North Texas*,Loyola Chicago Ramblers,A,64,62,64.8,39.6,18.5,35.1,50.9
401817155,2025-11-13,Loyola Chicago Ramblers,Wichita State,A,74,95,57.5,51.8,5.2,32.4,31.6
401817155,2025-11-13,Wichita State,Loyola Chicago Ramblers,H,95,74,84.0,60.3,25.0,36.8,27.9
401817157,2025-11-21,Loyola Chicago Ramblers,Northern Illinois,H,59,76,57.3,52.9,15.7,24.1,13.5
401817157,2025-11-21,Northern Illinois,Loyola Chicago Ramblers,A,76,59,63.8,53.1,18.8,45.9,15.6
401817158,2025-11-25,Loyola Chicago Ramblers,Northern Iowa*,H,51,72,53.1,36.8,3.8,31.7,26.3
401817158,2025-11-25,Northern Iowa*,Loyola Chicago Ramblers,A,72,51,74.1,56.4,21.6,11.8,27.3
401830746,2025-11-26,Loyola Chicago Ramblers,San José State*,H,51,63,43.8,56.2,13.7,31.8,25.0
401830746,2025-11-26,San José State*,Loyola Chicago Ramblers,A,63,51,82.1,47.2,37.8,33.3,31.5
401817160,2025-12-06,Loyola Chicago Ramblers,Princeton,H,73,68,65.3,56.0,15.3,25.0,52.0
401817160,2025-12-06,Princeton,Loyola Chicago Ramblers,A,68,73,64.6,42.7,9.3,28.2,25.8
401817162,2025-12-17,Loyola Chicago Ramblers,San Francisco,A,71,85,58.7,46.1,5.1,32.4,64.7
401817162,2025-12-17,San Francisco,Loyola Chicago Ramblers,H,85,71,65.3,65.7,13.8,25.0,51.0
401824124,2025-12-20,Loyola Chicago Ramblers,Santa Clara*,H,80,78,72.5,47.1,13.8,38.9,26.5
401824124,2025-12-20,Santa Clara*,Loyola Chicago Ramblers,A,78,80,71.9,58.5,22.2,29.6,43.4
401828347,2025-12-31,Loyola Chicago Ramblers,Rhode Island,A,61,57,49.8,54.2,16.1,45.8,20.8
401828347,2025-12-31,Rhode Island,Loyola Chicago Ramblers,H,57,61,72.1,38.8,26.4,35.1,29.3
401820182,2025-11-03,Loyola Maryland Greyhounds,Towson*,H,56,67,72.9,38.0,23.3,17.6,50.0
401820182,2025-11-03,Towson*,Loyola Maryland Greyhounds,A,67,56,70.5,46.5,24.1,34.3,31.6
401820183,2025-11-06,Loyola Maryland Greyhounds,Penn St Abington,H,96,60,70.5,55.6,8.5,44.7,31.0
401820183,2025-11-06,Penn St Abington,Loyola Maryland Greyhounds,A,60,96,75.0,38.7,12.0,13.0,33.9
401820184,2025-11-11,Loyola Maryland Greyhounds,NJIT,H,64,66,66.5,44.8,19.5,37.8,34.5
401820184,2025-11-11,NJIT,Loyola Maryland Greyhounds,A,66,64,63.4,40.2,12.6,36.1,46.4
401820185,2025-11-15,Loyola Maryland Greyhounds,Stonehill*,H,74,63,55.9,51.7,10.7,31.2,6.9
401820185,2025-11-15,Stonehill*,Loyola Maryland Greyhounds,A,63,74,78.8,58.2,26.6,21.2,13.1
401820188,2025-11-25,Loyola Maryland Greyhounds,Washington College (MD),H,101,51,79.3,68.2,29.0,63.9,42.4
401820188,2025-11-25,Washington College (MD),Loyola Maryland Greyhounds,A,51,101,73.1,31.5,19.1,20.8,24.2
401820191,2025-12-09,Loyola Maryland Greyhounds,VMI,A,70,86,55.9,50.9,5.4,39.5,40.4
401820191,2025-12-09,VMI,Loyola Maryland Greyhounds,H,86,70,63.6,63.6,11.0,32.3,27.1
401813404,2025-12-13,Loyola Maryland Greyhounds,Mount St. Mary's,H,73,81,87.1,46.9,27.6,23.3,26.2
401813404,2025-12-13,Mount St. Mary's,Loyola Maryland Greyhounds,A,81,73,66.4,59.3,16.6,35.7,44.4
401824037,2025-11-03,Loyola Marymount Lions,Lincoln University (CA),H,137,54,106.8,76.4,29.0,47.8,36.5
401824037,2025-11-03,Lincoln University (CA),Loyola Marymount Lions,A,54,137,70.1,35.2,8.6,8.9,24.6
401824039,2025-11-11,Loyola Marymount Lions,UTEP,A,71,58,54.4,64.4,16.6,36.0,9.6
401824039,2025-11-11,UTEP,Loyola Marymount Lions,H,58,71,72.7,43.0,26.1,23.1,21.1
401824040,2025-11-14,Loyola Marymount Lions,Troy,H,74,63,77.2,58.5,24.6,18.8,18.6
401824040,2025-11-14,Troy,Loyola Marymount Lions,A,63,74,60.5,48.0,18.2,30.0,40.8
401824041,2025-11-17,Loyola Marymount Lions,UC Santa Barbara,A,78,74,68.8,52.5,11.6,31.0,48.3
401824041,2025-11-17,UC Santa Barbara,Loyola Marymount Lions,H,74,78,82.1,43.7,18.3,26.7,23.9
401831234,2025-11-25,Loyola Marymount Lions,Ohio*,H,70,58,61.8,38.0,11.3,28.9,53.7
401831234,2025-11-25,Ohio*,Loyola Marymount Lions,A,58,70,73.1,46.0,23.3,37.5,27.0
401824043,2025-11-28,Loyola Marymount Lions,Stony Brook,H,68,71,62.5,44.8,11.2,38.7,34.5
401824043,2025-11-28,Stony Brook,Loyola Marymount Lions,A,71,68,78.5,50.0,29.3,24.2,41.5
401817188,2025-12-02,Loyola Marymount Lions,Saint Louis,H,70,91,79.1,45.3,20.2,23.1,26.6
401817188,2025-12-02,Saint Louis,Loyola Marymount Lions,A,91,70,73.1,57.2,19.1,48.6,21.7
401824044,2025-12-16,Loyola Marymount Lions,UC San Diego,H,57,67,60.8,47.3,13.2,21.1,17.9
401824044,2025-12-16,UC San Diego,Loyola Marymount Lions,A,67,57,71.0,49.2,22.5,37.1,32.2
401823440,2025-12-19,Loyola Marymount Lions,North Alabama,H,91,57,67.1,63.5,11.9,37.5,27.0
401823440,2025-12-19,North Alabama,Loyola Marymount Lions,A,57,91,66.9,32.0,7.5,29.8,39.1
401813284,2025-12-23,Loyola Marymount Lions,Morgan State,H,83,56,81.3,61.1,32.0,37.5,51.9
401813284,2025-12-23,Morgan State,Loyola Marymount Lions,A,56,83,65.0,33.8,16.9,43.5,29.2
401829165,2025-12-28,Loyola Marymount Lions,Saint Mary's,H,73,78,64.7,57.1,17.0,32.1,25.0
401829165,2025-12-28,Saint Mary's,Loyola Marymount Lions,A,78,73,59.0,58.0,10.2,40.0,33.9
401829170,2025-12-30,Loyola Marymount Lions,Pacific,H,80,71,78.9,58.2,24.1,20.7,41.8
401829170,2025-12-30,Pacific,Loyola Marymount Lions,A,71,80,67.3,42.5,16.3,39.0,43.3
401829175,2026-01-02,Loyola Marymount Lions,Washington State,A,76,78,77.5,50.8,18.1,18.9,32.8
401829175,2026-01-02,Washington State,Loyola Marymount Lions,H,78,76,60.2,60.0,6.6,18.5,23.6
401829189,2026-01-08,Loyola Marymount Lions,San Francisco,H,84,82,84.3,50.7,14.2,15.4,12.2
401829189,2026-01-08,San Francisco,Loyola Marymount Lions,A,82,84,73.9,43.7,9.5,33.3,35.2
401829192,2026-01-10,Loyola Marymount Lions,Santa Clara,A,72,103,64.5,50.0,6.2,22.2,33.9
401829192,2026-01-10,Santa Clara,Loyola Marymount Lions,H,103,72,94.0,55.8,25.5,41.9,26.9
401820622,2025-11-08,Maine Black Bears,Stony Brook,A,60,71,64.9,44.1,10.8,13.5,49.0
401820622,2025-11-08,Stony Brook,Maine Black Bears,H,71,60,76.9,45.2,18.2,24.4,37.1
401820623,2025-11-10,Maine Black Bears,Rutgers,A,60,72,65.2,57.6,29.2,20.7,28.3
401820623,2025-11-10,Rutgers,Maine Black Bears,H,72,60,74.8,54.0,33.4,45.2,58.0
401820578,2025-11-16,Maine Black Bears,Quinnipiac,H,64,70,71.0,44.6,19.7,23.7,37.5
401820578,2025-11-16,Quinnipiac,Maine Black Bears,A,70,64,71.7,38.9,16.7,43.9,49.2
401820624,2025-11-19,Maine Black Bears,Merrimack,A,65,72,50.2,51.2,13.9,46.7,69.8
401820624,2025-11-19,Merrimack,Maine Black Bears,H,72,65,70.7,53.1,24.0,32.3,63.3
401820627,2025-11-30,Maine Black Bears,Siena*,H,60,64,61.1,56.4,22.9,23.3,31.9
401820627,2025-11-30,Siena*,Maine Black Bears,A,64,60,63.4,48.0,17.4,33.3,48.0
401820628,2025-12-03,Maine Black Bears,Ohio,A,57,79,65.8,45.5,24.3,29.4,18.2
401820628,2025-12-03,Ohio,Maine Black Bears,H,79,57,75.3,50.7,27.9,52.6,9.9
401820629,2025-12-06,Maine Black Bears,Miami (OH),A,61,93,64.2,51.0,20.3,21.2,25.0
401820629,2025-12-06,Miami (OH),Maine Black Bears,H,93,61,86.2,61.2,34.8,50.0,19.4
401820632,2025-12-30,Maine Black Bears,Maine-Fort Kent,H,104,66,95.7,70.6,28.2,19.4,20.6
401820632,2025-12-30,Maine-Fort Kent,Maine Black Bears,A,66,104,65.7,46.0,12.2,26.2,22.6
401812111,2026-01-08,Maine Black Bears,UMBC,A,62,69,58.2,47.5,3.4,22.2,18.6
401812111,2026-01-08,UMBC,Maine Black Bears,H,69,62,62.9,46.4,9.5,29.4,41.1
401812115,2026-01-10,Maine Black Bears,NJIT,A,74,70,55.4,63.3,7.2,19.2,53.3
401812115,2026-01-10,NJIT,Maine Black Bears,H,70,74,72.3,42.9,19.4,27.0,46.4
401823857,2025-11-04,Manhattan Jaspers,St. Joseph's (NY),H,125,59,88.7,67.3,22.5,61.8,41.3
401823857,2025-11-04,St. Joseph's (NY),Manhattan Jaspers,A,59,125,65.2,41.4,7.7,21.7,20.3
401823858,2025-11-09,Manhattan Jaspers,USC,A,83,114,83.1,44.3,18.1,24.4,59.0
401823858,2025-11-09,USC,Manhattan Jaspers,H,114,83,90.2,55.6,20.0,52.2,39.5
401830348,2025-11-12,Manhattan Jaspers,Utah Tech*,H,79,75,70.1,48.5,18.5,42.9,22.1
401830348,2025-11-12,Utah Tech*,Manhattan Jaspers,A,75,79,63.5,57.4,17.3,37.9,37.0
401830343,2025-11-15,Manhattan Jaspers,Mississippi Valley State*,H,80,73,69.2,56.2,27.5,48.1,66.7
401830343,2025-11-15,Mississippi Valley State*,Manhattan Jaspers,A,73,80,64.2,56.4,18.7,34.8,20.0
401823859,2025-11-21,Manhattan Jaspers,Texas A&M,A,68,109,69.0,51.8,17.4,19.4,34.5
401823859,2025-11-21,Texas A&M,Manhattan Jaspers,H,109,68,92.1,71.6,26.1,25.0,25.4
401823860,2025-11-26,Manhattan Jaspers,Wagner,H,101,103,84.6,53.6,16.5,35.7,50.7
401823860,2025-11-26,Wagner,Manhattan Jaspers,A,103,101,72.8,64.8,15.1,48.4,42.2
401813309,2025-12-07,Manhattan Jaspers,Marist,A,68,80,72.4,43.1,15.2,20.0,41.4
401813309,2025-12-07,Marist,Manhattan Jaspers,H,80,68,73.1,48.6,13.7,35.6,20.8
401823863,2025-12-21,Manhattan Jaspers,Presbyterian,H,87,81,73.5,58.9,15.0,27.3,32.3
401823863,2025-12-21,Presbyterian,Manhattan Jaspers,A,81,87,74.2,52.2,18.9,37.8,15.9
401813310,2025-12-29,Manhattan Jaspers,Rider,A,74,71,63.8,45.7,14.1,41.0,46.6
401813310,2025-12-29,Rider,Manhattan Jaspers,H,71,74,63.2,46.3,14.2,45.5,19.1
401813300,2026-01-02,Manhattan Jaspers,Quinnipiac,H,80,79,72.6,52.4,16.5,26.5,25.8
401813300,2026-01-02,Quinnipiac,Manhattan Jaspers,A,79,80,70.8,53.1,19.8,38.2,15.4
401813311,2026-01-04,Manhattan Jaspers,Merrimack,A,66,73,66.8,44.7,13.5,30.8,12.1
401813311,2026-01-04,Merrimack,Manhattan Jaspers,H,73,66,63.5,55.6,7.9,16.7,37.0
401813302,2026-01-11,Manhattan Jaspers,Niagara,H,79,70,65.0,53.6,15.4,36.7,37.5
401813302,2026-01-11,Niagara,Manhattan Jaspers,A,70,79,57.3,58.2,12.2,27.6,12.7
401813319,2025-11-03,Marist Red Foxes,Xavier,A,62,66,57.9,51.1,13.8,24.0,56.8
401813319,2025-11-03,Xavier,Marist Red Foxes,H,66,62,71.2,40.6,21.1,30.8,60.4
401813321,2025-11-12,Marist Red Foxes,Vassar,H,93,61,70.8,63.6,17.0,40.0,15.2
401813321,2025-11-12,Vassar,Marist Red Foxes,A,61,93,70.8,43.0,15.5,22.0,15.6
401813324,2025-12-05,Marist Red Foxes,Mount St. Mary's,H,64,56,81.2,50.0,35.7,22.6,24.5
401813324,2025-12-05,Mount St. Mary's,Marist Red Foxes,A,56,64,65.0,40.0,21.5,34.1,38.2
401813327,2025-12-21,Marist Red Foxes,Stony Brook,H,70,51,67.7,48.4,14.8,27.0,23.0
401813327,2025-12-21,Stony Brook,Marist Red Foxes,A,51,70,61.5,37.0,13.0,22.0,33.3
401813328,2025-12-29,Marist Red Foxes,Quinnipiac,A,58,64,71.3,41.8,25.3,31.6,14.8
401813328,2025-12-29,Quinnipiac,Marist Red Foxes,H,64,58,66.5,41.8,19.5,40.5,32.8
401813329,2026-01-02,Marist Red Foxes,Saint Peter's,A,59,69,64.9,34.8,10.8,23.1,41.1
401813329,2026-01-02,Saint Peter's,Marist Red Foxes,H,69,59,71.3,41.2,21.0,35.0,49.1
401813331,2026-01-09,Marist Red Foxes,Sacred Heart,A,76,72,69.7,60.0,24.4,33.3,25.5
401813331,2026-01-09,Sacred Heart,Marist Red Foxes,H,72,76,58.5,51.0,12.0,34.4,42.3
401813332,2026-01-11,Marist Red Foxes,Rider,A,71,49,74.8,52.4,22.7,22.9,9.5
401813332,2026-01-11,Rider,Marist Red Foxes,H,49,71,61.0,39.4,11.5,8.6,44.7
401823020,2025-11-03,Marquette Golden Eagles,UAlbany,H,80,53,77.5,45.7,20.6,38.5,67.2
401823020,2025-11-03,UAlbany,Marquette Golden Eagles,A,53,80,59.6,32.1,8.4,38.8,20.9
401823021,2025-11-05,Marquette Golden Eagles,Southern,H,100,82,85.5,60.0,18.7,26.3,28.6
401823021,2025-11-05,Southern,Marquette Golden Eagles,A,82,100,78.8,47.7,15.2,27.5,45.3
401823024,2025-11-15,Marquette Golden Eagles,Maryland,H,82,89,81.5,44.1,18.4,39.2,28.9
401823024,2025-11-15,Maryland,Marquette Golden Eagles,A,89,82,79.8,60.0,20.0,14.3,49.1
401823026,2025-11-28,Marquette Golden Eagles,Oklahoma*,H,74,75,65.1,47.0,10.7,41.0,22.4
401823026,2025-11-28,Oklahoma*,Marquette Golden Eagles,A,75,74,59.3,56.6,6.7,32.3,14.8
401822335,2025-12-02,Marquette Golden Eagles,Valparaiso,H,75,72,82.2,40.0,24.3,31.0,53.3
401822335,2025-12-02,Valparaiso,Marquette Golden Eagles,A,72,75,63.7,51.6,11.0,30.6,19.4
401823027,2025-12-06,Marquette Golden Eagles,Wisconsin,A,76,96,79.0,48.6,11.4,17.4,27.5
401823027,2025-12-06,Wisconsin,Marquette Golden Eagles,H,96,76,76.8,59.0,13.0,24.2,47.5
401823028,2025-12-13,Marquette Golden Eagles,6Purdue,A,59,79,72.1,39.3,26.3,36.6,24.6
401823028,2025-12-13,6Purdue,Marquette Golden Eagles,H,79,59,66.1,59.8,22.7,46.2,26.8
401822877,2025-12-30,Marquette Golden Eagles,Seton Hall,H,73,79,73.8,42.9,13.5,27.9,42.9
401822877,2025-12-30,Seton Hall,Marquette Golden Eagles,A,79,73,67.8,44.5,14.8,48.8,45.3
401822885,2026-01-04,Marquette Golden Eagles,4UConn,A,57,73,73.0,36.3,19.2,27.3,30.6
401822885,2026-01-04,4UConn,Marquette Golden Eagles,H,73,57,64.0,46.8,12.5,40.5,33.3
401822890,2026-01-07,Marquette Golden Eagles,Xavier,H,66,65,67.5,43.8,19.2,44.2,27.7
401822890,2026-01-07,Xavier,Marquette Golden Eagles,A,65,66,69.7,46.6,20.1,26.3,23.7
401822895,2026-01-10,Marquette Golden Eagles,Villanova,H,73,76,70.1,53.5,22.8,33.3,26.3
401822895,2026-01-10,Villanova,Marquette Golden Eagles,A,76,73,57.3,61.6,7.0,26.1,12.5
401827261,2025-11-03,Marshall Thundering Herd,Massachusetts,A,78,72,75.0,57.1,26.7,35.7,33.9
401827261,2025-11-03,Massachusetts,Marshall Thundering Herd,H,72,78,87.1,46.4,28.7,25.0,65.5
401823469,2025-11-08,Marshall Thundering Herd,Toledo,A,85,73,72.7,61.1,23.4,37.1,19.0
401823469,2025-11-08,Toledo,Marshall Thundering Herd,H,73,85,74.0,45.3,21.6,36.6,29.7
401817489,2025-11-15,Marshall Thundering Herd,Virginia,A,78,104,73.4,49.2,17.7,30.6,40.0
401817489,2025-11-15,Virginia,Marshall Thundering Herd,H,104,78,92.1,61.9,27.1,35.1,57.1
401820212,2025-11-23,Marshall Thundering Herd,Mercyhurst,H,69,60,61.6,52.8,17.9,30.3,30.2
401820212,2025-11-23,Mercyhurst,Marshall Thundering Herd,A,60,69,62.6,42.5,12.8,31.7,26.7
401823594,2025-12-03,Marshall Thundering Herd,UNC Wilmington,A,69,70,60.3,51.7,13.3,31.2,15.5
401823594,2025-12-03,UNC Wilmington,Marshall Thundering Herd,H,70,69,74.5,37.3,25.5,42.9,70.9
401827263,2025-12-06,Marshall Thundering Herd,Ohio,A,81,88,68.5,52.4,13.1,37.1,31.7
401827263,2025-12-06,Ohio,Marshall Thundering Herd,H,88,81,72.8,56.7,11.0,25.0,48.3
401823364,2025-12-10,Marshall Thundering Herd,Western Kentucky,H,77,61,71.1,50.0,15.5,34.1,22.4
401823364,2025-12-10,Western Kentucky,Marshall Thundering Herd,A,61,77,68.0,35.4,14.7,34.0,32.3
401823412,2025-12-13,Marshall Thundering Herd,Wright State,H,76,74,56.6,55.3,7.1,38.7,28.1
401823412,2025-12-13,Wright State,Marshall Thundering Herd,A,74,76,67.8,47.9,14.7,40.9,8.2
401808587,2025-12-20,Marshall Thundering Herd,Troy,A,63,70,69.7,41.5,21.5,37.0,21.5
401808587,2025-12-20,Troy,Marshall Thundering Herd,H,70,63,67.9,42.5,14.7,31.7,38.3
401827264,2025-12-23,Marshall Thundering Herd,WVU Tech,H,102,52,91.5,62.0,31.7,48.6,25.4
401827264,2025-12-23,WVU Tech,Marshall Thundering Herd,A,52,102,61.6,38.4,11.4,19.0,25.0
401823037,2025-11-08,Maryland Eastern Shore Hawks,Cheyney (PA),H,104,59,85.5,86.5,33.9,35.7,38.5
401823037,2025-11-08,Cheyney (PA),Maryland Eastern Shore Hawks,A,59,104,63.0,43.4,17.5,27.8,35.8
401823038,2025-11-11,Maryland Eastern Shore Hawks,Nebraska,A,50,69,56.3,37.1,7.1,25.6,15.5
401823038,2025-11-11,Nebraska,Maryland Eastern Shore Hawks,H,69,50,70.5,44.3,17.0,28.9,29.5
401824853,2025-11-29,Maryland Eastern Shore Hawks,Gwynedd-Mercy,H,84,60,62.9,60.9,15.9,48.3,9.4
401824853,2025-11-29,Gwynedd-Mercy,Maryland Eastern Shore Hawks,A,60,84,68.3,43.1,11.7,19.0,10.8
401817513,2025-12-09,Maryland Eastern Shore Hawks,24Virginia,A,60,84,62.8,49.1,17.5,20.7,14.8
401817513,2025-12-09,24Virginia,Maryland Eastern Shore Hawks,H,84,60,77.1,58.9,22.0,28.1,24.2
401823042,2025-12-12,Maryland Eastern Shore Hawks,North Carolina A&T,A,79,82,77.1,49.3,19.5,32.5,25.4
401823042,2025-12-12,North Carolina A&T,Maryland Eastern Shore Hawks,H,82,79,67.0,51.0,14.9,34.4,76.0
401817525,2025-12-14,Maryland Eastern Shore Hawks,Virginia Tech,A,53,82,55.7,40.4,10.8,32.5,21.1
401817525,2025-12-14,Virginia Tech,Maryland Eastern Shore Hawks,H,82,53,73.2,64.0,20.5,17.9,22.8
401823043,2025-12-17,Maryland Eastern Shore Hawks,Wagner,A,64,78,52.6,52.9,3.8,26.7,26.9
401823043,2025-12-17,Wagner,Maryland Eastern Shore Hawks,H,78,64,74.3,55.5,20.2,25.7,50.9
401823044,2025-12-22,Maryland Eastern Shore Hawks,Texas,A,71,94,64.0,51.9,10.9,21.9,38.9
401823044,2025-12-22,Texas,Maryland Eastern Shore Hawks,H,94,71,77.0,59.4,20.8,41.4,79.2
401823045,2026-01-03,Maryland Eastern Shore Hawks,Morgan State,H,66,49,68.8,44.4,20.3,32.4,50.0
401823045,2026-01-03,Morgan State,Maryland Eastern Shore Hawks,A,49,66,60.6,37.3,14.9,19.4,31.4
401813399,2025-11-19,Maryland Terrapins,Mount St. Mary's,H,95,90,87.3,50.9,24.0,34.2,82.5
401813399,2025-11-19,Mount St. Mary's,Maryland Terrapins,A,90,95,71.6,60.8,15.4,35.3,24.6
401820400,2025-11-24,Maryland Terrapins,UNLV*,H,74,67,68.0,50.0,22.1,40.0,35.6
401820400,2025-11-24,UNLV*,Maryland Terrapins,A,67,74,85.5,43.3,29.3,25.0,36.7
401827217,2025-12-02,Maryland Terrapins,Wagner,H,89,63,86.4,44.5,24.3,41.7,70.3
401827217,2025-12-02,Wagner,Maryland Terrapins,A,63,89,64.5,42.1,12.4,24.3,31.6
401825408,2025-12-13,Maryland Terrapins,2Michigan,H,83,101,64.2,60.7,12.5,35.5,21.3
401825408,2025-12-13,2Michigan,Maryland Terrapins,A,101,83,78.5,70.7,20.4,25.0,37.9
401817514,2025-12-20,Maryland Terrapins,23Virginia,A,72,80,59.5,51.9,20.2,48.6,40.7
401817514,2025-12-20,23Virginia,Maryland Terrapins,H,80,72,82.0,50.8,26.8,40.0,31.8
401827218,2025-12-28,Maryland Terrapins,Old Dominion,H,73,58,72.1,49.2,16.6,21.1,28.3
401827218,2025-12-28,Old Dominion,Maryland Terrapins,A,58,73,61.0,40.4,9.8,28.2,33.3
401825410,2026-01-02,Maryland Terrapins,Oregon,H,54,64,60.6,33.1,8.2,32.7,21.5
401825410,2026-01-02,Oregon,Maryland Terrapins,A,64,54,57.0,54.3,12.3,25.0,44.7
401825434,2026-01-10,Maryland Terrapins,UCLA,A,55,67,62.1,34.8,14.5,45.5,22.7
401825434,2026-01-10,UCLA,Maryland Terrapins,H,67,55,74.8,48.0,21.4,15.2,52.9
401827757,2025-11-08,Massachusetts Minutemen,UAlbany,H,83,62,79.2,51.7,24.0,42.4,50.0
401827757,2025-11-08,UAlbany,Massachusetts Minutemen,A,62,83,74.9,43.4,25.4,24.2,43.4
401831211,2025-11-24,Massachusetts Minutemen,Oregon State*,H,73,65,63.1,54.1,20.6,24.1,34.7
401831211,2025-11-24,Oregon State*,Massachusetts Minutemen,A,65,73,75.1,48.5,25.3,41.5,26.2
401826764,2025-12-06,Massachusetts Minutemen,UMass Lowell,H,80,60,94.1,48.6,30.8,34.2,24.3
401826764,2025-12-06,UMass Lowell,Massachusetts Minutemen,A,60,80,64.8,47.0,15.4,23.5,54.0
401827758,2025-12-22,Massachusetts Minutemen,Massachusetts-Boston,H,91,40,77.0,52.0,20.8,55.8,25.0
401827758,2025-12-22,Massachusetts-Boston,Massachusetts Minutemen,A,40,91,67.8,29.8,11.8,4.5,17.5
401814507,2026-01-06,Massachusetts Minutemen,Ohio,A,83,86,74.1,53.8,16.2,29.7,26.2
401814507,2026-01-06,Ohio,Massachusetts Minutemen,H,86,83,80.0,62.1,22.5,18.8,36.2
401829442,2025-11-03,McNeese Cowboys,Champion Christian,H,127,65,117.7,58.0,33.1,53.3,37.9
401829442,2025-11-03,Champion Christian,McNeese Cowboys,A,65,127,68.8,46.2,13.1,21.4,9.1
401824119,2025-11-07,McNeese Cowboys,Santa Clara,A,67,79,66.9,49.0,20.9,29.0,45.1
401824119,2025-11-07,Santa Clara,McNeese Cowboys,H,79,67,72.9,48.5,27.4,56.8,37.9
401829443,2025-11-10,McNeese Cowboys,College Of Biblical Studies,H,132,50,104.5,80.0,37.3,75.0,31.4
401829443,2025-11-10,College Of Biblical Studies,McNeese Cowboys,A,50,132,64.7,35.6,17.0,26.1,23.7
401808729,2025-11-24,McNeese Cowboys,Murray State*,H,73,60,93.0,45.0,29.0,28.3,27.1
401808729,2025-11-24,Murray State*,McNeese Cowboys,A,60,73,62.4,39.5,12.8,35.7,45.6
401808730,2025-11-25,McNeese Cowboys,Middle Tennessee*,H,72,62,65.9,42.2,21.3,51.4,43.1
401808730,2025-11-25,Middle Tennessee*,McNeese Cowboys,A,62,72,53.6,51.9,16.8,41.2,26.9
401808732,2025-12-05,McNeese Cowboys,Northwestern State,H,92,54,85.6,62.5,33.9,50.0,25.0
401808732,2025-12-05,Northwestern State,McNeese Cowboys,A,54,92,61.2,45.1,21.2,22.9,21.6
401817170,2025-12-09,McNeese Cowboys,Rhode Island,A,66,64,77.0,45.0,26.0,30.8,31.7
401817170,2025-12-09,Rhode Island,McNeese Cowboys,H,64,66,57.8,52.6,17.3,17.4,69.2
401826084,2025-12-29,McNeese Cowboys,2Michigan,A,71,112,89.4,34.6,19.0,29.3,30.8
401826084,2025-12-29,2Michigan,McNeese Cowboys,H,112,71,81.4,64.3,13.5,48.3,71.4
401808874,2026-01-05,McNeese Cowboys,Stephen F. Austin,H,66,64,68.2,46.0,23.5,39.5,20.6
401808874,2026-01-05,Stephen F. Austin,McNeese Cowboys,A,64,66,56.3,51.7,16.0,38.9,12.1
401808875,2026-01-10,McNeese Cowboys,SE Louisiana,H,73,61,73.1,53.4,28.7,40.6,25.9
401808875,2026-01-10,SE Louisiana,McNeese Cowboys,A,61,73,53.3,48.9,13.1,36.7,63.6
401826725,2025-11-08,Memphis Tigers,San Francisco,H,76,70,73.3,47.0,16.4,40.5,39.4
401826725,2025-11-08,San Francisco,Memphis Tigers,A,70,76,78.9,49.1,26.6,27.3,45.5
401826797,2025-11-11,Memphis Tigers,Ole Miss,A,77,83,69.5,52.5,12.9,26.5,33.3
401826797,2025-11-11,Ole Miss,Memphis Tigers,H,83,77,67.7,59.6,10.3,22.6,63.5
401820398,2025-11-16,Memphis Tigers,UNLV,H,78,92,83.2,45.8,25.2,30.6,50.8
401820398,2025-11-16,UNLV,Memphis Tigers,A,92,78,95.3,55.5,31.5,34.4,40.6
401823636,2025-11-20,Memphis Tigers,1Purdue*,H,71,80,70.2,54.6,19.9,42.4,16.9
401823636,2025-11-20,1Purdue*,Memphis Tigers,A,80,71,68.9,45.8,18.9,39.5,42.4
401823638,2025-11-21,Memphis Tigers,Wake Forest*,H,68,69,61.5,50.9,21.1,43.2,32.1
401823638,2025-11-21,Wake Forest*,Memphis Tigers,A,69,68,69.0,45.1,20.3,41.7,31.1
401826798,2025-11-26,Memphis Tigers,Southern Illinois,H,74,58,67.5,50.0,17.8,34.3,34.5
401826798,2025-11-26,Southern Illinois,Memphis Tigers,A,58,74,72.7,32.8,22.0,37.8,56.9
401808898,2025-12-03,Memphis Tigers,New Orleans,H,86,70,84.7,56.7,30.7,42.9,20.9
401808898,2025-12-03,New Orleans,Memphis Tigers,A,70,86,68.0,45.1,17.7,37.5,34.4
401826799,2025-12-17,Memphis Tigers,13Vanderbilt,H,70,77,88.3,39.1,26.0,26.8,40.6
401826799,2025-12-17,13Vanderbilt,Memphis Tigers,A,77,70,87.0,37.1,24.1,34.9,64.5
401826800,2025-12-20,Memphis Tigers,Mississippi State,A,66,71,64.6,44.4,18.6,41.5,25.8
401826800,2025-12-20,Mississippi State,Memphis Tigers,H,71,66,74.9,50.0,26.7,29.7,46.3
401828154,2025-12-31,Memphis Tigers,North Texas,H,57,48,58.1,52.0,22.4,38.2,29.4
401828154,2025-12-31,North Texas,Memphis Tigers,A,48,57,60.8,37.3,18.1,26.5,14.5
401828157,2026-01-03,Memphis Tigers,Rice,A,76,70,67.2,51.0,25.3,44.8,61.2
401828157,2026-01-03,Rice,Memphis Tigers,H,70,76,71.2,45.2,28.1,37.5,57.7
401823483,2025-11-03,Mercer Bears,18Tennessee,A,61,76,80.0,34.3,20.0,25.5,31.3
401823483,2025-11-03,18Tennessee,Mercer Bears,H,76,61,60.1,54.9,13.3,45.7,24.6
401823484,2025-11-05,Mercer Bears,LaGrange,H,101,62,107.2,50.0,31.7,41.2,40.5
401823484,2025-11-05,LaGrange,Mercer Bears,A,62,101,69.4,37.7,14.4,40.8,6.5
401823486,2025-11-15,Mercer Bears,Winthrop,A,69,105,72.3,47.3,15.2,18.9,46.4
401823486,2025-11-15,Winthrop,Mercer Bears,H,105,69,97.6,59.8,27.7,34.2,56.1
401823490,2025-12-07,Mercer Bears,Oglethorpe,H,100,50,96.1,57.3,28.1,42.6,18.3
401823490,2025-12-07,Oglethorpe,Mercer Bears,A,50,100,62.9,36.5,11.1,22.7,9.5
401823491,2025-12-17,Mercer Bears,UCF,A,63,81,70.4,42.5,21.3,25.0,45.3
401823491,2025-12-17,UCF,Mercer Bears,H,81,63,77.1,50.0,23.4,40.5,25.0
401823492,2025-12-20,Mercer Bears,Washington State,A,78,84,84.7,47.3,21.3,31.2,18.7
401823492,2025-12-20,Washington State,Mercer Bears,H,84,78,66.5,63.4,9.0,16.7,35.7
401832544,2025-12-28,Mercer Bears,Baptist (Fl),H,122,49,110.0,56.9,24.5,40.0,20.2
401832544,2025-12-28,Baptist (Fl),Mercer Bears,A,49,122,79.9,20.5,5.0,21.9,32.1
401809315,2026-01-07,Mercer Bears,The Citadel,H,101,63,80.5,71.6,31.1,48.0,34.5
401809315,2026-01-07,The Citadel,Mercer Bears,A,63,101,55.7,54.0,16.2,32.1,24.0
401809321,2026-01-10,Mercer Bears,Wofford,H,109,97,81.7,74.5,23.2,30.4,56.4
401809321,2026-01-10,Wofford,Mercer Bears,A,97,109,78.5,58.8,16.6,32.5,32.4
401820209,2025-11-03,Mercyhurst Lakers,Northwestern,A,47,70,72.2,30.8,20.8,20.9,21.7
401820209,2025-11-03,Northwestern,Mercyhurst Lakers,H,70,47,64.0,41.3,14.1,39.5,73.1
401820210,2025-11-08,Mercyhurst Lakers,Penn State-New Kensington,H,94,43,82.1,69.8,24.4,28.6,23.8
401820210,2025-11-08,Penn State-New Kensington,Mercyhurst Lakers,A,43,94,60.5,33.3,9.9,12.8,35.3
401813275,2025-11-15,Mercyhurst Lakers,Morgan State,H,86,72,77.3,60.5,25.9,40.6,49.1
401813275,2025-11-15,Morgan State,Mercyhurst Lakers,A,72,86,65.0,39.2,21.5,51.4,74.5
401820211,2025-11-20,Mercyhurst Lakers,Miami (OH),A,71,76,63.2,55.4,17.4,31.2,23.2
401820211,2025-11-20,Miami (OH),Mercyhurst Lakers,H,76,71,68.7,51.0,18.9,26.7,63.3
401819918,2025-11-30,Mercyhurst Lakers,West Virginia,A,38,70,52.8,38.5,13.3,16.7,16.7
401819918,2025-11-30,West Virginia,Mercyhurst Lakers,H,70,38,74.5,51.8,32.2,40.0,36.4
401820214,2025-12-07,Mercyhurst Lakers,Bethany (WV),H,80,51,91.4,58.1,36.1,35.3,7.4
401820214,2025-12-07,Bethany (WV),Mercyhurst Lakers,A,51,80,57.3,45.2,15.7,20.6,13.5
401817484,2025-12-17,Mercyhurst Lakers,Syracuse,A,62,76,78.8,44.4,29.2,29.7,16.1
401817484,2025-12-17,Syracuse,Mercyhurst Lakers,H,76,62,73.6,52.5,24.5,38.2,26.2
401812412,2026-01-10,Mercyhurst Lakers,Wagner,A,70,69,75.0,54.1,22.7,3.7,42.9
401812412,2026-01-10,Wagner,Mercyhurst Lakers,H,69,70,64.6,50.8,15.5,30.8,27.1
401829471,2025-11-03,Merrimack Warriors,South Dakota State*,H,66,75,72.8,39.3,17.9,23.1,48.2
401829471,2025-11-03,South Dakota State*,Merrimack Warriors,A,75,66,64.3,48.2,14.0,38.9,45.6
401826996,2025-11-11,Merrimack Warriors,Tarleton State,A,62,76,74.4,37.1,28.2,38.1,41.4
401826996,2025-11-11,Tarleton State,Merrimack Warriors,H,76,62,81.9,50.9,31.8,41.9,43.9
401812578,2025-11-28,Merrimack Warriors,Pennsylvania,A,65,77,76.1,40.3,15.8,23.3,22.4
401812578,2025-11-28,Pennsylvania,Merrimack Warriors,H,77,65,61.9,56.0,9.7,37.1,39.7
401823852,2025-12-04,Merrimack Warriors,Rider,H,68,66,77.2,56.5,29.8,15.2,20.4
401823852,2025-12-04,Rider,Merrimack Warriors,A,66,68,55.6,51.9,12.6,48.1,29.6
401826864,2025-12-10,Merrimack Warriors,Princeton,A,59,56,62.5,44.6,16.0,10.3,43.5
401826864,2025-12-10,Princeton,Merrimack Warriors,H,56,59,53.0,34.2,9.4,45.2,36.8
401826769,2025-12-14,Merrimack Warriors,Vermont,A,59,66,56.6,45.1,12.4,27.3,31.4
401826769,2025-12-14,Vermont,Merrimack Warriors,H,66,59,58.4,46.0,12.0,34.5,48.0
401823731,2025-12-29,Merrimack Warriors,Sacred Heart,A,80,72,71.9,59.3,19.5,21.9,42.6
401823731,2025-12-29,Sacred Heart,Merrimack Warriors,H,72,80,70.1,52.6,25.7,37.1,29.8
401813408,2026-01-02,Merrimack Warriors,Mount St. Mary's,H,75,65,76.0,47.8,22.4,19.4,87.0
401813408,2026-01-02,Mount St. Mary's,Merrimack Warriors,A,65,75,68.3,40.4,20.5,43.2,49.1
401813424,2026-01-09,Merrimack Warriors,Siena,A,63,59,53.2,52.0,11.3,32.3,25.5
401813424,2026-01-09,Siena,Merrimack Warriors,H,59,63,50.3,44.8,11.9,54.5,15.5
401823846,2026-01-11,Merrimack Warriors,Saint Peter's,A,63,76,63.0,44.2,20.6,35.3,40.4
401823846,2026-01-11,Saint Peter's,Merrimack Warriors,H,76,63,64.2,57.3,26.5,51.7,62.5
401829496,2025-11-03,Miami (OH) RedHawks,Old Dominion,H,87,72,90.8,56.0,30.8,25.0,46.6
401829496,2025-11-03,Old Dominion,Miami (OH) RedHawks,A,72,87,62.6,55.7,11.2,16.7,30.2
401831071,2025-11-07,Miami (OH) RedHawks,Trinity Christian (IL),H,129,49,99.8,84.9,34.1,47.8,46.0
401831071,2025-11-07,Trinity Christian (IL),Miami (OH) RedHawks,A,49,129,64.2,28.4,3.1,29.8,14.9
401830117,2025-11-26,Miami (OH) RedHawks,UNC Greensboro*,H,82,71,65.9,48.1,15.2,30.3,46.3
401830117,2025-11-26,UNC Greensboro*,Miami (OH) RedHawks,A,71,82,88.5,56.8,29.4,17.6,33.9
401831072,2025-12-02,Miami (OH) RedHawks,Indiana University East,H,109,65,90.3,60.5,22.1,46.2,34.2
401831072,2025-12-02,Indiana University East,Miami (OH) RedHawks,A,65,109,75.7,40.0,13.2,21.3,17.1
401830422,2025-12-10,Miami (OH) RedHawks,UNC Asheville,A,90,87,86.4,58.1,19.7,11.8,38.7
401830422,2025-12-10,UNC Asheville,Miami (OH) RedHawks,H,87,90,79.5,56.5,12.6,10.3,35.5
401823413,2025-12-16,Miami (OH) RedHawks,Wright State,A,83,76,69.3,64.7,11.5,10.3,54.9
401823413,2025-12-16,Wright State,Miami (OH) RedHawks,H,76,83,71.4,45.2,12.6,30.8,38.1
401831073,2025-12-22,Miami (OH) RedHawks,Milligan,H,135,81,96.6,91.0,24.8,11.8,23.9
401831073,2025-12-22,Milligan,Miami (OH) RedHawks,A,81,135,71.8,52.1,7.0,22.0,11.1
401814509,2026-01-06,Miami (OH) RedHawks,Western Michigan,H,87,76,70.2,55.6,15.7,34.4,63.0
401814509,2026-01-06,Western Michigan,Miami (OH) RedHawks,A,76,87,74.5,45.5,14.8,30.2,33.3
401814515,2026-01-09,Miami (OH) RedHawks,Toledo,A,87,73,71.8,63.5,18.1,27.6,12.7
401814515,2026-01-09,Toledo,Miami (OH) RedHawks,H,73,87,72.5,45.2,17.9,30.0,32.3
401809415,2025-11-10,Miami Hurricanes,Stetson,H,102,61,88.3,62.1,23.8,32.4,39.4
401809415,2025-11-10,Stetson,Miami Hurricanes,A,61,102,69.3,40.4,11.5,19.0,45.6
401806371,2025-12-02,Miami Hurricanes,Ole Miss,A,75,66,56.1,59.1,16.0,50.0,27.3
401806371,2025-12-02,Ole Miss,Miami Hurricanes,H,66,75,76.2,43.2,24.9,31.8,16.7
401809420,2025-12-06,Miami Hurricanes,Southern Miss,H,88,64,85.4,52.2,28.1,47.4,35.3
401809420,2025-12-06,Southern Miss,Miami Hurricanes,A,64,88,69.0,46.4,24.6,36.4,34.5
401809421,2025-12-13,Miami Hurricanes,UL Monroe,H,104,79,75.1,67.9,16.0,46.9,24.3
401809421,2025-12-13,UL Monroe,Miami Hurricanes,A,79,104,69.7,56.3,12.9,23.1,22.2
401809423,2025-12-21,Miami Hurricanes,North Florida,H,105,67,100.8,63.4,35.7,50.0,43.3
401809423,2025-12-21,North Florida,Miami Hurricanes,A,67,105,71.6,47.3,22.3,22.2,28.6
401820637,2025-12-30,Miami Hurricanes,Pittsburgh,H,76,69,68.3,48.3,19.0,42.9,44.8
401820637,2025-12-30,Pittsburgh,Miami Hurricanes,A,69,76,73.1,50.0,17.8,22.2,28.3
401820656,2026-01-07,Miami Hurricanes,Wake Forest,A,81,77,74.2,53.7,25.6,44.8,55.6
401820656,2026-01-07,Wake Forest,Miami Hurricanes,H,77,81,75.7,62.0,25.1,14.3,25.9
401827220,2025-11-13,Michigan State Spartans,San José State,H,79,60,65.9,53.4,13.7,40.6,43.1
401827220,2025-11-13,San José State,Michigan State Spartans,A,60,79,63.5,42.9,9.4,17.9,32.1
401817267,2025-11-27,Michigan State Spartans,16North Carolina*,H,74,58,58.1,41.8,12.1,32.4,30.9
401817267,2025-11-27,16North Carolina*,Michigan State Spartans,A,58,74,59.3,55.8,11.8,40.0,15.0
401825409,2025-12-13,Michigan State Spartans,Penn State,A,76,72,55.0,55.8,7.3,37.9,40.4
401825409,2025-12-13,Penn State,Michigan State Spartans,H,72,76,84.3,48.5,27.3,23.7,13.6
401823472,2025-12-16,Michigan State Spartans,Toledo,H,92,69,69.0,58.2,15.9,50.0,28.4
401823472,2025-12-16,Toledo,Michigan State Spartans,A,69,92,77.1,43.8,14.3,14.3,26.6
401826874,2025-12-20,Michigan State Spartans,Oakland*,H,79,70,78.9,50.8,27.9,42.9,37.7
401826874,2025-12-20,Oakland*,Michigan State Spartans,A,70,79,67.2,51.8,16.4,18.2,23.2
401825412,2026-01-02,Michigan State Spartans,13Nebraska,A,56,58,57.1,44.0,19.3,33.3,30.0
401825412,2026-01-02,13Nebraska,Michigan State Spartans,H,58,56,64.2,43.0,14.0,19.0,22.8
401825419,2026-01-05,Michigan State Spartans,USC,H,80,51,74.5,55.8,21.5,31.2,30.0
401825419,2026-01-05,USC,Michigan State Spartans,A,51,80,60.6,35.5,9.9,21.6,29.1
401825428,2026-01-08,Michigan State Spartans,Northwestern,H,76,66,66.7,54.1,19.5,39.3,67.3
401825428,2026-01-08,Northwestern,Michigan State Spartans,A,66,76,76.5,43.1,22.2,20.5,34.5
401826083,2025-11-03,Michigan Wolverines,Oakland,H,121,78,89.2,77.9,21.3,26.1,18.6
401826083,2025-11-03,Oakland,Michigan Wolverines,A,78,121,70.1,50.8,5.7,12.8,23.4
401817529,2025-11-11,Michigan Wolverines,Wake Forest*,H,85,84,77.6,48.4,14.2,34.2,59.7
401817529,2025-11-11,Wake Forest*,Michigan Wolverines,A,84,85,92.0,40.5,17.4,32.7,25.0
401812252,2025-11-14,Michigan Wolverines,TCU,A,67,63,60.5,48.1,21.5,53.6,37.7
401812252,2025-11-14,TCU,Michigan Wolverines,H,63,67,76.1,42.7,22.3,25.6,24.2
401822996,2025-11-19,Michigan Wolverines,Middle Tennessee,H,86,61,81.3,50.0,17.2,30.8,38.8
401822996,2025-11-19,Middle Tennessee,Michigan Wolverines,A,61,86,70.7,37.7,12.7,26.5,17.4
401823764,2025-11-24,Michigan Wolverines,San Diego State*,H,94,54,91.5,58.1,30.6,40.5,32.4
401823764,2025-11-24,San Diego State*,Michigan Wolverines,A,54,94,70.6,33.1,18.4,26.1,25.8
401825400,2025-12-06,Michigan Wolverines,Rutgers,H,101,60,83.1,70.0,26.5,42.3,23.1
401825400,2025-12-06,Rutgers,Michigan Wolverines,A,60,101,71.3,40.3,19.6,32.6,13.4
401823566,2025-12-09,Michigan Wolverines,Villanova,H,89,61,86.9,54.3,24.2,35.7,36.2
401823566,2025-12-09,Villanova,Michigan Wolverines,A,61,89,75.7,41.9,17.2,13.6,22.6
401825411,2026-01-02,Michigan Wolverines,24USC,H,96,66,96.5,52.3,24.9,31.4,60.0
401825411,2026-01-02,24USC,Michigan Wolverines,A,66,96,69.7,38.8,10.0,27.5,56.9
401825423,2026-01-06,Michigan Wolverines,Penn State,A,74,72,67.0,52.6,11.9,20.0,33.3
401825423,2026-01-06,Penn State,Michigan Wolverines,H,72,74,78.9,40.9,21.5,33.3,34.8
401825432,2026-01-10,Michigan Wolverines,Wisconsin,H,88,91,76.4,53.2,15.7,29.0,38.7
401825432,2026-01-10,Wisconsin,Michigan Wolverines,A,91,88,65.9,62.9,7.6,25.8,39.7
401822993,2025-11-05,Middle Tennessee Blue Raiders,Milligan,H,100,51,92.1,62.3,25.0,29.7,20.5
401822993,2025-11-05,Milligan,Middle Tennessee Blue Raiders,A,51,100,71.1,31.1,15.5,28.6,25.8
401822994,2025-11-08,Middle Tennessee Blue Raiders,Webster,H,109,56,103.7,57.5,30.9,46.7,13.8
401822994,2025-11-08,Webster,Middle Tennessee Blue Raiders,A,56,109,60.5,42.3,9.9,18.2,34.6
401822997,2025-11-23,Middle Tennessee Blue Raiders,Murray State*,H,90,87,71.5,54.1,8.4,39.5,24.3
401822997,2025-11-23,Murray State*,Middle Tennessee Blue Raiders,A,87,90,75.8,54.0,10.6,21.6,46.8
401822998,2025-12-01,Middle Tennessee Blue Raiders,UAB,H,76,61,75.7,54.1,25.1,29.4,19.7
401822998,2025-12-01,UAB,Middle Tennessee Blue Raiders,A,61,76,65.7,39.7,16.8,36.6,22.2
401823000,2025-12-21,Middle Tennessee Blue Raiders,Cumberland (TN),H,74,58,69.3,52.0,24.5,35.3,54.9
401823000,2025-12-21,Cumberland (TN),Middle Tennessee Blue Raiders,A,58,74,61.3,46.5,16.3,28.1,12.3
401804863,2026-01-04,Middle Tennessee Blue Raiders,Sam Houston,H,68,67,73.8,47.6,21.7,23.1,16.1
401804863,2026-01-04,Sam Houston,Middle Tennessee Blue Raiders,A,67,68,60.7,52.7,14.8,31.2,21.4
401804870,2026-01-08,Middle Tennessee Blue Raiders,UTEP,A,80,83,64.1,55.1,6.2,21.9,28.8
401804870,2026-01-08,UTEP,Middle Tennessee Blue Raiders,H,83,80,76.1,50.0,18.4,34.2,62.1
401804875,2026-01-10,Middle Tennessee Blue Raiders,New Mexico State,A,59,55,66.4,44.0,16.6,17.1,48.0
401804875,2026-01-10,New Mexico State,Middle Tennessee Blue Raiders,H,55,59,58.5,40.4,6.8,20.0,42.3
401822309,2025-11-08,Milwaukee Panthers,Wofford,A,76,86,83.0,48.4,21.7,17.9,30.2
401822309,2025-11-08,Wofford,Milwaukee Panthers,H,86,76,75.2,48.4,15.9,38.9,47.6
401819900,2025-11-14,Milwaukee Panthers,11Texas Tech,A,63,80,61.1,47.3,13.1,30.0,27.3
401819900,2025-11-14,11Texas Tech,Milwaukee Panthers,H,80,63,72.7,53.2,24.8,41.7,22.2
401822312,2025-11-22,Milwaukee Panthers,Wichita State,A,58,75,63.6,40.7,12.6,26.2,27.1
401822312,2025-11-22,Wichita State,Milwaukee Panthers,H,75,58,73.3,46.7,19.1,35.9,46.7
401822313,2025-11-25,Milwaukee Panthers,Dominican (IL),H,125,70,108.3,64.2,29.5,50.0,34.6
401822313,2025-11-25,Dominican (IL),Milwaukee Panthers,A,70,125,70.3,51.9,10.0,10.5,51.9
401817509,2025-12-06,Milwaukee Panthers,Robert Morris,H,74,72,71.3,45.0,11.2,25.6,46.7
401817509,2025-12-06,Robert Morris,Milwaukee Panthers,A,72,74,70.0,45.1,12.9,25.7,31.1
401822315,2025-12-19,Milwaukee Panthers,South Dakota State,H,88,87,75.1,54.3,24.0,50.0,21.7
401822315,2025-12-19,South Dakota State,Milwaukee Panthers,A,87,88,70.1,59.8,12.8,33.3,22.7
401817597,2025-12-29,Milwaukee Panthers,Purdue Fort Wayne,H,77,55,64.1,51.6,20.3,54.3,23.8
401817597,2025-12-29,Purdue Fort Wayne,Milwaukee Panthers,A,55,77,76.8,42.2,23.5,10.5,17.2
401822316,2025-12-30,Milwaukee Panthers,Wisconsin,A,60,80,69.0,35.7,13.0,28.3,33.3
401822316,2025-12-30,Wisconsin,Milwaukee Panthers,H,80,60,85.2,52.6,23.5,20.6,56.1
401817602,2026-01-01,Milwaukee Panthers,Wright State,A,70,76,69.2,48.5,14.4,28.2,16.9
401817602,2026-01-01,Wright State,Milwaukee Panthers,H,76,70,60.9,47.4,6.6,37.1,43.1
401817613,2026-01-09,Milwaukee Panthers,Northern Kentucky,H,67,85,66.0,50.0,16.7,28.6,33.9
401817613,2026-01-09,Northern Kentucky,Milwaukee Panthers,A,85,67,74.6,55.4,26.8,48.6,24.6
401827234,2025-11-12,Minnesota Golden Gophers,Missouri,A,60,83,59.1,47.2,18.6,38.9,31.5
401827234,2025-11-12,Missouri,Minnesota Golden Gophers,H,83,60,66.5,70.4,16.5,13.0,40.8
401826729,2025-11-22,Minnesota Golden Gophers,San Francisco*,H,65,77,64.2,54.3,20.2,28.1,65.2
401826729,2025-11-22,San Francisco*,Minnesota Golden Gophers,A,77,65,70.0,59.4,25.7,35.7,35.8
401817469,2025-11-27,Minnesota Golden Gophers,Stanford*,H,68,72,57.5,61.1,17.4,24.0,40.0
401817469,2025-11-27,Stanford*,Minnesota Golden Gophers,A,72,68,85.5,43.3,31.6,47.2,26.9
401830751,2025-11-28,Minnesota Golden Gophers,Santa Clara*,H,75,86,75.2,68.4,23.9,19.2,19.3
401830751,2025-11-28,Santa Clara*,Minnesota Golden Gophers,A,86,75,62.8,50.0,12.7,38.2,49.1
401825406,2025-12-10,Minnesota Golden Gophers,6Purdue,A,57,85,68.1,41.1,14.7,13.5,26.8
401825406,2025-12-10,6Purdue,Minnesota Golden Gophers,H,85,57,62.5,60.3,12.8,43.8,37.9
401827008,2025-12-14,Minnesota Golden Gophers,Texas Southern,H,89,53,82.9,62.3,29.0,29.4,43.9
401827008,2025-12-14,Texas Southern,Minnesota Golden Gophers,A,53,89,59.2,38.7,11.8,20.0,24.5
401825415,2026-01-03,Minnesota Golden Gophers,Northwestern,A,84,78,59.4,60.8,6.7,34.8,51.0
401825415,2026-01-03,Northwestern,Minnesota Golden Gophers,H,78,84,75.5,54.4,18.5,16.7,35.1
401825430,2026-01-09,Minnesota Golden Gophers,USC,H,69,70,60.1,48.4,10.0,35.7,24.2
401825430,2026-01-09,USC,Minnesota Golden Gophers,A,70,69,64.1,49.1,21.8,45.5,29.8
401823351,2025-11-05,Mississippi State Bulldogs,North Alabama,H,86,62,78.4,49.3,19.1,43.2,33.8
401823351,2025-11-05,North Alabama,Mississippi State Bulldogs,A,62,86,70.7,42.3,15.6,24.4,18.5
401808951,2025-11-15,Mississippi State Bulldogs,SE Louisiana,H,75,68,64.9,53.6,12.3,28.1,41.8
401808951,2025-11-15,SE Louisiana,Mississippi State Bulldogs,A,68,75,90.5,39.4,28.7,22.7,27.3
401831194,2025-11-21,Mississippi State Bulldogs,New Mexico*,H,78,80,71.9,48.4,13.9,31.7,39.7
401831194,2025-11-21,New Mexico*,Mississippi State Bulldogs,A,80,78,78.2,52.2,15.4,19.5,19.1
401808896,2025-11-24,Mississippi State Bulldogs,New Orleans,H,81,78,77.8,50.8,18.0,34.1,44.6
401808896,2025-11-24,New Orleans,Mississippi State Bulldogs,A,78,81,77.1,44.9,19.5,35.7,24.6
401817459,2025-11-28,Mississippi State Bulldogs,SMU,H,81,87,82.9,44.3,12.1,20.0,35.7
401817459,2025-11-28,SMU,Mississippi State Bulldogs,A,87,81,77.9,50.0,11.5,31.1,31.9
401826730,2025-12-07,Mississippi State Bulldogs,San Francisco*,H,62,65,64.8,44.8,10.8,28.9,11.9
401826730,2025-12-07,San Francisco*,Mississippi State Bulldogs,A,65,62,63.8,48.4,14.1,28.9,16.4
401819912,2025-12-13,Mississippi State Bulldogs,Utah*,H,82,74,70.4,52.8,19.9,25.0,45.3
401819912,2025-12-13,Utah*,Mississippi State Bulldogs,A,74,82,83.3,58.5,26.4,24.2,13.8
401808150,2026-01-03,Mississippi State Bulldogs,Texas,A,101,98,87.7,51.3,18.2,41.3,40.8
401808150,2026-01-03,Texas,Mississippi State Bulldogs,H,98,101,91.0,53.1,20.9,30.0,61.5
401808154,2026-01-07,Mississippi State Bulldogs,Oklahoma,H,72,53,69.3,44.1,20.2,43.6,47.5
401808154,2026-01-07,Oklahoma,Mississippi State Bulldogs,A,53,72,60.9,33.6,11.5,31.0,45.5
401826850,2025-11-03,Mississippi Valley State Delta Devils,UAB,A,55,106,71.0,33.6,16.9,12.8,34.5
401826850,2025-11-03,UAB,Mississippi Valley State Delta Devils,H,106,55,116.6,56.1,34.3,34.1,50.0
401830341,2025-11-05,Mississippi Valley State Delta Devils,Mississippi University For Women,H,97,61,92.0,59.3,26.1,33.3,30.0
401830341,2025-11-05,Mississippi University For Women,Mississippi Valley State Delta Devils,A,61,97,73.6,41.2,21.7,19.4,28.1
401826860,2025-11-07,Mississippi Valley State Delta Devils,Murray State,A,60,108,61.0,35.0,9.8,35.7,35.0
401826860,2025-11-07,Murray State,Mississippi Valley State Delta Devils,H,108,60,100.9,57.6,28.7,41.3,31.6
401830342,2025-11-14,Mississippi Valley State Delta Devils,Utah Tech*,H,75,81,74.2,50.0,14.8,22.2,16.7
401830342,2025-11-14,Utah Tech*,Mississippi Valley State Delta Devils,A,81,75,73.3,49.2,15.0,34.1,44.4
401829427,2025-11-25,Mississippi Valley State Delta Devils,Texas A&M,A,84,120,71.0,59.3,21.1,40.0,32.2
401829427,2025-11-25,Texas A&M,Mississippi Valley State Delta Devils,H,120,84,118.8,62.9,38.7,37.1,80.6
401830126,2025-12-03,Mississippi Valley State Delta Devils,UL Monroe,A,52,66,66.2,35.8,16.6,26.2,21.7
401830126,2025-12-03,UL Monroe,Mississippi Valley State Delta Devils,H,66,52,63.8,50.0,17.2,24.1,63.0
401827001,2025-12-16,Mississippi Valley State Delta Devils,Tarleton State,H,64,88,63.7,58.3,23.5,20.8,25.0
401827001,2025-12-16,Tarleton State,Mississippi Valley State Delta Devils,A,88,64,95.5,57.6,37.7,33.3,37.3
401819922,2025-12-22,Mississippi Valley State Delta Devils,West Virginia,A,51,86,56.6,34.9,14.1,32.4,26.4
401819922,2025-12-22,West Virginia,Mississippi Valley State Delta Devils,H,86,51,64.5,64.3,17.0,40.7,32.1
401826782,2025-12-29,Mississippi Valley State Delta Devils,Oklahoma,A,69,93,56.6,54.9,8.8,25.0,31.4
401826782,2025-12-29,Oklahoma,Mississippi Valley State Delta Devils,H,93,69,70.1,70.2,24.3,46.2,29.8
401827048,2026-01-10,Mississippi Valley State Delta Devils,Prairie View A&M,A,69,70,62.0,50.9,16.1,38.2,33.9
401827048,2026-01-10,Prairie View A&M,Mississippi Valley State Delta Devils,H,70,69,79.1,47.1,22.8,17.5,70.6
401823321,2025-11-04,Missouri State Bears,Missouri Southern State,H,88,70,76.0,44.9,10.5,43.8,26.6
401823321,2025-11-04,Missouri Southern State,Missouri State Bears,A,70,88,79.7,43.8,20.1,31.9,16.4
401823322,2025-11-08,Missouri State Bears,Northwestern Oklahoma State,H,106,57,78.4,67.6,16.6,42.4,35.3
401823322,2025-11-08,Northwestern Oklahoma State,Missouri State Bears,A,57,106,73.0,39.0,15.1,13.6,32.2
401823324,2025-11-15,Missouri State Bears,UT Arlington,A,49,67,58.4,33.0,13.7,29.7,48.0
401823324,2025-11-15,UT Arlington,Missouri State Bears,H,67,49,73.1,49.2,26.0,40.0,27.4
401823325,2025-11-22,Missouri State Bears,UT Rio Grande Valley,H,74,67,73.3,50.0,21.8,28.6,47.3
401823325,2025-11-22,UT Rio Grande Valley,Missouri State Bears,A,67,74,58.0,50.0,15.5,40.7,37.3
401823326,2025-11-30,Missouri State Bears,Northeastern State,H,92,71,71.6,60.8,19.6,48.4,24.6
401823326,2025-11-30,Northeastern State,Missouri State Bears,A,71,92,70.7,51.6,18.4,28.6,19.4
401823327,2025-12-06,Missouri State Bears,Tulsa,A,74,98,59.0,61.8,10.2,21.9,37.3
401823327,2025-12-06,Tulsa,Missouri State Bears,H,98,74,79.2,58.7,24.0,47.2,47.6
401823328,2025-12-12,Missouri State Bears,Xavier,A,57,75,62.1,42.5,19.3,29.4,28.3
401823328,2025-12-12,Xavier,Missouri State Bears,H,75,57,74.7,52.3,22.8,33.3,18.5
401823329,2025-12-16,Missouri State Bears,Oral Roberts,H,63,62,65.0,48.0,20.0,25.8,42.0
401823329,2025-12-16,Oral Roberts,Missouri State Bears,A,62,63,55.9,44.7,3.6,15.4,48.9
401822397,2025-12-23,Missouri State Bears,Lindenwood,H,70,65,68.9,46.8,13.1,32.5,37.1
401822397,2025-12-23,Lindenwood,Missouri State Bears,A,65,70,70.7,39.8,15.6,31.1,52.5
401804856,2026-01-02,Missouri State Bears,UTEP,H,79,55,65.3,61.2,24.5,48.0,53.1
401804856,2026-01-02,UTEP,Missouri State Bears,A,55,79,59.5,43.8,23.5,38.7,41.7
401804861,2026-01-04,Missouri State Bears,New Mexico State,H,89,82,74.5,55.6,21.5,38.9,72.2
401804861,2026-01-04,New Mexico State,Missouri State Bears,A,82,89,73.9,51.6,20.3,39.4,37.7
401829345,2025-11-07,Missouri Tigers,Southeast Missouri State,H,89,84,76.7,64.8,22.2,31.0,57.4
401829345,2025-11-07,Southeast Missouri State,Missouri Tigers,A,84,89,73.0,53.2,17.8,38.2,33.3
401823515,2025-11-09,Missouri Tigers,VMI,H,106,68,94.6,62.3,31.7,50.0,53.8
401823515,2025-11-09,VMI,Missouri Tigers,A,68,106,72.5,46.5,19.3,19.5,35.1
401827041,2025-11-17,Missouri Tigers,Prairie View A&M,H,91,73,76.9,59.7,19.5,35.3,40.3
401827041,2025-11-17,Prairie View A&M,Missouri Tigers,A,73,91,83.6,44.7,19.1,14.0,24.2
401811106,2025-11-20,Missouri Tigers,South Dakota,H,102,68,82.2,69.6,29.2,50.0,53.6
401811106,2025-11-20,South Dakota,Missouri Tigers,A,68,102,70.0,48.3,20.0,31.6,36.2
401829280,2025-11-25,Missouri Tigers,South Carolina State,H,98,66,74.2,57.7,18.9,54.3,46.2
401829280,2025-11-25,South Carolina State,Missouri Tigers,A,66,98,68.8,41.1,14.5,27.0,48.2
401806368,2025-12-02,Missouri Tigers,Notre Dame,A,71,76,79.9,50.0,28.8,25.7,46.3
401806368,2025-12-02,Notre Dame,Missouri Tigers,H,76,71,64.5,56.5,13.9,24.1,33.3
401808164,2026-01-10,Missouri Tigers,Ole Miss,A,69,76,62.4,55.9,14.4,27.3,47.1
401808164,2026-01-10,Ole Miss,Missouri Tigers,H,76,69,78.0,50.0,23.1,27.8,31.1
401824860,2025-11-04,Monmouth Hawks,Caldwell,H,96,68,90.9,55.5,27.5,42.9,31.5
401824860,2025-11-04,Caldwell,Monmouth Hawks,A,68,96,72.7,46.8,13.8,14.6,19.0
401824861,2025-11-13,Monmouth Hawks,Seton Hall,A,58,70,59.8,43.0,21.7,30.0,62.8
401824861,2025-11-13,Seton Hall,Monmouth Hawks,H,70,58,76.8,39.5,23.4,37.2,43.5
401817479,2025-11-18,Monmouth Hawks,Syracuse,A,73,78,76.9,46.5,23.4,27.0,43.9
401817479,2025-11-18,Syracuse,Monmouth Hawks,H,78,73,73.7,56.7,20.4,26.5,63.5
401823402,2025-11-23,Monmouth Hawks,Robert Morris,H,71,70,65.7,42.7,13.7,36.1,56.4
401823402,2025-11-23,Robert Morris,Monmouth Hawks,A,70,71,72.8,47.2,20.6,41.9,11.1
401824864,2025-12-03,Monmouth Hawks,Princeton,H,63,58,80.0,43.5,28.7,18.2,35.2
401824864,2025-12-03,Princeton,Monmouth Hawks,A,58,63,56.3,51.0,12.4,20.0,17.6
401820585,2025-12-17,Monmouth Hawks,Quinnipiac,H,75,85,68.5,45.9,14.6,36.1,36.1
401820585,2025-12-17,Quinnipiac,Monmouth Hawks,A,85,75,78.5,57.0,21.6,35.5,28.1
401811997,2026-01-03,Monmouth Hawks,Towson,A,62,48,63.0,48.9,23.8,28.6,40.4
401811997,2026-01-03,Towson,Monmouth Hawks,H,48,62,64.8,32.6,18.5,34.0,9.1
401812003,2026-01-08,Monmouth Hawks,William & Mary,H,81,70,79.1,54.7,24.0,32.4,26.6
401812003,2026-01-08,William & Mary,Monmouth Hawks,A,70,81,71.1,50.8,21.1,33.3,24.2
401828287,2025-11-03,Montana Grizzlies,Northwest Indian,H,106,41,89.8,59.6,27.8,53.1,42.6
401828287,2025-11-03,Northwest Indian,Montana Grizzlies,A,41,106,67.2,33.0,16.4,4.8,20.8
401828288,2025-11-05,Montana Grizzlies,Ottawa (AZ),H,73,39,79.6,51.0,30.1,33.3,70.0
401828288,2025-11-05,Ottawa (AZ),Montana Grizzlies,A,39,73,70.2,26.2,14.3,13.7,21.3
401817465,2025-11-08,Montana Grizzlies,Stanford,A,68,91,63.1,51.0,14.3,17.9,33.3
401817465,2025-11-08,Stanford,Montana Grizzlies,H,91,68,97.1,51.9,27.8,34.0,19.0
401820397,2025-11-11,Montana Grizzlies,UNLV,A,102,93,88.8,60.0,23.6,33.3,41.5
401820397,2025-11-11,UNLV,Montana Grizzlies,H,93,102,83.8,55.1,15.5,28.2,39.1
401828290,2025-11-18,Montana Grizzlies,Texas A&M,A,81,86,68.2,71.2,19.1,11.5,25.0
401828290,2025-11-18,Texas A&M,Montana Grizzlies,H,86,81,79.8,60.2,23.8,22.6,53.7
401826873,2025-11-25,Montana Grizzlies,Oakland,H,87,95,78.5,58.7,20.4,30.6,34.9
401826873,2025-11-25,Oakland,Montana Grizzlies,A,95,87,91.7,54.5,26.2,35.1,47.0
401828292,2025-12-03,Montana Grizzlies,North Dakota State,H,72,81,69.2,55.2,18.8,25.8,22.4
401828292,2025-12-03,North Dakota State,Montana Grizzlies,A,81,72,74.5,49.2,20.1,36.1,35.5
401828293,2025-12-06,Montana Grizzlies,North Dakota,A,79,75,58.4,64.0,10.3,33.3,48.0
401828293,2025-12-06,North Dakota,Montana Grizzlies,H,75,79,76.5,46.2,23.5,40.0,27.3
401828294,2025-12-10,Montana Grizzlies,Salish Kootenai,H,102,46,84.3,79.5,24.9,10.0,14.8
401828294,2025-12-10,Salish Kootenai,Montana Grizzlies,A,46,102,72.2,31.2,13.8,13.5,17.2
401828295,2025-12-17,Montana Grizzlies,Montana Tech,H,75,82,69.0,50.0,14.5,25.0,36.8
401828295,2025-12-17,Montana Tech,Montana Grizzlies,A,82,75,76.0,62.5,22.4,21.2,37.5
401808501,2026-01-01,Montana Grizzlies,Northern Arizona,H,78,64,67.7,63.5,20.7,20.0,26.9
401808501,2026-01-01,Northern Arizona,Montana Grizzlies,A,64,78,63.1,49.1,19.0,29.4,27.8
401808502,2026-01-03,Montana Grizzlies,Northern Colorado,H,88,79,69.0,51.0,5.8,16.1,73.1
401808502,2026-01-03,Northern Colorado,Montana Grizzlies,A,79,88,84.0,44.4,20.2,30.4,29.6
401825576,2025-11-05,Montana State Bobcats,Northwest Indian,H,114,44,90.3,80.1,35.4,52.0,10.3
401825576,2025-11-05,Northwest Indian,Montana State Bobcats,A,44,114,55.9,42.2,14.3,15.2,7.8
401817466,2025-11-12,Montana State Bobcats,Stanford,A,68,77,67.2,52.6,13.4,16.7,22.4
401817466,2025-11-12,Stanford,Montana State Bobcats,H,77,68,81.0,49.2,22.2,25.0,33.9
401825578,2025-11-20,Montana State Bobcats,Nobel*,H,92,55,86.4,69.2,35.9,33.3,46.2
401825578,2025-11-20,Nobel*,Montana State Bobcats,A,55,92,60.4,42.5,16.6,34.3,8.3
401825579,2025-11-29,Montana State Bobcats,Utah State,A,81,84,74.5,47.1,14.8,33.3,26.1
401825579,2025-11-29,Utah State,Montana State Bobcats,H,84,81,81.3,53.2,19.7,23.7,41.9
401825580,2025-12-03,Montana State Bobcats,St. Thomas-Minnesota,H,82,74,77.8,53.6,23.1,26.3,51.8
401825580,2025-12-03,St. Thomas-Minnesota,Montana State Bobcats,A,74,82,62.6,60.6,12.8,18.5,30.8
401825581,2025-12-06,Montana State Bobcats,Oral Roberts,A,68,72,65.2,51.8,24.5,40.0,22.8
401825581,2025-12-06,Oral Roberts,Montana State Bobcats,H,72,68,79.3,43.6,32.8,41.2,47.3
401824060,2025-12-13,Montana State Bobcats,Oregon State,A,57,67,62.1,42.1,14.5,28.2,26.3
401824060,2025-12-13,Oregon State,Montana State Bobcats,H,67,57,63.3,48.9,15.8,17.9,62.2
401825583,2025-12-22,Montana State Bobcats,Northwest University,H,93,54,77.0,55.8,16.9,37.5,30.4
401825583,2025-12-22,Northwest University,Montana State Bobcats,A,54,93,67.3,38.1,7.4,9.3,11.1
401808513,2026-01-01,Montana State Bobcats,Northern Colorado,H,89,75,82.5,60.3,21.8,21.9,28.6
401808513,2026-01-01,Northern Colorado,Montana State Bobcats,A,75,89,65.2,49.2,9.2,32.4,20.3
401808514,2026-01-03,Montana State Bobcats,Northern Arizona,H,77,68,58.6,57.1,10.2,33.3,25.0
401808514,2026-01-03,Northern Arizona,Montana State Bobcats,A,68,77,65.2,51.7,12.3,25.9,18.6
401828575,2025-11-03,Morehead State Eagles,Midway University,H,89,84,75.9,65.2,19.8,26.9,44.6
401828575,2025-11-03,Midway University,Morehead State Eagles,A,84,89,67.0,64.8,11.9,22.2,3.1
401817528,2025-11-07,Morehead State Eagles,Wake Forest,A,65,81,84.1,40.5,28.5,26.8,27.0
401817528,2025-11-07,Wake Forest,Morehead State Eagles,H,81,65,81.2,45.0,24.6,50.0,42.9
401828577,2025-11-16,Morehead State Eagles,Kentucky Christian,H,121,51,112.9,71.9,39.8,57.1,31.5
401828577,2025-11-16,Kentucky Christian,Morehead State Eagles,A,51,121,53.6,41.7,5.6,14.7,33.3
401830125,2025-11-22,Morehead State Eagles,UL Monroe*,H,83,80,79.1,47.9,20.2,34.1,24.3
401830125,2025-11-22,UL Monroe*,Morehead State Eagles,A,80,83,71.8,53.3,19.5,42.1,48.3
401826861,2025-12-02,Morehead State Eagles,Murray State,A,52,84,62.8,39.8,12.7,22.5,16.9
401826861,2025-12-02,Murray State,Morehead State Eagles,H,84,52,70.8,50.8,18.4,47.5,46.0
401826944,2025-12-06,Morehead State Eagles,Presbyterian,A,72,80,75.1,52.6,22.6,20.6,25.9
401826944,2025-12-06,Presbyterian,Morehead State Eagles,H,80,72,70.2,57.5,28.5,53.1,56.6
401806350,2025-12-20,Morehead State Eagles,Southern Indiana,A,64,60,68.5,43.8,17.5,28.6,39.3
401806350,2025-12-20,Southern Indiana,Morehead State Eagles,H,60,64,59.5,37.1,15.1,40.0,37.9
401831190,2025-12-28,Morehead State Eagles,Alice Lloyd College,H,115,65,93.5,68.9,26.7,44.1,27.0
401831190,2025-12-28,Alice Lloyd College,Morehead State Eagles,A,65,115,69.8,46.1,11.5,15.4,12.5
401806416,2026-01-01,Morehead State Eagles,Lindenwood,A,64,77,67.1,45.0,17.9,30.8,25.0
401806416,2026-01-01,Lindenwood,Morehead State Eagles,H,77,64,75.5,60.0,19.9,15.2,40.0
401806423,2026-01-03,Morehead State Eagles,SIU Edwardsville,A,73,72,60.5,59.6,18.2,30.8,46.8
401806423,2026-01-03,SIU Edwardsville,Morehead State Eagles,H,72,73,69.6,50.8,23.0,39.4,27.1
401806428,2026-01-08,Morehead State Eagles,UT Martin,H,68,76,62.0,48.2,22.6,51.4,33.3
401806428,2026-01-08,UT Martin,Morehead State Eagles,A,76,68,70.8,54.7,25.4,46.4,50.9
401806433,2026-01-10,Morehead State Eagles,Southeast Missouri State,H,71,69,54.5,61.7,12.8,38.1,38.3
401806433,2026-01-10,Southeast Missouri State,Morehead State Eagles,A,69,71,74.0,48.2,24.3,33.3,36.8
401813273,2025-11-06,Morgan State Bears,Central Penn,H,101,77,92.2,60.3,28.2,41.9,54.0
401813273,2025-11-06,Central Penn,Morgan State Bears,A,77,101,68.5,58.8,14.6,24.2,35.1
401813274,2025-11-11,Morgan State Bears,UMBC,H,79,81,87.2,49.3,28.7,34.1,18.6
401813274,2025-11-11,UMBC,Morgan State Bears,A,81,79,66.4,66.3,18.1,24.0,49.0
401813276,2025-11-18,Morgan State Bears,North Carolina A&T,H,73,79,76.1,49.2,14.5,13.5,27.4
401813276,2025-11-18,North Carolina A&T,Morgan State Bears,A,79,73,63.8,58.0,14.1,29.6,54.0
401813277,2025-11-21,Morgan State Bears,Old Dominion,A,56,88,61.5,38.1,11.4,31.8,33.9
401813277,2025-11-21,Old Dominion,Morgan State Bears,H,88,56,69.8,56.7,12.9,35.3,45.0
401813281,2025-12-13,Morgan State Bears,Niagara,H,81,73,53.0,71.6,17.0,55.6,47.7
401813281,2025-12-13,Niagara,Morgan State Bears,A,73,81,81.0,55.7,28.4,13.8,35.8
401813283,2025-12-21,Morgan State Bears,San Francisco,A,64,94,66.0,50.0,16.7,15.2,37.3
401813283,2025-12-21,San Francisco,Morgan State Bears,H,94,64,68.4,60.6,13.2,48.3,86.5
401813285,2025-12-30,Morgan State Bears,Penn State (Brandywine),H,92,55,79.5,67.9,27.7,30.0,39.3
401813285,2025-12-30,Penn State (Brandywine),Morgan State Bears,A,55,92,59.5,41.8,10.1,26.3,32.7
401828688,2026-01-10,Morgan State Bears,South Carolina State,H,72,67,77.3,50.0,25.9,30.6,50.9
401828688,2026-01-10,South Carolina State,Morgan State Bears,A,67,72,57.0,54.7,12.3,37.5,35.8
401828689,2026-01-12,Morgan State Bears,North Carolina Central,H,78,89,72.7,50.0,19.3,33.3,60.0
401828689,2026-01-12,North Carolina Central,Morgan State Bears,A,89,78,71.7,68.1,18.1,17.4,70.2
401813397,2025-11-04,Mount St. Mary's Mountaineers,West Virginia,A,54,70,58.0,44.6,19.0,25.8,41.3
401813397,2025-11-04,West Virginia,Mount St. Mary's Mountaineers,H,70,54,83.6,49.0,29.9,16.7,72.9
401812380,2025-11-11,Mount St. Mary's Mountaineers,Saint Francis,A,74,66,63.5,64.4,15.7,23.3,34.6
401812380,2025-11-11,Saint Francis,Mount St. Mary's Mountaineers,H,66,74,72.5,40.8,20.7,38.1,27.7
401813400,2025-11-23,Mount St. Mary's Mountaineers,Western Michigan,A,60,83,58.2,49.0,13.7,21.2,21.2
401813400,2025-11-23,Western Michigan,Mount St. Mary's Mountaineers,H,83,60,89.7,55.5,30.1,24.2,21.9
401813401,2025-11-25,Mount St. Mary's Mountaineers,Ohio State,A,60,113,75.5,42.4,21.2,19.0,30.5
401813401,2025-11-25,Ohio State,Mount St. Mary's Mountaineers,H,113,60,82.0,75.8,19.5,33.3,29.7
401813403,2025-12-03,Mount St. Mary's Mountaineers,Sacred Heart,H,80,87,73.7,57.3,20.4,30.3,22.6
401813403,2025-12-03,Sacred Heart,Mount St. Mary's Mountaineers,A,87,80,64.3,55.3,14.0,44.1,49.1
401813421,2025-12-21,Mount St. Mary's Mountaineers,Penn State (Brandywine),H,73,42,83.3,55.6,37.2,40.0,11.1
401813421,2025-12-21,Penn State (Brandywine),Mount St. Mary's Mountaineers,A,42,73,50.9,38.0,21.6,33.3,8.0
401813409,2026-01-04,Mount St. Mary's Mountaineers,Quinnipiac,A,69,80,67.8,44.9,13.3,38.9,14.7
401813409,2026-01-04,Quinnipiac,Mount St. Mary's Mountaineers,H,80,69,73.8,51.8,20.3,40.7,47.4
401813410,2026-01-09,Mount St. Mary's Mountaineers,Saint Peter's,H,70,65,66.2,44.0,18.1,33.3,64.0
401813410,2026-01-09,Saint Peter's,Mount St. Mary's Mountaineers,A,65,70,70.8,34.9,19.8,40.0,46.0
401813411,2026-01-11,Mount St. Mary's Mountaineers,Siena,H,50,67,51.5,35.3,9.7,36.8,39.2
401813411,2026-01-11,Siena,Mount St. Mary's Mountaineers,A,67,50,66.5,48.2,19.5,31.4,36.4
401826859,2025-11-03,Murray State Racers,Omaha*,H,85,77,81.7,46.6,20.8,28.6,55.9
401826859,2025-11-03,Omaha*,Murray State Racers,A,77,85,76.5,50.0,18.3,27.8,28.1
401817454,2025-11-11,Murray State Racers,SMU,A,91,102,82.4,58.9,20.6,24.2,38.7
401817454,2025-11-11,SMU,Murray State Racers,H,102,91,92.2,52.0,22.8,42.5,40.5
401826747,2025-11-15,Murray State Racers,Nicholls,H,99,79,74.2,69.8,25.6,52.2,56.6
401826747,2025-11-15,Nicholls,Murray State Racers,A,79,99,89.2,47.2,31.4,39.5,18.1
401830251,2025-12-21,Murray State Racers,Valparaiso,A,85,79,71.3,54.4,15.4,30.3,49.1
401830251,2025-12-21,Valparaiso,Murray State Racers,H,79,85,69.1,53.1,11.6,29.7,23.1
401830253,2025-12-29,Murray State Racers,Southern Illinois,H,84,81,75.0,59.6,20.0,22.6,36.8
401830253,2025-12-29,Southern Illinois,Murray State Racers,A,81,84,72.1,50.7,13.9,35.9,25.0
401830256,2026-01-01,Murray State Racers,UIC,A,81,77,80.5,46.3,26.1,42.9,32.8
401830256,2026-01-01,UIC,Murray State Racers,H,77,81,73.3,43.8,20.4,43.9,40.6
401830267,2026-01-10,Murray State Racers,Valparaiso,H,92,79,80.9,56.9,21.0,32.4,35.4
401830267,2026-01-10,Valparaiso,Murray State Racers,A,79,92,71.5,52.6,18.2,30.3,37.9
401817252,2025-11-03,NC State Wolfpack,North Carolina Central,H,114,66,90.2,72.7,28.8,45.2,46.9
401817252,2025-11-03,North Carolina Central,NC State Wolfpack,A,66,114,65.3,49.0,16.8,21.2,58.3
401817253,2025-11-07,NC State Wolfpack,UAB,H,94,70,81.5,62.3,25.8,37.9,36.1
401817253,2025-11-07,UAB,NC State Wolfpack,A,70,94,74.7,43.7,18.8,38.6,19.7
401817254,2025-11-12,NC State Wolfpack,UNC Greensboro,H,110,64,91.9,67.6,23.9,26.5,33.8
401817254,2025-11-12,UNC Greensboro,NC State Wolfpack,A,64,110,61.5,40.4,4.9,19.0,87.2
401817255,2025-11-17,NC State Wolfpack,VCU,H,85,79,66.7,53.7,16.5,42.4,61.1
401817255,2025-11-17,VCU,NC State Wolfpack,A,79,85,75.5,50.8,17.2,27.9,27.3
401817256,2025-11-24,NC State Wolfpack,Seton Hall*,H,74,85,74.5,49.2,18.8,23.1,37.3
401817256,2025-11-24,Seton Hall*,NC State Wolfpack,A,85,74,79.4,58.0,23.9,25.0,42.9
401831202,2025-11-26,NC State Wolfpack,Texas*,H,97,102,71.7,71.2,14.0,23.1,63.5
401831202,2025-11-26,Texas*,NC State Wolfpack,A,102,97,74.3,60.2,6.7,24.2,43.8
401817257,2025-12-06,NC State Wolfpack,UNC Asheville,H,75,63,74.1,54.3,24.3,28.1,25.9
401817257,2025-12-06,UNC Asheville,NC State Wolfpack,A,63,75,60.1,46.3,11.7,23.7,31.5
401817260,2025-12-17,NC State Wolfpack,Texas Southern,H,108,72,83.8,63.4,25.1,48.6,40.3
401817260,2025-12-17,Texas Southern,NC State Wolfpack,A,72,108,67.5,43.8,11.9,34.9,30.8
401817261,2025-12-21,NC State Wolfpack,Ole Miss*,H,76,62,71.2,62.7,23.9,23.3,23.6
401817261,2025-12-21,Ole Miss*,NC State Wolfpack,A,62,76,79.5,47.2,31.4,19.4,34.0
401820638,2025-12-31,NC State Wolfpack,Wake Forest,H,70,57,76.1,47.5,25.0,28.6,28.8
401820638,2025-12-31,Wake Forest,NC State Wolfpack,A,57,70,65.2,40.7,15.3,25.0,22.0
401820646,2026-01-03,NC State Wolfpack,21Virginia,H,61,76,71.9,41.0,23.7,20.6,50.0
401820646,2026-01-03,21Virginia,NC State Wolfpack,A,76,61,59.1,62.5,15.2,34.6,28.8
401820152,2025-11-22,NJIT Highlanders,Navy,A,70,86,69.9,44.2,15.7,31.0,41.7
401820152,2025-11-22,Navy,NJIT Highlanders,H,86,70,79.7,56.4,25.1,32.4,60.0
401828685,2025-12-10,NJIT Highlanders,New Haven,H,70,64,57.7,51.1,3.5,18.8,66.0
401828685,2025-12-10,New Haven,NJIT Highlanders,A,64,70,71.0,40.8,16.9,34.1,29.2
401823727,2025-12-13,NJIT Highlanders,Sacred Heart,H,49,65,59.6,33.9,10.1,29.3,23.7
401823727,2025-12-13,Sacred Heart,NJIT Highlanders,A,65,49,62.6,48.2,17.6,34.4,25.0
401830112,2025-12-29,NJIT Highlanders,SUNY-Canton,H,95,60,99.3,46.3,28.2,46.9,31.7
401830112,2025-12-29,SUNY-Canton,NJIT Highlanders,A,60,95,63.8,47.4,12.5,19.4,17.2
401812584,2025-12-31,NJIT Highlanders,Pennsylvania,A,61,80,72.7,41.1,22.0,28.9,19.4
401812584,2025-12-31,Pennsylvania,NJIT Highlanders,H,80,61,71.0,57.5,18.3,31.4,31.7
401812113,2026-01-08,NJIT Highlanders,New Hampshire,H,80,76,77.9,47.7,19.2,35.1,35.4
401812113,2026-01-08,New Hampshire,NJIT Highlanders,A,76,80,60.2,51.9,5.0,29.0,57.7
401820149,2025-11-03,Navy Midshipmen,Presbyterian,A,76,55,75.4,54.5,25.2,32.3,43.6
401820149,2025-11-03,Presbyterian,Navy Midshipmen,H,55,76,57.5,41.8,13.9,29.4,44.9
401818298,2025-11-07,Navy Midshipmen,Yale,H,68,97,68.3,47.0,16.1,19.4,56.0
401818298,2025-11-07,Yale,Navy Midshipmen,A,97,68,94.9,59.1,31.6,34.3,34.8
401820150,2025-11-11,Navy Midshipmen,Penn State,A,71,80,68.7,53.7,21.8,26.9,25.9
401820150,2025-11-11,Penn State,Navy Midshipmen,H,80,71,75.5,54.1,22.5,33.3,29.5
401820151,2025-11-14,Navy Midshipmen,Washington College (MD),H,97,64,81.3,66.7,30.8,51.9,49.1
401820151,2025-11-14,Washington College (MD),Navy Midshipmen,A,64,97,72.3,49.2,20.8,16.7,15.3
401817266,2025-11-18,Navy Midshipmen,18North Carolina,A,61,73,71.6,34.8,11.2,26.5,23.2
401817266,2025-11-18,18North Carolina,Navy Midshipmen,H,73,61,68.5,50.0,16.1,26.5,39.3
401820154,2025-11-28,Navy Midshipmen,UNC Wilmington,A,57,87,69.2,36.7,20.2,31.8,17.2
401820154,2025-11-28,UNC Wilmington,Navy Midshipmen,H,87,57,70.1,63.8,28.5,57.1,29.3
401820155,2025-11-29,Navy Midshipmen,SE Louisiana*,H,65,69,70.3,46.9,22.8,23.5,57.1
401820155,2025-11-29,SE Louisiana*,Navy Midshipmen,A,69,65,62.1,63.3,25.8,25.0,33.3
401820159,2025-12-21,Navy Midshipmen,Rosemont,H,70,23,68.3,52.0,33.7,54.5,51.0
401820159,2025-12-21,Rosemont,Navy Midshipmen,A,23,70,47.2,16.2,10.6,11.1,32.5
401825381,2025-11-03,Nebraska Cornhuskers,West Georgia,H,86,53,72.9,54.7,16.5,37.5,39.1
401825381,2025-11-03,West Georgia,Nebraska Cornhuskers,A,53,86,69.2,32.3,14.5,26.1,20.0
401826778,2025-11-15,Nebraska Cornhuskers,Oklahoma*,H,105,99,81.3,70.3,20.9,27.6,47.5
401826778,2025-11-15,Oklahoma*,Nebraska Cornhuskers,A,99,105,72.0,63.5,11.1,29.0,33.3
401827238,2025-11-20,Nebraska Cornhuskers,New Mexico*,H,84,72,78.2,48.5,17.9,19.5,16.4
401827238,2025-11-20,New Mexico*,Nebraska Cornhuskers,A,72,84,83.9,58.8,23.8,15.2,43.9
401827068,2025-11-25,Nebraska Cornhuskers,Winthrop,H,80,73,73.8,51.4,13.6,24.4,14.5
401827068,2025-11-25,Winthrop,Nebraska Cornhuskers,A,73,80,65.2,47.1,10.7,37.8,18.8
401827062,2025-11-29,Nebraska Cornhuskers,South Carolina Upstate,H,72,63,69.5,48.3,15.8,27.0,30.0
401827062,2025-11-29,South Carolina Upstate,Nebraska Cornhuskers,A,63,72,66.8,45.5,9.0,20.5,12.1
401825405,2025-12-10,Nebraska Cornhuskers,Wisconsin,H,90,60,73.1,63.1,17.8,27.6,24.6
401825405,2025-12-10,Wisconsin,Nebraska Cornhuskers,A,60,90,67.2,39.8,13.4,26.8,17.2
401827239,2025-12-21,Nebraska Cornhuskers,North Dakota,H,78,55,75.0,50.0,20.0,31.4,30.6
401827239,2025-12-21,North Dakota,Nebraska Cornhuskers,A,55,78,57.3,42.1,3.5,16.2,15.8
401826776,2025-12-30,Nebraska Cornhuskers,New Hampshire,H,86,55,78.6,50.0,24.2,43.2,59.3
401826776,2025-12-30,New Hampshire,Nebraska Cornhuskers,A,55,86,57.1,39.3,8.8,30.0,30.4
401825420,2026-01-05,Nebraska Cornhuskers,Ohio State,A,72,69,65.1,50.9,12.3,24.2,29.8
401825420,2026-01-05,Ohio State,Nebraska Cornhuskers,H,69,72,76.2,53.5,22.3,11.8,22.8
401824062,2025-11-08,Nevada Wolf Pack,Pacific,H,78,77,66.5,46.6,12.0,40.0,67.2
401824062,2025-11-08,Pacific,Nevada Wolf Pack,A,77,78,71.1,56.8,16.9,18.4,25.4
401828918,2025-11-12,Nevada Wolf Pack,Southern Illinois,H,86,81,80.7,39.7,6.2,31.6,42.3
401828918,2025-11-12,Southern Illinois,Nevada Wolf Pack,A,81,86,73.8,47.0,5.4,22.7,43.9
401824120,2025-11-15,Nevada Wolf Pack,Santa Clara,A,83,98,63.3,50.9,6.3,36.4,48.3
401824120,2025-11-15,Santa Clara,Nevada Wolf Pack,H,98,83,74.6,72.1,21.4,37.0,26.2
401826088,2025-11-18,Nevada Wolf Pack,UC Davis,H,71,75,71.8,47.2,19.5,27.3,54.7
401826088,2025-11-18,UC Davis,Nevada Wolf Pack,A,75,71,81.8,61.1,34.2,14.8,60.0
401829291,2025-11-22,Nevada Wolf Pack,UC Santa Barbara,H,77,64,79.2,53.1,30.3,25.9,62.5
401829291,2025-11-22,UC Santa Barbara,Nevada Wolf Pack,A,64,77,59.9,47.1,11.7,26.3,44.2
401827268,2025-11-27,Nevada Wolf Pack,Washington*,H,66,83,70.1,50.9,15.7,38.2,65.5
401827268,2025-11-27,Washington*,Nevada Wolf Pack,A,83,66,76.9,42.4,20.8,22.5,39.0
401830748,2025-11-28,Nevada Wolf Pack,San Francisco*,H,81,65,75.5,53.2,19.9,33.3,28.6
401830748,2025-11-28,San Francisco*,Nevada Wolf Pack,A,65,81,52.9,45.9,7.6,40.0,51.0
401826909,2025-12-02,Nevada Wolf Pack,UC San Diego,H,76,70,62.5,52.5,11.2,39.5,36.7
401826909,2025-12-02,UC San Diego,Nevada Wolf Pack,A,70,76,73.2,44.9,16.4,30.2,15.9
401824139,2025-12-07,Nevada Wolf Pack,Washington State,A,78,64,70.0,50.0,20.0,37.8,35.0
401824139,2025-12-07,Washington State,Nevada Wolf Pack,H,64,78,60.5,46.1,16.5,34.4,43.1
401823772,2026-01-06,Nevada Wolf Pack,San Diego State,H,68,73,73.5,42.4,24.5,33.3,33.9
401823772,2026-01-06,San Diego State,Nevada Wolf Pack,A,73,68,62.0,55.6,17.7,40.0,35.2
401829293,2026-01-10,Nevada Wolf Pack,Wyoming,H,92,83,58.4,70.6,8.6,40.9,47.1
401829293,2026-01-10,Wyoming,Nevada Wolf Pack,A,83,92,65.7,60.0,15.2,32.1,62.0
401826757,2025-11-06,New Hampshire Wildcats,Curry College,H,113,31,94.7,57.8,25.3,51.0,13.3
401826757,2025-11-06,Curry College,New Hampshire Wildcats,A,31,113,62.6,18.8,4.8,20.7,25.0
401826758,2025-11-12,New Hampshire Wildcats,Emmanuel (MA),H,97,69,83.2,59.2,21.6,32.4,56.7
401826758,2025-11-12,Emmanuel (MA),New Hampshire Wildcats,A,69,97,69.4,54.8,13.0,8.8,46.2
401826759,2025-11-18,New Hampshire Wildcats,Providence,A,66,98,63.3,45.3,14.2,35.0,14.1
401826759,2025-11-18,Providence,New Hampshire Wildcats,H,98,66,80.5,63.6,22.4,41.2,33.3
401822354,2025-12-17,New Hampshire Wildcats,Stonehill,H,59,58,72.1,40.7,19.4,22.0,28.8
401822354,2025-12-17,Stonehill,New Hampshire Wildcats,A,58,59,57.5,43.0,15.6,30.3,36.0
401817192,2025-12-21,New Hampshire Wildcats,Saint Louis,A,79,93,76.5,55.7,14.4,11.1,29.5
401817192,2025-12-21,Saint Louis,New Hampshire Wildcats,H,93,79,73.7,53.8,10.9,34.1,47.7
401812109,2026-01-03,New Hampshire Wildcats,Vermont,H,61,80,57.8,51.0,13.9,22.6,19.2
401812109,2026-01-03,Vermont,New Hampshire Wildcats,A,80,61,68.3,60.0,17.6,27.6,15.0
401812117,2026-01-10,New Hampshire Wildcats,UMBC,A,74,75,57.2,58.5,7.0,35.5,18.6
401812117,2026-01-10,UMBC,New Hampshire Wildcats,H,75,74,72.6,57.4,19.3,10.7,29.6
401812785,2025-11-03,New Haven Chargers,4UConn,A,55,79,66.7,47.1,18.0,11.8,26.9
401812785,2025-11-03,4UConn,New Haven Chargers,H,79,55,60.5,55.4,8.3,32.3,35.7
401827277,2025-11-08,New Haven Chargers,Penn State,H,43,87,52.8,42.2,18.9,20.0,17.8
401827277,2025-11-08,Penn State,New Haven Chargers,A,87,43,85.6,61.5,33.9,40.0,26.2
401826761,2025-11-10,New Haven Chargers,UMass Lowell,A,73,67,67.1,56.2,19.4,30.0,26.8
401826761,2025-11-10,UMass Lowell,New Haven Chargers,H,67,73,69.8,40.4,18.6,33.3,47.4
401826893,2025-11-18,New Haven Chargers,Seton Hall,A,45,68,57.8,40.8,17.3,14.7,16.3
401826893,2025-11-18,Seton Hall,New Haven Chargers,H,68,45,69.8,55.6,25.8,23.3,18.5
401828682,2025-11-22,New Haven Chargers,Vermont State - Lyndon,H,122,51,107.1,67.1,35.5,57.1,20.0
401828682,2025-11-22,Vermont State - Lyndon,New Haven Chargers,A,51,122,58.5,41.7,12.0,14.3,37.5
401828683,2025-11-25,New Haven Chargers,Salve Regina,H,78,47,75.9,55.3,23.7,31.4,43.9
401828683,2025-11-25,Salve Regina,New Haven Chargers,A,47,78,52.2,35.6,1.9,20.0,25.0
401828684,2025-11-30,New Haven Chargers,Mitchell College,H,92,69,80.3,61.4,24.9,41.2,12.9
401828684,2025-11-30,Mitchell College,New Haven Chargers,A,69,92,72.2,49.2,18.0,22.2,17.7
401828686,2025-12-29,New Haven Chargers,11Vanderbilt,A,53,96,64.3,41.4,12.4,14.3,12.1
401828686,2025-12-29,11Vanderbilt,New Haven Chargers,H,96,53,83.7,66.4,29.9,39.3,18.8
401812401,2026-01-02,New Haven Chargers,Stonehill,A,70,55,70.3,55.2,17.1,13.3,15.5
401812401,2026-01-02,Stonehill,New Haven Chargers,H,55,70,63.7,40.4,15.7,26.5,21.1
401823865,2025-11-08,New Mexico Lobos,UT Arlington,H,74,56,92.8,45.6,34.5,27.3,47.4
401823865,2025-11-08,UT Arlington,New Mexico Lobos,A,56,74,59.4,38.2,18.5,40.0,47.1
401826043,2025-11-11,New Mexico Lobos,UC Riverside,H,82,68,79.1,56.3,21.5,25.7,27.0
401826043,2025-11-11,UC Riverside,New Mexico Lobos,A,68,82,58.2,54.9,10.3,16.1,25.5
401820224,2025-11-15,New Mexico Lobos,New Mexico State,A,68,76,63.1,49.1,14.3,28.1,30.9
401820224,2025-11-15,New Mexico State,New Mexico Lobos,H,76,68,67.3,50.0,16.3,30.8,46.4
401830319,2025-12-01,New Mexico Lobos,New Mexico Highlands,H,97,47,99.3,57.5,35.2,35.7,38.8
401830319,2025-12-01,New Mexico Highlands,New Mexico Lobos,A,47,97,62.5,33.0,12.8,18.6,37.7
401824122,2025-12-06,New Mexico Lobos,Santa Clara,H,98,71,78.4,67.5,24.2,34.6,42.1
401824122,2025-12-06,Santa Clara,New Mexico Lobos,A,71,98,67.7,44.9,16.2,40.9,17.4
401822740,2025-12-10,New Mexico Lobos,VCU,A,81,78,66.5,57.4,16.6,31.0,40.7
401822740,2025-12-10,VCU,New Mexico Lobos,H,78,81,69.3,44.4,15.9,41.5,45.2
401829327,2025-12-20,New Mexico Lobos,San José State,H,88,65,69.5,67.6,15.8,16.0,33.3
401829327,2025-12-20,San José State,New Mexico Lobos,A,65,88,63.8,47.5,14.1,27.8,16.7
401830320,2026-01-03,New Mexico Lobos,Wyoming,H,78,58,66.7,53.9,21.0,48.6,18.8
401830320,2026-01-03,Wyoming,New Mexico Lobos,A,58,78,58.2,46.2,18.9,37.5,24.5
401830629,2025-11-04,New Mexico State Aggies,Adams State,H,83,72,89.1,44.2,16.8,27.9,52.2
401830629,2025-11-04,Adams State,New Mexico State Aggies,A,72,83,83.2,38.5,19.2,20.5,49.2
401830630,2025-11-11,New Mexico State Aggies,New Mexico Highlands,H,74,58,76.5,57.8,34.0,37.9,43.1
401830630,2025-11-11,New Mexico Highlands,New Mexico State Aggies,A,58,74,62.0,50.0,29.0,37.9,46.7
401820225,2025-11-21,New Mexico State Aggies,Samford,H,81,72,60.6,60.5,8.3,32.1,28.1
401820225,2025-11-21,Samford,New Mexico State Aggies,A,72,81,65.0,46.7,7.7,26.3,35.0
401820226,2025-11-25,New Mexico State Aggies,UC Irvine*,H,57,45,66.8,28.9,21.0,17.1,64.4
401820226,2025-11-25,UC Irvine*,New Mexico State Aggies,A,45,57,60.8,39.6,21.4,40.6,56.2
401830631,2025-12-02,New Mexico State Aggies,South Alabama*,H,75,77,67.5,50.0,13.3,17.9,86.7
401830631,2025-12-02,South Alabama*,New Mexico State Aggies,A,77,75,68.2,49.2,20.5,45.0,19.7
401828286,2025-12-13,New Mexico State Aggies,Tulsa*,H,70,83,75.3,44.6,19.9,21.1,46.4
401828286,2025-12-13,Tulsa*,New Mexico State Aggies,A,83,70,66.6,61.4,21.0,32.0,79.5
401804830,2025-12-21,New Mexico State Aggies,Sam Houston,H,87,78,82.2,58.1,19.5,21.2,16.2
401804830,2025-12-21,Sam Houston,New Mexico State Aggies,A,78,87,69.3,44.1,8.7,37.8,38.2
401830632,2025-12-28,New Mexico State Aggies,University of The Southwest,H,104,33,98.5,57.7,34.5,55.0,23.1
401830632,2025-12-28,University of The Southwest,New Mexico State Aggies,A,33,104,61.2,23.3,13.1,23.1,18.3
401804869,2026-01-08,New Mexico State Aggies,Western Kentucky,H,80,64,64.2,48.2,14.0,43.6,60.7
401804869,2026-01-08,Western Kentucky,New Mexico State Aggies,A,64,80,66.9,34.6,9.0,36.0,33.8
401808890,2025-11-03,New Orleans Privateers,TCU,A,78,74,67.0,55.3,19.4,42.9,33.3
401808890,2025-11-03,TCU,New Orleans Privateers,H,74,78,87.3,41.0,22.9,30.8,38.8
401808893,2025-11-14,New Orleans Privateers,Tulane,A,85,63,58.3,67.7,10.3,37.5,58.3
401808893,2025-11-14,Tulane,New Orleans Privateers,H,63,85,80.2,37.5,25.0,20.5,65.4
401808894,2025-11-18,New Orleans Privateers,Pepperdine,A,79,90,67.4,50.0,13.4,38.5,38.7
401808894,2025-11-18,Pepperdine,New Orleans Privateers,H,90,79,88.3,50.8,24.9,30.6,43.8
401808897,2025-11-26,New Orleans Privateers,20Texas Tech,A,50,82,58.2,38.9,6.9,17.1,24.1
401808897,2025-11-26,20Texas Tech,New Orleans Privateers,H,82,50,71.9,52.3,19.5,42.9,39.1
401808902,2025-12-29,New Orleans Privateers,UT Rio Grande Valley,A,85,69,78.5,54.0,24.2,35.3,32.3
401808902,2025-12-29,UT Rio Grande Valley,New Orleans Privateers,H,69,85,67.1,50.0,19.4,33.3,28.8
401808903,2025-12-31,New Orleans Privateers,Texas A&M-Corpus Christi,A,69,83,61.8,49.0,14.6,33.3,56.9
401808903,2025-12-31,Texas A&M-Corpus Christi,New Orleans Privateers,H,83,69,76.9,44.4,22.1,50.0,34.7
401808904,2026-01-03,New Orleans Privateers,Northwestern State,A,68,74,68.2,46.7,20.5,37.1,21.3
401808904,2026-01-03,Northwestern State,New Orleans Privateers,H,74,68,67.3,47.3,16.3,34.3,46.4
401808905,2026-01-10,New Orleans Privateers,Nicholls,H,77,90,62.4,53.8,24.0,64.0,46.2
401808905,2026-01-10,Nicholls,New Orleans Privateers,A,90,77,84.7,63.3,34.2,40.0,18.8
401813380,2025-12-05,Niagara Purple Eagles,Siena,A,54,83,71.2,40.0,18.3,17.1,18.3
401813380,2025-12-05,Siena,Niagara Purple Eagles,H,83,54,63.6,61.9,11.0,32.1,23.7
401813381,2025-12-07,Niagara Purple Eagles,Saint Peter's,A,43,71,46.6,34.4,8.6,30.0,31.1
401813381,2025-12-07,Saint Peter's,Niagara Purple Eagles,H,71,43,70.7,54.5,26.9,33.3,25.5
401813382,2025-12-15,Niagara Purple Eagles,VCU,A,58,84,56.8,39.2,7.0,38.1,12.3
401813382,2025-12-15,VCU,Niagara Purple Eagles,H,84,58,69.0,64.8,23.2,36.7,38.9
401813383,2025-12-20,Niagara Purple Eagles,Houghton,H,81,58,69.3,58.9,23.1,46.4,14.5
401813383,2025-12-20,Houghton,Niagara Purple Eagles,A,58,81,62.8,50.0,19.1,17.9,15.4
401813384,2026-01-02,Niagara Purple Eagles,Sacred Heart,H,64,61,60.7,59.6,21.4,19.2,25.5
401813384,2026-01-02,Sacred Heart,Niagara Purple Eagles,A,61,64,58.5,43.4,22.2,45.7,34.0
401822331,2025-11-12,Nicholls Colonels,Valparaiso,A,63,68,57.2,54.9,14.0,25.0,25.5
401822331,2025-11-12,Valparaiso,Nicholls Colonels,H,68,63,65.9,48.1,19.7,33.3,43.4
401813291,2025-11-22,Nicholls Colonels,Oklahoma State,A,81,95,80.1,50.7,18.7,28.6,24.6
401813291,2025-11-22,Oklahoma State,Nicholls Colonels,H,95,81,92.8,59.3,28.0,18.5,45.8
401826748,2025-11-28,Nicholls Colonels,Tulane,A,72,82,74.3,57.5,22.9,23.5,49.1
401826748,2025-11-28,Tulane,Nicholls Colonels,H,82,72,73.9,60.2,21.7,24.2,46.3
401826749,2025-12-10,Nicholls Colonels,College Of Biblical Studies,H,117,49,108.3,58.4,35.1,54.3,31.3
401826749,2025-12-10,College Of Biblical Studies,Nicholls Colonels,A,49,117,55.9,40.4,7.2,18.4,7.0
401824067,2025-12-21,Nicholls Colonels,Pacific,A,82,95,77.9,64.8,26.9,23.5,42.6
401824067,2025-12-21,Pacific,Nicholls Colonels,H,95,82,69.1,73.3,20.3,35.0,80.0
401808920,2025-12-29,Nicholls Colonels,Texas A&M-Corpus Christi,A,76,71,65.1,61.0,21.5,28.0,34.0
401808920,2025-12-29,Texas A&M-Corpus Christi,Nicholls Colonels,H,71,76,69.2,61.0,30.4,32.0,26.0
401808921,2025-12-31,Nicholls Colonels,UT Rio Grande Valley,A,71,69,72.4,52.9,26.2,29.0,47.1
401808921,2025-12-31,UT Rio Grande Valley,Nicholls Colonels,H,69,71,67.7,51.8,25.1,37.5,25.0
401808922,2026-01-05,Nicholls Colonels,Northwestern State,H,74,72,75.7,54.6,21.1,25.0,57.4
401808922,2026-01-05,Northwestern State,Nicholls Colonels,A,72,74,73.0,50.9,21.9,29.0,37.5
401828718,2025-11-03,Norfolk State Spartans,Washington Adventist,H,98,76,84.0,55.6,19.0,37.5,61.3
401828718,2025-11-03,Washington Adventist,Norfolk State Spartans,A,76,98,72.7,46.4,15.1,22.9,56.4
401828719,2025-11-05,Norfolk State Spartans,Regent,H,119,55,117.5,63.6,38.3,51.4,27.2
401828719,2025-11-05,Regent,Norfolk State Spartans,A,55,119,60.8,43.9,14.8,24.3,14.0
401827504,2025-11-08,Norfolk State Spartans,William & Mary,H,78,81,71.7,52.6,18.1,32.6,53.4
401827504,2025-11-08,William & Mary,Norfolk State Spartans,A,81,78,81.2,53.8,27.1,30.3,64.2
401828720,2025-11-11,Norfolk State Spartans,Old Dominion,A,57,60,57.2,41.1,17.5,41.7,23.2
401828720,2025-11-11,Old Dominion,Norfolk State Spartans,H,60,57,66.0,45.1,22.7,30.0,37.3
401827498,2025-11-14,Norfolk State Spartans,Towson,A,41,51,61.2,29.2,13.1,33.3,16.9
401827498,2025-11-14,Towson,Norfolk State Spartans,H,51,41,55.5,33.9,7.2,34.0,30.5
401823759,2025-11-23,Norfolk State Spartans,Wyoming,A,67,75,60.8,45.1,11.5,30.6,56.9
401823759,2025-11-23,Wyoming,Norfolk State Spartans,H,75,67,64.7,46.4,17.0,45.7,56.4
401828721,2025-11-25,Norfolk State Spartans,Virginia-Lynchburg,H,136,79,100.1,72.6,23.0,55.6,20.2
401828721,2025-11-25,Virginia-Lynchburg,Norfolk State Spartans,A,79,136,71.6,53.3,7.0,2.9,26.7
401828475,2025-12-21,Norfolk State Spartans,UTEP,A,72,71,70.2,52.0,21.4,30.3,58.8
401828475,2025-12-21,UTEP,Norfolk State Spartans,H,71,72,64.8,53.6,18.5,39.5,49.1
401831233,2025-12-22,Norfolk State Spartans,UC Irvine*,H,70,89,61.5,52.9,13.0,23.3,39.2
401831233,2025-12-22,UC Irvine*,Norfolk State Spartans,A,89,70,77.5,60.0,25.8,41.4,33.3
401828724,2026-01-03,Norfolk State Spartans,North Carolina Central,A,67,69,67.5,43.5,19.3,40.5,32.3
401828724,2026-01-03,North Carolina Central,Norfolk State Spartans,H,69,67,66.9,41.9,17.9,45.2,40.3
401823352,2025-11-07,North Alabama Lions,Lane College,H,90,84,78.1,53.2,17.9,39.5,58.1
401823352,2025-11-07,Lane College,North Alabama Lions,A,84,90,70.1,61.8,15.7,14.3,30.9
401823433,2025-11-11,North Alabama Lions,Northwestern State,H,87,83,76.6,53.4,19.6,40.0,63.8
401823433,2025-11-11,Northwestern State,North Alabama Lions,A,83,87,83.8,52.7,23.9,20.0,51.8
401823436,2025-11-25,North Alabama Lions,Tennessee Southern,H,92,60,87.1,60.8,28.7,33.3,23.1
401823436,2025-11-25,Tennessee Southern,North Alabama Lions,A,60,92,62.8,47.3,17.5,20.6,14.5
401823438,2025-12-03,North Alabama Lions,San Francisco,A,65,63,64.1,40.5,18.7,47.5,27.0
401823438,2025-12-03,San Francisco,North Alabama Lions,H,63,65,70.6,44.9,19.8,27.0,27.1
401807666,2026-01-01,North Alabama Lions,Stetson,H,67,70,70.6,45.9,22.7,35.9,26.2
401807666,2026-01-01,Stetson,North Alabama Lions,A,70,67,67.0,56.0,22.4,25.0,38.0
401827525,2025-11-04,North Carolina A&T Aggies,South Carolina,A,72,91,77.5,46.7,18.1,18.9,36.7
401827525,2025-11-04,South Carolina,North Carolina A&T Aggies,H,91,72,71.0,60.3,11.3,29.4,33.3
401827526,2025-11-10,North Carolina A&T Aggies,South Carolina State,H,85,62,82.7,49.2,24.2,36.6,53.2
401827526,2025-11-10,South Carolina State,North Carolina A&T Aggies,A,62,85,69.3,43.6,18.8,28.6,50.9
401827527,2025-11-13,North Carolina A&T Aggies,Washington Adventist,H,89,83,85.7,52.7,22.2,36.6,96.4
401827527,2025-11-13,Washington Adventist,North Carolina A&T Aggies,A,83,89,76.5,51.6,17.0,27.0,34.9
401827528,2025-12-06,North Carolina A&T Aggies,North Carolina Central,A,69,54,59.6,46.8,13.4,36.4,74.5
401827528,2025-12-06,North Carolina Central,North Carolina A&T Aggies,H,54,69,75.2,28.6,19.9,21.3,53.6
401827530,2025-12-16,North Carolina A&T Aggies,UNC Greensboro,A,71,65,61.5,43.8,8.1,41.0,28.1
401827530,2025-12-16,UNC Greensboro,North Carolina A&T Aggies,H,65,71,71.0,43.7,18.3,30.4,30.2
401827531,2025-12-20,North Carolina A&T Aggies,Mid-Atlantic Christian,H,95,55,75.0,64.8,16.0,32.3,74.1
401827531,2025-12-20,Mid-Atlantic Christian,North Carolina A&T Aggies,A,55,95,71.5,36.7,11.2,18.4,28.1
401811988,2025-12-29,North Carolina A&T Aggies,UNC Wilmington,H,78,87,81.4,50.0,17.2,13.5,39.3
401811988,2025-12-29,UNC Wilmington,North Carolina A&T Aggies,A,87,78,73.6,52.6,13.6,28.6,61.4
401811989,2025-12-31,North Carolina A&T Aggies,Northeastern,H,74,85,62.2,51.0,14.5,37.5,64.0
401811989,2025-12-31,Northeastern,North Carolina A&T Aggies,A,85,74,76.8,60.7,22.1,28.1,48.2
401812000,2026-01-03,North Carolina A&T Aggies,Stony Brook,A,80,81,67.0,46.3,19.4,56.1,27.9
401812000,2026-01-03,Stony Brook,North Carolina A&T Aggies,H,81,80,77.7,60.3,25.8,21.9,24.1
401817487,2025-11-07,North Carolina Central Eagles,Virginia,A,62,81,66.5,36.7,18.1,36.4,36.7
401817487,2025-11-07,Virginia,North Carolina Central Eagles,H,81,62,68.0,57.4,26.5,52.6,31.1
401828734,2025-11-12,North Carolina Central Eagles,Bluefield State,H,77,61,83.0,55.0,34.9,39.5,31.7
401828734,2025-11-12,Bluefield State,North Carolina Central Eagles,A,61,77,54.2,56.4,20.3,38.5,27.7
401817265,2025-11-14,North Carolina Central Eagles,18North Carolina,A,53,97,66.5,29.5,7.5,26.4,30.3
401817265,2025-11-14,18North Carolina,North Carolina Central Eagles,H,97,53,75.6,64.5,21.2,42.9,63.6
401828735,2025-11-18,North Carolina Central Eagles,Toccoa Falls,H,123,67,121.2,62.8,36.3,41.0,41.0
401828735,2025-11-18,Toccoa Falls,North Carolina Central Eagles,A,67,123,70.6,35.3,9.9,26.1,63.8
401827061,2025-11-25,North Carolina Central Eagles,South Carolina Upstate,A,67,82,77.2,35.8,23.3,37.2,53.3
401827061,2025-11-25,South Carolina Upstate,North Carolina Central Eagles,H,82,67,65.3,59.4,18.4,38.7,49.1
401828736,2025-11-29,North Carolina Central Eagles,Carolina University,H,109,61,127.5,64.9,41.6,25.8,24.3
401828736,2025-11-29,Carolina University,North Carolina Central Eagles,A,61,109,62.1,44.2,22.6,35.3,32.7
401828739,2025-12-17,North Carolina Central Eagles,Mid-Atlantic Christian,H,96,62,101.7,57.5,36.4,47.4,49.3
401828739,2025-12-17,Mid-Atlantic Christian,North Carolina Central Eagles,A,62,96,75.3,38.1,23.9,34.1,47.5
401827279,2025-12-29,North Carolina Central Eagles,Penn State,A,67,90,64.3,60.6,29.5,41.7,13.5
401827279,2025-12-29,Penn State,North Carolina Central Eagles,H,90,67,91.2,67.8,37.3,27.6,22.0
401817264,2025-11-11,North Carolina Tar Heels,Radford,H,89,74,81.3,44.6,13.5,38.3,75.4
401817264,2025-11-11,Radford,North Carolina Tar Heels,A,74,89,82.7,39.3,14.5,27.5,44.3
401817198,2025-11-25,North Carolina Tar Heels,St. Bonaventure*,H,85,70,71.8,58.2,19.5,33.3,49.1
401817198,2025-11-25,St. Bonaventure*,North Carolina Tar Heels,A,70,85,72.8,46.4,13.7,26.8,11.4
401817269,2025-12-13,North Carolina Tar Heels,South Carolina Upstate,H,80,62,69.5,60.0,15.8,23.3,40.0
401817269,2025-12-13,South Carolina Upstate,North Carolina Tar Heels,A,62,80,61.4,45.5,8.1,26.8,4.5
401809307,2025-12-20,North Carolina Tar Heels,Ohio State*,H,71,70,69.0,42.9,14.5,32.5,30.2
401809307,2025-12-20,Ohio State*,North Carolina Tar Heels,A,70,71,64.2,50.8,10.9,31.6,20.6
401820648,2026-01-03,North Carolina Tar Heels,SMU,A,83,97,69.0,58.3,13.0,28.1,31.7
401820648,2026-01-03,SMU,North Carolina Tar Heels,H,97,83,74.6,71.7,17.4,22.2,26.7
401820661,2026-01-10,North Carolina Tar Heels,Wake Forest,H,87,84,72.2,60.9,22.1,43.3,54.5
401820661,2026-01-10,Wake Forest,North Carolina Tar Heels,A,84,87,76.2,59.4,22.3,31.2,17.2
401826042,2025-11-06,North Dakota Fighting Hawks,UC Riverside,H,70,74,79.4,49.2,23.9,24.4,40.7
401826042,2025-11-06,UC Riverside,North Dakota Fighting Hawks,A,74,70,60.8,60.5,14.8,17.4,62.8
401829455,2025-11-11,North Dakota Fighting Hawks,Mayville St,H,128,58,112.0,68.8,38.4,62.5,23.8
401829455,2025-11-11,Mayville St,North Dakota Fighting Hawks,A,58,128,62.6,43.8,9.6,16.2,25.0
401826044,2025-11-15,North Dakota Fighting Hawks,UC Riverside,A,76,74,88.7,53.1,30.5,24.4,21.5
401826044,2025-11-15,UC Riverside,North Dakota Fighting Hawks,H,74,76,62.0,57.5,11.3,26.7,39.6
401829456,2025-11-23,North Dakota Fighting Hawks,Western Illinois,A,78,69,77.5,55.5,20.6,11.5,36.4
401829456,2025-11-23,Western Illinois,North Dakota Fighting Hawks,H,69,78,63.0,54.7,12.7,23.5,39.6
401829458,2025-12-10,North Dakota Fighting Hawks,Crown College,H,89,43,99.1,51.4,37.3,46.5,23.0
401829458,2025-12-10,Crown College,North Dakota Fighting Hawks,A,43,89,59.8,41.7,20.1,11.4,16.7
401829459,2025-12-13,North Dakota Fighting Hawks,Western Illinois,H,66,69,78.9,43.6,30.4,31.6,45.5
401829459,2025-12-13,Western Illinois,North Dakota Fighting Hawks,A,69,66,71.9,35.0,20.9,48.1,35.7
401827073,2025-12-18,North Dakota Fighting Hawks,Winthrop,H,90,88,76.2,54.0,18.4,37.5,51.6
401827073,2025-12-18,Winthrop,North Dakota Fighting Hawks,A,88,90,66.4,64.1,12.0,25.8,93.5
401829460,2025-12-28,North Dakota Fighting Hawks,Dakota State,H,88,56,83.5,54.5,24.0,34.2,29.9
401829460,2025-12-28,Dakota State,North Dakota Fighting Hawks,A,56,88,55.8,47.5,12.6,17.9,72.5
401818331,2026-01-01,North Dakota Fighting Hawks,Oral Roberts,H,72,61,66.2,46.2,15.1,36.1,64.2
401818331,2026-01-01,Oral Roberts,North Dakota Fighting Hawks,A,61,72,70.0,43.8,20.0,22.5,33.9
401818373,2026-01-03,North Dakota Fighting Hawks,South Dakota State,H,90,87,72.5,55.2,19.3,47.2,26.9
401818373,2026-01-03,South Dakota State,North Dakota Fighting Hawks,A,87,90,75.9,57.5,23.7,38.2,38.3
401818378,2026-01-08,North Dakota Fighting Hawks,Omaha,A,79,90,73.2,48.3,16.4,31.0,50.0
401818378,2026-01-08,Omaha,North Dakota Fighting Hawks,H,90,79,63.6,68.9,12.6,31.6,77.8
401824054,2025-11-03,North Dakota State Bison,Oregon State,A,65,67,74.2,43.9,18.9,28.2,16.7
401824054,2025-11-03,Oregon State,North Dakota State Bison,H,67,65,62.4,53.3,16.0,16.7,57.8
401826086,2025-11-05,North Dakota State Bison,UC Davis,A,68,80,81.7,38.7,29.4,46.5,19.7
401826086,2025-11-05,UC Davis,North Dakota State Bison,H,80,68,61.1,64.2,18.0,44.0,32.1
401829461,2025-11-12,North Dakota State Bison,St. Scholastica,H,111,38,103.7,74.3,34.7,25.0,17.6
401829461,2025-11-12,St. Scholastica,North Dakota State Bison,A,38,111,60.1,28.8,13.3,17.5,28.8
401828919,2025-11-17,North Dakota State Bison,Southern Illinois,H,92,85,84.0,56.7,21.4,27.8,28.4
401828919,2025-11-17,Southern Illinois,North Dakota State Bison,A,85,92,84.2,56.8,27.3,36.7,19.7
401829462,2025-11-19,North Dakota State Bison,Jamestown,H,82,67,84.4,63.0,34.4,26.1,48.0
401829462,2025-11-19,Jamestown,North Dakota State Bison,A,67,82,64.8,54.3,23.1,35.5,10.3
401825593,2025-12-06,North Dakota State Bison,Northern Arizona,H,69,68,69.5,45.3,20.1,40.5,28.1
401825593,2025-12-06,Northern Arizona,North Dakota State Bison,A,68,69,72.8,50.8,22.0,24.2,13.1
401829464,2025-12-15,North Dakota State Bison,Minnesota Crookston,H,101,67,96.4,59.6,30.1,34.3,35.3
401829464,2025-12-15,Minnesota Crookston,North Dakota State Bison,A,67,101,66.9,56.1,13.5,3.7,7.0
401829465,2025-12-21,North Dakota State Bison,UC Irvine*,H,73,74,61.1,56.0,22.9,51.4,29.3
401829465,2025-12-21,UC Irvine*,North Dakota State Bison,A,74,73,70.6,55.2,22.7,33.3,27.6
401831232,2025-12-22,North Dakota State Bison,UTEP,A,66,76,65.0,53.1,20.0,22.2,43.8
401831232,2025-12-22,UTEP,North Dakota State Bison,H,76,66,69.0,54.5,20.3,32.3,38.2
401818329,2025-12-31,North Dakota State Bison,South Dakota,H,84,61,80.1,60.8,30.0,41.4,28.3
401818329,2025-12-31,South Dakota,North Dakota State Bison,A,61,84,58.1,48.0,17.2,28.1,30.0
401818374,2026-01-03,North Dakota State Bison,Oral Roberts,H,79,77,67.7,44.8,13.3,52.3,46.3
401818374,2026-01-03,Oral Roberts,North Dakota State Bison,A,77,79,71.2,48.5,14.0,32.5,19.1
401818382,2026-01-10,North Dakota State Bison,Omaha,A,78,76,69.2,63.0,21.7,20.0,20.4
401818382,2026-01-10,Omaha,North Dakota State Bison,H,76,78,59.6,59.4,16.8,38.5,26.4
401823442,2025-11-12,North Florida Ospreys,20Tennessee,A,66,99,69.7,46.2,15.8,27.3,18.5
401823442,2025-11-12,20Tennessee,North Florida Ospreys,H,99,66,85.4,57.7,26.9,62.5,33.8
401823443,2025-11-15,North Florida Ospreys,New College (FL),H,122,67,113.5,61.0,31.7,47.8,19.8
401823443,2025-11-15,New College (FL),North Florida Ospreys,A,67,122,63.3,46.9,6.3,24.3,14.1
401823444,2025-11-19,North Florida Ospreys,Wofford,A,78,86,69.8,57.1,10.0,11.8,12.7
401823444,2025-11-19,Wofford,North Florida Ospreys,H,86,78,80.9,55.6,23.5,36.1,39.7
401823445,2025-11-22,North Florida Ospreys,Southern Miss*,H,83,92,86.3,59.4,29.0,45.5,40.6
401823445,2025-11-22,Southern Miss*,North Florida Ospreys,A,92,83,65.8,73.5,18.3,9.1,19.6
401831212,2025-11-23,North Florida Ospreys,Prairie View A&M*,H,82,85,61.5,67.3,17.9,37.5,44.9
401831212,2025-11-23,Prairie View A&M*,North Florida Ospreys,A,85,82,91.7,44.3,29.5,44.7,47.1
401823446,2025-11-29,North Florida Ospreys,Trinity College of Jacksonville,H,111,67,103.8,61.1,32.8,47.1,40.3
401823446,2025-11-29,Trinity College of Jacksonville,North Florida Ospreys,A,67,111,63.6,45.2,11.0,33.3,22.2
401823447,2025-12-02,North Florida Ospreys,SIU Edwardsville,H,63,72,62.3,49.1,16.0,24.2,12.3
401823447,2025-12-02,SIU Edwardsville,North Florida Ospreys,A,72,63,70.0,46.9,18.6,42.1,29.7
401807678,2026-01-08,North Florida Ospreys,West Georgia,H,73,85,72.2,51.6,19.4,29.4,17.5
401807678,2026-01-08,West Georgia,North Florida Ospreys,A,85,73,77.5,54.8,19.4,29.0,32.3
401807683,2026-01-10,North Florida Ospreys,Queens University,H,82,89,73.7,53.7,12.2,22.9,17.9
401807683,2026-01-10,Queens University,North Florida Ospreys,A,89,82,70.4,54.6,11.4,37.8,36.9
401828274,2025-11-03,North Texas Mean Green,New Mexico Highlands,H,88,54,87.1,62.3,28.7,27.6,67.9
401828274,2025-11-03,New Mexico Highlands,North Texas Mean Green,A,54,88,59.5,39.8,18.5,28.6,40.8
401828275,2025-11-06,North Texas Mean Green,Northwestern State,H,80,53,67.5,66.0,28.2,46.2,44.0
401828275,2025-11-06,Northwestern State,North Texas Mean Green,A,53,80,50.8,41.2,15.7,33.3,67.5
401824056,2025-11-12,North Texas Mean Green,Oregon State,A,64,66,61.6,49.1,19.5,40.0,29.6
401824056,2025-11-12,Oregon State,North Texas Mean Green,H,66,64,71.3,46.7,25.2,20.0,60.9
401828277,2025-11-14,North Texas Mean Green,Saint Mary's,A,49,80,71.7,29.4,16.7,20.8,22.2
401828277,2025-11-14,Saint Mary's,North Texas Mean Green,H,80,49,60.0,51.6,15.0,54.1,34.4
401827042,2025-11-30,North Texas Mean Green,Prairie View A&M,H,72,69,64.3,54.0,18.6,34.5,52.0
401827042,2025-11-30,Prairie View A&M,North Texas Mean Green,A,69,72,75.5,47.2,22.5,18.2,40.7
401812255,2025-12-07,North Texas Mean Green,TCU,H,55,65,60.1,45.7,15.0,13.8,36.2
401812255,2025-12-07,TCU,North Texas Mean Green,A,65,55,66.5,47.2,22.6,38.2,40.7
401828279,2025-12-14,North Texas Mean Green,South Alabama,A,58,57,67.6,42.0,22.2,31.4,28.6
401828279,2025-12-14,South Alabama,North Texas Mean Green,H,57,58,71.5,42.9,29.4,29.0,44.9
401824123,2025-12-17,North Texas Mean Green,Santa Clara*,H,60,63,64.2,49.1,23.4,43.3,23.2
401824123,2025-12-17,Santa Clara*,North Texas Mean Green,A,63,60,72.8,41.0,27.5,34.5,54.0
401828280,2025-12-22,North Texas Mean Green,Science & Arts (OK),H,109,56,99.5,73.1,35.2,37.9,26.9
401828280,2025-12-22,Science & Arts (OK),North Texas Mean Green,A,56,109,61.2,44.3,21.3,33.3,24.5
401828161,2026-01-04,North Texas Mean Green,Tulsa,H,72,67,65.5,53.7,18.3,29.0,33.3
401828161,2026-01-04,Tulsa,North Texas Mean Green,A,67,72,52.9,48.9,5.7,32.1,53.2
401828166,2026-01-07,North Texas Mean Green,South Florida,H,70,74,69.5,51.7,20.1,33.3,33.9
401828166,2026-01-07,South Florida,North Texas Mean Green,A,74,70,66.1,50.0,22.7,39.4,76.6
401828172,2026-01-11,North Texas Mean Green,Wichita State,A,67,78,76.5,39.8,22.2,35.7,34.4
401828172,2026-01-11,Wichita State,North Texas Mean Green,H,78,67,70.8,55.9,25.4,42.9,56.9
401826768,2025-11-15,Northeastern Huskies,Vermont,H,74,85,69.0,51.8,18.8,30.3,37.5
401826768,2025-11-15,Vermont,Northeastern Huskies,A,85,74,72.7,67.0,23.4,22.2,21.4
401826863,2025-11-20,Northeastern Huskies,Princeton,A,57,70,73.5,39.0,25.8,33.3,30.5
401826863,2025-11-20,Princeton,Northeastern Huskies,H,70,57,66.6,46.7,22.5,34.4,82.2
401817533,2025-11-28,Northeastern Huskies,Wake Forest,A,73,86,59.1,60.8,11.8,21.4,29.4
401817533,2025-11-28,Wake Forest,Northeastern Huskies,H,86,73,81.5,61.2,31.9,42.9,34.5
401817485,2025-12-20,Northeastern Huskies,Syracuse,A,83,91,68.5,53.8,16.1,45.9,30.8
401817485,2025-12-20,Syracuse,Northeastern Huskies,H,91,83,72.8,53.8,20.6,52.9,90.6
401817171,2025-12-22,Northeastern Huskies,Rhode Island,A,77,85,68.9,59.2,24.7,32.1,51.0
401817171,2025-12-22,Rhode Island,Northeastern Huskies,H,85,77,71.6,61.7,25.1,46.7,26.7
401812006,2026-01-08,Northeastern Huskies,UNC Wilmington,H,78,87,80.4,52.5,19.9,21.6,39.3
401812006,2026-01-08,UNC Wilmington,Northeastern Huskies,A,87,78,73.2,50.0,16.4,36.4,59.6
401812008,2026-01-10,Northeastern Huskies,Towson,H,78,87,90.0,50.8,31.1,20.0,35.6
401812008,2026-01-10,Towson,Northeastern Huskies,A,87,78,62.5,66.1,17.6,48.1,32.1
401825587,2025-11-07,Northern Arizona Lumberjacks,Justice College,H,87,55,89.3,55.2,28.0,37.2,41.8
401825587,2025-11-07,Justice College,Northern Arizona Lumberjacks,A,55,87,64.6,35.6,10.8,22.5,27.1
401825589,2025-11-18,Northern Arizona Lumberjacks,Embry-Riddle (AZ),H,108,79,90.9,72.6,27.5,26.9,37.1
401825589,2025-11-18,Embry-Riddle (AZ),Northern Arizona Lumberjacks,A,79,108,66.3,58.5,13.6,30.6,10.8
401825591,2025-11-26,Northern Arizona Lumberjacks,Southeast Missouri State,H,79,72,66.9,57.5,13.5,25.0,47.2
401825591,2025-11-26,Southeast Missouri State,Northern Arizona Lumberjacks,A,72,79,75.2,47.8,17.3,28.6,19.1
401825592,2025-12-03,Northern Arizona Lumberjacks,South Dakota State,H,62,75,63.0,47.2,11.1,19.4,35.2
401825592,2025-12-03,South Dakota State,Northern Arizona Lumberjacks,A,75,62,70.9,50.0,19.8,31.6,43.9
401824115,2025-12-13,Northern Arizona Lumberjacks,San Diego,A,69,78,62.6,54.8,20.8,32.1,26.9
401824115,2025-12-13,San Diego,Northern Arizona Lumberjacks,H,78,69,73.4,60.0,28.6,32.1,48.0
401823549,2025-12-18,Northern Arizona Lumberjacks,Southern Utah,H,65,57,70.1,47.4,20.0,24.3,29.8
401823549,2025-12-18,Southern Utah,Northern Arizona Lumberjacks,A,57,65,58.7,46.2,13.6,23.5,22.6
401825594,2025-12-29,Northern Arizona Lumberjacks,Benedictine (AZ),H,112,60,95.7,72.2,29.3,30.3,49.2
401825594,2025-12-29,Benedictine (AZ),Northern Arizona Lumberjacks,A,60,112,70.7,42.0,18.4,14.3,25.0
401808523,2026-01-08,Northern Arizona Lumberjacks,Weber State,H,65,78,57.1,49.1,3.5,23.5,30.9
401808523,2026-01-08,Weber State,Northern Arizona Lumberjacks,A,78,65,64.3,56.0,10.9,33.3,10.4
401826917,2025-11-03,Northern Colorado Bears,Colorado College,H,91,57,76.5,60.2,23.5,44.1,31.2
401826917,2025-11-03,Colorado College,Northern Colorado Bears,A,57,91,65.8,44.3,10.6,13.2,9.8
401826918,2025-11-07,Northern Colorado Bears,Colorado Christian,H,101,65,72.6,67.7,23.4,53.1,24.6
401826918,2025-11-07,Colorado Christian,Northern Colorado Bears,A,65,101,66.6,53.9,22.5,23.3,31.4
401824070,2025-11-15,Northern Colorado Bears,Pepperdine,A,88,81,79.9,55.6,22.5,34.3,40.3
401824070,2025-11-15,Pepperdine,Northern Colorado Bears,H,81,88,90.2,41.8,19.9,30.0,41.1
401826919,2025-11-21,Northern Colorado Bears,St. Thomas-Minnesota*,H,72,73,82.6,49.2,26.6,29.7,25.0
401826919,2025-11-21,St. Thomas-Minnesota*,Northern Colorado Bears,A,73,72,68.0,51.9,17.7,25.9,39.6
401824090,2025-11-22,Northern Colorado Bears,Portland,A,86,80,80.5,52.2,13.7,17.1,26.9
401824090,2025-11-22,Portland,Northern Colorado Bears,H,80,86,77.6,47.9,14.2,30.0,22.5
401826920,2025-11-29,Northern Colorado Bears,Regis (CO),H,104,63,95.9,70.4,33.4,29.0,5.6
401826920,2025-11-29,Regis (CO),Northern Colorado Bears,A,63,104,70.8,45.4,16.9,23.1,9.2
401826921,2025-12-03,Northern Colorado Bears,Omaha,A,75,70,66.1,51.7,13.6,28.6,25.0
401826921,2025-12-03,Omaha,Northern Colorado Bears,H,70,75,66.5,50.0,13.5,22.9,40.0
401811110,2025-12-06,Northern Colorado Bears,South Dakota,H,89,87,73.9,67.0,16.2,20.7,44.6
401811110,2025-12-06,South Dakota,Northern Colorado Bears,A,87,89,76.8,52.5,16.9,26.7,45.8
401819903,2025-12-16,Northern Colorado Bears,19Texas Tech,A,90,101,59.8,65.2,3.3,37.5,12.1
401819903,2025-12-16,19Texas Tech,Northern Colorado Bears,H,101,90,78.4,70.7,16.6,15.4,41.4
401808531,2026-01-10,Northern Colorado Bears,Weber State,H,71,76,64.5,46.6,15.5,41.2,33.9
401808531,2026-01-10,Weber State,Northern Colorado Bears,A,76,71,74.7,50.0,21.4,31.2,62.3
401823460,2025-11-03,Northern Illinois Huskies,UL Monroe,H,102,82,80.3,63.8,27.4,61.3,40.0
401823460,2025-11-03,UL Monroe,Northern Illinois Huskies,A,82,102,77.5,58.9,21.9,19.4,39.3
401823461,2025-11-07,Northern Illinois Huskies,24Wisconsin,A,72,97,66.7,54.3,13.5,16.0,66.0
401823461,2025-11-07,24Wisconsin,Northern Illinois Huskies,H,97,72,82.6,56.6,23.0,41.7,60.7
401823463,2025-11-13,Northern Illinois Huskies,Benedictine University (IL),H,117,62,98.5,69.8,27.4,30.3,61.9
401823463,2025-11-13,Benedictine University (IL),Northern Illinois Huskies,A,62,117,69.3,43.8,13.0,18.6,14.1
401820544,2025-11-18,Northern Illinois Huskies,Northern Iowa,A,57,70,67.6,48.9,31.1,26.7,34.0
401820544,2025-11-18,Northern Iowa,Northern Illinois Huskies,H,70,57,68.4,61.4,30.7,30.8,54.5
401822394,2025-12-02,Northern Illinois Huskies,Lindenwood,H,64,99,61.2,42.2,8.2,34.8,51.7
401822394,2025-12-02,Lindenwood,Northern Illinois Huskies,A,99,64,89.3,55.6,28.0,50.0,39.4
401823467,2025-12-16,Northern Illinois Huskies,East-West University,H,112,64,94.0,51.0,29.8,69.6,19.8
401823467,2025-12-16,East-West University,Northern Illinois Huskies,A,64,112,77.7,48.3,21.9,13.5,20.0
401814508,2026-01-06,Northern Illinois Huskies,Toledo,H,61,75,55.2,48.2,10.9,34.3,19.6
401814508,2026-01-06,Toledo,Northern Illinois Huskies,A,75,61,85.0,54.3,30.6,24.2,32.8
401820542,2025-11-09,Northern Iowa Panthers,South Dakota State,H,65,58,70.5,55.1,24.1,15.6,40.8
401820542,2025-11-09,South Dakota State,Northern Iowa Panthers,A,58,65,50.6,48.0,9.9,40.0,27.5
401820545,2025-11-22,Northern Iowa Panthers,UC Irvine,A,70,69,69.8,43.8,7.2,24.5,13.9
401820545,2025-11-22,UC Irvine,Northern Iowa Panthers,H,69,70,73.3,44.9,16.4,25.0,44.1
401830747,2025-11-26,Northern Iowa Panthers,Tulsa*,H,60,63,61.1,50.0,14.7,13.3,30.6
401830747,2025-11-26,Tulsa*,Northern Iowa Panthers,A,63,60,59.8,46.5,8.4,19.4,17.5
401820546,2025-12-01,Northern Iowa Panthers,Coe,H,99,34,94.2,73.0,35.0,25.0,21.3
401820546,2025-12-01,Coe,Northern Iowa Panthers,A,34,99,56.9,27.2,12.3,20.5,7.0
401820547,2025-12-06,Northern Iowa Panthers,Wichita State,H,69,74,77.5,46.7,18.1,21.6,36.1
401820547,2025-12-06,Wichita State,Northern Iowa Panthers,A,74,69,67.1,50.8,16.4,32.4,28.3
401820548,2025-12-13,Northern Iowa Panthers,Oakland,H,75,63,74.8,50.9,16.0,21.6,46.6
401820548,2025-12-13,Oakland,Northern Iowa Panthers,A,63,75,62.0,44.0,6.4,23.1,32.8
401830246,2025-12-17,Northern Iowa Panthers,UIC,A,60,54,54.2,53.1,16.6,28.6,22.9
401830246,2025-12-17,UIC,Northern Iowa Panthers,H,54,60,65.2,39.2,18.4,30.8,18.3
401820549,2025-12-22,Northern Iowa Panthers,Saint Mary's,A,58,63,66.9,50.0,19.4,9.7,7.3
401820549,2025-12-22,Saint Mary's,Northern Iowa Panthers,H,63,58,58.8,35.8,13.6,40.5,50.9
401830254,2025-12-29,Northern Iowa Panthers,Valparaiso,H,58,48,52.5,51.2,9.5,15.4,41.9
401830254,2025-12-29,Valparaiso,Northern Iowa Panthers,A,48,58,55.6,31.9,10.8,34.9,24.1
401823381,2025-11-03,Northern Kentucky Norse,Cincinnati Clermont,H,126,69,102.1,69.7,30.4,62.9,47.4
401823381,2025-11-03,Cincinnati Clermont,Northern Kentucky Norse,A,69,126,84.7,40.4,18.9,23.9,19.2
401823382,2025-11-08,Northern Kentucky Norse,18Tennessee,A,56,95,68.2,44.0,20.5,24.4,22.4
401823382,2025-11-08,18Tennessee,Northern Kentucky Norse,H,95,56,78.0,61.5,25.6,51.6,29.2
401823384,2025-11-16,Northern Kentucky Norse,Cumberland (KY),H,101,73,90.7,67.1,26.5,29.0,17.1
401823384,2025-11-16,Cumberland (KY),Northern Kentucky Norse,A,73,101,66.3,45.9,10.6,40.0,9.5
401823387,2025-11-26,Northern Kentucky Norse,Wofford,H,93,83,77.2,55.8,14.3,30.3,56.7
401823387,2025-11-26,Wofford,Northern Kentucky Norse,A,83,93,71.4,47.2,12.6,30.8,79.6
401817506,2025-12-06,Northern Kentucky Norse,Purdue Fort Wayne,A,77,79,76.5,46.9,23.5,37.8,28.1
401817506,2025-12-06,Purdue Fort Wayne,Northern Kentucky Norse,H,79,77,84.5,57.0,33.2,33.3,38.6
401823389,2025-12-09,Northern Kentucky Norse,Brescia,H,92,53,77.7,55.9,19.3,34.3,55.9
401823389,2025-12-09,Brescia,Northern Kentucky Norse,A,53,92,72.6,32.4,12.4,24.0,23.5
401817593,2025-12-17,Northern Kentucky Norse,Oakland,H,77,82,70.7,48.6,11.3,32.5,17.1
401817593,2025-12-17,Oakland,Northern Kentucky Norse,A,82,77,74.8,50.8,16.0,32.4,47.5
401817598,2025-12-29,Northern Kentucky Norse,Robert Morris,A,79,77,75.8,56.7,21.1,17.9,51.9
401817598,2025-12-29,Robert Morris,Northern Kentucky Norse,H,77,79,69.7,55.6,21.5,39.5,22.2
401817608,2026-01-04,Northern Kentucky Norse,Youngstown State,H,94,79,77.2,59.5,16.8,30.0,55.2
401817608,2026-01-04,Youngstown State,Northern Kentucky Norse,A,79,94,86.9,47.1,20.7,25.0,32.9
401829426,2025-11-03,Northwestern State Demons,Texas A&M,A,68,98,67.0,45.7,13.4,27.0,36.2
401829426,2025-11-03,Texas A&M,Northwestern State Demons,H,98,68,88.9,57.0,27.0,43.6,32.4
401829445,2025-11-14,Northwestern State Demons,Ecclesia,H,95,75,85.4,55.8,24.6,43.2,34.8
401829445,2025-11-14,Ecclesia,Northwestern State Demons,A,75,95,70.2,58.5,17.1,21.9,22.0
401826728,2025-11-18,Northwestern State Demons,San Francisco,A,64,84,61.4,45.1,13.0,29.4,51.0
401826728,2025-11-18,San Francisco,Northwestern State Demons,H,84,64,68.7,66.0,23.3,34.6,66.0
401827015,2025-11-29,Northwestern State Demons,Southern,H,73,75,72.1,53.4,23.6,30.6,25.4
401827015,2025-11-29,Southern,Northwestern State Demons,A,75,73,69.2,55.7,20.2,35.3,21.3
401808934,2025-12-07,Northwestern State Demons,SE Louisiana,A,76,68,68.8,56.1,26.2,40.7,55.1
401808934,2025-12-07,SE Louisiana,Northwestern State Demons,H,68,76,73.2,47.0,24.6,26.5,60.0
401829446,2025-12-20,Northwestern State Demons,Southern-New Orleans,H,108,55,87.2,60.3,20.7,41.7,50.0
401829446,2025-12-20,Southern-New Orleans,Northwestern State Demons,A,55,108,65.5,35.0,12.2,25.0,30.0
401808936,2025-12-31,Northwestern State Demons,Stephen F. Austin,H,64,74,65.9,45.3,9.1,14.3,47.2
401808936,2025-12-31,Stephen F. Austin,Northwestern State Demons,A,74,64,60.5,51.7,8.3,34.3,34.5
401808937,2026-01-10,Northwestern State Demons,Texas A&M-Corpus Christi,H,79,78,64.4,62.5,18.6,28.0,50.0
401808937,2026-01-10,Texas A&M-Corpus Christi,Northwestern State Demons,A,78,79,83.3,56.6,30.0,25.8,52.8
401817490,2025-11-21,Northwestern Wildcats,Virginia*,H,78,83,69.1,41.4,13.0,52.5,56.2
401817490,2025-11-21,Virginia*,Northwestern Wildcats,A,83,78,79.4,52.6,20.2,17.6,41.4
401826914,2025-11-23,Northwestern Wildcats,South Carolina*,H,79,77,65.7,63.2,16.8,21.7,26.4
401826914,2025-11-23,South Carolina*,Northwestern Wildcats,A,77,79,70.1,54.1,21.4,38.2,24.6
401812276,2025-11-27,Northwestern Wildcats,Oklahoma State,H,81,86,72.2,52.7,15.2,27.3,53.6
401812276,2025-11-27,Oklahoma State,Northwestern Wildcats,A,86,81,77.7,47.6,18.0,40.5,52.4
401825397,2025-12-03,Northwestern Wildcats,Wisconsin,A,73,85,65.9,45.8,10.6,35.5,39.0
401825397,2025-12-03,Wisconsin,Northwestern Wildcats,H,85,73,83.0,52.3,26.5,33.3,32.8
401825399,2025-12-06,Northwestern Wildcats,Ohio State,H,82,86,67.5,54.1,16.3,39.4,29.5
401825399,2025-12-06,Ohio State,Northwestern Wildcats,A,86,82,79.5,60.7,22.6,30.0,32.8
401822338,2025-12-16,Northwestern Wildcats,Valparaiso,H,86,70,84.5,58.2,28.4,34.4,36.1
401822338,2025-12-16,Valparaiso,Northwestern Wildcats,A,70,86,60.5,50.0,9.9,31.2,40.7
401825436,2026-01-11,Northwestern Wildcats,Rutgers,A,75,77,73.8,46.0,10.8,24.4,46.0
401825436,2026-01-11,Rutgers,Northwestern Wildcats,H,77,75,68.8,45.3,7.3,31.0,42.2
401817434,2025-11-16,Notre Dame Fighting Irish,Ohio State,A,63,64,68.5,50.0,21.9,22.6,39.2
401817434,2025-11-16,Ohio State,Notre Dame Fighting Irish,H,64,63,75.9,45.0,25.0,12.1,46.0
401817437,2025-11-25,Notre Dame Fighting Irish,Rutgers*,H,68,63,62.3,56.4,25.7,43.3,16.4
401817437,2025-11-25,Rutgers*,Notre Dame Fighting Irish,A,63,68,62.1,50.0,22.6,31.4,33.3
401812254,2025-12-05,Notre Dame Fighting Irish,TCU,A,87,85,72.5,65.0,15.2,25.8,33.3
401812254,2025-12-05,TCU,Notre Dame Fighting Irish,H,85,87,85.9,58.3,23.3,15.2,38.3
401817440,2025-12-21,Notre Dame Fighting Irish,Purdue Fort Wayne,H,69,72,60.1,45.8,10.0,37.8,28.3
401817440,2025-12-21,Purdue Fort Wayne,Notre Dame Fighting Irish,A,72,69,77.1,50.0,19.5,14.7,28.8
401820635,2025-12-30,Notre Dame Fighting Irish,Stanford,A,47,40,50.6,34.8,7.9,38.1,25.0
401820635,2025-12-30,Stanford,Notre Dame Fighting Irish,H,40,47,62.7,26.8,17.5,23.8,21.4
401826869,2025-11-07,Oakland Golden Grizzlies,1Purdue,A,77,87,66.7,50.0,7.5,31.6,17.6
401826869,2025-11-07,1Purdue,Oakland Golden Grizzlies,H,87,77,82.1,56.6,21.9,28.9,22.1
401826870,2025-11-15,Oakland Golden Grizzlies,Defiance,H,113,47,116.4,68.6,40.4,41.4,34.3
401826870,2025-11-15,Defiance,Oakland Golden Grizzlies,A,47,113,58.8,37.5,13.6,23.7,14.3
401824827,2025-11-17,Oakland Golden Grizzlies,UCF,A,83,87,78.3,50.0,19.1,27.8,42.6
401824827,2025-11-17,UCF,Oakland Golden Grizzlies,H,87,83,77.9,53.1,21.8,42.1,38.5
401817502,2025-12-03,Oakland Golden Grizzlies,Purdue Fort Wayne,H,101,92,76.4,62.9,13.1,31.4,36.4
401817502,2025-12-03,Purdue Fort Wayne,Oakland Golden Grizzlies,A,92,101,86.5,58.1,20.8,22.0,29.4
401823471,2025-12-06,Oakland Golden Grizzlies,Toledo,H,98,97,91.5,60.0,20.8,20.6,28.6
401823471,2025-12-06,Toledo,Oakland Golden Grizzlies,A,97,98,75.7,55.8,11.9,44.7,18.2
401817600,2025-12-29,Oakland Golden Grizzlies,Wright State,A,73,88,73.2,42.5,19.1,37.5,50.0
401817600,2025-12-29,Wright State,Oakland Golden Grizzlies,H,88,73,69.5,64.5,18.7,32.1,40.0
401817604,2026-01-01,Oakland Golden Grizzlies,Youngstown State,A,85,83,62.1,63.8,9.7,28.0,72.3
401817604,2026-01-01,Youngstown State,Oakland Golden Grizzlies,H,83,85,69.5,50.0,14.4,41.9,29.4
401817609,2026-01-04,Oakland Golden Grizzlies,Robert Morris,H,96,73,82.6,56.2,23.0,37.0,66.1
401817609,2026-01-04,Robert Morris,Oakland Golden Grizzlies,A,73,96,59.1,50.0,3.4,32.4,27.9
401817619,2026-01-11,Oakland Golden Grizzlies,Wright State,H,84,94,94.2,52.6,29.7,18.9,55.2
401817619,2026-01-11,Wright State,Oakland Golden Grizzlies,A,94,84,62.1,66.9,9.7,41.7,25.4
401829049,2025-11-11,Ohio Bobcats,Saint Mary's,A,60,90,65.3,42.2,13.8,28.9,10.9
401829049,2025-11-11,Saint Mary's,Ohio Bobcats,H,90,60,70.5,58.9,15.6,41.9,35.5
401817204,2025-12-13,Ohio Bobcats,St. Bonaventure*,H,88,83,81.1,60.2,22.2,27.6,23.4
401817204,2025-12-13,St. Bonaventure*,Ohio Bobcats,A,83,88,86.0,47.1,23.3,38.9,30.0
401829050,2025-12-16,Ohio Bobcats,Ohio Wesleyan,H,89,56,86.5,61.3,26.6,27.6,32.3
401829050,2025-12-16,Ohio Wesleyan,Ohio Bobcats,A,56,89,65.1,37.1,7.7,20.0,24.2
401829051,2025-12-22,Ohio Bobcats,Miami (OH)-Hamilton,H,102,59,93.9,74.1,37.3,42.3,43.1
401829051,2025-12-22,Miami (OH)-Hamilton,Ohio Bobcats,A,59,102,54.6,49.0,11.0,28.6,26.9
401823392,2025-11-07,Ohio State Buckeyes,Purdue Fort Wayne,H,94,68,71.2,82.4,25.3,28.6,25.5
401823392,2025-11-07,Purdue Fort Wayne,Ohio State Buckeyes,A,68,94,77.1,48.3,22.1,19.4,28.8
401827255,2025-11-20,Ohio State Buckeyes,Western Michigan,H,91,58,90.9,56.2,35.2,47.2,35.4
401827255,2025-11-20,Western Michigan,Ohio State Buckeyes,A,58,91,67.1,37.9,13.4,25.6,24.2
401817447,2025-11-28,Ohio State Buckeyes,Pittsburgh,A,66,67,57.1,49.1,8.8,28.1,27.8
401817447,2025-11-28,Pittsburgh,Ohio State Buckeyes,H,67,66,77.6,41.3,21.9,35.6,23.2
401819921,2025-12-13,Ohio State Buckeyes,West Virginia*,H,89,88,82.9,47.2,15.7,32.6,34.7
401819921,2025-12-13,West Virginia*,Ohio State Buckeyes,A,88,89,77.2,49.2,14.3,31.7,54.0
401825413,2026-01-02,Ohio State Buckeyes,Rutgers,A,80,73,59.9,58.7,16.7,50.0,44.2
401825413,2026-01-02,Rutgers,Ohio State Buckeyes,H,73,80,63.1,46.9,14.3,47.4,26.6
401825429,2026-01-08,Ohio State Buckeyes,Oregon,A,72,62,63.9,50.9,20.3,43.3,43.4
401825429,2026-01-08,Oregon,Ohio State Buckeyes,H,62,72,64.5,38.5,14.0,34.9,32.8
401825437,2026-01-11,Ohio State Buckeyes,Washington,A,74,81,62.1,48.4,14.5,45.9,23.8
401825437,2026-01-11,Washington,Ohio State Buckeyes,H,81,74,69.9,55.4,17.2,29.0,41.1
401812379,2025-11-03,Oklahoma Sooners,Saint Francis,H,102,66,86.5,63.6,25.4,40.0,25.7
401812379,2025-11-03,Saint Francis,Oklahoma Sooners,A,66,102,66.8,44.7,12.0,30.0,15.2
401826779,2025-11-20,Oklahoma Sooners,Oral Roberts,H,95,71,92.9,57.2,26.9,32.4,33.3
401826779,2025-11-20,Oral Roberts,Oklahoma Sooners,A,71,95,54.1,50.9,3.7,37.1,25.9
401806370,2025-12-02,Oklahoma Sooners,Wake Forest,A,86,68,74.6,55.6,18.8,40.0,64.8
401806370,2025-12-02,Wake Forest,Oklahoma Sooners,H,68,86,64.8,41.1,7.7,22.0,48.2
401813294,2025-12-13,Oklahoma Sooners,Oklahoma State*,H,85,76,79.6,44.4,13.8,22.2,22.5
401813294,2025-12-13,Oklahoma State*,Oklahoma Sooners,A,76,85,66.5,54.8,7.5,29.7,31.7
401825209,2025-12-22,Oklahoma Sooners,Stetson,H,107,54,73.5,78.0,17.7,39.1,37.3
401825209,2025-12-22,Stetson,Oklahoma Sooners,A,54,107,63.7,38.8,15.7,25.0,20.7
401808151,2026-01-03,Oklahoma Sooners,Ole Miss,H,86,70,68.0,59.8,11.8,30.3,31.1
401808151,2026-01-03,Ole Miss,Oklahoma Sooners,A,70,86,70.5,45.9,14.2,24.4,32.8
401808166,2026-01-10,Oklahoma Sooners,Texas A&M,A,76,83,61.6,50.8,13.0,44.4,25.8
401808166,2026-01-10,Texas A&M,Oklahoma Sooners,H,83,76,79.9,50.0,22.5,30.8,40.3
401813286,2025-11-04,Oklahoma State Cowboys,Oral Roberts,H,95,71,89.2,50.0,20.2,36.6,41.7
401813286,2025-11-04,Oral Roberts,Oklahoma State Cowboys,A,71,95,84.5,40.6,18.9,22.9,31.9
401813287,2025-11-09,Oklahoma State Cowboys,Texas A&M,H,87,63,91.5,53.8,29.5,32.4,33.3
401813287,2025-11-09,Texas A&M,Oklahoma State Cowboys,A,63,87,67.1,39.5,16.4,31.8,27.4
401813288,2025-11-12,Oklahoma State Cowboys,Prairie View A&M,H,94,67,82.8,51.4,19.3,42.2,37.0
401813288,2025-11-12,Prairie View A&M,Oklahoma State Cowboys,A,67,94,78.7,46.1,16.5,12.5,21.9
401813289,2025-11-16,Oklahoma State Cowboys,Texas A&M-Corpus Christi,H,85,69,73.8,54.3,17.6,32.3,46.6
401813289,2025-11-16,Texas A&M-Corpus Christi,Oklahoma State Cowboys,A,69,85,81.3,40.2,20.9,20.9,42.6
401813290,2025-11-19,Oklahoma State Cowboys,South Florida,H,103,95,84.3,68.0,22.5,34.4,40.6
401813290,2025-11-19,South Florida,Oklahoma State Cowboys,A,95,103,87.2,58.6,26.4,35.0,46.9
401813292,2025-12-02,Oklahoma State Cowboys,Sam Houston,H,93,83,82.3,56.1,20.7,40.0,42.4
401813292,2025-12-02,Sam Houston,Oklahoma State Cowboys,A,83,93,72.2,52.1,12.5,31.0,15.5
401827598,2026-01-03,Oklahoma State Cowboys,15Texas Tech,A,80,102,77.0,49.3,11.7,19.0,28.4
401827598,2026-01-03,15Texas Tech,Oklahoma State Cowboys,H,102,80,79.7,59.1,12.6,33.3,18.2
401827602,2026-01-06,Oklahoma State Cowboys,25UCF,H,87,76,78.6,56.6,17.8,17.9,66.0
401827602,2026-01-06,25UCF,Oklahoma State Cowboys,A,76,87,90.9,42.4,23.1,27.7,31.9
401829497,2025-11-06,Old Dominion Monarchs,Randolph College,H,93,53,84.4,55.1,23.7,42.9,35.3
401829497,2025-11-06,Randolph College,Old Dominion Monarchs,A,53,93,70.0,32.0,10.0,20.0,29.7
401823561,2025-11-18,Old Dominion Monarchs,Xavier,A,69,99,66.5,46.0,7.5,23.7,29.0
401823561,2025-11-18,Xavier,Old Dominion Monarchs,H,99,69,88.4,56.9,27.1,50.0,33.3
401823564,2025-11-25,Old Dominion Monarchs,Villanova,A,75,89,63.5,55.7,11.0,21.9,41.5
401823564,2025-11-25,Villanova,Old Dominion Monarchs,H,89,75,74.3,62.5,20.2,29.0,46.4
401827508,2025-11-30,Old Dominion Monarchs,William & Mary,A,75,88,77.2,48.5,14.3,13.9,20.0
401827508,2025-11-30,William & Mary,Old Dominion Monarchs,H,88,75,84.2,54.3,23.7,26.7,51.7
401817177,2025-12-06,Old Dominion Monarchs,Richmond,A,77,86,75.5,42.4,9.3,27.7,27.8
401817177,2025-12-06,Richmond,Old Dominion Monarchs,H,86,77,78.3,51.5,12.8,28.2,42.4
401808948,2025-11-03,Ole Miss Rebels,SE Louisiana,H,88,58,69.2,58.3,18.8,44.4,55.6
401808948,2025-11-03,SE Louisiana,Ole Miss Rebels,A,58,88,64.9,40.6,17.0,25.6,47.2
401828492,2025-11-07,Ole Miss Rebels,UL Monroe,H,86,65,85.2,58.3,28.2,28.9,19.7
401828492,2025-11-07,UL Monroe,Ole Miss Rebels,A,65,86,76.1,46.6,22.3,20.0,28.8
401830745,2025-11-26,Ole Miss Rebels,Utah*,H,74,75,63.1,53.6,14.3,37.0,30.4
401830745,2025-11-26,Utah*,Ole Miss Rebels,A,75,74,64.5,56.6,18.6,33.3,37.7
401826916,2025-12-06,Ole Miss Rebels,23St. John's,A,58,63,62.5,38.2,17.6,36.1,36.4
401826916,2025-12-06,23St. John's,Ole Miss Rebels,H,63,58,71.6,38.0,27.9,39.5,70.0
401827259,2025-12-13,Ole Miss Rebels,Southern Miss*,H,71,67,74.3,54.1,22.9,14.3,53.1
401827259,2025-12-13,Southern Miss*,Ole Miss Rebels,A,67,71,66.5,50.0,18.0,27.3,37.0
401823541,2025-11-15,Omaha Mavericks,Southern Utah,H,90,85,76.9,58.3,16.9,25.0,41.7
401823541,2025-11-15,Southern Utah,Omaha Mavericks,A,85,90,83.1,53.7,21.7,28.2,25.0
401829466,2025-11-19,Omaha Mavericks,Concordia-Nebraska,H,96,80,78.7,63.8,21.6,32.3,21.5
401829466,2025-11-19,Concordia-Nebraska,Omaha Mavericks,A,80,96,69.5,54.2,15.8,29.0,30.5
401829468,2025-11-29,Omaha Mavericks,Mid-America Christian,H,84,62,61.2,74.0,19.6,31.8,26.0
401829468,2025-11-29,Mid-America Christian,Omaha Mavericks,A,62,84,64.4,48.4,17.1,25.6,8.2
401826924,2025-12-06,Omaha Mavericks,Portland State,A,60,55,53.6,46.0,13.1,36.7,32.0
401826924,2025-12-06,Portland State,Omaha Mavericks,H,55,60,61.1,46.0,21.3,28.6,34.0
401829469,2025-12-09,Omaha Mavericks,Doane,H,79,70,68.7,57.5,20.4,40.0,23.3
401829469,2025-12-09,Doane,Omaha Mavericks,A,70,79,71.8,54.5,22.3,16.1,17.9
401829470,2025-12-16,Omaha Mavericks,York College Nebraska,H,105,58,87.5,59.9,22.9,43.9,26.3
401829470,2025-12-16,York College Nebraska,Omaha Mavericks,A,58,105,67.8,37.7,7.4,20.4,11.6
401827266,2025-12-28,Omaha Mavericks,Oregon,A,57,80,58.1,43.9,6.9,25.6,26.3
401827266,2025-12-28,Oregon,Omaha Mavericks,H,80,57,68.2,54.4,17.6,43.9,19.1
401818332,2026-01-01,Omaha Mavericks,South Dakota State,A,69,84,76.0,43.0,13.2,15.9,29.7
401818332,2026-01-01,South Dakota State,Omaha Mavericks,H,84,69,66.0,51.5,9.1,40.5,32.3
401828526,2025-11-08,Oral Roberts Golden Eagles,John Brown,H,84,50,88.5,49.3,35.0,47.6,29.4
401828526,2025-11-08,John Brown,Oral Roberts Golden Eagles,A,50,84,67.1,30.2,20.9,33.3,29.3
401828282,2025-11-12,Oral Roberts Golden Eagles,Tulsa,H,87,88,80.5,61.7,21.1,18.8,33.3
401828282,2025-11-12,Tulsa,Oral Roberts Golden Eagles,A,88,87,69.1,54.5,13.0,34.3,65.5
401828527,2025-11-18,Oral Roberts Golden Eagles,Haskell,H,84,64,79.2,54.7,26.5,34.4,64.2
401828527,2025-11-18,Haskell,Oral Roberts Golden Eagles,A,64,84,82.4,42.8,21.9,16.3,7.2
401829616,2025-11-26,Oral Roberts Golden Eagles,Rice*,H,62,81,66.7,61.4,24.0,42.9,21.1
401829616,2025-11-26,Rice*,Oral Roberts Golden Eagles,A,81,62,67.8,46.7,23.6,32.5,16.7
401826955,2025-12-03,Oral Roberts Golden Eagles,Weber State,A,66,92,68.0,47.3,13.2,16.2,33.9
401826955,2025-12-03,Weber State,Oral Roberts Golden Eagles,H,92,66,79.5,60.0,18.9,30.0,27.7
401828528,2025-12-13,Oral Roberts Golden Eagles,Ecclesia,H,97,52,78.0,65.4,25.6,41.9,76.9
401828528,2025-12-13,Ecclesia,Oral Roberts Golden Eagles,A,52,97,78.1,28.1,23.0,12.8,75.0
401812257,2025-12-18,Oral Roberts Golden Eagles,TCU,A,53,72,56.8,46.2,17.6,28.1,15.4
401812257,2025-12-18,TCU,Oral Roberts Golden Eagles,H,72,53,67.0,51.8,23.9,46.9,37.5
401823873,2025-12-22,Oral Roberts Golden Eagles,UT Arlington,H,57,69,68.9,32.7,20.3,31.6,45.5
401823873,2025-12-22,UT Arlington,Oral Roberts Golden Eagles,A,69,57,62.5,54.9,17.6,29.0,39.2
401818384,2026-01-10,Oral Roberts Golden Eagles,St. Thomas-Minnesota,H,71,82,61.5,54.6,8.1,23.5,40.7
401818384,2026-01-10,St. Thomas-Minnesota,Oral Roberts Golden Eagles,A,82,71,73.7,52.7,17.6,31.2,55.4
401826804,2025-11-07,Oregon Ducks,Rice,H,67,63,74.0,39.4,27.0,42.1,73.1
401826804,2025-11-07,Rice,Oregon Ducks,A,63,67,64.2,44.4,17.1,34.1,17.7
401827265,2025-11-12,Oregon Ducks,South Dakota State,H,83,69,75.6,57.3,18.5,23.5,25.8
401827265,2025-11-12,South Dakota State,Oregon Ducks,A,69,83,74.7,50.8,21.4,19.4,23.7
401824057,2025-11-17,Oregon Ducks,Oregon State,H,87,75,64.5,56.6,10.8,43.8,73.6
401824057,2025-11-17,Oregon State,Oregon Ducks,A,75,87,67.9,50.0,16.2,27.3,46.3
401823765,2025-11-25,Oregon Ducks,San Diego State*,H,80,97,77.5,50.0,24.5,35.0,35.5
401823765,2025-11-25,San Diego State*,Oregon Ducks,A,97,80,69.3,76.7,21.7,40.0,15.5
401825394,2025-12-02,Oregon Ducks,24USC,H,77,82,68.3,56.6,19.0,32.3,49.1
401825394,2025-12-02,24USC,Oregon Ducks,A,82,77,66.9,58.2,20.9,45.2,45.5
401825401,2025-12-06,Oregon Ducks,UCLA,A,63,74,58.4,40.4,12.0,44.7,42.1
401825401,2025-12-06,UCLA,Oregon Ducks,H,74,63,64.0,50.9,21.9,46.9,38.2
401826090,2025-12-13,Oregon Ducks,UC Davis,H,104,62,83.8,68.9,28.6,50.0,44.3
401826090,2025-12-13,UC Davis,Oregon Ducks,A,62,104,73.0,41.2,19.2,19.4,33.3
401824093,2025-12-17,Oregon Ducks,Portland,H,94,69,83.9,58.6,22.6,30.3,35.9
401824093,2025-12-17,Portland,Oregon Ducks,A,69,94,75.7,46.0,19.8,25.0,22.2
401825421,2026-01-05,Oregon Ducks,Rutgers,A,85,88,64.6,55.3,10.8,42.1,24.2
401825421,2026-01-05,Rutgers,Oregon Ducks,H,88,85,92.2,48.3,28.2,27.0,56.7
401824055,2025-11-07,Oregon State Beavers,UIC,H,76,73,67.9,54.9,29.5,53.6,49.0
401824055,2025-11-07,UIC,Oregon State Beavers,A,73,76,80.0,50.0,31.3,30.3,38.2
401824059,2025-12-03,Oregon State Beavers,Vermont,H,80,58,63.2,64.2,15.8,23.1,24.5
401824059,2025-12-03,Vermont,Oregon State Beavers,A,58,80,61.2,40.0,13.1,34.2,21.7
401823547,2025-12-06,Oregon State Beavers,Southern Utah,H,81,70,74.0,58.9,21.6,24.1,33.9
401823547,2025-12-06,Southern Utah,Oregon State Beavers,A,70,81,73.7,51.7,23.1,25.7,23.7
401823356,2025-12-17,Oregon State Beavers,Sam Houston,H,75,85,75.0,51.7,14.7,11.4,32.2
401823356,2025-12-17,Sam Houston,Oregon State Beavers,A,85,75,67.9,52.3,10.3,40.5,35.4
401829167,2025-12-28,Oregon State Beavers,Santa Clara,H,64,102,66.8,48.0,21.0,25.7,55.1
401829167,2025-12-28,Santa Clara,Oregon State Beavers,A,102,64,83.4,77.3,28.8,35.0,43.6
401829172,2025-12-30,Oregon State Beavers,San Francisco,H,70,62,61.6,62.0,16.2,4.5,30.4
401829172,2025-12-30,San Francisco,Oregon State Beavers,A,62,70,69.5,43.4,20.2,21.6,41.5
401829176,2026-01-02,Oregon State Beavers,Pacific,A,53,84,59.2,43.4,13.5,20.0,20.8
401829176,2026-01-02,Pacific,Oregon State Beavers,H,84,53,66.4,66.0,22.6,35.7,48.0
401829182,2026-01-04,Oregon State Beavers,Washington State,A,67,81,66.0,53.0,18.2,20.0,42.0
401829182,2026-01-04,Washington State,Oregon State Beavers,H,81,67,68.5,56.0,20.5,42.4,37.9
401829191,2026-01-08,Oregon State Beavers,Seattle U,H,68,55,64.8,40.2,15.4,40.5,51.8
401829191,2026-01-08,Seattle U,Oregon State Beavers,A,55,68,63.4,35.0,11.0,32.6,40.0
401829193,2026-01-10,Oregon State Beavers,Portland,A,76,82,62.7,54.3,9.6,22.2,70.2
401829193,2026-01-10,Portland,Oregon State Beavers,H,82,76,69.2,48.1,14.5,35.5,63.0
401824061,2025-11-05,Pacific Tigers,Life Pacific,H,83,56,75.0,59.3,24.0,36.7,32.2
401824061,2025-11-05,Life Pacific,Pacific Tigers,A,56,83,59.5,42.3,13.4,29.4,38.5
401824064,2025-11-24,Pacific Tigers,Stony Brook*,H,86,58,63.4,76.7,18.9,17.6,55.8
401824064,2025-11-24,Stony Brook*,Pacific Tigers,A,58,86,64.2,41.2,12.5,18.4,22.8
401824065,2025-11-29,Pacific Tigers,Sacramento State,H,68,54,66.8,48.4,18.0,35.1,12.5
401824065,2025-11-29,Sacramento State,Pacific Tigers,A,54,68,68.7,34.7,13.1,18.2,19.4
401824066,2025-12-13,Pacific Tigers,Simpson University (CA),H,104,50,82.8,68.3,27.8,53.6,11.3
401824066,2025-12-13,Simpson University (CA),Pacific Tigers,A,50,104,64.2,40.0,18.7,12.1,26.0
401829164,2025-12-28,Pacific Tigers,San Diego,A,54,66,51.7,45.1,15.5,38.2,23.5
401829164,2025-12-28,San Diego,Pacific Tigers,H,66,54,80.4,48.0,31.1,18.8,48.0
401829183,2026-01-04,Pacific Tigers,Pepperdine,H,74,69,60.2,61.8,19.9,36.0,25.5
401829183,2026-01-04,Pepperdine,Pacific Tigers,A,69,74,74.1,48.2,24.3,23.5,26.3
401829187,2026-01-08,Pacific Tigers,Portland,A,89,90,71.3,50.8,14.0,44.7,39.4
401829187,2026-01-08,Portland,Pacific Tigers,H,90,89,71.5,56.8,14.0,37.1,27.3
401829194,2026-01-10,Pacific Tigers,San Diego,H,77,70,68.3,40.9,14.6,47.7,42.4
401829194,2026-01-10,San Diego,Pacific Tigers,A,70,77,69.5,47.5,15.8,23.7,30.5
401826889,2025-11-22,Penn State Nittany Lions,Providence*,H,65,77,62.6,39.4,6.4,32.6,24.2
401826889,2025-11-22,Providence*,Penn State Nittany Lions,A,77,65,81.0,44.9,21.0,33.3,27.5
401823725,2025-11-29,Penn State Nittany Lions,Sacred Heart,H,90,59,94.8,60.2,35.9,41.4,49.2
401823725,2025-11-29,Sacred Heart,Penn State Nittany Lions,A,59,90,67.2,45.4,20.8,18.2,20.4
401817451,2025-12-21,Penn State Nittany Lions,Pittsburgh*,H,46,80,58.3,36.4,10.3,17.9,16.4
401817451,2025-12-21,Pittsburgh*,Penn State Nittany Lions,A,80,46,68.7,60.0,17.5,30.3,23.3
401825433,2026-01-10,Penn State Nittany Lions,5Purdue,A,85,93,59.8,67.9,6.7,20.8,17.9
401825433,2026-01-10,5Purdue,Penn State Nittany Lions,H,93,85,82.7,65.9,21.8,25.8,21.2
401812573,2025-11-07,Pennsylvania Quakers,Rowan,H,119,72,97.3,60.6,25.7,53.7,69.0
401812573,2025-11-07,Rowan,Pennsylvania Quakers,A,72,119,79.0,42.6,13.9,21.3,30.9
401812575,2025-11-11,Pennsylvania Quakers,Providence,A,81,106,81.4,44.3,14.7,25.5,34.3
401812575,2025-11-11,Providence,Pennsylvania Quakers,H,106,81,73.9,63.4,13.5,43.8,34.3
401812576,2025-11-17,Pennsylvania Quakers,Saint Joseph's,H,83,74,84.9,51.6,28.3,33.3,37.1
401812576,2025-11-17,Saint Joseph's,Pennsylvania Quakers,A,74,83,74.1,45.1,16.2,35.6,21.1
401831240,2025-12-06,Pennsylvania Quakers,Villanova,A,63,90,57.7,50.0,10.4,31.7,20.3
401831240,2025-12-06,Villanova,Pennsylvania Quakers,H,90,63,71.2,67.5,21.1,33.3,21.7
401812582,2025-12-20,Pennsylvania Quakers,Rutgers,A,69,70,58.9,47.2,8.5,36.4,46.3
401812582,2025-12-20,Rutgers,Pennsylvania Quakers,H,70,69,83.7,43.8,25.1,21.1,55.4
401812585,2026-01-05,Pennsylvania Quakers,Princeton,A,76,78,64.0,50.0,17.2,43.3,33.3
401812585,2026-01-05,Princeton,Pennsylvania Quakers,H,78,76,71.9,60.6,20.9,21.4,44.2
401824068,2025-11-03,Pepperdine Waves,Life Pacific,H,88,80,77.5,61.3,31.0,54.3,35.5
401824068,2025-11-03,Life Pacific,Pepperdine Waves,A,80,88,78.0,54.3,25.6,28.6,36.2
401813757,2025-11-07,Pepperdine Waves,12UCLA,A,63,74,66.2,41.0,21.2,41.7,21.3
401813757,2025-11-07,12UCLA,Pepperdine Waves,H,74,63,67.3,52.9,23.8,40.6,50.0
401824069,2025-11-11,Pepperdine Waves,Lincoln University (CA),H,113,76,75.7,64.2,19.8,78.8,14.8
401824069,2025-11-11,Lincoln University (CA),Pepperdine Waves,A,76,113,78.2,53.8,21.7,23.7,16.9
401824071,2025-11-21,Pepperdine Waves,Stephen F. Austin,H,60,63,60.6,47.0,16.5,21.4,28.0
401824071,2025-11-21,Stephen F. Austin,Pepperdine Waves,A,63,60,75.5,45.6,22.5,31.2,1.5
401824073,2025-12-06,Pepperdine Waves,Vermont,H,56,65,56.5,40.6,12.4,24.2,41.7
401824073,2025-12-06,Vermont,Pepperdine Waves,A,65,56,67.2,53.7,22.3,22.6,20.4
401824074,2025-12-20,Pepperdine Waves,Rice,H,84,62,74.6,60.2,24.1,34.5,27.1
401824074,2025-12-20,Rice,Pepperdine Waves,A,62,84,67.5,37.3,17.8,40.0,34.9
401829171,2025-12-30,Pepperdine Waves,Saint Mary's,H,45,72,57.9,38.2,15.5,22.2,7.3
401829171,2025-12-30,Saint Mary's,Pepperdine Waves,A,72,45,65.8,58.5,22.8,28.0,18.9
401829177,2026-01-02,Pepperdine Waves,Santa Clara,A,63,82,63.5,43.5,14.2,27.0,40.7
401829177,2026-01-02,Santa Clara,Pepperdine Waves,H,82,63,84.7,55.2,24.8,26.5,17.9
401829188,2026-01-08,Pepperdine Waves,San Diego,A,63,83,63.8,47.8,18.8,22.6,64.4
401829188,2026-01-08,San Diego,Pepperdine Waves,H,83,63,78.7,63.6,28.0,32.0,20.3
401829195,2026-01-10,Pepperdine Waves,San Francisco,H,60,80,72.8,33.1,17.9,28.3,49.2
401829195,2026-01-10,San Francisco,Pepperdine Waves,A,80,60,65.8,56.8,16.7,44.4,15.2
401817441,2025-11-03,Pittsburgh Panthers,Youngstown State,H,74,59,68.8,49.1,29.1,51.5,50.9
401817441,2025-11-03,Youngstown State,Pittsburgh Panthers,A,59,74,67.3,48.2,22.3,21.6,16.1
401817444,2025-11-13,Pittsburgh Panthers,West Virginia,A,49,71,57.9,42.5,13.8,18.8,11.3
401817444,2025-11-13,West Virginia,Pittsburgh Panthers,H,71,49,79.0,49.1,26.6,24.2,37.5
401817445,2025-11-20,Pittsburgh Panthers,UCF*,H,67,77,65.7,57.4,22.8,50.0,19.7
401817445,2025-11-20,UCF*,Pittsburgh Panthers,A,77,67,66.0,45.4,21.2,36.4,38.9
401817446,2025-11-23,Pittsburgh Panthers,Quinnipiac,H,75,83,73.5,51.6,27.2,44.7,32.8
401817446,2025-11-23,Quinnipiac,Pittsburgh Panthers,A,83,75,75.4,68.4,29.2,30.4,49.0
401806367,2025-12-02,Pittsburgh Panthers,Texas A&M,H,73,81,69.2,54.1,21.7,35.3,18.0
401806367,2025-12-02,Texas A&M,Pittsburgh Panthers,A,81,73,72.5,51.7,23.5,41.2,37.3
401817449,2025-12-13,Pittsburgh Panthers,Villanova,A,61,79,52.7,46.5,11.4,44.4,21.1
401817449,2025-12-13,Villanova,Pittsburgh Panthers,H,79,61,70.4,61.0,22.7,25.9,48.0
401820663,2026-01-10,Pittsburgh Panthers,Syracuse,H,72,83,70.2,47.7,21.4,38.9,17.2
401820663,2026-01-10,Syracuse,Pittsburgh Panthers,A,83,72,76.5,65.4,28.7,27.3,34.6
401824087,2025-11-03,Portland Pilots,Willamette,H,120,83,103.2,62.9,24.2,37.1,80.3
401824087,2025-11-03,Willamette,Portland Pilots,A,83,120,85.0,44.7,11.8,19.6,28.0
401824089,2025-11-09,Portland Pilots,UC Davis,H,67,63,68.5,47.2,23.4,32.4,40.7
401824089,2025-11-09,UC Davis,Portland Pilots,A,63,67,66.6,41.8,19.5,37.5,26.2
401823758,2025-11-15,Portland Pilots,Wyoming,A,56,93,64.7,39.6,13.9,21.1,68.8
401823758,2025-11-15,Wyoming,Portland Pilots,H,93,56,79.1,54.9,21.5,43.9,23.6
401824091,2025-11-23,Portland Pilots,St. Thomas-Minnesota,H,66,76,59.3,52.5,11.8,34.5,11.9
401824091,2025-11-23,St. Thomas-Minnesota,Portland Pilots,A,76,66,89.5,50.8,31.3,21.6,29.5
401817470,2025-12-01,Portland Pilots,Stanford,A,72,94,60.4,56.4,14.9,26.9,51.1
401817470,2025-12-01,Stanford,Portland Pilots,H,94,72,94.5,62.5,34.9,34.3,31.2
401824092,2025-12-05,Portland Pilots,Lewis & Clark,H,104,87,76.0,57.1,13.2,53.8,24.4
401824092,2025-12-05,Lewis & Clark,Portland Pilots,A,87,104,79.7,62.5,20.1,10.0,23.3
401824094,2025-12-22,Portland Pilots,UC Santa Barbara,A,61,79,63.2,49.1,20.6,31.2,20.0
401824094,2025-12-22,UC Santa Barbara,Portland Pilots,H,79,61,68.3,66.1,26.4,33.3,16.1
401829168,2025-12-28,Portland Pilots,Washington State,H,62,67,73.4,36.9,15.0,29.8,36.9
401829168,2025-12-28,Washington State,Portland Pilots,A,67,62,57.3,45.3,3.5,28.2,52.8
401829173,2025-12-30,Portland Pilots,Santa Clara,H,85,92,74.6,64.7,25.5,40.0,27.6
401829173,2025-12-30,Santa Clara,Portland Pilots,A,92,85,81.1,61.9,28.4,46.4,27.0
401829178,2026-01-02,Portland Pilots,Saint Mary's,A,57,78,59.1,36.1,6.8,32.5,24.6
401829178,2026-01-02,Saint Mary's,Portland Pilots,H,78,57,71.0,58.5,24.0,31.0,39.6
401829184,2026-01-04,Portland Pilots,San Francisco,A,68,73,63.0,52.0,14.3,20.7,37.3
401829184,2026-01-04,San Francisco,Portland Pilots,H,73,68,80.2,44.8,32.4,50.0,58.6
401817464,2025-11-04,Portland State Vikings,Stanford,A,79,89,81.6,56.8,28.2,23.5,27.1
401817464,2025-11-04,Stanford,Portland State Vikings,H,89,79,89.1,52.6,28.1,31.2,63.2
401826922,2025-11-07,Portland State Vikings,Northwest Indian,H,122,74,99.0,66.7,28.3,54.1,25.9
401826922,2025-11-07,Northwest Indian,Portland State Vikings,A,74,122,79.2,50.0,21.5,16.2,65.4
401826726,2025-11-12,Portland State Vikings,San Francisco,A,70,80,65.2,46.2,12.3,34.9,19.7
401826726,2025-11-12,San Francisco,Portland State Vikings,H,80,70,63.9,52.5,12.5,40.5,42.4
401826923,2025-11-19,Portland State Vikings,Evergreen State,H,90,61,74.0,52.1,18.9,51.2,29.6
401826923,2025-11-19,Evergreen State,Portland State Vikings,A,61,90,72.8,41.0,16.5,22.9,14.9
401824026,2025-11-25,Portland State Vikings,Utah Tech,A,68,63,65.4,44.0,18.3,41.0,41.4
401824026,2025-11-25,Utah Tech,Portland State Vikings,H,63,68,70.8,48.2,17.0,9.7,17.5
401811109,2025-12-03,Portland State Vikings,South Dakota,A,77,71,84.3,50.0,26.1,25.0,44.1
401811109,2025-12-03,South Dakota,Portland State Vikings,H,71,77,73.2,41.4,16.4,32.5,58.6
401826925,2025-12-13,Portland State Vikings,George Fox,H,94,50,84.1,59.0,22.6,38.9,20.8
401826925,2025-12-13,George Fox,Portland State Vikings,A,50,94,57.5,36.5,8.7,20.5,34.6
401826849,2025-12-20,Portland State Vikings,Tulane,A,61,63,59.6,45.5,13.4,32.4,28.6
401826849,2025-12-20,Tulane,Portland State Vikings,H,63,61,59.2,38.0,13.5,36.1,60.0
401808537,2026-01-01,Portland State Vikings,Weber State,A,95,90,80.8,50.7,9.9,32.7,38.7
401808537,2026-01-01,Weber State,Portland State Vikings,H,90,95,85.0,45.5,12.9,27.1,62.7
401808538,2026-01-10,Portland State Vikings,Sacramento State,H,96,69,68.5,62.5,11.7,41.9,31.2
401808538,2026-01-10,Sacramento State,Portland State Vikings,A,69,96,76.3,37.9,10.5,17.1,45.2
401827039,2025-11-03,Prairie View A&M Panthers,College Of Biblical Studies,H,95,48,109.2,57.9,40.3,37.5,47.6
401827039,2025-11-03,College Of Biblical Studies,Prairie View A&M Panthers,A,48,95,72.2,38.7,23.6,11.8,24.5
401827040,2025-11-05,Prairie View A&M Panthers,Dallas,H,94,53,106.2,57.3,38.6,40.7,48.4
401827040,2025-11-05,Dallas,Prairie View A&M Panthers,A,53,94,51.2,44.0,3.9,24.1,26.0
401826880,2025-11-08,Prairie View A&M Panthers,Wichita State,A,62,105,67.3,33.9,10.4,27.9,47.5
401826880,2025-11-08,Wichita State,Prairie View A&M Panthers,H,105,62,84.5,60.7,21.3,41.2,67.2
401829391,2025-11-22,Prairie View A&M Panthers,UT Martin*,H,68,69,77.7,39.3,23.2,26.8,55.4
401829391,2025-11-22,UT Martin*,Prairie View A&M Panthers,A,69,68,65.2,51.1,19.9,28.1,63.8
401827043,2025-12-06,Prairie View A&M Panthers,Champion Christian,H,124,62,117.4,67.3,34.1,46.2,30.8
401827043,2025-12-06,Champion Christian,Prairie View A&M Panthers,A,62,124,72.4,39.3,11.1,26.5,6.7
401811112,2025-12-13,Prairie View A&M Panthers,South Dakota,A,85,97,75.5,54.5,14.6,28.6,27.3
401811112,2025-12-13,South Dakota,Prairie View A&M Panthers,H,97,85,81.9,51.6,18.3,41.7,72.1
401827044,2025-12-20,Prairie View A&M Panthers,Paul Quinn,H,100,64,102.6,57.9,31.2,25.0,55.6
401827044,2025-12-20,Paul Quinn,Prairie View A&M Panthers,A,64,100,61.5,50.0,6.5,20.6,40.7
401827046,2025-12-29,Prairie View A&M Panthers,Texas A&M,A,82,111,84.7,44.6,16.5,20.0,47.7
401827046,2025-12-29,Texas A&M,Prairie View A&M Panthers,H,111,82,93.6,62.1,22.4,34.1,50.0
401827022,2026-01-05,Prairie View A&M Panthers,Southern,A,89,85,85.4,61.0,25.8,22.6,40.7
401827022,2026-01-05,Southern,Prairie View A&M Panthers,H,85,89,79.6,47.5,21.4,35.9,58.3
401826937,2025-11-05,Presbyterian Blue Hose,Bluefield University,H,105,76,71.1,62.1,11.3,47.1,58.1
401826937,2025-11-05,Bluefield University,Presbyterian Blue Hose,A,76,105,83.2,45.0,18.0,16.7,53.3
401826939,2025-11-12,Presbyterian Blue Hose,South Carolina,A,61,81,58.5,42.4,6.8,36.8,33.9
401826939,2025-11-12,South Carolina,Presbyterian Blue Hose,H,81,61,70.2,49.1,15.7,36.1,56.1
401826940,2025-11-16,Presbyterian Blue Hose,Sacramento State,A,62,64,68.0,41.5,19.1,35.0,35.6
401826940,2025-11-16,Sacramento State,Presbyterian Blue Hose,H,64,62,59.9,47.9,16.7,33.3,52.1
401813761,2025-11-21,Presbyterian Blue Hose,19UCLA,A,46,86,57.1,35.3,12.3,22.9,29.4
401813761,2025-11-21,19UCLA,Presbyterian Blue Hose,H,86,46,72.4,68.6,22.1,26.1,47.1
401826941,2025-11-26,Presbyterian Blue Hose,Columbia International,H,93,50,83.5,70.9,32.4,36.0,40.0
401826941,2025-11-26,Columbia International,Presbyterian Blue Hose,A,50,93,58.3,44.9,17.2,15.6,18.4
401826942,2025-11-30,Presbyterian Blue Hose,The Citadel*,H,69,41,44.2,38.0,2.3,25.0,28.3
401826942,2025-11-30,The Citadel*,Presbyterian Blue Hose,A,41,69,63.3,64.0,28.4,37.5,18.0
401826943,2025-12-03,Presbyterian Blue Hose,Wofford,A,56,63,52.6,41.1,5.7,36.8,28.6
401826943,2025-12-03,Wofford,Presbyterian Blue Hose,H,63,56,77.5,36.8,23.2,34.7,26.5
401826945,2025-12-28,Presbyterian Blue Hose,Truett-McConnell,H,91,64,75.9,57.5,17.1,40.0,37.3
401826945,2025-12-28,Truett-McConnell,Presbyterian Blue Hose,A,64,91,73.5,45.5,19.0,15.2,36.4
401823901,2026-01-03,Presbyterian Blue Hose,South Carolina Upstate,H,86,77,68.4,58.5,14.6,32.1,91.5
401823901,2026-01-03,South Carolina Upstate,Presbyterian Blue Hose,A,77,86,78.5,59.3,24.2,17.2,40.7
401823905,2026-01-07,Presbyterian Blue Hose,Radford,A,61,80,66.5,45.6,21.0,34.2,31.6
401823905,2026-01-07,Radford,Presbyterian Blue Hose,H,80,61,65.6,61.1,16.8,25.0,29.6
401826862,2025-11-13,Princeton Tigers,John Jay College,H,100,59,80.1,59.0,22.5,48.6,23.6
401826862,2025-11-13,John Jay College,Princeton Tigers,A,59,100,62.2,41.3,4.8,20.5,17.5
401830891,2025-11-25,Princeton Tigers,Temple*,H,75,79,68.6,60.4,17.5,13.8,30.2
401830891,2025-11-25,Temple*,Princeton Tigers,A,79,75,72.5,65.4,22.1,8.3,105.1
401830915,2025-11-26,Princeton Tigers,Vermont*,H,74,79,67.7,59.3,14.8,18.9,20.3
401830915,2025-11-26,Vermont*,Princeton Tigers,A,79,74,66.2,58.3,13.6,29.0,21.7
401822669,2025-11-30,Princeton Tigers,Saint Joseph's*,H,58,60,54.3,52.9,9.2,18.8,13.5
401822669,2025-11-30,Saint Joseph's*,Princeton Tigers,A,60,58,59.2,48.1,16.9,31.0,25.0
401826841,2025-12-22,Princeton Tigers,Temple,A,61,65,57.6,46.2,10.4,27.3,30.2
401826841,2025-12-22,Temple,Princeton Tigers,H,65,61,65.1,50.0,21.5,30.3,27.8
401826770,2025-12-30,Princeton Tigers,Vermont,H,75,69,63.0,54.6,11.1,21.2,35.2
401826770,2025-12-30,Vermont,Princeton Tigers,A,69,75,73.6,45.9,21.7,29.7,26.2
401818308,2026-01-10,Princeton Tigers,Yale,H,76,60,57.9,57.3,12.1,32.0,47.9
401818308,2026-01-10,Yale,Princeton Tigers,A,60,76,69.1,39.2,14.5,31.7,23.1
401817518,2025-11-08,Providence Friars,Virginia Tech*,H,101,107,97.5,58.2,20.5,27.9,27.8
401817518,2025-11-08,Virginia Tech*,Providence Friars,A,107,101,87.9,52.0,13.7,28.6,32.9
401826890,2025-11-27,Providence Friars,Wisconsin*,H,83,104,92.4,57.1,19.5,32.6,31.2
401826890,2025-11-27,Wisconsin*,Providence Friars,A,104,83,72.1,53.0,6.9,19.4,22.4
401817169,2025-12-06,Providence Friars,Rhode Island,H,90,71,78.0,70.4,29.5,33.3,35.2
401817169,2025-12-06,Rhode Island,Providence Friars,A,71,90,62.6,57.1,16.0,27.8,25.0
401822872,2025-12-19,Providence Friars,Seton Hall,H,67,72,75.2,44.8,25.2,20.0,62.5
401822872,2025-12-19,Seton Hall,Providence Friars,A,72,67,68.8,50.0,17.4,32.4,49.1
401822882,2026-01-03,Providence Friars,St. John's,A,77,71,75.3,43.8,17.3,36.6,43.8
401822882,2026-01-03,St. John's,Providence Friars,H,71,77,76.6,33.1,17.0,46.3,52.1
401822889,2026-01-07,Providence Friars,4UConn,H,98,103,83.8,60.9,20.3,30.3,42.2
401822889,2026-01-07,4UConn,Providence Friars,A,103,98,95.5,62.0,27.2,27.0,25.4
401822896,2026-01-10,Providence Friars,Xavier,A,84,97,75.0,50.7,5.3,20.0,30.4
401822896,2026-01-10,Xavier,Providence Friars,H,97,84,84.1,57.3,9.5,15.4,20.0
401823637,2025-11-21,Purdue Boilermakers,15Texas Tech*,H,86,56,62.1,65.5,11.3,38.5,25.9
401823637,2025-11-21,15Texas Tech*,Purdue Boilermakers,A,56,86,65.7,40.0,12.2,21.4,23.3
401825393,2025-12-02,Purdue Boilermakers,Rutgers,A,81,65,68.5,55.2,17.5,36.7,34.5
401825393,2025-12-02,Rutgers,Purdue Boilermakers,H,65,81,69.2,51.8,20.2,19.4,19.6
401825417,2026-01-03,Purdue Boilermakers,Wisconsin,A,89,73,84.0,53.5,21.4,32.6,26.8
401825417,2026-01-03,Wisconsin,Purdue Boilermakers,H,73,89,68.3,45.6,13.2,30.3,45.6
401825426,2026-01-07,Purdue Boilermakers,Washington,H,81,73,71.7,60.8,23.7,40.7,20.0
401825426,2026-01-07,Washington,Purdue Boilermakers,A,73,81,72.7,50.8,17.9,25.7,19.0
401823393,2025-11-09,Purdue Fort Wayne Mastodons,Dominican (IL),H,137,56,126.5,77.3,36.4,29.2,28.6
401823393,2025-11-09,Dominican (IL),Purdue Fort Wayne Mastodons,A,56,137,63.2,38.8,9.5,18.4,22.4
401823394,2025-11-12,Purdue Fort Wayne Mastodons,Western Michigan,A,71,83,85.6,41.0,23.4,28.6,22.2
401823394,2025-11-12,Western Michigan,Purdue Fort Wayne Mastodons,H,83,71,72.1,49.3,13.9,42.9,20.5
401823395,2025-11-15,Purdue Fort Wayne Mastodons,Boyce,H,118,68,105.3,63.5,26.6,38.9,35.9
401823395,2025-11-15,Boyce,Purdue Fort Wayne Mastodons,A,68,118,70.7,47.7,8.5,12.5,18.8
401819908,2025-11-18,Purdue Fort Wayne Mastodons,Utah,A,77,85,72.8,54.6,22.0,34.3,12.3
401819908,2025-11-18,Utah,Purdue Fort Wayne Mastodons,H,85,77,65.0,62.5,15.4,34.5,33.9
401817186,2025-11-21,Purdue Fort Wayne Mastodons,Saint Louis,A,60,91,80.7,40.2,26.0,18.6,23.0
401817186,2025-11-21,Saint Louis,Purdue Fort Wayne Mastodons,H,91,60,71.1,61.5,23.9,48.4,27.9
401823396,2025-11-28,Purdue Fort Wayne Mastodons,Holy Cross College (IN),H,92,59,75.8,64.9,18.5,25.8,9.0
401823396,2025-11-28,Holy Cross College (IN),Purdue Fort Wayne Mastodons,A,59,92,73.3,38.6,16.4,26.7,10.0
401817611,2026-01-07,Purdue Fort Wayne Mastodons,Youngstown State,A,71,69,69.5,50.9,21.6,25.7,41.5
401817611,2026-01-07,Youngstown State,Purdue Fort Wayne Mastodons,H,69,71,66.7,48.3,22.5,40.5,23.3
401817617,2026-01-11,Purdue Fort Wayne Mastodons,Robert Morris,A,79,74,62.1,65.7,16.1,26.9,33.3
401817617,2026-01-11,Robert Morris,Purdue Fort Wayne Mastodons,H,74,79,59.8,53.2,10.0,37.8,15.9
401820577,2025-11-03,Quinnipiac Bobcats,5St. John's,A,74,108,74.0,45.5,16.2,32.6,28.4
401820577,2025-11-03,5St. John's,Quinnipiac Bobcats,H,108,74,101.2,62.3,31.6,43.2,49.3
401818299,2025-11-11,Quinnipiac Bobcats,Yale,H,60,97,69.2,43.4,21.7,35.3,18.0
401818299,2025-11-11,Yale,Quinnipiac Bobcats,A,97,60,84.7,67.2,30.7,46.2,21.9
401820579,2025-11-19,Quinnipiac Bobcats,City College NY,H,112,52,97.7,63.9,25.6,43.6,16.9
401820579,2025-11-19,City College NY,Quinnipiac Bobcats,A,52,112,61.8,37.1,0.0,11.1,12.9
401820580,2025-11-25,Quinnipiac Bobcats,UCF,A,91,102,78.6,55.4,15.3,17.1,62.5
401820580,2025-11-25,UCF,Quinnipiac Bobcats,H,102,91,76.8,58.6,10.4,37.8,38.6
401820581,2025-11-30,Quinnipiac Bobcats,Stonehill,H,76,62,87.7,54.1,31.9,23.3,19.7
401820581,2025-11-30,Stonehill,Quinnipiac Bobcats,A,62,76,56.8,45.3,5.3,38.9,12.5
401820583,2025-12-07,Quinnipiac Bobcats,Rider,H,72,58,81.3,47.1,24.6,33.3,12.9
401820583,2025-12-07,Rider,Quinnipiac Bobcats,A,58,72,59.8,43.5,8.4,29.7,12.9
401820584,2025-12-13,Quinnipiac Bobcats,UMass Lowell,H,75,71,80.8,44.4,21.0,34.2,46.0
401820584,2025-12-13,UMass Lowell,Quinnipiac Bobcats,A,71,75,69.2,56.1,17.3,22.2,22.8
401820587,2026-01-11,Quinnipiac Bobcats,Sacred Heart,A,70,60,69.7,50.0,17.2,27.8,23.0
401820587,2026-01-11,Sacred Heart,Quinnipiac Bobcats,H,60,70,57.6,47.3,13.9,30.8,25.5
401826068,2025-11-03,Radford Highlanders,Western Illinois,H,80,75,64.7,58.8,18.5,43.3,60.8
401826068,2025-11-03,Western Illinois,Radford Highlanders,A,75,80,66.5,52.5,19.5,46.9,33.9
401826069,2025-11-07,Radford Highlanders,West Virginia Wesleyan,H,99,61,76.7,64.1,27.4,63.6,16.9
401826069,2025-11-07,West Virginia Wesleyan,Radford Highlanders,A,61,99,75.3,42.7,25.2,26.3,14.5
401823409,2025-11-15,Radford Highlanders,Wright State*,H,59,92,67.0,40.2,14.9,22.5,37.5
401823409,2025-11-15,Wright State*,Radford Highlanders,A,92,59,76.8,61.9,20.8,33.3,45.8
401826071,2025-11-18,Radford Highlanders,South Carolina,A,58,87,71.9,37.3,20.9,23.3,45.5
401826071,2025-11-18,South Carolina,Radford Highlanders,H,87,58,79.1,63.6,25.3,30.4,25.4
401823590,2025-11-21,Radford Highlanders,UNC Wilmington,H,73,81,74.0,51.8,23.0,25.0,33.9
401823590,2025-11-21,UNC Wilmington,Radford Highlanders,A,81,73,74.0,59.5,27.0,45.2,36.2
401817458,2025-11-24,Radford Highlanders,SMU,A,72,89,86.5,41.3,22.0,21.3,26.1
401817458,2025-11-24,SMU,Radford Highlanders,H,89,72,77.2,54.2,20.7,35.1,54.2
401826072,2025-11-29,Radford Highlanders,Notre Dame (MD),H,102,75,81.0,59.2,16.1,39.1,27.6
401826072,2025-11-29,Notre Dame (MD),Radford Highlanders,A,75,102,75.1,49.2,14.7,18.9,27.0
401826073,2025-12-03,Radford Highlanders,Southern Miss,H,75,82,76.8,43.5,16.9,25.0,43.5
401826073,2025-12-03,Southern Miss,Radford Highlanders,A,82,75,76.2,45.8,19.7,37.8,53.3
401812385,2025-12-07,Radford Highlanders,Saint Francis,H,89,56,84.7,63.7,30.7,32.3,22.6
401812385,2025-12-07,Saint Francis,Radford Highlanders,A,56,89,69.3,41.8,21.6,24.4,11.5
401826074,2025-12-18,Radford Highlanders,William & Mary,A,83,96,76.5,49.3,13.1,31.0,31.9
401826074,2025-12-18,William & Mary,Radford Highlanders,H,96,83,88.7,52.3,22.5,33.3,47.0
401823520,2025-12-21,Radford Highlanders,VMI,H,97,90,72.0,66.3,19.4,40.0,81.6
401823520,2025-12-21,VMI,Radford Highlanders,A,90,97,79.3,58.0,24.0,30.0,50.0
401826075,2025-12-28,Radford Highlanders,Shenandoah,H,87,44,80.2,65.8,29.9,36.0,18.3
401826075,2025-12-28,Shenandoah,Radford Highlanders,A,44,87,53.3,38.2,16.9,29.4,13.7
401823896,2025-12-31,Radford Highlanders,South Carolina Upstate,A,76,69,69.4,50.9,14.4,27.8,41.4
401823896,2025-12-31,South Carolina Upstate,Radford Highlanders,H,69,76,70.6,43.2,17.0,35.7,24.2
401823908,2026-01-10,Radford Highlanders,UNC Asheville,H,72,91,83.2,41.5,21.6,21.4,54.2
401823908,2026-01-10,UNC Asheville,Radford Highlanders,A,91,72,73.8,62.9,16.3,27.8,50.0
401817163,2025-11-03,Rhode Island Rams,Stetson,H,93,62,91.4,58.7,35.0,48.4,38.1
401817163,2025-11-03,Stetson,Rhode Island Rams,A,62,93,69.5,45.5,21.6,27.5,40.0
401817164,2025-11-07,Rhode Island Rams,Tulsa*,H,65,82,60.0,52.1,20.0,32.1,39.6
401817164,2025-11-07,Tulsa*,Rhode Island Rams,A,82,65,67.4,62.0,22.3,44.8,44.4
401817165,2025-11-11,Rhode Island Rams,Stonehill,H,80,57,90.5,51.7,33.2,30.3,36.7
401817165,2025-11-11,Stonehill,Rhode Island Rams,A,57,80,61.0,40.4,18.0,31.6,40.4
401817166,2025-11-14,Rhode Island Rams,UAlbany,H,80,61,78.3,46.6,26.8,42.9,47.5
401817166,2025-11-14,UAlbany,Rhode Island Rams,A,61,80,60.6,42.6,18.1,43.9,23.0
401817167,2025-11-18,Rhode Island Rams,Yale,A,86,77,78.5,60.2,28.0,40.0,33.9
401817167,2025-11-18,Yale,Rhode Island Rams,H,77,86,63.5,52.7,17.3,41.9,40.0
401809312,2025-11-24,Rhode Island Rams,Towson*,H,55,62,60.0,49.0,20.0,34.4,38.0
401809312,2025-11-24,Towson*,Rhode Island Rams,A,62,55,58.6,45.0,18.8,29.4,32.0
401830889,2025-11-25,Rhode Island Rams,Vermont*,H,80,65,55.9,51.0,10.7,27.3,47.9
401830889,2025-11-25,Vermont*,Rhode Island Rams,A,65,80,67.0,54.0,20.9,48.4,76.0
401830894,2025-11-26,Rhode Island Rams,Temple*,H,90,75,64.7,51.0,9.3,18.2,67.3
401830894,2025-11-26,Temple*,Rhode Island Rams,A,75,90,79.9,65.5,20.0,16.7,39.7
401826803,2025-11-04,Rice Owls,College Of Biblical Studies,H,109,38,101.8,65.7,38.3,51.5,40.3
401826803,2025-11-04,College Of Biblical Studies,Rice Owls,A,38,109,57.8,32.7,15.6,18.6,19.2
401826805,2025-11-11,Rice Owls,Stephen F. Austin,H,69,81,65.2,40.4,10.7,34.1,59.6
401826805,2025-11-11,Stephen F. Austin,Rice Owls,A,81,69,68.9,58.2,14.5,22.6,41.8
401826807,2025-11-17,Rice Owls,20Tennessee,A,66,91,74.9,40.0,22.7,32.6,41.7
401826807,2025-11-17,20Tennessee,Rice Owls,H,91,66,71.5,56.9,19.6,51.4,33.8
401826808,2025-11-20,Rice Owls,Tarleton State,H,74,90,71.4,50.0,15.4,30.4,38.1
401826808,2025-11-20,Tarleton State,Rice Owls,A,90,74,80.9,61.2,23.5,28.6,43.1
401826809,2025-12-03,Rice Owls,Texas State,H,77,72,72.8,50.0,24.7,38.9,52.7
401826809,2025-12-03,Texas State,Rice Owls,A,72,77,65.0,46.0,12.3,37.5,30.2
401826811,2025-12-17,Rice Owls,Southwestern Christian,H,94,47,80.0,62.3,25.0,42.4,29.2
401826811,2025-12-17,Southwestern Christian,Rice Owls,A,47,94,63.9,33.3,4.7,16.3,9.1
401828155,2025-12-31,Rice Owls,Tulsa,A,48,97,62.1,33.3,14.5,27.3,29.8
401828155,2025-12-31,Tulsa,Rice Owls,H,97,48,77.7,72.5,29.6,44.0,20.0
401828165,2026-01-07,Rice Owls,Wichita State,A,66,64,67.6,48.3,17.8,27.0,27.6
401828165,2026-01-07,Wichita State,Rice Owls,H,64,66,62.7,35.1,9.6,32.6,54.4
401817172,2025-11-05,Richmond Spiders,Southern Virginia,H,84,56,84.5,47.9,21.3,33.3,31.4
401817172,2025-11-05,Southern Virginia,Richmond Spiders,A,56,84,58.8,36.5,3.4,13.2,60.4
401817174,2025-11-11,Richmond Spiders,William & Mary,H,90,86,76.8,43.0,16.9,44.9,71.9
401817174,2025-11-11,William & Mary,Richmond Spiders,A,86,90,90.7,48.4,24.2,22.5,49.2
401817175,2025-11-19,Richmond Spiders,VMI,H,87,54,71.7,66.1,20.9,31.0,23.7
401817175,2025-11-19,VMI,Richmond Spiders,A,54,87,60.5,44.9,18.2,25.0,40.8
401817178,2025-12-13,Richmond Spiders,Southern Illinois,H,93,84,99.8,57.9,26.0,5.7,42.9
401817178,2025-12-13,Southern Illinois,Richmond Spiders,A,84,93,75.9,46.4,13.2,35.7,36.2
401817180,2025-12-20,Richmond Spiders,The Citadel,H,80,56,74.0,59.8,24.3,28.1,33.9
401817180,2025-12-20,The Citadel,Richmond Spiders,A,56,80,63.3,47.3,22.1,26.5,12.7
401828361,2026-01-07,Richmond Spiders,St. Bonaventure,A,89,80,70.2,60.0,15.7,32.3,54.5
401828361,2026-01-07,St. Bonaventure,Richmond Spiders,H,80,89,71.2,50.7,11.2,32.6,18.3
401828368,2026-01-11,Richmond Spiders,Saint Joseph's,H,65,67,81.6,42.2,22.1,19.5,25.0
401828368,2026-01-11,Saint Joseph's,Richmond Spiders,A,67,65,67.8,50.0,14.7,23.7,9.4
401812625,2025-11-03,Rider Broncs,Virginia,A,53,87,55.8,35.7,10.8,32.5,59.2
401812625,2025-11-03,Virginia,Rider Broncs,H,87,53,80.2,53.1,27.4,53.7,53.1
401812626,2025-11-05,Rider Broncs,Rutgers,A,53,81,60.5,29.2,13.2,43.8,27.7
401812626,2025-11-05,Rutgers,Rider Broncs,H,81,53,77.7,46.9,23.2,44.4,51.6
401812627,2025-11-15,Rider Broncs,Eastern University (PA),H,86,54,75.2,58.6,22.6,43.8,51.7
401812627,2025-11-15,Eastern University (PA),Rider Broncs,A,54,86,74.0,29.5,24.3,37.0,31.8
401812628,2025-11-18,Rider Broncs,Texas,A,65,99,67.5,39.5,8.9,21.4,29.0
401812628,2025-11-18,Texas,Rider Broncs,H,99,65,89.2,64.2,21.3,17.6,56.7
401812632,2025-12-22,Rider Broncs,VCU,A,79,100,67.9,47.7,8.8,35.9,39.1
401812632,2025-12-22,VCU,Rider Broncs,H,100,79,80.5,66.9,22.4,34.5,35.5
401813423,2026-01-04,Rider Broncs,Siena,H,65,74,68.2,46.6,22.0,31.4,22.4
401813423,2026-01-04,Siena,Rider Broncs,A,74,65,56.5,51.8,14.2,54.5,39.3
401823400,2025-11-10,Robert Morris Colonials,Geneva,H,93,47,95.2,57.4,36.8,48.7,14.9
401823400,2025-11-10,Geneva,Robert Morris Colonials,A,47,93,49.2,44.4,12.2,22.6,24.4
401823401,2025-11-13,Robert Morris Colonials,Pittsburgh - Greensburg,H,81,57,75.6,50.7,26.5,57.9,22.9
401823401,2025-11-13,Pittsburgh - Greensburg,Robert Morris Colonials,A,57,81,71.5,40.7,21.0,15.4,33.3
401817197,2025-11-20,Robert Morris Colonials,St. Bonaventure,A,61,75,66.2,40.2,18.1,32.5,21.3
401817197,2025-11-20,St. Bonaventure,Robert Morris Colonials,H,75,61,69.1,50.0,21.7,41.7,27.9
401823403,2025-11-26,Robert Morris Colonials,UIC,H,88,74,68.6,60.5,21.9,48.5,25.8
401823403,2025-11-26,UIC,Robert Morris Colonials,A,74,88,81.7,45.1,31.8,46.7,54.1
401823404,2025-11-28,Robert Morris Colonials,Southern Utah,H,61,54,78.7,44.4,31.8,33.3,19.4
401823404,2025-11-28,Southern Utah,Robert Morris Colonials,A,54,61,52.6,42.3,3.8,25.0,30.8
401823405,2025-11-30,Robert Morris Colonials,Stetson,H,80,62,66.7,66.1,21.0,35.7,25.0
401823405,2025-11-30,Stetson,Robert Morris Colonials,A,62,80,59.5,45.2,8.4,20.0,38.5
401823406,2025-12-13,Robert Morris Colonials,Toledo,H,75,70,64.3,49.1,10.9,35.9,48.3
401823406,2025-12-13,Toledo,Robert Morris Colonials,A,70,75,70.2,36.7,8.5,23.8,50.0
401817594,2025-12-17,Robert Morris Colonials,Youngstown State,H,80,77,81.0,48.5,30.9,50.0,31.8
401817594,2025-12-17,Youngstown State,Robert Morris Colonials,A,77,80,57.5,69.8,19.1,36.8,51.2
401812388,2025-12-20,Robert Morris Colonials,Saint Francis,A,79,70,62.9,66.0,17.5,24.0,48.9
401812388,2025-12-20,Saint Francis,Robert Morris Colonials,H,70,79,70.8,53.3,19.8,25.0,16.4
401827435,2025-11-24,Rutgers Scarlet Knights,17Tennessee*,H,60,85,77.1,59.8,29.8,46.9,27.9
401827435,2025-11-24,17Tennessee*,Rutgers Scarlet Knights,A,85,60,62.4,42.3,16.0,28.2,46.2
401831222,2025-11-27,Rutgers Scarlet Knights,UNLV*,H,80,65,67.1,45.6,10.4,37.8,63.2
401831222,2025-11-27,UNLV*,Rutgers Scarlet Knights,A,65,80,75.6,43.7,19.8,24.4,25.4
401826894,2025-12-13,Rutgers Scarlet Knights,Seton Hall,A,59,81,59.5,41.5,18.5,40.5,41.5
401826894,2025-12-13,Seton Hall,Rutgers Scarlet Knights,H,81,59,74.7,58.1,28.1,50.0,19.4
401808952,2025-11-19,SE Louisiana Lions,William Carey,H,71,45,62.2,54.3,20.9,43.8,19.0
401808952,2025-11-19,William Carey,SE Louisiana Lions,A,45,71,64.9,36.2,20.0,20.5,6.9
401823591,2025-11-26,SE Louisiana Lions,UNC Wilmington,A,57,70,66.7,44.0,16.5,20.5,20.7
401823591,2025-11-26,UNC Wilmington,SE Louisiana Lions,H,70,57,61.2,50.0,14.7,31.0,63.8
401808956,2026-01-03,SE Louisiana Lions,Stephen F. Austin,H,63,73,67.2,46.5,19.3,22.9,19.3
401808956,2026-01-03,Stephen F. Austin,SE Louisiana Lions,A,73,63,71.0,46.8,22.5,42.1,30.6
401829341,2025-11-04,SIU Edwardsville Cougars,East-West University,H,119,50,114.2,65.1,38.5,52.9,43.8
401829341,2025-11-04,East-West University,SIU Edwardsville Cougars,A,50,119,67.2,40.9,20.8,17.9,20.0
401829342,2025-11-07,SIU Edwardsville Cougars,UTSA,A,77,60,70.3,53.4,17.1,33.3,44.8
401829342,2025-11-07,UTSA,SIU Edwardsville Cougars,H,60,77,74.0,33.1,13.5,31.5,29.6
401826912,2025-11-17,SIU Edwardsville Cougars,23Wisconsin,A,69,94,59.2,50.9,6.8,25.0,19.0
401826912,2025-11-17,23Wisconsin,SIU Edwardsville Cougars,H,94,69,88.4,56.2,29.4,37.8,36.9
401829343,2025-11-28,SIU Edwardsville Cougars,Missouri Baptist,H,92,55,79.9,58.5,25.0,48.5,35.4
401829343,2025-11-28,Missouri Baptist,SIU Edwardsville Cougars,A,55,92,59.8,43.1,10.0,21.1,13.8
401829275,2025-12-06,SIU Edwardsville Cougars,Western Michigan,H,73,83,82.1,49.2,23.1,23.7,26.6
401829275,2025-12-06,Western Michigan,SIU Edwardsville Cougars,A,83,73,56.0,70.2,12.5,33.3,40.4
401829344,2025-12-14,SIU Edwardsville Cougars,Eureka,H,97,54,101.2,58.6,32.6,35.0,17.1
401829344,2025-12-14,Eureka,SIU Edwardsville Cougars,A,54,97,63.5,39.8,17.3,15.2,36.7
401806413,2025-12-22,SIU Edwardsville Cougars,Western Illinois,A,66,61,76.9,47.1,28.6,28.0,45.1
401806413,2025-12-22,Western Illinois,SIU Edwardsville Cougars,H,61,66,76.5,46.0,26.2,14.3,44.0
401806418,2026-01-01,SIU Edwardsville Cougars,Southern Indiana,H,59,55,61.4,41.5,17.9,38.5,49.1
401806418,2026-01-01,Southern Indiana,SIU Edwardsville Cougars,A,55,59,68.9,40.4,27.6,34.1,48.1
401806425,2026-01-06,SIU Edwardsville Cougars,Lindenwood,H,66,62,70.5,48.1,22.7,25.8,42.3
401806425,2026-01-06,Lindenwood,SIU Edwardsville Cougars,A,62,66,71.1,39.4,19.7,35.6,22.7
401817452,2025-11-03,SMU Mustangs,Tarleton State,H,96,76,78.0,63.0,20.5,28.6,84.0
401817452,2025-11-03,Tarleton State,SMU Mustangs,A,76,96,70.6,46.1,18.4,30.3,68.6
401817453,2025-11-06,SMU Mustangs,Texas A&M-Corpus Christi,H,69,58,71.3,39.0,16.8,31.0,47.5
401817453,2025-11-06,Texas A&M-Corpus Christi,SMU Mustangs,A,58,69,65.5,34.8,10.7,30.8,27.3
401806375,2025-12-03,SMU Mustangs,17Vanderbilt,A,69,88,62.9,43.3,12.7,40.0,38.3
401806375,2025-12-03,17Vanderbilt,SMU Mustangs,H,88,69,81.7,61.9,23.3,21.4,19.0
401817460,2025-12-07,SMU Mustangs,Texas A&M*,H,93,80,88.3,50.8,19.3,23.5,42.4
401817460,2025-12-07,Texas A&M*,SMU Mustangs,A,80,93,81.2,40.8,12.3,35.6,47.9
401826926,2025-11-04,Sacramento State Hornets,Dominican (CA),H,103,79,86.8,60.8,21.9,29.7,44.6
401826926,2025-11-04,Dominican (CA),Sacramento State Hornets,A,79,103,80.0,40.8,11.2,28.0,25.0
401826927,2025-11-07,Sacramento State Hornets,Jessup University,H,86,76,72.8,55.8,13.7,25.6,45.0
401826927,2025-11-07,Jessup University,Sacramento State Hornets,A,76,86,80.2,47.2,18.7,28.3,18.1
401826928,2025-11-11,Sacramento State Hornets,UC Santa Barbara,H,87,92,73.9,61.0,16.2,23.5,39.0
401826928,2025-11-11,UC Santa Barbara,Sacramento State Hornets,A,92,87,78.9,57.9,17.7,28.6,39.7
401826087,2025-11-14,Sacramento State Hornets,UC Davis,A,73,77,74.0,47.5,21.6,31.4,35.6
401826087,2025-11-14,UC Davis,Sacramento State Hornets,H,77,73,68.8,50.0,13.1,25.7,48.2
401813760,2025-11-18,Sacramento State Hornets,19UCLA,A,48,79,69.2,26.9,20.2,28.3,55.6
401813760,2025-11-18,19UCLA,Sacramento State Hornets,H,79,48,81.4,54.3,28.3,33.3,41.4
401826929,2025-11-25,Sacramento State Hornets,San Francisco State,H,94,46,89.6,57.5,22.3,26.8,21.9
401826929,2025-11-25,San Francisco State,Sacramento State Hornets,A,46,94,67.1,27.8,3.0,11.8,27.0
401808541,2026-01-03,Sacramento State Hornets,Weber State,A,82,95,76.4,51.5,17.0,29.5,36.9
401808541,2026-01-03,Weber State,Sacramento State Hornets,H,95,82,81.2,58.5,20.9,34.4,57.6
401823724,2025-11-04,Sacred Heart Pioneers,Merchant Marine Academy,H,103,46,81.3,65.1,28.3,58.3,9.2
401823724,2025-11-04,Merchant Marine Academy,Sacred Heart Pioneers,A,46,103,59.3,41.0,20.2,20.0,18.0
401823563,2025-11-11,Sacred Heart Pioneers,Villanova,A,60,94,60.4,51.8,19.9,28.1,5.4
401823563,2025-11-11,Villanova,Sacred Heart Pioneers,H,94,60,79.8,72.6,33.8,42.9,9.7
401823452,2025-11-15,Sacred Heart Pioneers,Queens University,A,64,81,70.2,43.1,18.5,30.2,16.9
401823452,2025-11-15,Queens University,Sacred Heart Pioneers,H,81,64,73.8,62.7,27.1,32.1,13.6
401823728,2025-12-16,Sacred Heart Pioneers,UMass Lowell,A,82,87,66.2,60.7,10.6,21.9,18.0
401823728,2025-12-16,UMass Lowell,Sacred Heart Pioneers,H,87,82,82.6,53.4,21.8,35.6,21.9
401823730,2025-12-22,Sacred Heart Pioneers,Towson,A,47,72,59.5,39.7,18.5,26.3,1.7
401823730,2025-12-22,Towson,Sacred Heart Pioneers,H,72,47,73.7,52.4,25.8,37.1,19.4
401812250,2025-11-06,Saint Francis Red Flash,TCU,A,63,104,70.8,46.0,14.1,13.2,9.5
401812250,2025-11-06,TCU,Saint Francis Red Flash,H,104,63,78.3,61.5,19.2,46.9,43.1
401830883,2025-11-26,Saint Francis Red Flash,Troy*,H,64,74,75.2,50.9,27.9,40.0,55.6
401830883,2025-11-26,Troy*,Saint Francis Red Flash,A,74,64,64.6,47.3,20.1,31.4,29.1
401812383,2025-11-29,Saint Francis Red Flash,Franciscan University,H,85,60,65.3,57.0,13.8,48.3,49.1
401812383,2025-11-29,Franciscan University,Saint Francis Red Flash,A,60,85,91.2,34.7,27.4,22.6,18.1
401812384,2025-12-01,Saint Francis Red Flash,Xavier,A,74,96,70.1,50.8,11.4,17.1,24.6
401812384,2025-12-01,Xavier,Saint Francis Red Flash,H,96,74,89.1,55.8,21.3,33.3,19.5
401812382,2025-12-03,Saint Francis Red Flash,Penn State-Shenango,H,100,41,83.8,56.0,17.9,43.5,11.9
401812382,2025-12-03,Penn State-Shenango,Saint Francis Red Flash,A,41,100,71.8,25.7,11.1,20.0,14.3
401812386,2025-12-14,Saint Francis Red Flash,Temple,A,67,95,69.2,49.2,17.3,27.0,21.3
401812386,2025-12-14,Temple,Saint Francis Red Flash,H,95,67,78.7,72.8,22.9,13.6,24.6
401812389,2026-01-08,Saint Francis Red Flash,Wagner,A,71,69,67.0,51.9,20.9,28.1,35.8
401812389,2026-01-08,Wagner,Saint Francis Red Flash,H,69,71,66.0,48.3,19.7,41.7,32.2
401817519,2025-11-12,Saint Joseph's Hawks,Virginia Tech,A,59,94,59.4,41.0,6.7,33.3,7.5
401817519,2025-11-12,Virginia Tech,Saint Joseph's Hawks,H,94,59,91.7,59.6,27.3,32.4,16.4
401820399,2025-11-20,Saint Joseph's Hawks,UNLV,A,85,99,76.2,46.9,10.5,28.3,52.3
401820399,2025-11-20,UNLV,Saint Joseph's Hawks,H,99,85,85.3,47.8,21.1,51.0,71.0
401822668,2025-11-25,Saint Joseph's Hawks,Rutgers-Camden,H,100,61,71.9,60.6,18.1,64.3,34.8
401822668,2025-11-25,Rutgers-Camden,Saint Joseph's Hawks,A,61,100,78.8,38.0,14.0,21.6,10.7
401831239,2025-12-06,Saint Joseph's Hawks,Temple*,H,70,69,66.4,43.2,19.6,44.7,40.7
401831239,2025-12-06,Temple*,Saint Joseph's Hawks,A,69,70,58.0,44.8,13.8,48.6,36.2
401817480,2025-12-11,Saint Joseph's Hawks,Syracuse,A,63,71,64.8,40.2,15.4,33.3,48.2
401817480,2025-12-11,Syracuse,Saint Joseph's Hawks,H,71,63,72.3,52.8,16.6,16.7,52.8
401822733,2025-12-28,Saint Joseph's Hawks,Arcadia,H,87,65,70.9,55.6,19.8,47.4,39.7
401822733,2025-12-28,Arcadia,Saint Joseph's Hawks,A,65,87,67.1,41.7,11.9,29.2,22.7
401828349,2025-12-31,Saint Joseph's Hawks,Saint Louis,A,79,102,64.4,49.2,7.8,35.9,38.7
401828349,2025-12-31,Saint Louis,Saint Joseph's Hawks,H,102,79,67.2,79.2,13.4,28.0,18.3
401817182,2025-11-03,Saint Louis Billikens,Southeast Missouri State,H,92,67,72.0,56.0,12.5,38.9,31.3
401817182,2025-11-03,Southeast Missouri State,Saint Louis Billikens,A,67,92,86.3,39.5,22.0,14.9,41.9
401817184,2025-11-10,Saint Louis Billikens,Lindenwood,H,109,66,94.7,76.3,35.9,47.8,54.4
401817184,2025-11-10,Lindenwood,Saint Louis Billikens,A,66,109,79.3,47.3,27.7,27.8,47.3
401817187,2025-11-27,Saint Louis Billikens,Santa Clara*,H,71,70,66.0,50.0,12.1,28.6,32.2
401817187,2025-11-27,Santa Clara*,Saint Louis Billikens,A,70,71,66.5,41.9,9.0,30.8,35.5
401830750,2025-11-28,Saint Louis Billikens,Stanford*,H,77,78,69.3,41.8,11.5,34.2,45.9
401830750,2025-11-28,Stanford*,Saint Louis Billikens,A,78,77,76.4,47.7,18.3,30.2,37.5
401817190,2025-12-13,Saint Louis Billikens,San Francisco,H,85,75,74.9,54.0,18.7,36.1,40.3
401817190,2025-12-13,San Francisco,Saint Louis Billikens,A,75,85,73.0,48.4,15.1,24.4,33.9
401817193,2025-12-28,Saint Louis Billikens,Principia College,H,114,33,86.6,66.2,25.4,58.8,20.8
401817193,2025-12-28,Principia College,Saint Louis Billikens,A,33,114,68.6,18.3,11.7,13.7,26.7
401828362,2026-01-07,Saint Louis Billikens,VCU,A,71,62,80.6,47.6,19.9,15.4,25.4
401828362,2026-01-07,VCU,Saint Louis Billikens,H,62,71,78.4,33.3,16.6,20.0,38.1
401829477,2025-11-03,Saint Mary's Gaels,St. Thomas-Minnesota,H,84,58,69.0,60.5,20.3,36.7,33.3
401829477,2025-11-03,St. Thomas-Minnesota,Saint Mary's Gaels,A,58,84,66.8,51.9,19.5,11.8,18.9
401829505,2025-11-22,Saint Mary's Gaels,UC Merced,H,96,42,82.8,59.4,25.4,43.2,45.3
401829505,2025-11-22,UC Merced,Saint Mary's Gaels,A,42,96,62.1,29.6,16.1,21.4,27.8
401826881,2025-11-26,Saint Mary's Gaels,Wichita State*,H,70,65,68.0,44.6,17.6,25.7,33.9
401826881,2025-11-26,Wichita State*,Saint Mary's Gaels,A,65,70,72.3,40.7,18.0,30.8,44.1
401830753,2025-11-27,Saint Mary's Gaels,Virginia Tech*,H,77,66,78.5,36.0,24.2,39.1,29.4
401830753,2025-11-27,Virginia Tech*,Saint Mary's Gaels,A,66,77,62.0,57.4,16.1,40.7,35.2
401830879,2025-11-28,Saint Mary's Gaels,24Vanderbilt*,H,71,96,86.5,58.2,23.1,31.4,32.8
401830879,2025-11-28,24Vanderbilt*,Saint Mary's Gaels,A,96,71,61.5,51.0,9.8,20.7,38.5
401829186,2026-01-04,Saint Mary's Gaels,Seattle U,H,93,76,59.0,61.1,6.8,58.6,30.2
401829186,2026-01-04,Seattle U,Saint Mary's Gaels,A,76,93,64.3,55.5,6.2,19.4,10.9
401829196,2026-01-10,Saint Mary's Gaels,Washington State,H,88,82,75.5,60.7,23.8,28.6,35.7
401829196,2026-01-10,Washington State,Saint Mary's Gaels,A,82,88,78.0,61.8,26.9,25.0,34.5
401826891,2025-11-03,Saint Peter's Peacocks,Seton Hall,A,50,77,51.5,33.3,9.7,38.5,43.1
401826891,2025-11-03,Seton Hall,Saint Peter's Peacocks,H,77,50,74.1,52.2,31.0,39.3,80.0
401822736,2025-11-12,Saint Peter's Peacocks,VCU,A,61,78,68.0,36.1,22.1,39.5,31.1
401822736,2025-11-12,VCU,Saint Peter's Peacocks,H,78,61,70.6,53.1,25.5,39.4,71.4
401826763,2025-11-22,Saint Peter's Peacocks,UMass Lowell,H,68,66,73.7,44.7,19.0,28.6,18.2
401826763,2025-11-22,UMass Lowell,Saint Peter's Peacocks,A,66,68,55.8,54.3,16.1,40.6,63.0
401831279,2025-12-22,Saint Peter's Peacocks,Centenary (NJ),H,116,50,123.1,70.9,45.5,45.5,23.0
401831279,2025-12-22,Centenary (NJ),Saint Peter's Peacocks,A,50,116,53.6,40.4,11.2,21.2,34.0
401823330,2025-11-03,Sam Houston Bearkats,LeTourneau,H,95,59,80.9,48.7,17.3,46.7,32.9
401823330,2025-11-03,LeTourneau,Sam Houston Bearkats,A,59,95,72.4,29.4,13.8,24.0,38.1
401819899,2025-11-07,Sam Houston Bearkats,10Texas Tech,A,77,98,68.5,48.5,17.5,45.0,30.8
401819899,2025-11-07,10Texas Tech,Sam Houston Bearkats,H,98,77,78.4,60.3,24.2,50.0,74.1
401819907,2025-11-15,Sam Houston Bearkats,Utah,A,79,85,82.2,48.6,21.9,28.6,18.6
401819907,2025-11-15,Utah,Sam Houston Bearkats,H,85,79,75.2,50.8,22.6,43.2,50.0
401823331,2025-11-19,Sam Houston Bearkats,Wyoming,H,78,70,77.7,47.1,27.0,33.3,63.5
401823331,2025-11-19,Wyoming,Sam Houston Bearkats,A,70,78,64.5,49.2,14.0,38.6,35.5
401823332,2025-11-22,Sam Houston Bearkats,Schreiner,H,105,54,78.5,64.1,19.1,48.6,28.2
401823332,2025-11-22,Schreiner,Sam Houston Bearkats,A,54,105,83.3,30.9,14.4,21.7,8.6
401823355,2025-12-06,Sam Houston Bearkats,Texas Southern,A,82,70,82.2,46.8,21.9,35.0,50.8
401823355,2025-12-06,Texas Southern,Sam Houston Bearkats,H,70,82,75.3,37.1,13.3,29.2,42.4
401823357,2025-12-28,Sam Houston Bearkats,College Of Biblical Studies,H,117,57,81.3,63.3,18.4,62.5,32.9
401823357,2025-12-28,College Of Biblical Studies,Sam Houston Bearkats,A,57,117,75.2,35.9,17.3,25.5,15.5
401804857,2026-01-02,Sam Houston Bearkats,Western Kentucky,A,91,102,85.0,53.4,23.5,38.6,26.0
401804857,2026-01-02,Western Kentucky,Sam Houston Bearkats,H,102,91,78.8,55.4,17.8,48.9,36.5
401826842,2025-11-03,Samford Bulldogs,Tulane,A,72,85,59.1,50.8,8.5,36.6,27.9
401826842,2025-11-03,Tulane,Samford Bulldogs,H,85,72,81.2,68.9,29.6,8.7,24.5
401829277,2025-11-07,Samford Bulldogs,South Carolina State,H,82,72,73.6,54.7,16.3,26.5,69.8
401829277,2025-11-07,South Carolina State,Samford Bulldogs,A,72,82,71.5,50.0,16.8,18.8,31.6
401827004,2025-11-12,Samford Bulldogs,Texas Southern,A,93,90,78.9,55.3,11.4,20.0,77.2
401827004,2025-11-12,Texas Southern,Samford Bulldogs,H,90,93,80.0,58.5,13.8,15.8,32.3
401826951,2025-11-26,Samford Bulldogs,Utah Valley*,H,45,89,81.1,62.1,25.9,32.1,24.2
401826951,2025-11-26,Utah Valley*,Samford Bulldogs,A,89,45,70.7,29.9,18.4,30.0,17.9
401822739,2025-12-05,Samford Bulldogs,VCU,A,57,83,68.0,36.7,11.8,20.5,31.7
401822739,2025-12-05,VCU,Samford Bulldogs,H,83,57,69.5,53.8,15.8,40.5,33.8
401829435,2025-12-15,Samford Bulldogs,Bryan (TN),H,106,51,93.9,68.8,27.7,23.3,35.9
401829435,2025-12-15,Bryan (TN),Samford Bulldogs,A,51,106,65.9,36.0,9.1,20.8,5.9
401829436,2025-12-19,Samford Bulldogs,Reinhardt,H,85,49,74.1,55.6,16.2,37.2,21.1
401829436,2025-12-19,Reinhardt,Samford Bulldogs,A,49,85,63.2,32.8,3.2,16.3,17.2
401809227,2026-01-01,Samford Bulldogs,VMI,A,78,58,66.8,55.4,12.0,26.3,48.2
401809227,2026-01-01,VMI,Samford Bulldogs,H,58,78,63.7,39.5,9.4,23.8,19.4
401809231,2026-01-03,Samford Bulldogs,UNC Greensboro,A,82,89,63.4,56.7,6.3,30.8,40.0
401809231,2026-01-03,UNC Greensboro,Samford Bulldogs,H,89,82,75.2,56.8,15.9,28.6,50.8
401809316,2026-01-07,Samford Bulldogs,Western Carolina,H,82,77,72.0,54.3,16.7,25.8,36.2
401809316,2026-01-07,Western Carolina,Samford Bulldogs,A,77,82,67.9,45.1,14.7,40.5,41.0
401823763,2025-11-18,San Diego State Aztecs,Troy,H,107,108,85.8,53.7,17.5,45.5,70.6
401823763,2025-11-18,Troy,San Diego State Aztecs,A,108,107,104.4,52.8,27.8,36.2,59.7
401823766,2025-12-03,San Diego State Aztecs,Utah Valley,H,77,66,78.3,49.1,26.8,36.4,50.0
401823766,2025-12-03,Utah Valley,San Diego State Aztecs,A,66,77,69.1,50.9,26.0,32.4,27.3
401823769,2025-12-22,San Diego State Aztecs,Whittier,H,121,59,90.0,63.7,23.3,64.9,22.6
401823769,2025-12-22,Whittier,San Diego State Aztecs,A,59,121,68.5,39.8,11.7,18.2,33.9
401823770,2025-12-30,San Diego State Aztecs,San José State,A,81,68,73.3,58.5,25.9,39.3,49.1
401823770,2025-12-30,San José State,San Diego State Aztecs,H,68,81,72.4,39.7,20.7,33.3,41.4
401824110,2025-11-04,San Diego Toreros,Occidental,H,88,59,92.4,60.7,35.7,39.4,7.1
401824110,2025-11-04,Occidental,San Diego Toreros,A,59,88,67.8,40.2,13.3,25.6,12.1
401824112,2025-11-21,San Diego Toreros,UC Riverside,H,71,85,66.0,46.7,13.6,36.1,31.1
401824112,2025-11-21,UC Riverside,San Diego Toreros,A,85,71,73.9,61.8,23.0,34.5,45.5
401824113,2025-12-05,San Diego Toreros,San José State,A,69,86,86.1,39.4,30.2,38.8,23.9
401824113,2025-12-05,San José State,San Diego Toreros,H,86,69,66.8,60.9,21.0,57.7,49.1
401824114,2025-12-09,San Diego Toreros,USC,H,81,94,90.4,46.2,28.8,30.2,36.4
401824114,2025-12-09,USC,San Diego Toreros,A,94,81,78.6,71.3,26.7,24.0,74.5
401824116,2025-12-19,San Diego Toreros,UC San Diego,A,82,80,70.2,53.7,18.5,39.5,16.4
401824116,2025-12-19,UC San Diego,San Diego Toreros,H,80,82,76.6,57.6,23.5,27.6,27.1
401824117,2025-12-22,San Diego Toreros,Washington,A,56,86,64.2,43.9,14.0,17.5,19.3
401824117,2025-12-22,Washington,San Diego Toreros,H,86,56,81.8,50.8,23.2,38.2,46.8
401829179,2026-01-02,San Diego Toreros,San Francisco,A,64,74,69.7,46.6,12.9,9.1,20.7
401829179,2026-01-02,San Francisco,San Diego Toreros,H,74,64,72.1,46.9,15.3,35.3,26.2
401829185,2026-01-04,San Diego Toreros,Santa Clara,A,70,98,79.2,50.8,25.3,18.9,21.7
401829185,2026-01-04,Santa Clara,San Diego Toreros,H,98,70,82.8,59.5,27.8,51.4,13.5
401826724,2025-11-03,San Francisco Dons,UC Santa Cruz,H,98,53,78.7,61.6,21.6,43.8,20.3
401826724,2025-11-03,UC Santa Cruz,San Francisco Dons,A,53,98,73.7,38.4,20.4,10.3,25.0
401829166,2025-12-28,San Francisco Dons,Seattle U,A,67,59,67.4,42.9,11.9,22.2,42.9
401829166,2025-12-28,Seattle U,San Francisco Dons,H,59,67,82.5,30.1,19.4,29.4,24.7
401819905,2025-11-03,San José State Spartans,Utah,A,75,84,70.5,50.8,14.2,32.5,27.7
401819905,2025-11-03,Utah,San José State Spartans,H,84,75,78.0,58.1,25.6,36.1,30.6
401829324,2025-11-08,San José State Spartans,UC Santa Barbara,A,74,85,63.0,57.0,22.2,44.0,42.0
401829324,2025-11-08,UC Santa Barbara,San José State Spartans,H,85,74,69.0,68.3,26.1,41.7,36.5
401829325,2025-11-17,San José State Spartans,Bethesda University,H,110,56,72.5,74.2,16.6,55.2,33.3
401829325,2025-11-17,Bethesda University,San José State Spartans,A,56,110,75.6,34.4,15.9,11.4,26.2
401827014,2025-11-21,San José State Spartans,Southern,H,80,66,65.8,54.7,18.2,39.4,54.7
401827014,2025-11-21,Southern,San José State Spartans,A,66,80,65.7,45.1,13.7,28.9,23.0
401828284,2025-11-25,San José State Spartans,Tulsa*,H,51,81,52.8,38.6,7.6,32.5,17.5
401828284,2025-11-25,Tulsa*,San José State Spartans,A,81,51,67.8,65.2,22.1,30.8,17.9
401829326,2025-11-30,San José State Spartans,UC Irvine,H,63,72,74.2,37.9,22.9,39.6,18.6
401829326,2025-11-30,UC Irvine,San José State Spartans,A,72,63,60.6,52.5,8.2,33.3,23.0
401817472,2025-12-13,San José State Spartans,Stanford,H,82,86,83.5,50.0,25.1,33.3,31.2
401817472,2025-12-13,Stanford,San José State Spartans,A,86,82,58.8,70.7,18.7,60.0,63.0
401827935,2026-01-03,San José State Spartans,Utah State,A,78,96,68.5,53.6,20.5,37.5,39.3
401827935,2026-01-03,Utah State,San José State Spartans,H,96,78,72.3,69.4,22.1,41.7,48.1
401824118,2025-11-04,Santa Clara Broncos,Humboldt State,H,83,53,85.3,54.1,25.8,35.0,9.5
401824118,2025-11-04,Humboldt State,Santa Clara Broncos,A,53,83,60.8,37.9,6.6,23.3,16.1
401823559,2025-11-10,Santa Clara Broncos,Xavier,A,87,68,80.1,58.6,25.0,37.5,26.6
401823559,2025-11-10,Xavier,Santa Clara Broncos,H,68,87,74.2,38.4,20.2,30.2,60.7
401824028,2025-12-03,Santa Clara Broncos,Utah Tech,H,90,80,87.2,54.6,26.4,45.0,17.1
401824028,2025-12-03,Utah Tech,Santa Clara Broncos,A,80,90,68.8,57.1,23.3,43.8,12.7
401817468,2025-11-21,Seattle U Redhawks,Stanford,A,77,69,63.4,54.8,9.5,23.1,46.2
401817468,2025-11-21,Stanford,Seattle U Redhawks,H,69,77,78.9,42.1,22.8,32.6,39.7
401824127,2025-11-28,Seattle U Redhawks,Texas State*,H,66,52,65.1,57.1,20.0,17.9,34.7
401824127,2025-11-28,Texas State*,Seattle U Redhawks,A,52,66,60.8,41.1,23.0,37.1,14.3
401831226,2025-11-29,Seattle U Redhawks,UC Santa Barbara*,H,71,74,55.9,55.3,17.9,50.0,53.2
401831226,2025-11-29,UC Santa Barbara*,Seattle U Redhawks,A,74,71,67.5,59.4,20.8,20.0,45.8
401824128,2025-12-03,Seattle U Redhawks,Puget Sound,H,97,43,90.0,53.0,31.1,61.5,59.7
401824128,2025-12-03,Puget Sound,Seattle U Redhawks,A,43,97,58.7,35.3,15.3,17.9,23.5
401824129,2025-12-07,Seattle U Redhawks,UTEP,H,75,68,68.4,56.9,23.4,32.3,47.1
401824129,2025-12-07,UTEP,Seattle U Redhawks,A,68,75,73.2,51.8,24.6,25.8,22.8
401824130,2025-12-13,Seattle U Redhawks,Warner Pacific,H,115,60,95.1,66.7,27.3,46.7,22.7
401824130,2025-12-13,Warner Pacific,Seattle U Redhawks,A,60,115,70.2,41.1,8.6,9.5,21.0
401824131,2025-12-17,Seattle U Redhawks,UC Davis,A,79,78,77.6,50.8,24.5,38.5,24.2
401824131,2025-12-17,UC Davis,Seattle U Redhawks,H,78,79,73.0,57.0,16.4,15.6,33.3
401824132,2025-12-19,Seattle U Redhawks,Washington,H,70,66,75.8,41.5,15.8,22.9,45.8
401824132,2025-12-19,Washington,Seattle U Redhawks,A,66,70,78.0,37.7,24.4,38.1,32.3
401824133,2025-12-22,Seattle U Redhawks,UTSA,A,71,68,83.3,41.9,26.4,31.0,41.9
401824133,2025-12-22,UTSA,Seattle U Redhawks,H,68,71,72.7,50.0,20.6,21.2,20.3
401829174,2025-12-30,Seattle U Redhawks,Washington State,H,69,55,75.9,53.2,25.0,6.5,53.2
401829174,2025-12-30,Washington State,Seattle U Redhawks,A,55,69,62.9,32.8,20.7,49.0,35.9
401826892,2025-11-07,Seton Hall Pirates,Wagner,H,68,61,74.4,45.9,29.6,50.0,39.3
401826892,2025-11-07,Wagner,Seton Hall Pirates,A,61,68,56.7,57.1,19.4,31.0,24.5
401831196,2025-11-25,Seton Hall Pirates,USC*,H,81,83,64.0,56.5,17.2,40.7,82.6
401831196,2025-11-25,USC*,Seton Hall Pirates,A,83,81,80.5,60.5,24.8,17.2,31.6
401831201,2025-11-26,Seton Hall Pirates,Washington State*,H,75,61,68.6,46.2,24.8,30.0,30.2
401831201,2025-11-26,Washington State*,Seton Hall Pirates,A,61,75,79.2,60.4,34.1,29.2,24.5
401822876,2025-12-23,Seton Hall Pirates,Villanova,H,56,64,77.6,35.7,29.6,34.8,25.4
401822876,2025-12-23,Villanova,Seton Hall Pirates,A,64,56,53.6,60.0,16.8,29.6,35.6
401817195,2025-11-12,Siena Saints,St. Bonaventure,A,66,75,64.4,45.3,23.3,45.5,45.3
401817195,2025-11-12,St. Bonaventure,Siena Saints,H,75,66,74.1,55.1,28.3,43.3,25.4
401822834,2025-11-21,Siena Saints,UAlbany,H,73,63,65.5,53.9,22.9,38.5,39.2
401822834,2025-11-21,UAlbany,Siena Saints,A,63,73,57.5,58.9,15.6,20.0,40.0
401822837,2025-12-17,Siena Saints,Vermont,A,69,83,70.2,43.3,11.4,26.8,19.4
401822837,2025-12-17,Vermont,Siena Saints,H,83,69,74.5,58.8,18.8,20.0,35.1
401823468,2025-11-03,South Alabama Jaguars,Toledo,A,76,74,66.2,61.2,19.6,35.5,22.4
401823468,2025-11-03,Toledo,South Alabama Jaguars,H,74,76,64.3,60.9,17.1,19.4,16.4
401831377,2025-11-08,South Alabama Jaguars,Spring Hill,H,99,50,95.9,57.6,31.3,42.9,34.7
401831377,2025-11-08,Spring Hill,South Alabama Jaguars,A,50,99,60.4,39.5,8.3,18.2,4.8
401826854,2025-11-21,South Alabama Jaguars,UAB,A,72,80,69.8,52.8,14.3,18.2,50.9
401826854,2025-11-21,UAB,South Alabama Jaguars,H,80,72,60.0,54.9,6.7,39.5,34.4
401831376,2025-11-30,South Alabama Jaguars,UTSA,A,82,58,75.0,50.8,21.3,41.7,29.2
401831376,2025-11-30,UTSA,South Alabama Jaguars,H,58,82,71.0,35.4,12.7,32.1,2.5
401808578,2025-12-17,South Alabama Jaguars,UL Monroe,A,96,92,95.0,59.6,26.3,20.0,27.9
401808578,2025-12-17,UL Monroe,South Alabama Jaguars,H,92,96,87.0,58.6,26.4,27.8,32.8
401808586,2025-12-20,South Alabama Jaguars,Texas State,A,65,67,65.5,49.0,13.8,19.4,42.3
401808586,2025-12-20,Texas State,South Alabama Jaguars,H,67,65,64.5,39.2,20.2,46.3,36.7
401831555,2025-12-29,South Alabama Jaguars,Mobile,H,85,52,80.3,56.1,18.7,15.6,49.1
401831555,2025-12-29,Mobile,South Alabama Jaguars,A,52,85,63.3,37.7,7.9,13.3,11.5
401808599,2026-01-03,South Alabama Jaguars,Troy,A,49,59,51.0,35.0,3.9,30.6,42.0
401808599,2026-01-03,Troy,South Alabama Jaguars,H,59,49,58.3,45.1,15.4,36.6,11.5
401827257,2025-11-09,South Carolina Gamecocks,Southern Miss,H,83,79,68.0,51.6,8.8,28.6,32.8
401827257,2025-11-09,Southern Miss,South Carolina Gamecocks,A,79,83,89.0,47.0,28.1,32.5,31.3
401806372,2025-12-02,South Carolina Gamecocks,Virginia Tech,H,83,86,79.3,51.7,13.9,13.9,46.7
401806372,2025-12-02,Virginia Tech,South Carolina Gamecocks,A,86,83,76.0,54.5,7.9,20.7,31.8
401825207,2025-12-06,South Carolina Gamecocks,Stetson,H,82,51,59.7,65.5,15.1,45.5,21.8
401825207,2025-12-06,Stetson,South Carolina Gamecocks,A,51,82,68.5,35.7,17.5,20.5,32.1
401829424,2025-12-13,South Carolina Gamecocks,The Citadel,H,71,55,67.0,44.9,13.4,33.3,35.6
401829424,2025-12-13,The Citadel,South Carolina Gamecocks,A,55,71,62.5,38.6,9.6,25.6,35.1
401829282,2025-12-22,South Carolina Gamecocks,South Carolina State,H,95,70,69.1,65.3,18.8,47.6,73.5
401829282,2025-12-22,South Carolina State,South Carolina Gamecocks,A,70,95,74.6,49.2,21.4,29.7,25.8
401828273,2025-12-30,South Carolina Gamecocks,UAlbany,H,96,67,78.1,72.7,29.5,38.1,30.9
401828273,2025-12-30,UAlbany,South Carolina Gamecocks,A,67,96,59.8,48.4,18.4,47.2,12.9
401808148,2026-01-03,South Carolina Gamecocks,11Vanderbilt,H,71,83,72.5,49.1,15.2,14.7,31.0
401808148,2026-01-03,11Vanderbilt,South Carolina Gamecocks,A,83,71,61.5,59.6,6.5,28.6,31.6
401829279,2025-11-23,South Carolina State Bulldogs,South Dakota,A,81,82,82.0,50.8,30.5,43.2,29.7
401829279,2025-11-23,South Dakota,South Carolina State Bulldogs,H,82,81,67.3,52.5,20.8,55.3,45.9
401827069,2025-11-29,South Carolina State Bulldogs,Winthrop,A,79,101,71.7,56.3,18.1,28.6,19.0
401827069,2025-11-29,Winthrop,South Carolina State Bulldogs,H,101,79,76.1,64.7,21.0,48.4,22.1
401823496,2025-12-12,South Carolina State Bulldogs,Queens University,A,78,102,72.5,48.5,19.3,43.9,26.5
401823496,2025-12-12,Queens University,South Carolina State Bulldogs,H,102,78,85.8,60.6,24.5,40.5,43.9
401827064,2025-12-16,South Carolina State Bulldogs,South Carolina Upstate,H,72,78,66.2,57.3,15.1,19.2,23.6
401827064,2025-12-16,South Carolina Upstate,South Carolina State Bulldogs,A,78,72,73.9,58.5,24.4,33.3,47.2
401829281,2025-12-19,South Carolina State Bulldogs,Brewton-Parker,H,68,54,62.2,56.9,25.7,44.0,25.5
401829281,2025-12-19,Brewton-Parker,South Carolina State Bulldogs,A,54,68,62.6,42.7,19.2,17.2,33.3
401829283,2025-12-30,South Carolina State Bulldogs,19Tennessee,A,54,105,64.5,40.0,9.3,15.8,36.4
401829283,2025-12-30,19Tennessee,South Carolina State Bulldogs,H,105,54,74.7,67.2,20.1,66.7,51.6
401827059,2025-11-08,South Carolina Upstate Spartans,Southern Virginia,H,105,46,97.9,55.8,24.5,34.9,32.5
401827059,2025-11-08,Southern Virginia,South Carolina Upstate Spartans,A,46,105,58.1,33.6,5.2,21.3,25.9
401827060,2025-11-12,South Carolina Upstate Spartans,Bob Jones,H,114,53,90.9,71.3,27.5,46.7,36.8
401827060,2025-11-12,Bob Jones,South Carolina Upstate Spartans,A,53,114,70.2,37.9,14.2,15.2,17.7
401823589,2025-11-15,South Carolina Upstate Spartans,UNC Wilmington,A,60,73,64.5,42.7,21.7,35.1,32.7
401823589,2025-11-15,UNC Wilmington,South Carolina Upstate Spartans,H,73,60,68.3,46.4,24.9,50.0,50.0
401826831,2025-11-19,South Carolina Upstate Spartans,Tennessee Tech,H,84,88,89.8,51.5,24.5,23.8,41.5
401826831,2025-11-19,Tennessee Tech,South Carolina Upstate Spartans,A,88,84,72.2,56.4,16.6,34.5,58.2
401825385,2025-11-21,South Carolina Upstate Spartans,West Georgia,A,64,72,82.6,39.1,25.4,30.6,23.2
401825385,2025-11-21,West Georgia,South Carolina Upstate Spartans,H,72,64,60.7,49.2,9.9,40.0,19.0
401826754,2025-12-06,South Carolina Upstate Spartans,Western Carolina,H,78,67,70.2,52.9,17.1,21.9,58.8
401826754,2025-12-06,Western Carolina,South Carolina Upstate Spartans,A,67,78,80.3,37.9,22.4,21.4,48.3
401827065,2025-12-17,South Carolina Upstate Spartans,Southern Wesleyan,H,98,63,81.1,66.2,22.2,33.3,26.2
401827065,2025-12-17,Southern Wesleyan,South Carolina Upstate Spartans,A,63,98,67.5,36.8,10.4,31.4,26.5
401823006,2025-12-20,South Carolina Upstate Spartans,Youngstown State,A,65,74,63.9,43.4,11.0,22.9,47.2
401823006,2025-12-20,Youngstown State,South Carolina Upstate Spartans,H,74,65,68.8,50.0,16.0,27.8,53.7
401823909,2026-01-10,South Carolina Upstate Spartans,Winthrop,H,50,71,69.7,36.4,21.5,18.4,25.5
401823909,2026-01-10,Winthrop,South Carolina Upstate Spartans,A,71,50,68.0,48.4,22.1,42.9,30.6
401811101,2025-11-03,South Dakota Coyotes,Utah Tech,H,79,81,79.6,39.4,13.8,31.8,53.0
401811101,2025-11-03,Utah Tech,South Dakota Coyotes,A,81,79,88.2,50.0,23.8,27.9,17.8
401811103,2025-11-09,South Dakota Coyotes,Ozark Christian,H,121,65,98.0,66.2,31.6,64.7,23.8
401811103,2025-11-09,Ozark Christian,South Dakota Coyotes,A,65,121,57.0,55.3,8.8,13.8,40.4
401811104,2025-11-12,South Dakota Coyotes,Southern Indiana,H,89,74,88.8,45.6,25.9,34.2,80.7
401811104,2025-11-12,Southern Indiana,South Dakota Coyotes,A,74,89,90.7,37.9,24.3,22.0,53.2
401811105,2025-11-16,South Dakota Coyotes,Western Michigan,H,83,78,86.5,52.3,24.3,26.8,33.3
401811105,2025-11-16,Western Michigan,South Dakota Coyotes,A,78,83,58.2,57.5,6.9,40.7,18.3
401811111,2025-12-09,South Dakota Coyotes,Wyoming,A,79,106,68.7,50.9,13.1,25.7,62.3
401811111,2025-12-09,Wyoming,South Dakota Coyotes,H,106,79,83.0,69.5,22.9,37.0,32.8
401811113,2025-12-17,South Dakota Coyotes,Dakota State,H,80,71,68.5,53.8,13.1,31.6,73.6
401811113,2025-12-17,Dakota State,South Dakota Coyotes,A,71,80,72.8,52.5,17.9,19.4,16.4
401811115,2025-12-28,South Dakota Coyotes,Mount Marty College,H,85,61,66.5,59.5,18.0,44.8,34.5
401811115,2025-12-28,Mount Marty College,South Dakota Coyotes,A,61,85,77.7,42.2,23.2,23.3,18.8
401818377,2026-01-07,South Dakota Coyotes,St. Thomas-Minnesota,A,86,99,71.1,59.3,18.3,30.0,28.8
401818377,2026-01-07,St. Thomas-Minnesota,South Dakota Coyotes,H,99,86,87.0,70.3,26.4,18.5,35.6
401829472,2025-11-06,South Dakota State Jackrabbits,Dakota State,H,68,62,63.6,57.8,23.6,34.5,31.4
401829472,2025-11-06,Dakota State,South Dakota State Jackrabbits,A,62,68,66.2,50.0,24.2,27.3,20.4
401829473,2025-11-17,South Dakota State Jackrabbits,Peru State,H,94,46,83.0,56.6,27.7,48.6,30.9
401829473,2025-11-17,Peru State,South Dakota State Jackrabbits,A,46,94,56.8,41.5,8.8,12.8,15.1
401826950,2025-11-25,South Dakota State Jackrabbits,Utah Valley*,H,52,75,57.6,37.0,15.6,34.2,29.6
401826950,2025-11-25,Utah Valley*,South Dakota State Jackrabbits,A,75,52,78.2,53.2,30.7,39.4,17.7
401829475,2025-11-26,South Dakota State Jackrabbits,UC Irvine*,H,52,64,68.3,43.9,20.5,25.0,57.1
401829475,2025-11-26,UC Irvine*,South Dakota State Jackrabbits,A,64,52,76.1,35.0,22.3,20.9,28.3
401829476,2025-12-12,South Dakota State Jackrabbits,Dakota Wesleyan,H,94,62,74.9,65.1,20.0,40.0,36.5
401829476,2025-12-12,Dakota Wesleyan,South Dakota State Jackrabbits,A,62,94,68.8,43.8,10.2,15.9,12.3
401823762,2025-12-15,South Dakota State Jackrabbits,Wyoming*,H,72,87,70.4,49.1,15.6,19.4,43.6
401823762,2025-12-15,Wyoming*,South Dakota State Jackrabbits,A,87,72,65.5,62.5,13.7,39.1,35.7
401822738,2025-11-26,South Florida Bulls,VCU*,H,66,78,73.2,44.4,16.4,38.1,51.6
401822738,2025-11-26,VCU*,South Florida Bulls,A,78,66,78.5,40.3,19.1,29.5,29.9
401830875,2025-11-27,South Florida Bulls,Western Kentucky*,H,97,91,87.3,52.2,17.2,23.3,40.6
401830875,2025-11-27,Western Kentucky*,South Florida Bulls,A,91,97,102.3,47.5,25.4,32.7,32.1
401826835,2025-12-04,South Florida Bulls,Utah State,H,74,61,66.2,53.2,19.6,29.0,68.1
401826835,2025-12-04,Utah State,South Florida Bulls,A,61,74,70.1,41.1,18.5,27.9,24.2
401826057,2025-12-21,South Florida Bulls,UMBC,H,94,69,88.5,59.6,27.1,34.3,26.5
401826057,2025-12-21,UMBC,South Florida Bulls,A,69,94,71.6,48.3,18.2,23.5,27.1
401826814,2025-12-29,South Florida Bulls,Georgia College,H,111,50,107.8,59.3,30.6,34.1,38.7
401826814,2025-12-29,Georgia College,South Florida Bulls,A,50,111,59.8,35.5,5.0,20.0,12.9
401828159,2026-01-04,South Florida Bulls,UAB,H,106,109,96.1,51.2,15.6,31.5,44.4
401828159,2026-01-04,UAB,South Florida Bulls,A,109,106,106.4,47.6,15.0,21.4,52.4
401828167,2026-01-10,South Florida Bulls,Tulsa,A,93,78,77.0,59.7,19.5,35.9,28.4
401828167,2026-01-10,Tulsa,South Florida Bulls,H,78,93,76.5,49.0,20.9,18.2,81.2
401829346,2025-11-12,Southeast Missouri State Redhawks,Webster,H,87,41,93.5,57.8,28.9,30.8,34.4
401829346,2025-11-12,Webster,Southeast Missouri State Redhawks,A,41,87,57.8,29.7,10.4,26.8,13.6
401829347,2025-11-15,Southeast Missouri State Redhawks,St. Thomas-Minnesota,H,72,84,83.7,48.5,20.3,17.6,17.9
401829347,2025-11-15,St. Thomas-Minnesota,Southeast Missouri State Redhawks,A,84,72,74.3,67.4,22.9,4.5,56.5
401829349,2025-12-02,Southeast Missouri State Redhawks,Saint Mary of the Woods College,H,88,57,90.5,53.7,26.5,34.5,26.5
401829349,2025-12-02,Saint Mary of the Woods College,Southeast Missouri State Redhawks,A,57,88,66.4,41.5,10.5,22.2,7.7
401829351,2025-12-14,Southeast Missouri State Redhawks,St. Xavier  (IL),H,88,65,88.9,57.4,27.0,25.8,41.0
401829351,2025-12-14,St. Xavier  (IL),Southeast Missouri State Redhawks,A,65,88,76.0,45.8,19.7,19.4,32.2
401806348,2025-12-18,Southeast Missouri State Redhawks,Tennessee Tech,A,74,85,67.7,41.7,13.3,37.2,51.7
401806348,2025-12-18,Tennessee Tech,Southeast Missouri State Redhawks,H,85,74,76.0,50.0,19.7,29.0,84.0
401806351,2025-12-20,Southeast Missouri State Redhawks,Tennessee State,A,91,82,67.8,66.3,16.2,32.1,55.8
401806351,2025-12-20,Tennessee State,Southeast Missouri State Redhawks,H,82,91,93.1,47.5,27.9,23.1,61.0
401806424,2026-01-03,Southeast Missouri State Redhawks,Western Illinois,H,73,50,80.0,57.7,33.7,33.3,36.5
401806424,2026-01-03,Western Illinois,Southeast Missouri State Redhawks,A,50,73,57.4,36.0,13.9,21.4,60.5
401806429,2026-01-08,Southeast Missouri State Redhawks,Southern Indiana,A,84,76,73.3,63.9,17.7,25.0,51.9
401806429,2026-01-08,Southern Indiana,Southeast Missouri State Redhawks,H,76,84,61.8,48.2,9.7,35.3,49.1
401828916,2025-11-03,Southern Illinois Salukis,McKendree,H,83,42,85.4,54.8,30.4,38.5,38.1
401828916,2025-11-03,McKendree,Southern Illinois Salukis,A,42,83,55.1,32.4,3.6,20.0,31.5
401827731,2025-11-24,Southern Illinois Salukis,UAB*,H,73,81,71.2,46.3,11.2,25.6,19.4
401827731,2025-11-24,UAB*,Southern Illinois Salukis,A,81,73,73.5,50.0,17.7,38.1,29.9
401829393,2025-12-10,Southern Illinois Salukis,UT Martin,H,83,54,84.0,61.6,32.2,32.1,37.5
401829393,2025-12-10,UT Martin,Southern Illinois Salukis,A,54,83,59.7,41.1,15.1,28.9,21.4
401830258,2026-01-01,Southern Illinois Salukis,Valparaiso,H,75,70,73.0,45.5,11.0,23.3,76.4
401830258,2026-01-01,Valparaiso,Southern Illinois Salukis,A,70,75,74.8,34.8,12.0,29.8,43.9
401830263,2026-01-07,Southern Illinois Salukis,UIC,A,57,70,57.9,51.9,13.8,17.2,7.5
401830263,2026-01-07,UIC,Southern Illinois Salukis,H,70,57,71.5,46.7,22.4,40.5,36.7
401827011,2025-11-10,Southern Jaguars,Ecclesia,H,115,51,122.3,63.8,39.2,41.2,34.2
401827011,2025-11-10,Ecclesia,Southern Jaguars,A,51,115,59.2,46.9,13.5,9.7,22.4
401827012,2025-11-15,Southern Jaguars,Champion Christian,H,129,64,115.8,74.0,35.4,39.3,37.0
401827012,2025-11-15,Champion Christian,Southern Jaguars,A,64,129,66.5,37.0,6.0,30.0,26.1
401827013,2025-11-18,Southern Jaguars,Washington,A,93,99,94.2,48.6,21.2,31.9,46.6
401827013,2025-11-18,Washington,Southern Jaguars,H,99,93,86.8,44.4,11.5,39.1,70.4
401827016,2025-12-01,Southern Jaguars,Louisiana Christian,H,101,48,95.9,63.8,32.3,38.7,38.5
401827016,2025-12-01,Louisiana Christian,Southern Jaguars,A,48,101,59.2,33.1,6.8,23.3,22.0
401827017,2025-12-08,Southern Jaguars,Texas,A,69,95,74.9,44.9,21.4,30.0,42.4
401827017,2025-12-08,Texas,Southern Jaguars,H,95,69,71.2,64.7,19.7,37.5,62.7
401827018,2025-12-10,Southern Jaguars,Texas State,A,83,86,73.0,55.6,16.4,29.7,30.2
401827018,2025-12-10,Texas State,Southern Jaguars,H,86,83,85.7,58.3,30.3,31.0,57.4
401827021,2026-01-03,Southern Jaguars,Texas Southern,H,84,73,87.2,57.3,24.1,16.1,61.8
401827021,2026-01-03,Texas Southern,Southern Jaguars,A,73,84,78.2,45.3,20.5,17.6,60.4
401827256,2025-11-06,Southern Miss Golden Eagles,Tougaloo,H,93,57,85.8,54.5,24.5,40.0,43.3
401827256,2025-11-06,Tougaloo,Southern Miss Golden Eagles,A,57,93,70.9,35.1,12.7,16.3,43.9
401827258,2025-11-18,Southern Miss Golden Eagles,William Carey,H,82,59,65.5,62.5,12.2,24.1,32.1
401827258,2025-11-18,William Carey,Southern Miss Golden Eagles,A,59,82,75.2,32.2,14.6,31.6,17.1
401831213,2025-11-23,Southern Miss Golden Eagles,UT Martin*,H,70,60,64.1,57.4,25.0,41.9,27.8
401831213,2025-11-23,UT Martin*,Southern Miss Golden Eagles,A,60,70,51.5,53.3,9.7,30.0,43.5
401808593,2026-01-01,Southern Miss Golden Eagles,UL Monroe,A,87,73,70.1,60.7,17.1,35.7,24.6
401808593,2026-01-01,UL Monroe,Southern Miss Golden Eagles,H,73,87,89.5,47.6,25.7,14.3,35.5
401808606,2026-01-08,Southern Miss Golden Eagles,Texas State,H,80,70,81.4,51.7,23.3,25.7,40.0
401808606,2026-01-08,Texas State,Southern Miss Golden Eagles,A,70,80,80.5,44.4,22.4,26.8,34.9
401808612,2026-01-10,Southern Miss Golden Eagles,UL Monroe,H,70,60,76.4,47.4,22.3,23.1,42.1
401808612,2026-01-10,UL Monroe,Southern Miss Golden Eagles,A,60,70,63.6,42.2,15.7,30.8,27.6
401823539,2025-11-08,Southern Utah Thunderbirds,UT Rio Grande Valley,H,72,95,71.0,46.2,12.7,27.9,29.2
401823539,2025-11-08,UT Rio Grande Valley,Southern Utah Thunderbirds,A,95,72,75.4,60.5,18.6,43.6,6.6
401823540,2025-11-11,Southern Utah Thunderbirds,Bethesda University,H,118,60,88.7,63.5,19.2,50.0,44.6
401823540,2025-11-11,Bethesda University,Southern Utah Thunderbirds,A,60,118,97.0,30.0,20.6,14.5,28.0
401823543,2025-11-19,Southern Utah Thunderbirds,Washington State,A,74,98,64.6,55.4,9.3,16.7,28.6
401823543,2025-11-19,Washington State,Southern Utah Thunderbirds,H,98,74,83.6,64.0,22.7,34.4,23.5
401823544,2025-11-22,Southern Utah Thunderbirds,Nobel,H,103,68,93.1,60.7,25.8,31.0,59.0
401823544,2025-11-22,Nobel,Southern Utah Thunderbirds,A,68,103,68.9,42.2,11.6,21.6,39.7
401823545,2025-11-29,Southern Utah Thunderbirds,Stetson*,H,70,68,60.8,51.7,11.5,30.0,17.2
401823545,2025-11-29,Stetson*,Southern Utah Thunderbirds,A,68,70,73.1,50.0,21.9,20.7,30.9
401823546,2025-12-01,Southern Utah Thunderbirds,West Coast Baptist,H,124,59,91.3,67.2,18.6,41.5,10.3
401823546,2025-12-01,West Coast Baptist,Southern Utah Thunderbirds,A,59,124,74.9,36.1,9.3,9.1,37.7
401823548,2025-12-13,Southern Utah Thunderbirds,Washington,A,69,105,59.8,50.0,0.0,23.1,15.6
401823548,2025-12-13,Washington,Southern Utah Thunderbirds,H,105,69,87.9,60.4,20.5,37.1,31.9
401805155,2025-12-29,Southern Utah Thunderbirds,Utah Tech,A,66,80,63.0,45.7,9.5,28.2,36.2
401805155,2025-12-29,Utah Tech,Southern Utah Thunderbirds,H,80,66,80.2,52.2,24.9,37.5,18.8
401805162,2026-01-03,Southern Utah Thunderbirds,UT Arlington,H,77,86,76.0,52.6,21.1,23.5,36.2
401805162,2026-01-03,UT Arlington,Southern Utah Thunderbirds,A,86,77,73.9,62.0,20.3,24.1,46.3
401805165,2026-01-08,Southern Utah Thunderbirds,Utah Valley,A,72,89,75.0,50.8,21.3,25.6,31.7
401805165,2026-01-08,Utah Valley,Southern Utah Thunderbirds,H,89,72,69.6,59.8,17.2,45.7,24.2
401817196,2025-11-15,St. Bonaventure Bonnies,Youngstown State,H,84,80,66.5,63.6,18.0,38.5,36.4
401817196,2025-11-15,Youngstown State,St. Bonaventure Bonnies,A,80,84,77.5,57.6,25.8,31.2,30.5
401817201,2025-12-03,St. Bonaventure Bonnies,Bloomsburg,H,83,43,80.2,59.5,31.2,43.8,20.6
401817201,2025-12-03,Bloomsburg,St. Bonaventure Bonnies,A,43,83,48.2,33.0,6.2,27.0,22.0
401828348,2025-12-31,St. Bonaventure Bonnies,VCU,A,82,89,71.1,55.7,19.7,36.7,24.6
401828348,2025-12-31,VCU,St. Bonaventure Bonnies,H,89,82,76.3,59.4,19.7,20.0,52.8
401826915,2025-11-15,St. John's Red Storm,William & Mary,H,93,60,98.5,52.0,29.5,39.0,29.3
401826915,2025-11-15,William & Mary,St. John's Red Storm,A,60,93,61.7,45.1,9.7,28.9,19.7
401824135,2025-11-10,St. Thomas-Minnesota Tommies,Washington State,A,71,81,76.6,54.7,22.2,3.4,30.2
401824135,2025-11-10,Washington State,St. Thomas-Minnesota Tommies,H,81,71,71.6,61.1,25.1,30.8,29.6
401829478,2025-11-29,St. Thomas-Minnesota Tommies,Lawrence University,H,87,52,87.1,56.8,24.1,21.1,25.8
401829478,2025-11-29,Lawrence University,St. Thomas-Minnesota Tommies,A,52,87,60.9,36.6,6.6,27.7,9.0
401826956,2025-12-07,St. Thomas-Minnesota Tommies,Weber State,H,88,65,87.1,64.7,29.9,18.5,29.3
401826956,2025-12-07,Weber State,St. Thomas-Minnesota Tommies,A,65,88,58.5,48.2,10.3,31.6,36.4
401829479,2025-12-11,St. Thomas-Minnesota Tommies,Saint John's (MN),H,80,56,75.2,56.1,15.9,22.2,52.6
401829479,2025-12-11,Saint John's (MN),St. Thomas-Minnesota Tommies,A,56,80,66.1,37.9,7.6,19.1,27.4
401829480,2025-12-13,St. Thomas-Minnesota Tommies,UNC Asheville,A,80,59,78.4,58.8,25.5,30.3,42.1
401829480,2025-12-13,UNC Asheville,St. Thomas-Minnesota Tommies,H,59,80,66.2,48.1,24.2,29.0,24.5
401826047,2025-12-20,St. Thomas-Minnesota Tommies,UC Riverside,H,92,78,76.0,67.9,17.1,8.7,33.9
401826047,2025-12-20,UC Riverside,St. Thomas-Minnesota Tommies,A,78,92,62.6,55.3,9.6,26.7,28.1
401829481,2025-12-28,St. Thomas-Minnesota Tommies,North Central (MN),H,105,59,87.8,63.0,19.4,30.6,39.1
401829481,2025-12-28,North Central (MN),St. Thomas-Minnesota Tommies,A,59,105,70.3,39.1,7.1,14.9,10.1
401817471,2025-12-07,Stanford Cardinal,UNLV,H,74,75,72.8,45.2,23.3,47.6,42.9
401817471,2025-12-07,UNLV,Stanford Cardinal,A,75,74,72.8,50.9,19.2,31.6,46.6
401817473,2025-12-17,Stanford Cardinal,UT Arlington,H,76,60,74.2,53.1,24.3,26.9,66.7
401817473,2025-12-17,UT Arlington,Stanford Cardinal,A,60,76,62.8,46.5,15.9,13.8,67.4
401820655,2026-01-07,Stanford Cardinal,Virginia Tech,A,69,68,63.3,53.4,17.4,31.2,15.5
401820655,2026-01-07,Virginia Tech,Stanford Cardinal,H,68,69,56.9,46.2,10.5,40.0,47.2
401820664,2026-01-10,Stanford Cardinal,23Virginia,A,55,70,66.1,36.6,21.2,32.4,30.4
401820664,2026-01-10,23Virginia,Stanford Cardinal,H,70,55,69.1,49.1,23.2,36.4,29.8
401829447,2025-11-03,Stephen F. Austin Lumberjacks,Millsaps,H,103,76,95.9,54.9,25.0,45.7,30.9
401829447,2025-11-03,Millsaps,Stephen F. Austin Lumberjacks,A,76,103,74.3,50.0,13.4,23.7,42.6
401823870,2025-11-29,Stephen F. Austin Lumberjacks,UT Arlington,A,61,66,67.8,45.1,22.1,34.3,13.1
401823870,2025-11-29,UT Arlington,Stephen F. Austin Lumberjacks,H,66,61,58.9,48.9,18.7,40.7,53.2
401808966,2025-12-03,Stephen F. Austin Lumberjacks,UT Rio Grande Valley,H,73,60,71.4,45.2,12.6,26.8,38.7
401808966,2025-12-03,UT Rio Grande Valley,Stephen F. Austin Lumberjacks,A,60,73,65.6,38.7,9.1,23.3,25.8
401829449,2025-12-07,Stephen F. Austin Lumberjacks,UL Monroe,H,96,76,77.2,63.8,16.8,32.4,18.8
401829449,2025-12-07,UL Monroe,Stephen F. Austin Lumberjacks,A,76,96,79.4,43.2,18.9,30.2,36.4
401808967,2025-12-17,Stephen F. Austin Lumberjacks,Texas A&M-Corpus Christi,H,69,60,75.0,52.2,28.0,27.8,82.6
401808967,2025-12-17,Texas A&M-Corpus Christi,Stephen F. Austin Lumberjacks,A,60,69,62.9,43.4,19.1,37.8,47.2
401829450,2025-12-21,Stephen F. Austin Lumberjacks,Dallas,H,103,55,90.4,59.5,27.7,48.8,6.0
401829450,2025-12-21,Dallas,Stephen F. Austin Lumberjacks,A,55,103,70.8,37.7,15.5,18.6,9.2
401825204,2025-11-07,Stetson Hatters,Fort Lauderdale,H,106,77,73.6,64.2,16.3,56.4,52.2
401825204,2025-11-07,Fort Lauderdale,Stetson Hatters,A,77,106,81.0,45.8,17.3,28.9,26.8
401825205,2025-11-16,Stetson Hatters,Western Carolina,A,65,76,84.0,40.0,25.0,24.4,29.2
401825205,2025-11-16,Western Carolina,Stetson Hatters,H,76,65,67.2,59.6,17.9,22.6,19.3
401823517,2025-11-22,Stetson Hatters,VMI,H,99,80,67.3,76.2,16.4,34.6,14.8
401823517,2025-11-22,VMI,Stetson Hatters,A,80,99,73.1,53.8,17.8,30.8,23.1
401823411,2025-11-25,Stetson Hatters,Wright State,H,62,79,66.3,50.0,22.6,29.4,15.8
401823411,2025-11-25,Wright State,Stetson Hatters,A,79,62,76.8,64.4,32.5,34.5,10.2
401825208,2025-12-15,Stetson Hatters,Rhodes,H,95,76,83.1,60.4,24.1,43.2,20.8
401825208,2025-12-15,Rhodes,Stetson Hatters,A,76,95,81.7,49.3,18.4,20.0,17.1
401824943,2025-11-03,Stonehill Skyhawks,Thomas (ME),H,100,48,90.2,63.3,28.8,40.0,46.9
401824943,2025-11-03,Thomas (ME),Stonehill Skyhawks,A,48,100,69.5,30.5,13.0,17.6,37.3
401822352,2025-11-26,Stonehill Skyhawks,UMass Lowell,H,64,75,71.3,40.7,16.8,30.6,12.9
401822352,2025-11-26,UMass Lowell,Stonehill Skyhawks,A,75,64,66.9,49.2,7.5,31.8,39.1
401822353,2025-12-12,Stonehill Skyhawks,Vermont State - Johnson,H,101,60,82.3,62.5,23.1,41.2,43.8
401822353,2025-12-12,Vermont State - Johnson,Stonehill Skyhawks,A,60,101,66.1,46.6,7.6,10.5,25.9
401817486,2025-12-22,Stonehill Skyhawks,Syracuse,A,48,77,50.1,34.9,6.0,32.6,32.1
401817486,2025-12-22,Syracuse,Stonehill Skyhawks,H,77,48,83.8,56.2,32.2,33.3,51.8
401812402,2026-01-04,Stonehill Skyhawks,Wagner,A,69,60,63.0,52.8,14.3,29.0,35.2
401812402,2026-01-04,Wagner,Stonehill Skyhawks,H,60,69,61.3,44.7,18.0,32.4,15.8
401827274,2025-11-03,Stony Brook Seawolves,Farmingdale State,H,66,59,74.0,39.6,14.9,28.6,31.3
401827274,2025-11-03,Farmingdale State,Stony Brook Seawolves,A,59,66,66.8,39.3,9.0,27.7,11.4
401827495,2025-11-11,Stony Brook Seawolves,Saint Josephs Long Island,H,107,43,101.7,66.9,35.4,37.5,19.7
401827495,2025-11-11,Saint Josephs Long Island,Stony Brook Seawolves,A,43,107,52.1,31.2,1.9,26.1,26.8
401818300,2025-11-15,Stony Brook Seawolves,Yale,A,79,86,63.1,67.0,17.4,23.1,34.0
401818300,2025-11-15,Yale,Stony Brook Seawolves,H,86,79,66.7,60.4,19.5,40.0,68.8
401827496,2025-12-17,Stony Brook Seawolves,UAlbany,H,55,71,69.2,37.7,13.0,16.7,21.3
401827496,2025-12-17,UAlbany,Stony Brook Seawolves,A,71,55,58.5,59.4,12.0,30.3,34.0
401811990,2025-12-31,Stony Brook Seawolves,William & Mary,A,57,76,60.3,38.9,13.3,34.9,14.3
401811990,2025-12-31,William & Mary,Stony Brook Seawolves,H,76,57,66.5,58.8,21.1,27.6,39.2
401812012,2026-01-10,Stony Brook Seawolves,UNC Wilmington,H,71,75,72.8,55.0,23.3,21.9,10.0
401812012,2026-01-10,UNC Wilmington,Stony Brook Seawolves,A,75,71,71.1,57.6,22.5,29.7,25.4
401806366,2025-12-02,Syracuse Orange,13Tennessee,H,62,60,76.5,48.0,31.4,26.5,43.1
401806366,2025-12-02,13Tennessee,Syracuse Orange,A,60,62,62.1,44.8,16.1,35.1,25.9
401831224,2025-11-28,TCU Horned Frogs,Wisconsin*,H,74,63,80.6,53.3,26.1,22.9,26.7
401831224,2025-11-28,Wisconsin*,TCU Horned Frogs,A,63,74,64.5,40.5,9.3,21.6,31.0
401820485,2025-11-08,Tarleton State Texans,Texas A&M-Corpus Christi,H,85,77,71.6,59.6,22.4,34.6,78.7
401820485,2025-11-08,Texas A&M-Corpus Christi,Tarleton State Texans,A,77,85,71.8,50.9,20.9,37.5,50.0
401826997,2025-11-17,Tarleton State Texans,Angelo State,H,77,54,80.1,43.4,26.2,34.4,67.9
401826997,2025-11-17,Angelo State,Tarleton State Texans,A,54,77,65.3,33.6,15.3,28.9,50.9
401826998,2025-11-28,Tarleton State Texans,Midwestern State,H,67,57,87.5,41.5,34.3,30.0,37.3
401826998,2025-11-28,Midwestern State,Tarleton State Texans,A,57,67,66.5,43.0,25.5,30.0,36.0
401826999,2025-12-03,Tarleton State Texans,Howard Payne,H,119,54,113.5,61.2,31.7,42.5,23.5
401826999,2025-12-03,Howard Payne,Tarleton State Texans,A,54,119,67.6,38.9,13.3,7.7,29.6
401827000,2025-12-07,Tarleton State Texans,Cameron,H,93,63,85.6,60.7,23.4,34.3,22.9
401827000,2025-12-07,Cameron,Tarleton State Texans,A,63,93,70.4,41.2,17.0,24.4,42.1
401805154,2025-12-29,Tarleton State Texans,UT Arlington,A,69,63,85.3,53.8,31.7,20.0,53.8
401805154,2025-12-29,UT Arlington,Tarleton State Texans,H,63,69,59.3,47.8,18.5,33.3,62.2
401805158,2026-01-01,Tarleton State Texans,Utah Valley,H,85,91,93.2,46.0,27.9,25.6,51.6
401805158,2026-01-01,Utah Valley,Tarleton State Texans,A,91,85,68.1,60.4,13.2,37.9,67.9
401809394,2025-11-24,Temple Owls,UC San Diego*,H,76,91,75.5,73.2,15.9,7.4,35.7
401809394,2025-11-24,UC San Diego*,Temple Owls,A,91,76,73.3,48.3,16.4,26.3,44.1
401823565,2025-12-01,Temple Owls,Villanova,A,56,74,57.5,46.7,15.6,21.4,39.1
401823565,2025-12-01,Villanova,Temple Owls,H,74,56,60.1,51.6,20.0,53.8,24.2
401826839,2025-12-09,Temple Owls,Georgian Court,H,103,57,88.3,67.2,26.0,31.0,45.9
401826839,2025-12-09,Georgian Court,Temple Owls,A,57,103,69.9,40.9,12.9,14.6,45.5
401828158,2026-01-03,Temple Owls,UTSA,H,76,57,68.9,46.9,20.3,47.7,35.4
401828158,2026-01-03,UTSA,Temple Owls,A,57,76,65.5,36.4,19.8,33.3,36.4
401829384,2025-11-03,Tennessee State Tigers,Fisk,H,101,50,89.5,57.2,25.7,45.2,26.3
401829384,2025-11-03,Fisk,Tennessee State Tigers,A,50,101,77.7,31.8,15.5,13.7,21.2
401829385,2025-11-11,Tennessee State Tigers,Oakwood,H,114,76,92.8,63.2,23.7,41.2,37.5
401829385,2025-11-11,Oakwood,Tennessee State Tigers,A,76,114,82.1,49.3,18.3,20.0,21.7
401823360,2025-11-16,Tennessee State Tigers,Western Kentucky,A,82,95,68.2,49.1,7.3,28.9,58.6
401823360,2025-11-16,Western Kentucky,Tennessee State Tigers,H,95,82,86.2,56.2,22.0,33.3,50.0
401829386,2025-11-20,Tennessee State Tigers,20Tennessee,A,60,89,66.9,36.6,16.4,30.0,44.6
401829386,2025-11-20,20Tennessee,Tennessee State Tigers,H,89,60,87.6,50.9,27.4,35.7,61.4
401829387,2025-11-25,Tennessee State Tigers,UNC Asheville,A,75,73,88.1,47.0,31.8,37.8,25.8
401829387,2025-11-25,UNC Asheville,Tennessee State Tigers,H,73,75,69.3,64.0,28.9,28.0,65.1
401829389,2025-11-29,Tennessee State Tigers,Tennessee Wesleyan*,H,98,77,96.7,55.2,26.9,33.3,46.3
401829389,2025-11-29,Tennessee Wesleyan*,Tennessee State Tigers,A,77,98,82.8,50.7,20.5,21.4,11.3
401820401,2025-12-13,Tennessee State Tigers,UNLV,A,63,60,68.2,48.3,22.0,36.1,21.7
401820401,2025-12-13,UNLV,Tennessee State Tigers,H,60,63,67.2,40.2,20.8,33.3,62.7
401806349,2025-12-18,Tennessee State Tigers,UT Martin,H,78,71,77.5,53.3,21.9,24.2,30.0
401806349,2025-12-18,UT Martin,Tennessee State Tigers,A,71,78,65.8,45.5,16.7,36.8,52.7
401806414,2025-12-30,Tennessee State Tigers,Tennessee Tech,A,88,76,82.3,58.6,27.9,38.9,10.0
401806414,2025-12-30,Tennessee Tech,Tennessee State Tigers,H,76,88,69.2,58.8,20.2,27.6,22.8
401806430,2026-01-08,Tennessee State Tigers,Western Illinois,A,90,68,75.9,61.5,18.4,32.3,37.7
401806430,2026-01-08,Western Illinois,Tennessee State Tigers,H,68,90,68.2,39.1,11.7,28.9,61.8
401823358,2025-11-03,Tennessee Tech Golden Eagles,Western Kentucky,A,70,82,68.7,52.5,17.5,25.6,19.7
401823358,2025-11-03,Western Kentucky,Tennessee Tech Golden Eagles,H,82,70,90.6,43.5,27.6,33.3,56.5
401826829,2025-11-10,Tennessee Tech Golden Eagles,Virginia-Lynchburg,H,118,58,94.8,62.7,24.3,54.1,34.2
401826829,2025-11-10,Virginia-Lynchburg,Tennessee Tech Golden Eagles,A,58,118,77.1,33.1,13.0,21.4,23.9
401826830,2025-11-13,Tennessee Tech Golden Eagles,Berea,H,86,64,82.0,56.3,28.1,37.8,33.3
401826830,2025-11-13,Berea,Tennessee Tech Golden Eagles,A,64,86,74.2,45.1,25.6,28.2,18.0
401825384,2025-11-17,Tennessee Tech Golden Eagles,West Georgia,H,59,61,66.0,42.9,22.7,22.6,38.8
401825384,2025-11-17,West Georgia,Tennessee Tech Golden Eagles,A,61,59,68.6,38.5,20.4,32.6,26.2
401825388,2025-12-06,Tennessee Tech Golden Eagles,West Georgia,A,87,59,81.6,64.9,28.2,24.0,28.1
401825388,2025-12-06,West Georgia,Tennessee Tech Golden Eagles,H,59,87,66.0,41.1,15.1,23.7,33.9
401826834,2025-12-13,Tennessee Tech Golden Eagles,Bethel (TN),H,101,69,83.2,63.3,18.0,22.6,53.3
401826834,2025-12-13,Bethel (TN),Tennessee Tech Golden Eagles,A,69,101,87.2,42.4,24.1,24.4,15.3
401806352,2025-12-20,Tennessee Tech Golden Eagles,UT Martin,H,62,86,51.7,51.0,5.8,27.3,23.1
401806352,2025-12-20,UT Martin,Tennessee Tech Golden Eagles,A,86,62,79.2,64.7,29.0,28.6,22.4
401806435,2026-01-10,Tennessee Tech Golden Eagles,Western Illinois,A,59,54,66.7,45.6,21.0,29.7,24.6
401806435,2026-01-10,Western Illinois,Tennessee Tech Golden Eagles,H,54,59,55.5,46.7,16.2,31.0,48.9
401808160,2026-01-06,Tennessee Volunteers,Texas,H,85,71,80.8,58.2,33.4,48.4,52.7
401808160,2026-01-06,Texas,Tennessee Volunteers,A,71,85,64.5,48.2,20.2,40.5,35.1
401827003,2025-11-06,Texas A&M Aggies,Texas Southern,H,104,70,103.6,63.9,30.9,22.6,60.7
401827003,2025-11-06,Texas Southern,Texas A&M Aggies,A,70,104,56.9,56.1,8.8,30.0,51.0
401824826,2025-11-14,Texas A&M Aggies,UCF,H,74,86,81.2,44.7,24.6,27.0,52.6
401824826,2025-11-14,UCF,Texas A&M Aggies,A,86,74,78.1,62.5,25.6,21.4,30.4
401820484,2025-11-03,Texas A&M-Corpus Christi Islanders,Trinity (TX),H,83,56,82.7,50.7,27.8,46.5,19.2
401820484,2025-11-03,Trinity (TX),Texas A&M-Corpus Christi Islanders,A,56,83,68.5,38.9,23.4,30.6,37.0
401820486,2025-11-22,Texas A&M-Corpus Christi Islanders,Howard Payne,H,122,75,102.4,75.7,31.2,37.5,35.3
401820486,2025-11-22,Howard Payne,Texas A&M-Corpus Christi Islanders,A,75,122,88.5,45.6,19.2,15.9,32.4
401820487,2025-11-28,Texas A&M-Corpus Christi Islanders,Xavier,A,67,88,69.5,41.8,5.8,25.6,29.9
401820487,2025-11-28,Xavier,Texas A&M-Corpus Christi Islanders,H,88,67,83.4,54.4,16.8,25.0,35.3
401820489,2025-12-12,Texas A&M-Corpus Christi Islanders,Dallas Christian,H,108,55,95.5,68.4,29.3,37.9,32.4
401820489,2025-12-12,Dallas Christian,Texas A&M-Corpus Christi Islanders,A,55,108,76.2,31.7,19.7,11.6,57.7
401820490,2025-12-20,Texas A&M-Corpus Christi Islanders,Southwestern Adventist,H,93,36,91.2,55.2,34.0,54.8,16.9
401820490,2025-12-20,Southwestern Adventist,Texas A&M-Corpus Christi Islanders,A,36,93,61.0,22.1,11.5,15.6,36.5
401808977,2026-01-03,Texas A&M-Corpus Christi Islanders,UT Rio Grande Valley,A,63,59,58.4,47.1,13.7,36.4,47.1
401808977,2026-01-03,UT Rio Grande Valley,Texas A&M-Corpus Christi Islanders,H,59,63,59.5,41.2,11.8,25.7,43.1
401831199,2025-11-25,Texas Longhorns,Chaminade,A,119,78,81.1,73.3,21.0,58.6,23.3
401831199,2025-11-25,Chaminade,Texas Longhorns,H,78,119,106.2,43.3,31.1,16.0,44.8
401806379,2025-12-03,Texas Longhorns,Virginia,H,69,88,71.9,44.1,19.5,32.5,42.4
401806379,2025-12-03,Virginia,Texas Longhorns,A,88,69,66.8,65.4,12.0,24.1,55.8
401812794,2025-12-12,Texas Longhorns,5UConn,A,63,71,65.3,41.5,18.4,37.1,52.8
401812794,2025-12-12,5UConn,Texas Longhorns,H,71,63,68.2,60.4,23.5,28.0,24.5
401827005,2025-11-15,Texas Southern Tigers,Texas State,A,67,77,66.8,45.4,15.0,28.9,53.7
401827005,2025-11-15,Texas State,Texas Southern Tigers,H,77,67,66.2,58.9,21.1,32.0,71.1
401827006,2025-11-20,Texas Southern Tigers,Vanderbilt,A,74,109,70.8,51.9,15.5,21.2,54.7
401827006,2025-11-20,Vanderbilt,Texas Southern Tigers,H,109,74,96.5,63.0,31.1,48.6,30.1
401827007,2025-11-26,Texas Southern Tigers,College Of Biblical Studies,H,102,44,91.5,64.5,26.2,32.4,29.0
401827007,2025-11-26,College Of Biblical Studies,Texas Southern Tigers,A,44,102,64.4,28.6,14.0,12.5,49.0
401827010,2025-12-30,Texas Southern Tigers,Huston-Tillotson,H,80,56,72.0,49.1,22.2,43.2,70.4
401827010,2025-12-30,Huston-Tillotson,Texas Southern Tigers,A,56,80,79.5,34.9,21.4,20.0,28.6
401827212,2025-11-05,Texas State Bobcats,Texas A&M-San Antonio,H,114,55,97.6,71.7,29.7,32.0,58.3
401827212,2025-11-05,Texas A&M-San Antonio,Texas State Bobcats,A,55,114,65.3,34.8,9.2,20.5,46.4
401826843,2025-11-08,Texas State Bobcats,Tulane,A,71,79,73.2,50.0,24.6,32.4,21.7
401826843,2025-11-08,Tulane,Texas State Bobcats,H,79,71,67.2,52.1,16.4,18.5,63.8
401827213,2025-11-12,Texas State Bobcats,UTSA,H,80,69,70.3,44.8,12.8,43.9,38.8
401827213,2025-11-12,UTSA,Texas State Bobcats,A,69,80,66.5,44.9,10.5,25.6,37.3
401827214,2025-11-24,Texas State Bobcats,Texas Lutheran,H,93,41,89.5,57.0,32.4,52.6,28.2
401827214,2025-11-24,Texas Lutheran,Texas State Bobcats,A,41,93,54.6,34.6,7.3,19.5,26.9
401808591,2025-12-31,Texas State Bobcats,Troy,A,80,100,63.6,56.3,12.6,41.2,22.2
401808591,2025-12-31,Troy,Texas State Bobcats,H,100,80,75.2,70.2,21.3,44.8,56.1
401808600,2026-01-03,Texas State Bobcats,UL Monroe,A,84,79,78.7,54.3,24.1,43.2,17.1
401808600,2026-01-03,UL Monroe,Texas State Bobcats,H,79,84,70.6,60.7,15.6,14.3,28.6
401819898,2025-11-04,Texas Tech Red Raiders,Lindenwood,H,98,60,88.9,50.6,21.4,41.8,28.0
401819898,2025-11-04,Lindenwood,Texas Tech Red Raiders,A,60,98,67.3,35.2,7.4,23.4,42.6
401817531,2025-11-20,Texas Tech Red Raiders,Wake Forest*,H,84,83,74.0,50.0,16.2,41.0,30.9
401817531,2025-11-20,Wake Forest*,Texas Tech Red Raiders,A,83,84,89.5,53.0,25.7,26.3,33.3
401819901,2025-11-30,Texas Tech Red Raiders,Wyoming,H,76,72,70.2,52.7,18.5,33.3,54.5
401819901,2025-11-30,Wyoming,Texas Tech Red Raiders,A,72,76,68.2,50.9,19.1,30.0,22.4
401819904,2025-12-28,Texas Tech Red Raiders,Winthrop,H,87,57,76.3,59.3,24.9,33.3,48.1
401819904,2025-12-28,Winthrop,Texas Tech Red Raiders,A,57,87,67.9,35.0,19.1,35.6,38.3
401829437,2025-11-03,The Citadel Bulldogs,Erskine,H,105,61,95.7,58.9,33.5,51.2,17.7
401829437,2025-11-03,Erskine,The Citadel Bulldogs,A,61,105,56.2,50.9,3.6,15.2,24.5
401825383,2025-11-14,The Citadel Bulldogs,West Georgia,A,92,100,82.0,55.0,15.9,28.9,30.0
401825383,2025-11-14,West Georgia,The Citadel Bulldogs,H,100,92,76.8,63.1,14.3,38.7,41.5
401829438,2025-11-19,The Citadel Bulldogs,North Greenville,H,70,57,65.0,59.4,20.0,18.5,39.6
401829438,2025-11-19,North Greenville,The Citadel Bulldogs,A,57,70,61.1,46.2,16.4,22.9,28.8
401829439,2025-12-09,The Citadel Bulldogs,Southern Wesleyan,H,98,73,84.8,56.7,17.7,33.3,7.3
401829439,2025-12-09,Southern Wesleyan,The Citadel Bulldogs,A,73,98,69.2,46.4,11.6,32.6,15.7
401809230,2026-01-03,The Citadel Bulldogs,Wofford,H,86,95,64.6,64.3,18.6,40.7,28.6
401809230,2026-01-03,Wofford,The Citadel Bulldogs,A,95,86,76.5,65.6,24.8,38.2,32.8
401809322,2026-01-10,The Citadel Bulldogs,Western Carolina,H,79,77,62.3,48.3,8.0,36.8,48.3
401809322,2026-01-10,Western Carolina,The Citadel Bulldogs,A,77,79,74.6,49.3,14.7,28.6,23.5
401823408,2025-11-11,Toledo Rockets,Wright State,A,81,71,69.0,60.9,26.1,46.4,34.5
401823408,2025-11-11,Wright State,Toledo Rockets,H,71,81,64.1,61.7,25.0,28.6,31.9
401823004,2025-11-19,Toledo Rockets,Youngstown State,H,92,75,92.3,58.3,33.6,37.9,43.3
401823004,2025-11-19,Youngstown State,Toledo Rockets,A,75,92,62.7,58.8,15.9,32.3,21.1
401829680,2025-11-24,Toledo Rockets,Troy*,H,75,68,71.7,43.8,19.5,35.0,21.5
401829680,2025-11-24,Troy*,Toledo Rockets,A,68,75,72.1,50.8,20.8,32.4,27.9
401823470,2025-12-01,Toledo Rockets,Central State (OH),H,102,58,85.5,54.5,19.9,51.4,25.6
401823470,2025-12-01,Central State (OH),Toledo Rockets,A,58,102,72.8,44.4,13.7,9.8,12.7
401823473,2025-12-20,Toledo Rockets,Lourdes University,H,100,67,80.3,63.9,21.2,41.9,12.5
401823473,2025-12-20,Lourdes University,Toledo Rockets,A,67,100,66.3,43.6,9.0,29.5,10.0
401814497,2025-12-30,Toledo Rockets,Western Michigan,H,84,79,78.1,46.2,21.8,46.7,55.4
401814497,2025-12-30,Western Michigan,Toledo Rockets,A,79,84,76.7,50.0,24.8,43.9,20.3
401827497,2025-11-11,Towson Tigers,Wilson College,H,101,62,83.2,61.3,20.4,40.5,17.3
401827497,2025-11-11,Wilson College,Towson Tigers,A,62,101,79.2,41.3,18.9,9.8,17.5
401830892,2025-11-26,Towson Tigers,UC San Diego*,H,73,87,71.1,75.5,22.5,20.0,28.3
401830892,2025-11-26,UC San Diego*,Towson Tigers,A,87,73,65.1,45.4,12.3,39.0,26.2
401824828,2025-12-07,Towson Tigers,UCF,A,61,86,56.2,50.0,12.5,35.3,23.6
401824828,2025-12-07,UCF,Towson Tigers,H,86,61,72.0,59.8,23.6,42.3,37.5
401827501,2025-12-19,Towson Tigers,Notre Dame (MD),H,107,60,86.5,63.4,26.6,53.1,28.2
401827501,2025-12-19,Notre Dame (MD),Towson Tigers,A,60,107,77.3,38.9,16.8,21.6,9.7
401811987,2025-12-29,Towson Tigers,William & Mary,A,70,84,68.6,47.7,13.1,31.6,25.0
401811987,2025-12-29,William & Mary,Towson Tigers,H,84,70,68.0,62.5,11.8,20.7,37.5
401827209,2025-11-11,Troy Trojans,Pensacola Christian College,H,121,56,112.9,65.8,33.7,40.5,29.1
401827209,2025-11-11,Pensacola Christian College,Troy Trojans,A,56,121,61.7,43.4,13.0,14.7,22.6
401827210,2025-11-20,Troy Trojans,USC,A,106,107,84.6,46.6,7.1,43.9,40.2
401827210,2025-11-20,USC,Troy Trojans,H,107,106,113.8,48.7,21.1,15.6,61.3
401825387,2025-12-01,Troy Trojans,West Georgia,H,89,93,74.8,50.7,6.7,31.1,41.4
401825387,2025-12-01,West Georgia,Troy Trojans,A,93,89,93.5,47.1,13.9,30.9,25.3
401827211,2025-12-06,Troy Trojans,LaGrange,H,101,47,95.9,55.3,28.1,46.2,30.3
401827211,2025-12-06,LaGrange,Troy Trojans,A,47,101,76.1,32.0,22.3,26.0,26.6
401826876,2025-12-14,Troy Trojans,UAB,A,86,85,76.6,60.7,22.2,27.3,26.2
401826876,2025-12-14,UAB,Troy Trojans,H,85,86,73.2,62.3,20.5,31.0,21.3
401809310,2025-11-21,Tulane Green Wave,Utah State*,H,75,96,73.0,57.5,21.9,15.6,35.8
401809310,2025-11-21,Utah State*,Tulane Green Wave,A,96,75,81.5,72.4,29.4,36.0,31.0
401826846,2025-12-10,Tulane Green Wave,Tougaloo,H,84,72,79.4,53.2,23.9,36.1,38.7
401826846,2025-12-10,Tougaloo,Tulane Green Wave,A,72,84,78.1,50.0,21.8,20.6,24.6
401826847,2025-12-13,Tulane Green Wave,UC San Diego*,H,67,93,88.6,54.7,26.0,39.5,21.3
401826847,2025-12-13,UC San Diego*,Tulane Green Wave,A,93,67,73.5,42.6,13.6,19.5,36.1
401828168,2026-01-10,Tulane Green Wave,UTSA,A,85,52,84.3,59.8,29.6,27.8,10.6
401828168,2026-01-10,UTSA,Tulane Green Wave,H,52,85,59.0,38.7,11.9,25.6,35.8
401828281,2025-11-03,Tulsa Golden Hurricane,Oklahoma Christian,H,100,57,70.6,56.3,18.4,67.6,58.7
401828281,2025-11-03,Oklahoma Christian,Tulsa Golden Hurricane,A,57,100,71.3,39.0,14.0,20.8,10.3
401828285,2025-12-02,Tulsa Golden Hurricane,Manhattan Christian,H,111,60,92.1,59.4,21.7,45.5,17.6
401828285,2025-12-02,Manhattan Christian,Tulsa Golden Hurricane,A,60,111,69.8,40.4,5.7,14.6,14.7
401823366,2025-12-19,Tulsa Golden Hurricane,Western Kentucky,A,82,81,75.2,55.7,17.3,17.1,60.4
401823366,2025-12-19,Western Kentucky,Tulsa Golden Hurricane,H,81,82,77.4,50.8,19.4,27.0,39.3
401826853,2025-11-17,UAB Blazers,Rhodes,H,112,56,110.3,54.7,29.9,45.7,32.9
401826853,2025-11-17,Rhodes,UAB Blazers,A,56,112,73.8,37.7,14.9,18.0,8.7
401827732,2025-11-25,UAB Blazers,UTEP*,H,75,59,74.2,42.4,25.6,54.1,57.6
401827732,2025-11-25,UTEP*,UAB Blazers,A,59,75,62.1,49.0,17.7,16.1,30.6
401826878,2025-12-21,UAB Blazers,UNC Asheville,H,72,47,75.5,47.6,21.2,32.4,28.6
401826878,2025-12-21,UNC Asheville,UAB Blazers,A,47,72,53.3,38.0,3.8,19.4,16.7
401828150,2025-12-31,UAB Blazers,Wichita State,H,70,75,66.4,46.5,12.0,28.6,42.1
401828150,2025-12-31,Wichita State,UAB Blazers,A,75,70,69.6,51.6,23.0,42.9,26.2
401828267,2025-11-11,UAlbany Great Danes,SUNY Delhi,H,115,52,89.8,77.1,26.7,32.0,11.4
401828267,2025-11-11,SUNY Delhi,UAlbany Great Danes,A,52,115,70.6,30.9,9.9,24.0,23.5
401828268,2025-11-18,UAlbany Great Danes,Paul Smith's,H,106,57,96.2,67.6,33.3,51.7,14.9
401828268,2025-11-18,Paul Smith's,UAlbany Great Danes,A,57,106,65.8,43.2,15.2,21.6,16.9
401828271,2025-11-30,UAlbany Great Danes,SUNY-Oneonta*,H,90,62,76.0,54.3,21.1,50.0,30.0
401828271,2025-11-30,SUNY-Oneonta*,UAlbany Great Danes,A,62,90,75.6,41.4,13.2,14.0,25.0
401818306,2025-12-10,UAlbany Great Danes,Yale*,H,82,93,76.2,54.0,17.1,39.5,54.8
401818306,2025-12-10,Yale*,UAlbany Great Danes,A,93,82,80.0,60.5,17.5,13.2,30.6
401812106,2026-01-03,UAlbany Great Danes,UMass Lowell,A,71,83,67.2,50.8,14.9,31.4,21.0
401812106,2026-01-03,UMass Lowell,UAlbany Great Danes,H,83,71,74.1,53.0,22.9,50.0,25.4
401826085,2025-11-03,UC Davis Aggies,Menlo,H,96,69,88.8,58.1,28.1,40.5,39.7
401826085,2025-11-03,Menlo,UC Davis Aggies,A,69,96,70.2,48.1,17.1,30.3,55.6
401826091,2025-12-28,UC Davis Aggies,Pacific Union,H,108,52,111.2,54.6,35.1,50.0,42.1
401826091,2025-12-28,Pacific Union,UC Davis Aggies,A,52,108,64.9,36.2,15.4,10.8,53.2
401809126,2026-01-08,UC Davis Aggies,UC Santa Barbara,A,93,86,68.4,62.9,10.2,26.7,41.4
401809126,2026-01-08,UC Santa Barbara,UC Davis Aggies,H,86,93,75.9,66.0,19.8,13.8,47.2
401830113,2025-11-03,UC Irvine Anteaters,Bethesda University,H,125,49,99.1,66.2,26.2,63.6,46.8
401830113,2025-11-03,Bethesda University,UC Irvine Anteaters,A,49,125,75.7,28.2,10.6,17.9,19.7
401830114,2025-11-10,UC Irvine Anteaters,Lincoln University (CA),H,130,63,109.8,69.9,31.9,62.1,11.4
401830114,2025-11-10,Lincoln University (CA),UC Irvine Anteaters,A,63,130,68.1,41.4,10.3,21.3,23.4
401826932,2025-11-15,UC Irvine Anteaters,Weber State,H,79,70,77.0,47.3,18.2,30.6,67.9
401826932,2025-11-15,Weber State,UC Irvine Anteaters,A,70,79,73.4,37.3,9.5,32.7,33.8
401826949,2025-11-19,UC Irvine Anteaters,Utah Valley,A,72,79,71.0,44.4,14.1,29.3,33.3
401826949,2025-11-19,Utah Valley,UC Irvine Anteaters,H,79,72,70.9,56.7,18.3,37.8,41.7
401809105,2025-12-04,UC Irvine Anteaters,UC Riverside,H,73,60,67.3,53.8,14.8,20.6,50.0
401809105,2025-12-04,UC Riverside,UC Irvine Anteaters,A,60,73,69.3,34.7,15.9,31.1,47.5
401826041,2025-11-03,UC Riverside Highlanders,La Sierra,H,90,49,99.2,52.0,35.3,40.9,17.1
401826041,2025-11-03,La Sierra,UC Riverside Highlanders,A,49,90,52.4,40.2,7.6,27.8,8.9
401824027,2025-11-29,UC Riverside Highlanders,Utah Tech,A,69,77,56.1,54.8,7.1,28.6,32.7
401824027,2025-11-29,Utah Tech,UC Riverside Highlanders,H,77,69,78.5,58.5,28.0,21.7,34.0
401826046,2025-12-16,UC Riverside Highlanders,Stanton,H,95,70,65.4,63.9,13.8,53.3,39.3
401826046,2025-12-16,Stanton,UC Riverside Highlanders,A,70,95,62.8,55.1,9.6,20.6,16.9
401813766,2025-12-23,UC Riverside Highlanders,UCLA,A,65,97,60.9,45.4,9.8,27.8,42.6
401813766,2025-12-23,UCLA,UC Riverside Highlanders,H,97,65,92.3,55.1,24.9,32.4,38.2
401809089,2026-01-10,UC Riverside Highlanders,UC San Diego,H,66,69,64.5,43.0,17.1,33.3,35.1
401809089,2026-01-10,UC San Diego,UC Riverside Highlanders,A,69,66,58.9,54.2,13.6,31.0,52.1
401826906,2025-11-03,UC San Diego Tritons,La Verne,H,105,73,84.0,59.4,23.8,48.6,59.4
401826906,2025-11-03,La Verne,UC San Diego Tritons,A,73,105,74.3,54.8,18.8,17.1,14.5
401826910,2025-12-28,UC San Diego Tritons,Stanton,H,85,62,77.9,53.9,25.7,40.9,39.1
401826910,2025-12-28,Stanton,UC San Diego Tritons,A,62,85,58.2,51.0,13.7,21.4,21.6
401830409,2025-11-04,UC Santa Barbara Gauchos,San Francisco State,H,98,67,83.4,52.2,22.8,55.8,63.2
401830409,2025-11-04,San Francisco State,UC Santa Barbara Gauchos,A,67,98,81.7,49.2,22.0,9.8,19.4
401830410,2025-11-24,UC Santa Barbara Gauchos,Nobel,H,84,49,81.1,64.0,33.3,39.3,29.8
401830410,2025-11-24,Nobel,UC Santa Barbara Gauchos,A,49,84,67.4,43.4,26.7,18.8,9.4
401826952,2025-12-13,UC Santa Barbara Gauchos,Utah Valley*,H,53,68,68.5,47.4,23.3,35.1,31.6
401826952,2025-12-13,Utah Valley*,UC Santa Barbara Gauchos,A,68,53,56.6,38.7,14.1,30.6,26.4
401824824,2025-11-08,UCF Knights,Vanderbilt,H,93,105,65.3,61.2,3.1,28.6,48.3
401824824,2025-11-08,Vanderbilt,UCF Knights,A,105,93,87.1,66.2,23.0,30.0,25.0
401823518,2025-11-29,UCF Knights,VMI,H,82,57,79.1,42.5,24.0,56.0,21.2
401823518,2025-11-29,VMI,UCF Knights,A,57,82,57.0,34.4,3.5,35.6,34.4
401813758,2025-11-10,UCLA Bruins,West Georgia,H,83,62,77.3,54.5,29.7,48.1,47.3
401813758,2025-11-10,West Georgia,UCLA Bruins,A,62,83,57.2,55.9,15.7,25.8,21.6
401825396,2025-12-03,UCLA Bruins,Washington,A,82,80,76.4,61.3,26.2,29.6,45.3
401825396,2025-12-03,Washington,UCLA Bruins,H,80,82,57.7,59.2,10.4,51.9,20.0
401825424,2026-01-06,UCLA Bruins,Wisconsin,A,72,80,71.9,46.7,12.5,25.7,37.7
401825424,2026-01-06,Wisconsin,UCLA Bruins,H,80,72,72.8,54.5,15.1,18.8,49.1
401812786,2025-11-07,UConn Huskies,UMass Lowell,H,110,47,94.5,67.4,31.8,51.7,31.9
401812786,2025-11-07,UMass Lowell,UConn Huskies,A,47,110,67.2,25.5,19.3,20.5,68.1
401822880,2025-12-31,UConn Huskies,Xavier,A,90,67,74.7,63.7,21.4,32.3,22.6
401822880,2025-12-31,Xavier,UConn Huskies,H,67,90,78.5,46.4,21.7,13.5,39.3
401828920,2025-11-11,UIC Flames,St. Francis (IL),H,98,55,88.2,71.4,35.1,50.0,17.5
401828920,2025-11-11,St. Francis (IL),UIC Flames,A,55,98,56.3,49.0,17.8,24.1,18.4
401830881,2025-11-22,UIC Flames,Southern Indiana*,H,84,73,77.7,51.9,24.5,35.5,61.1
401830881,2025-11-22,Southern Indiana*,UIC Flames,A,73,84,79.5,49.2,23.9,34.9,30.3
401818305,2025-12-07,UIC Flames,Yale,A,66,80,59.1,39.2,3.4,36.4,26.2
401818305,2025-12-07,Yale,UIC Flames,H,80,66,64.3,50.9,12.4,38.2,50.0
401828921,2025-12-29,UIC Flames,Illinois Tech,H,102,64,77.2,61.3,18.1,48.3,51.6
401828921,2025-12-29,Illinois Tech,UIC Flames,A,64,102,69.9,51.7,17.2,9.1,6.8
401830261,2026-01-04,UIC Flames,Valparaiso,A,59,66,63.1,50.0,27.0,34.5,35.4
401830261,2026-01-04,Valparaiso,UIC Flames,H,66,59,70.0,42.7,27.1,30.0,97.6
401830124,2025-11-10,UL Monroe Warhawks,Rust,H,88,55,81.5,57.9,22.1,26.7,28.6
401830124,2025-11-10,Rust,UL Monroe Warhawks,A,55,88,70.8,35.8,14.1,22.7,11.9
401830127,2025-12-09,UL Monroe Warhawks,Arkansas Baptist,H,79,69,78.5,41.4,16.6,29.3,70.7
401830127,2025-12-09,Arkansas Baptist,UL Monroe Warhawks,A,69,79,81.6,38.2,20.8,33.3,22.2
401826052,2025-11-04,UMBC Retrievers,Penn State-York,H,74,53,68.2,51.6,13.2,27.0,20.6
401826052,2025-11-04,Penn State-York,UMBC Retrievers,A,53,74,63.1,35.8,7.9,24.4,28.3
401826053,2025-11-16,UMBC Retrievers,Wagner,H,71,70,79.2,44.5,26.5,31.6,58.2
401826053,2025-11-16,Wagner,UMBC Retrievers,A,70,71,71.6,46.9,15.4,26.8,25.0
401826054,2025-11-24,UMBC Retrievers,Notre Dame (MD),H,102,52,79.6,63.4,17.6,38.2,22.5
401826054,2025-11-24,Notre Dame (MD),UMBC Retrievers,A,52,102,79.4,31.8,15.1,17.6,6.8
401826760,2025-11-03,UMass Lowell River Hawks,Rivier,H,107,55,92.3,66.2,30.3,48.3,43.1
401826760,2025-11-03,Rivier,UMass Lowell River Hawks,A,55,107,71.8,34.6,12.5,20.8,14.7
401817530,2025-11-16,UMass Lowell River Hawks,Wake Forest,A,75,109,65.5,50.8,7.6,25.0,29.5
401817530,2025-11-16,Wake Forest,UMass Lowell River Hawks,H,109,75,94.4,65.4,26.5,32.3,35.3
401831275,2025-11-29,UMass Lowell River Hawks,Emerson,H,90,67,67.0,60.2,19.4,53.6,85.7
401831275,2025-11-29,Emerson,UMass Lowell River Hawks,A,67,90,69.8,46.1,17.2,26.8,15.6
401826765,2025-12-10,UMass Lowell River Hawks,Fisher College,H,122,73,93.3,59.9,22.5,67.5,32.6
401826765,2025-12-10,Fisher College,UMass Lowell River Hawks,A,73,122,79.3,47.3,11.3,13.0,9.6
401826879,2025-11-04,UNC Asheville Bulldogs,Wichita State,A,58,75,61.2,44.6,16.3,30.6,23.2
401826879,2025-11-04,Wichita State,UNC Asheville Bulldogs,H,75,58,66.1,48.5,18.1,51.2,22.1
401830421,2025-11-13,UNC Asheville Bulldogs,Bryan (TN),H,92,54,91.9,56.2,34.8,48.5,35.4
401830421,2025-11-13,Bryan (TN),UNC Asheville Bulldogs,A,54,92,49.7,52.2,10.1,23.3,26.1
401826751,2025-11-19,UNC Asheville Bulldogs,Western Carolina,A,73,80,63.9,61.0,17.2,25.0,46.0
401826751,2025-11-19,Western Carolina,UNC Asheville Bulldogs,H,80,73,78.8,46.0,27.9,48.7,46.8
401830118,2025-12-02,UNC Asheville Bulldogs,UNC Greensboro*,H,82,77,71.0,59.8,18.3,27.6,37.5
401830118,2025-12-02,UNC Greensboro*,UNC Asheville Bulldogs,A,77,82,59.0,63.3,10.2,25.0,42.9
401830423,2025-12-16,UNC Asheville Bulldogs,Kentucky Christian,H,83,73,65.0,61.4,13.9,37.9,36.8
401830423,2025-12-16,Kentucky Christian,UNC Asheville Bulldogs,A,73,83,92.5,42.3,28.1,20.9,33.8
401830424,2025-12-18,UNC Asheville Bulldogs,Morris College,H,89,56,71.0,56.9,21.1,48.7,32.3
401830424,2025-12-18,Morris College,UNC Asheville Bulldogs,A,56,89,74.1,36.9,18.9,18.6,24.6
401823493,2025-11-20,UNC Greensboro Spartans,Queens University,A,94,101,70.1,61.4,7.1,27.3,63.2
401823493,2025-11-20,Queens University,UNC Greensboro Spartans,H,101,94,62.9,65.3,3.2,40.0,37.1
401830116,2025-11-23,UNC Greensboro Spartans,Youngstown State*,H,68,62,74.5,48.2,24.2,24.3,40.0
401830116,2025-11-23,Youngstown State*,UNC Greensboro Spartans,A,62,68,82.2,42.9,29.2,23.8,17.5
401830119,2025-12-12,UNC Greensboro Spartans,William Peace,H,90,62,79.1,59.7,16.4,25.0,22.4
401830119,2025-12-12,William Peace,UNC Greensboro Spartans,A,62,90,63.8,42.1,6.3,19.5,15.9
401830120,2025-12-21,UNC Greensboro Spartans,Virginia-Lynchburg,H,131,53,94.9,70.0,21.1,51.6,28.7
401830120,2025-12-21,Virginia-Lynchburg,UNC Greensboro Spartans,A,53,131,88.3,31.2,15.9,12.5,11.7
401809317,2026-01-07,UNC Greensboro Spartans,Wofford,A,85,97,66.0,58.2,10.6,31.6,34.4
401809317,2026-01-07,Wofford,UNC Greensboro Spartans,H,97,85,76.3,59.1,13.1,34.3,39.4
401823588,2025-11-03,UNC Wilmington Seahawks,Mount Olive,H,106,77,84.5,57.7,16.6,46.3,54.9
401823588,2025-11-03,Mount Olive,UNC Wilmington Seahawks,A,77,106,85.0,43.0,17.6,22.7,26.8
401822337,2025-12-13,UNC Wilmington Seahawks,Valparaiso,A,73,70,64.7,45.0,17.0,51.2,55.0
401822337,2025-12-13,Valparaiso,UNC Wilmington Seahawks,H,70,73,72.4,40.0,19.3,42.9,36.9
401823596,2025-12-27,UNC Wilmington Seahawks,Columbia College (SC),H,100,56,93.5,57.4,28.9,46.2,29.7
401823596,2025-12-27,Columbia College (SC),UNC Wilmington Seahawks,A,56,100,61.1,41.2,8.2,19.5,26.3
401820395,2025-11-04,UNLV Rebels,UT Martin,H,81,86,74.6,53.0,22.8,31.2,74.0
401820395,2025-11-04,UT Martin,UNLV Rebels,A,86,81,87.8,53.6,23.9,27.5,87.3
401820402,2025-12-29,UNLV Rebels,La Sierra,H,89,47,96.1,50.7,35.4,50.0,20.0
401820402,2025-12-29,La Sierra,UNLV Rebels,A,47,89,54.0,34.0,9.3,25.0,38.0
401830822,2026-01-06,UNLV Rebels,Wyoming,A,66,98,73.4,42.7,20.4,27.5,93.8
401830822,2026-01-06,Wyoming,UNLV Rebels,H,98,66,76.8,62.5,22.1,43.8,48.3
401825402,2025-12-06,USC Trojans,Washington,H,76,84,71.3,43.3,9.8,22.5,46.7
401825402,2025-12-06,Washington,USC Trojans,A,84,76,74.9,50.0,17.4,38.9,39.1
401824140,2025-12-14,USC Trojans,Washington State,H,68,61,68.2,41.0,10.3,17.2,68.0
401824140,2025-12-14,Washington State,USC Trojans,A,61,68,58.6,48.1,5.1,11.8,26.4
401827440,2025-12-17,USC Trojans,UTSA,H,97,70,82.3,62.5,23.1,37.0,46.7
401827440,2025-12-17,UTSA,USC Trojans,A,70,97,73.9,40.5,23.0,42.5,36.5
401842364,2025-12-21,USC Trojans,UC Santa Cruz,H,102,63,86.8,58.5,26.5,61.8,40.8
401842364,2025-12-21,UC Santa Cruz,USC Trojans,A,63,102,65.2,52.8,12.3,5.9,20.4
401823864,2025-11-03,UT Arlington Mavericks,UNT Dallas,H,91,40,83.2,51.5,26.4,52.5,44.1
401823864,2025-11-03,UNT Dallas,UT Arlington Mavericks,A,40,91,66.8,19.3,13.5,24.0,47.4
401823866,2025-11-10,UT Arlington Mavericks,Arlington Baptist,H,117,61,104.0,63.1,30.8,51.2,22.6
401823866,2025-11-10,Arlington Baptist,UT Arlington Mavericks,A,61,117,82.1,41.7,19.5,5.1,28.3
401823869,2025-11-22,UT Arlington Mavericks,Weber State,A,74,73,69.7,56.1,21.5,26.7,21.1
401823869,2025-11-22,Weber State,UT Arlington Mavericks,H,73,74,67.1,53.7,17.9,24.1,31.5
401823872,2025-12-11,UT Arlington Mavericks,UT Rio Grande Valley,A,58,50,49.2,48.1,10.2,39.4,21.2
401823872,2025-12-11,UT Rio Grande Valley,UT Arlington Mavericks,H,50,58,61.2,44.7,22.9,16.1,23.4
401829390,2025-11-09,UT Martin Skyhawks,Kentucky Christian,H,97,42,92.0,59.4,33.7,50.0,27.5
401829390,2025-11-09,Kentucky Christian,UT Martin Skyhawks,A,42,97,54.2,33.0,3.7,16.7,24.5
401829392,2025-11-25,UT Martin Skyhawks,Brescia,H,75,50,69.9,45.6,21.5,55.8,33.8
401829392,2025-11-25,Brescia,UT Martin Skyhawks,A,50,75,73.7,30.8,20.4,17.8,23.3
401829394,2025-12-14,UT Martin Skyhawks,Champion Christian,H,96,52,83.5,52.6,22.8,51.1,25.6
401829394,2025-12-14,Champion Christian,UT Martin Skyhawks,A,52,96,76.8,34.3,16.9,12.5,9.0
401806419,2026-01-01,UT Martin Skyhawks,Western Illinois,H,67,60,66.7,40.4,15.0,38.5,54.4
401806419,2026-01-01,Western Illinois,UT Martin Skyhawks,A,60,67,62.2,40.0,17.7,41.3,16.9
401806434,2026-01-10,UT Martin Skyhawks,Southern Indiana,A,73,56,62.5,51.8,24.0,53.1,36.4
401806434,2026-01-10,Southern Indiana,UT Martin Skyhawks,H,56,73,60.8,37.3,14.8,31.7,56.9
401830121,2025-11-17,UT Rio Grande Valley Vaqueros,Southwestern Adventist,H,110,53,83.9,65.9,25.0,50.0,33.3
401830121,2025-11-17,Southwestern Adventist,UT Rio Grande Valley Vaqueros,A,53,110,57.8,43.5,10.4,16.7,14.8
401830123,2025-12-20,UT Rio Grande Valley Vaqueros,College Of Biblical Studies,H,109,51,85.5,67.1,25.7,48.6,31.4
401830123,2025-12-20,College Of Biblical Studies,UT Rio Grande Valley Vaqueros,A,51,109,60.6,32.8,3.3,16.7,27.6
401828472,2025-11-03,UTEP Miners,UT Permian Basin,H,98,56,91.1,59.0,25.2,28.6,59.0
401828472,2025-11-03,UT Permian Basin,UTEP Miners,A,56,98,54.9,44.7,12.8,28.9,53.2
401828473,2025-11-07,UTEP Miners,Western New Mexico,H,107,70,94.7,61.8,31.7,62.9,43.1
401828473,2025-11-07,Western New Mexico,UTEP Miners,A,70,107,67.7,40.0,13.3,33.3,60.0
401827911,2025-11-15,UTEP Miners,Utah State,A,51,75,63.0,40.2,17.5,22.9,37.3
401827911,2025-11-15,Utah State,UTEP Miners,H,75,51,77.1,54.2,33.7,46.7,75.0
401828474,2025-11-19,UTEP Miners,St. Thomas (TX),H,84,83,77.8,48.5,18.0,36.6,44.6
401828474,2025-11-19,St. Thomas (TX),UTEP Miners,A,83,84,77.8,53.4,19.3,25.7,50.0
401827506,2025-11-24,UTEP Miners,William & Mary*,H,63,74,75.1,40.8,20.0,27.9,23.1
401827506,2025-11-24,William & Mary*,UTEP Miners,A,74,63,74.5,56.6,28.2,30.0,37.7
401804874,2026-01-10,UTEP Miners,Western Kentucky,H,56,68,56.5,36.8,5.3,27.0,41.5
401804874,2026-01-10,Western Kentucky,UTEP Miners,A,68,56,77.5,43.0,25.8,38.6,34.4
401831374,2025-11-05,UTSA Roadrunners,College Of Biblical Studies,H,97,30,98.6,56.5,30.4,39.0,20.8
401831374,2025-11-05,College Of Biblical Studies,UTSA Roadrunners,A,30,97,61.5,16.1,6.5,14.0,32.1
401831375,2025-11-18,UTSA Roadrunners,Southwestern Christian,H,103,70,87.5,59.7,21.7,42.9,26.0
401831375,2025-11-18,Southwestern Christian,UTSA Roadrunners,A,70,103,73.4,48.3,15.0,19.5,40.7
401827910,2025-11-03,Utah State Aggies,Westminster (UT),H,110,54,85.3,74.6,27.0,39.3,13.0
401827910,2025-11-03,Westminster (UT),Utah State Aggies,A,54,110,64.5,37.7,10.8,18.6,31.6
401822735,2025-11-07,Utah State Aggies,VCU*,H,80,77,78.3,53.4,28.1,38.9,44.8
401822735,2025-11-07,VCU*,Utah State Aggies,A,77,80,78.3,50.8,24.3,37.8,46.7
401826931,2025-11-12,Utah State Aggies,Weber State,H,83,73,83.8,47.7,21.5,30.8,45.3
401826931,2025-11-12,Weber State,Utah State Aggies,A,73,83,64.3,45.6,10.9,33.3,49.1
401824022,2025-11-05,Utah Tech Trailblazers,Bethesda University,H,110,65,94.7,55.8,22.2,42.9,40.3
401824022,2025-11-05,Bethesda University,Utah Tech Trailblazers,A,65,110,75.0,38.1,10.7,20.4,31.3
401824025,2025-11-21,Utah Tech Trailblazers,Nobel,H,96,48,84.2,65.7,23.8,20.0,59.3
401824025,2025-11-21,Nobel,Utah Tech Trailblazers,A,48,96,61.6,30.2,6.5,26.0,25.4
401824029,2025-12-13,Utah Tech Trailblazers,Justice College,H,89,48,91.5,62.7,35.0,33.3,37.3
401824029,2025-12-13,Justice College,Utah Tech Trailblazers,A,48,89,62.1,33.7,19.3,18.4,34.7
401824030,2025-12-20,Utah Tech Trailblazers,Weber State,A,82,80,73.9,59.8,21.6,29.0,41.1
401824030,2025-12-20,Weber State,Utah Tech Trailblazers,H,80,82,62.2,61.7,11.2,23.1,63.8
401805167,2026-01-10,Utah Tech Trailblazers,Utah Valley,A,76,92,72.5,52.7,23.4,29.0,36.4
401805167,2026-01-10,Utah Valley,Utah Tech Trailblazers,H,92,76,87.8,54.8,26.2,31.2,43.5
401819906,2025-11-08,Utah Utes,Weber State,H,92,89,89.2,46.1,17.9,35.2,41.6
401819906,2025-11-08,Weber State,Utah Utes,A,89,92,80.3,49.3,13.7,36.2,38.4
401819914,2025-12-29,Utah Utes,Washington,A,65,74,69.7,44.5,18.7,33.3,21.9
401819914,2025-12-29,Washington,Utah Utes,H,74,65,69.5,53.8,15.8,15.4,37.7
401826946,2025-11-04,Utah Valley Wolverines,West Coast Baptist,H,116,35,96.2,63.7,28.1,52.6,13.1
401826946,2025-11-04,West Coast Baptist,Utah Valley Wolverines,A,35,116,63.1,21.0,3.2,14.5,24.2
401826947,2025-11-12,Utah Valley Wolverines,Westminster (UT),H,91,60,78.9,66.7,31.7,44.0,42.6
401826947,2025-11-12,Westminster (UT),Utah Valley Wolverines,A,60,91,65.4,39.1,26.0,45.0,43.6
401826953,2025-12-17,Utah Valley Wolverines,Weber State,H,90,74,67.1,66.4,20.9,50.0,29.3
401826953,2025-12-17,Weber State,Utah Valley Wolverines,A,74,90,72.0,48.4,22.2,42.1,33.9
401826954,2025-12-20,Utah Valley Wolverines,Bethesda University,H,109,48,86.7,60.4,25.4,60.5,14.6
401826954,2025-12-20,Bethesda University,Utah Valley Wolverines,A,48,109,63.8,33.6,6.3,16.0,12.5
401822734,2025-11-03,VCU Rams,Wagner,H,103,74,86.7,60.3,23.1,41.0,45.6
401822734,2025-11-03,Wagner,VCU Rams,A,74,103,69.4,45.2,13.0,33.3,38.1
401830752,2025-11-27,VCU Rams,24Vanderbilt*,H,74,89,70.7,63.7,19.8,33.3,64.7
401830752,2025-11-27,24Vanderbilt*,VCU Rams,A,89,74,79.6,42.0,20.1,21.4,62.5
401830878,2025-11-28,VCU Rams,Virginia Tech*,H,86,68,77.5,62.3,25.8,33.3,38.6
401830878,2025-11-28,Virginia Tech*,VCU Rams,A,68,86,72.9,50.9,21.9,23.5,42.6
401823513,2025-11-03,VMI Keydets,Johnson & Wales (NC),H,122,58,104.5,66.5,28.7,41.0,22.0
401823513,2025-11-03,Johnson & Wales (NC),VMI Keydets,A,58,122,58.9,43.5,3.4,21.1,9.7
401823514,2025-11-07,VMI Keydets,Southern Indiana,A,78,74,86.5,44.4,20.8,27.7,31.0
401823514,2025-11-07,Southern Indiana,VMI Keydets,H,74,78,77.1,41.2,13.0,30.0,23.0
401823516,2025-11-12,VMI Keydets,Virginia-Lynchburg,H,106,54,101.5,54.2,20.7,25.5,24.1
401823516,2025-11-12,Virginia-Lynchburg,VMI Keydets,A,54,106,83.7,28.5,10.8,18.0,17.7
401823519,2025-12-05,VMI Keydets,Christendom,H,89,36,78.8,58.3,22.8,37.5,11.1
401823519,2025-12-05,Christendom,VMI Keydets,A,36,89,65.3,24.6,10.7,17.0,14.3
401822333,2025-11-26,Valparaiso Beacons,Southern Indiana,H,56,64,71.8,31.6,12.5,36.2,12.7
401822333,2025-11-26,Southern Indiana,Valparaiso Beacons,A,64,56,57.9,43.8,6.9,34.1,44.6
401822334,2025-11-29,Valparaiso Beacons,Western Michigan,H,84,55,74.3,55.5,26.9,41.9,47.3
401822334,2025-11-29,Western Michigan,Valparaiso Beacons,A,55,84,53.7,43.6,7.4,31.4,21.8
401822336,2025-12-06,Valparaiso Beacons,Calumet,H,98,58,87.7,65.0,29.6,42.4,17.1
401822336,2025-12-06,Calumet,Valparaiso Beacons,A,58,98,58.7,42.1,6.8,22.2,21.1
401823362,2025-11-26,Vanderbilt Commodores,Western Kentucky*,H,83,78,76.7,43.5,17.0,31.8,53.2
401823362,2025-11-26,Western Kentucky*,Vanderbilt Commodores,A,78,83,69.6,53.8,8.6,20.0,69.8
401817537,2025-12-21,Vanderbilt Commodores,Wake Forest,A,98,67,84.6,72.9,28.4,22.2,27.1
401817537,2025-12-21,Wake Forest,Vanderbilt Commodores,H,67,98,65.2,38.9,13.8,36.1,59.3
401826766,2025-11-03,Vermont Catamounts,Western New England,H,75,68,58.2,60.9,13.7,37.0,65.2
401826766,2025-11-03,Western New England,Vermont Catamounts,A,68,75,63.5,48.1,11.0,20.6,37.0
401826767,2025-11-05,Vermont Catamounts,Plattsburgh St,H,113,62,90.1,67.3,25.5,44.4,22.7
401826767,2025-11-05,Plattsburgh St,Vermont Catamounts,A,62,113,68.5,40.5,7.3,7.7,31.0
401818302,2025-11-30,Vermont Catamounts,Yale,H,74,77,51.5,58.2,0.0,30.8,44.9
401818302,2025-11-30,Yale,Vermont Catamounts,A,77,74,71.5,54.5,18.2,23.3,40.0
401823451,2025-11-08,Villanova Wildcats,Queens University,H,94,74,85.9,53.5,29.1,56.4,35.2
401823451,2025-11-08,Queens University,Villanova Wildcats,A,74,94,64.6,66.0,20.1,13.0,34.0
401823567,2025-12-19,Villanova Wildcats,Wisconsin*,H,76,66,75.0,48.5,20.0,33.3,29.2
401823567,2025-12-19,Wisconsin*,Villanova Wildcats,A,66,76,56.8,53.6,5.3,21.2,17.9
401817492,2025-11-28,Virginia Cavaliers,Queens University,H,94,69,68.5,65.8,17.5,45.2,36.7
401817492,2025-11-28,Queens University,Virginia Cavaliers,A,69,94,67.5,45.2,20.7,40.0,28.6
401820641,2025-12-31,Virginia Cavaliers,Virginia Tech,A,85,95,90.1,41.6,12.2,29.8,16.9
401820641,2025-12-31,Virginia Tech,Virginia Cavaliers,H,95,85,96.5,40.9,15.5,35.1,50.0
401817524,2025-12-11,Virginia Tech Hokies,Western Carolina,H,96,74,72.9,63.3,12.3,36.7,35.9
401817524,2025-12-11,Western Carolina,Virginia Tech Hokies,A,74,96,67.2,49.1,16.4,37.5,52.6
401820649,2026-01-03,Virginia Tech Hokies,Wake Forest,A,78,81,71.9,56.6,20.9,27.6,47.2
401820649,2026-01-03,Wake Forest,Virginia Tech Hokies,H,81,78,80.6,50.0,23.6,34.2,23.9
401831529,2025-12-06,Wagner Seahawks,Bryant Str-Alb,H,92,36,78.5,58.3,26.7,53.1,27.3
401831529,2025-12-06,Bryant Str-Alb,Wagner Seahawks,A,36,92,75.2,21.4,14.6,18.6,15.7
401831530,2025-12-11,Wagner Seahawks,Bloomfield,H,95,93,82.1,57.3,20.7,42.5,20.0
401831530,2025-12-11,Bloomfield,Wagner Seahawks,A,93,95,99.7,53.9,26.1,20.9,18.4
401831531,2025-12-22,Wagner Seahawks,Manor College,H,74,57,85.2,45.6,29.4,35.9,19.1
401831531,2025-12-22,Manor College,Wagner Seahawks,A,57,74,59.9,45.8,11.7,22.2,6.8
401817534,2025-12-06,Wake Forest Demon Deacons,West Virginia*,H,75,66,58.4,46.2,24.0,57.6,46.2
401817534,2025-12-06,West Virginia*,Wake Forest Demon Deacons,A,66,75,73.2,59.6,34.1,45.2,19.3
401817535,2025-12-14,Wake Forest Demon Deacons,Queens University,H,111,73,86.4,76.7,27.8,35.0,41.4
401817535,2025-12-14,Queens University,Wake Forest Demon Deacons,A,73,111,69.1,54.4,15.9,18.8,26.3
401824136,2025-11-14,Washington Huskies,Washington State,A,81,69,66.9,56.2,16.4,34.4,41.1
401824136,2025-11-14,Washington State,Washington Huskies,H,69,81,66.8,49.2,18.0,32.4,16.1
401824137,2025-11-24,Washington State Cougars,Chaminade,A,90,85,72.3,63.2,26.3,50.0,45.6
401824137,2025-11-24,Chaminade,Washington State Cougars,H,85,90,94.9,55.6,29.5,21.6,39.7
401826930,2025-11-03,Weber State Wildcats,West Coast Baptist,H,130,38,105.3,62.2,22.8,44.7,9.2
401826930,2025-11-03,West Coast Baptist,Weber State Wildcats,A,38,130,79.1,21.4,7.6,6.6,21.4
401826958,2025-12-22,Weber State Wildcats,Lincoln University (CA),H,103,64,86.1,65.4,26.7,44.8,25.0
401826958,2025-12-22,Lincoln University (CA),Weber State Wildcats,A,64,103,65.3,48.3,10.7,13.9,15.3
401825382,2025-11-07,West Georgia Wolves,Huntingdon College (AL),H,120,83,75.5,74.0,6.6,37.5,27.4
401825382,2025-11-07,Huntingdon College (AL),West Georgia Wolves,A,83,120,90.1,44.5,17.8,29.4,18.3
401825390,2025-12-17,West Georgia Wolves,Brewton-Parker,H,70,49,79.0,43.2,26.6,37.8,28.8
401825390,2025-12-17,Brewton-Parker,West Georgia Wolves,A,49,70,66.4,36.5,24.1,33.3,7.9
401831231,2025-11-23,West Virginia Mountaineers,Xavier*,H,68,78,68.7,60.0,17.5,13.3,21.8
401831231,2025-11-23,Xavier*,West Virginia Mountaineers,A,78,68,64.1,48.3,9.4,20.6,25.9
401826750,2025-11-13,Western Carolina Catamounts,Voorhees,H,95,44,90.0,59.0,34.4,51.5,28.4
401826750,2025-11-13,Voorhees,Western Carolina Catamounts,A,44,95,51.9,32.9,11.6,18.2,56.1
401826753,2025-12-02,Western Carolina Catamounts,Virginia-Lynchburg,H,124,62,90.9,62.2,18.7,56.5,4.1
401826753,2025-12-02,Virginia-Lynchburg,Western Carolina Catamounts,A,62,124,74.4,37.7,13.4,9.5,42.1
401809225,2025-12-31,Western Carolina Catamounts,Wofford,H,74,79,70.8,42.2,18.4,43.5,45.3
401809225,2025-12-31,Wofford,Western Carolina Catamounts,A,79,74,81.9,56.2,28.1,23.5,41.1
401830633,2025-11-17,Western Illinois Leathernecks,Coe,H,74,63,75.0,55.5,28.0,33.3,34.5
401830633,2025-11-17,Coe,Western Illinois Leathernecks,A,63,74,61.4,51.7,16.3,25.7,8.6
401831380,2025-11-30,Western Illinois Leathernecks,St. Ambrose,H,89,73,66.7,55.3,9.0,51.3,16.0
401831380,2025-11-30,St. Ambrose,Western Illinois Leathernecks,A,73,89,65.3,60.7,13.8,14.3,16.1
401830634,2025-12-06,Western Illinois Leathernecks,Hannibal-Lagrange,H,78,47,62.5,50.8,19.2,55.9,37.3
401830634,2025-12-06,Hannibal-Lagrange,Western Illinois Leathernecks,A,47,78,56.2,36.1,12.4,25.6,20.4
401806346,2025-12-18,Western Illinois Leathernecks,Lindenwood,A,76,92,81.3,50.8,19.7,21.1,46.7
401806346,2025-12-18,Lindenwood,Western Illinois Leathernecks,H,92,76,80.2,57.9,21.2,39.0,54.0
401823361,2025-11-18,Western Kentucky Hilltoppers,Bethel (TN),H,97,67,92.5,52.4,30.3,43.9,65.1
401823361,2025-11-18,Bethel (TN),Western Kentucky Hilltoppers,A,67,97,69.3,37.3,14.4,35.6,41.3
401830877,2025-11-28,Western Kentucky Hilltoppers,Wichita State*,H,75,70,76.9,48.3,24.7,31.6,39.0
401830877,2025-11-28,Wichita State*,Western Kentucky Hilltoppers,A,70,75,62.4,43.0,14.4,40.0,45.6
401823365,2025-12-15,Western Kentucky Hilltoppers,Campbellsville,H,102,59,87.4,60.3,26.3,42.9,35.3
401823365,2025-12-15,Campbellsville,Western Kentucky Hilltoppers,A,59,102,72.3,45.0,19.4,12.8,11.7
401829053,2025-11-06,Western Michigan Broncos,Northwood (MI),H,81,85,74.7,51.8,18.7,35.3,57.9
401829053,2025-11-06,Northwood (MI),Western Michigan Broncos,A,85,81,90.9,50.0,26.4,30.2,36.8
401829054,2025-12-03,Western Michigan Broncos,Southern Indiana,H,88,74,77.7,62.5,16.7,17.2,18.8
401829054,2025-12-03,Southern Indiana,Western Michigan Broncos,A,74,88,74.1,50.9,14.8,20.0,65.5
401829276,2025-12-22,Western Michigan Broncos,Defiance,H,94,57,92.0,56.6,32.6,48.5,30.9
401829276,2025-12-22,Defiance,Western Michigan Broncos,A,57,94,64.1,42.5,17.2,20.6,28.3
401826882,2025-12-02,Wichita State Shockers,Mount Marty College,H,95,69,62.6,71.9,22.4,66.7,28.1
401826882,2025-12-02,Mount Marty College,Wichita State Shockers,A,69,95,66.3,52.5,21.1,31.4,11.7
401826883,2025-12-17,Wichita State Shockers,Wofford,H,84,73,75.1,55.7,21.3,33.3,67.9
401826883,2025-12-17,Wofford,Wichita State Shockers,A,73,84,63.9,46.6,12.5,39.5,42.4
401827503,2025-11-03,William & Mary Tribe,Georgian Court,H,110,63,86.3,68.9,23.2,44.8,42.4
401827503,2025-11-03,Georgian Court,William & Mary Tribe,A,63,110,74.0,34.9,10.8,29.1,26.0
401827505,2025-11-21,William & Mary Tribe,Regent,H,104,57,96.3,61.4,29.1,36.8,37.1
401827505,2025-11-21,Regent,William & Mary Tribe,A,57,104,58.8,43.3,3.4,17.1,13.3
401823449,2025-11-03,Winthrop Eagles,Queens University*,H,81,74,75.7,45.2,19.8,39.0,50.0
401823449,2025-11-03,Queens University*,Winthrop Eagles,A,74,81,66.6,47.6,15.0,37.8,25.4
401827071,2025-12-09,Winthrop Eagles,Toccoa Falls,H,111,62,88.5,64.7,27.1,52.8,24.0
401827071,2025-12-09,Toccoa Falls,Winthrop Eagles,A,62,111,69.1,38.9,8.7,17.8,27.0
401827072,2025-12-13,Winthrop Eagles,Bob Jones,H,101,55,93.3,60.0,35.4,50.0,43.1
401827072,2025-12-13,Bob Jones,Winthrop Eagles,A,55,101,71.8,42.5,22.3,19.5,13.3
401827074,2025-12-21,Winthrop Eagles,Clinton College,H,107,41,79.3,68.2,22.7,51.5,39.4
401827074,2025-12-21,Clinton College,Winthrop Eagles,A,41,107,82.8,26.2,24.2,13.2,15.4
401829440,2025-11-21,Wofford Terriers,Erskine,H,81,57,64.1,65.5,26.5,59.3,30.9
401829440,2025-11-21,Erskine,Wofford Terriers,A,57,81,60.8,55.6,23.0,7.7,17.8
401829441,2025-12-28,Wofford Terriers,Union (KY),H,88,54,82.3,59.3,31.6,46.9,44.1
401829441,2025-12-28,Union (KY),Wofford Terriers,A,54,88,56.3,44.5,16.0,32.4,12.7
401823407,2025-11-03,Wright State Raiders,Franklin,H,86,37,93.0,54.2,34.4,47.6,29.6
401823407,2025-11-03,Franklin,Wright State Raiders,A,37,86,54.6,35.6,12.8,11.1,31.1
401823410,2025-11-20,Wright State Raiders,Ohio Wesleyan,H,100,47,82.9,70.3,30.1,54.5,39.0
401823410,2025-11-20,Ohio Wesleyan,Wright State Raiders,A,47,100,52.1,39.4,7.7,20.6,36.2
401817503,2025-12-03,Wright State Raiders,Youngstown State,A,68,69,80.3,55.2,29.9,16.7,58.3
401817503,2025-12-03,Youngstown State,Wright State Raiders,H,69,68,67.5,50.9,23.7,43.8,35.7
401823756,2025-11-03,Wyoming Cowboys,Northern State,H,99,75,79.3,59.4,18.9,48.6,40.6
401823756,2025-11-03,Northern State,Wyoming Cowboys,A,75,99,73.2,49.3,15.0,25.0,16.4
401818303,2025-12-02,Yale Bulldogs,SUNY-Maritime,H,117,53,94.2,73.9,25.5,25.9,18.3
401818303,2025-12-02,SUNY-Maritime,Yale Bulldogs,A,53,117,69.4,37.1,10.1,18.4,4.3
401818304,2025-12-03,Yale Bulldogs,Brandeis,H,79,61,80.5,56.6,28.6,34.3,29.5
401818304,2025-12-03,Brandeis,Yale Bulldogs,A,61,79,63.9,49.2,15.7,27.0,9.8
401823005,2025-12-14,Youngstown State Penguins,Thiel,H,103,52,81.2,68.8,25.9,48.3,15.9
401823005,2025-12-14,Thiel,Youngstown State Penguins,A,52,103,62.8,39.2,19.1,32.5,13.3
401823007,2026-01-09,Youngstown State Penguins,Bryant & Stratton (Ohio),H,99,61,72.8,63.5,19.2,48.6,42.9
401823007,2026-01-09,Bryant & Stratton (Ohio),Youngstown State Penguins,A,61,99,68.3,41.5,11.7,29.8,9.9
