Date,GameID,Team,Opponent,Location,Link
2025-11-04,401828553,Evansville Purple Aces,Purdue Boilermakers,N,https://www.espn.com/mens-college-basketball/matchup?gameId=401828553
2025-11-04,401817228,Texas Longhorns,Duke Blue Devils,N,https://www.espn.com/mens-college-basketball/matchup?gameId=401817228
2025-11-04,401826746,Nicholls Colonels,Kentucky Wildcats,N,https://www.espn.com/mens-college-basketball/matchup?gameId=401826746
2025-11-04,401819898,Lindenwood Lions,Texas Tech Red Raiders,N,https://www.espn.com/mens-college-basketball/matchup?gameId=401819898
2025-11-04,401826052,Penn State-York Nittany Lions,UMBC Retrievers,N,https://www.espn.com/mens-college-basketball/matchup?gameId=401826052
2025-11-04,401829341,East-West University Phantoms,SIU Edwardsville Cougars,N,https://www.espn.com/mens-college-basketball/matchup?gameId=401829341
2025-11-04,401827525,North Carolina A&T Aggies,South Carolina Gamecocks,N,https://www.espn.com/mens-college-basketball/matchup?gameId=401827525
2025-11-04,401826705,Alcorn State Braves,Florida State Seminoles,N,https://www.espn.com/mens-college-basketball/matchup?gameId=401826705
2025-11-04,401824884,Converse University Valkyries,East Tennessee State Buccaneers,N,https://www.espn.com/mens-college-basketball/matchup?gameId=401824884
2025-11-04,401824860,Caldwell Cougars,Monmouth Hawks,N,https://www.espn.com/mens-college-basketball/matchup?gameId=401824860
2025-11-04,401823857,St. Joseph's (NY) Bears,Manhattan Jaspers,N,https://www.espn.com/mens-college-basketball/matchup?gameId=401823857
2025-11-04,401823724,Merchant Marine Academy Mariners,Sacred Heart Pioneers,N,https://www.espn.com/mens-college-basketball/matchup?gameId=401823724
2025-11-04,401822165,NJIT Highlanders,Fordham Rams,N,https://www.espn.com/mens-college-basketball/matchup?gameId=401822165
2025-11-04,401820806,Georgia Southern Eagles,East Carolina Pirates,N,https://www.espn.com/mens-college-basketball/matchup?gameId=401820806
2025-11-04,401813397,Mount St. Mary's Mountaineers,West Virginia Mountaineers,N,https://www.espn.com/mens-college-basketball/matchup?gameId=401813397
2025-11-04,401826879,UNC Asheville Bulldogs,Wichita State Shockers,N,https://www.espn.com/mens-college-basketball/matchup?gameId=401826879
2025-11-04,401826946,West Coast Baptist Eagles,Utah Valley Wolverines,N,https://www.espn.com/mens-college-basketball/matchup?gameId=401826946
2025-11-04,401826803,College Of Biblical Studies Ambassadors,Rice Owls,N,https://www.espn.com/mens-college-basketball/matchup?gameId=401826803
2025-11-04,401825185,Arkansas Baptist Buffaloes,Little Rock Trojans,N,https://www.espn.com/mens-college-basketball/matchup?gameId=401825185
2025-11-04,401823321,Missouri Southern State Lions,Missouri State Bears,N,https://www.espn.com/mens-college-basketball/matchup?gameId=401823321
2025-11-04,401822329,Eastern Illinois Panthers,Valparaiso Beacons,N,https://www.espn.com/mens-college-basketball/matchup?gameId=401822329
2025-11-04,401819888,UNC Greensboro Spartans,Kansas State Wildcats,N,https://www.espn.com/mens-college-basketball/matchup?gameId=401819888
2025-11-04,401813286,Oral Roberts Golden Eagles,Oklahoma State Cowboys,N,https://www.espn.com/mens-college-basketball/matchup?gameId=401813286
2025-11-04,401823398,Robert Morris Colonials,Iowa Hawkeyes,N,https://www.espn.com/mens-college-basketball/matchup?gameId=401823398
2025-11-04,401830629,Adams State Grizzlies,New Mexico State Aggies,N,https://www.espn.com/mens-college-basketball/matchup?gameId=401830629
2025-11-04,401830409,San Francisco State Gators,UC Santa Barbara Gauchos,N,https://www.espn.com/mens-college-basketball/matchup?gameId=401830409
2025-11-04,401824110,Occidental Tigers,San Diego Toreros,N,https://www.espn.com/mens-college-basketball/matchup?gameId=401824110
2025-11-04,401819813,Southern Utah Thunderbirds,Arizona State Sun Devils,N,https://www.espn.com/mens-college-basketball/matchup?gameId=401819813
2025-11-04,401826926,Dominican (CA) Penguins,Sacramento State Hornets,N,https://www.espn.com/mens-college-basketball/matchup?gameId=401826926
2025-11-04,401826895,Louisiana Tech Bulldogs,Nevada Wolf Pack,N,https://www.espn.com/mens-college-basketball/matchup?gameId=401826895
2025-11-04,401824118,Humboldt State Lumberjacks,Santa Clara Broncos,N,https://www.espn.com/mens-college-basketball/matchup?gameId=401824118
2025-11-04,401823553,Park University Gilbert Buccaneers,Idaho State Bengals,N,https://www.espn.com/mens-college-basketball/matchup?gameId=401823553
2025-11-04,401823304,Long Beach State Beach,San Diego State Aztecs,N,https://www.espn.com/mens-college-basketball/matchup?gameId=401823304
2025-11-04,401820395,UT Martin Skyhawks,UNLV Rebels,N,https://www.espn.com/mens-college-basketball/matchup?gameId=401820395
2025-11-04,401817464,Portland State Vikings,Stanford Cardinal,N,https://www.espn.com/mens-college-basketball/matchup?gameId=401817464
2025-11-04,401824895,Hawai'i Rainbow Warriors,Oregon Ducks,N,https://www.espn.com/mens-college-basketball/matchup?gameId=401824895
2025-11-05,401811102,South Dakota Coyotes,Creighton Bluejays,N,https://www.espn.com/mens-college-basketball/matchup?gameId=401811102
2025-11-05,401822993,Milligan Buffaloes,Middle Tennessee Blue Raiders,N,https://www.espn.com/mens-college-basketball/matchup?gameId=401822993
2025-11-05,401826937,Bluefield University Ramblin' Rams,Presbyterian Blue Hose,N,https://www.espn.com/mens-college-basketball/matchup?gameId=401826937
2025-11-05,401820604,RIT Tigers,Binghamton Bearcats,N,https://www.espn.com/mens-college-basketball/matchup?gameId=401820604
2025-11-05,401812626,Rider Broncs,Rutgers Scarlet Knights,N,https://www.espn.com/mens-college-basketball/matchup?gameId=401812626
2025-11-05,401826731,Carolina University Bruins,App State Mountaineers,N,https://www.espn.com/mens-college-basketball/matchup?gameId=401826731
2025-11-05,401822176,Coppin State Eagles,La Salle Explorers,N,https://www.espn.com/mens-college-basketball/matchup?gameId=401822176
2025-11-05,401831374,College Of Biblical Studies Ambassadors,UTSA Roadrunners,N,https://www.espn.com/mens-college-basketball/matchup?gameId=401831374
2025-11-05,401830341,Mississippi University For Women Owls,Mississippi Valley State Delta Devils,N,https://www.espn.com/mens-college-basketball/matchup?gameId=401830341
2025-11-05,401829495,Washington and Lee Generals,James Madison Dukes,N,https://www.espn.com/mens-college-basketball/matchup?gameId=401829495
2025-11-05,401829411,Dickinson (PA) Red Devils,Lafayette Leopards,N,https://www.espn.com/mens-college-basketball/matchup?gameId=401829411
2025-11-05,401828719,Regent Royals,Norfolk State Spartans,N,https://www.espn.com/mens-college-basketball/matchup?gameId=401828719
2025-11-05,401827517,Belmont Abbey Crusaders,Elon Phoenix,N,https://www.espn.com/mens-college-basketball/matchup?gameId=401827517
2025-11-05,401827040,Dallas Crusaders,Prairie View A&M Panthers,N,https://www.espn.com/mens-college-basketball/matchup?gameId=401827040
2025-11-05,401826837,Delaware State Hornets,Temple Owls,N,https://www.espn.com/mens-college-basketball/matchup?gameId=401826837
2025-11-05,401826767,Plattsburgh St Cardinals,Vermont Catamounts,N,https://www.espn.com/mens-college-basketball/matchup?gameId=401826767
2025-11-05,401823484,LaGrange Panthers,Mercer Bears,N,https://www.espn.com/mens-college-basketball/matchup?gameId=401823484
2025-11-05,401823450,Lynchburg Hornets,Queens University Royals,N,https://www.espn.com/mens-college-basketball/matchup?gameId=401823450
2025-11-05,401823036,Maryland Eastern Shore Hawks,Georgia Bulldogs,N,https://www.espn.com/mens-college-basketball/matchup?gameId=401823036
2025-11-05,401820822,Southern Indiana Screaming Eagles,Butler Bulldogs,N,https://www.espn.com/mens-college-basketball/matchup?gameId=401820822
2025-11-05,401817172,Southern Virginia Knights,Richmond Spiders,N,https://www.espn.com/mens-college-basketball/matchup?gameId=401817172
2025-11-05,401827212,Texas A&M-San Antonio Jaguars,Texas State Bobcats,N,https://www.espn.com/mens-college-basketball/matchup?gameId=401827212
2025-11-05,401827172,Alabama A&M Bulldogs,Indiana Hoosiers,N,https://www.espn.com/mens-college-basketball/matchup?gameId=401827172
2025-11-05,401826995,Tarleton State Texans,LSU Tigers,N,https://www.espn.com/mens-college-basketball/matchup?gameId=401826995
2025-11-05,401823021,Southern Jaguars,Marquette Golden Eagles,N,https://www.espn.com/mens-college-basketball/matchup?gameId=401823021
2025-11-05,401830318,East Texas A&M Lions,New Mexico Lobos,N,https://www.espn.com/mens-college-basketball/matchup?gameId=401830318
2025-11-05,401828288,Ottawa (AZ) Spirit,Montana Grizzlies,N,https://www.espn.com/mens-college-basketball/matchup?gameId=401828288
2025-11-05,401827058,South Carolina Upstate Spartans,Fresno State Bulldogs,N,https://www.espn.com/mens-college-basketball/matchup?gameId=401827058
2025-11-05,401826086,North Dakota State Bison,UC Davis Aggies,N,https://www.espn.com/mens-college-basketball/matchup?gameId=401826086
2025-11-05,401825576,Northwest Indian RedHawks,Montana State Bobcats,N,https://www.espn.com/mens-college-basketball/matchup?gameId=401825576
2025-11-05,401824022,Bethesda University Flames,Utah Tech Trailblazers,N,https://www.espn.com/mens-college-basketball/matchup?gameId=401824022
2025-11-05,401823351,North Alabama Lions,Mississippi State Bulldogs,N,https://www.espn.com/mens-college-basketball/matchup?gameId=401823351
2025-11-05,401830411,Pacific Lutheran Lutes,Cal Poly Mustangs,N,https://www.espn.com/mens-college-basketball/matchup?gameId=401830411
2025-11-05,401824061,Life Pacific Warriors,Pacific Tigers,N,https://www.espn.com/mens-college-basketball/matchup?gameId=401824061
2025-11-05,401823499,Eastern Washington Eagles,Loyola Marymount Lions,N,https://www.espn.com/mens-college-basketball/matchup?gameId=401823499
2025-11-06,401823441,North Florida Ospreys,Florida Gators,N,https://www.espn.com/mens-college-basketball/matchup?gameId=401823441
2025-11-06,401817240,Jackson State Tigers,Louisville Cardinals,N,https://www.espn.com/mens-college-basketball/matchup?gameId=401817240
2025-11-06,401819871,Grambling Tigers,Iowa State Cyclones,N,https://www.espn.com/mens-college-basketball/matchup?gameId=401819871
2025-11-06,401823475,Merrimack Warriors,Auburn Tigers,N,https://www.espn.com/mens-college-basketball/matchup?gameId=401823475
2025-11-06,401820183,Penn St Abington Nittany Lions,Loyola Maryland Greyhounds,N,https://www.espn.com/mens-college-basketball/matchup?gameId=401820183
2025-11-06,401823550,Whittier Poets,Cal State Bakersfield Roadrunners,N,https://www.espn.com/mens-college-basketball/matchup?gameId=401823550
2025-11-06,401826757,Curry College Colonels,New Hampshire Wildcats,N,https://www.espn.com/mens-college-basketball/matchup?gameId=401826757
2025-11-06,401813273,Central Penn Knights,Morgan State Bears,N,https://www.espn.com/mens-college-basketball/matchup?gameId=401813273
2025-11-06,401812351,Long Island University Sharks,IU Indianapolis Jaguars,N,https://www.espn.com/mens-college-basketball/matchup?gameId=401812351
2025-11-06,401830236,District Of Columbia Firebirds,Howard Bison,N,https://www.espn.com/mens-college-basketball/matchup?gameId=401830236
2025-11-06,401829497,Randolph College Wildcats,Old Dominion Monarchs,N,https://www.espn.com/mens-college-basketball/matchup?gameId=401829497
2025-11-06,401829414,Valley Forge Patriots,Lehigh Mountain Hawks,N,https://www.espn.com/mens-college-basketball/matchup?gameId=401829414
2025-11-06,401829053,Northwood (MI) Timberwolves,Western Michigan Broncos,N,https://www.espn.com/mens-college-basketball/matchup?gameId=401829053
2025-11-06,401828913,Illinois Tech Scarlet Hawks,Indiana State Sycamores,N,https://www.espn.com/mens-college-basketball/matchup?gameId=401828913
2025-11-06,401827521,Mid-Atlantic Christian Mustangs,Hampton Pirates,N,https://www.espn.com/mens-college-basketball/matchup?gameId=401827521
2025-11-06,401827484,Capital Crusaders,Cleveland State Vikings,N,https://www.espn.com/mens-college-basketball/matchup?gameId=401827484
2025-11-06,401823416,Bethany (WV) Bison,Bowling Green Falcons,N,https://www.espn.com/mens-college-basketball/matchup?gameId=401823416
2025-11-06,401822370,Health Sciences & Pharmacy Eutectics,Lindenwood Lions,N,https://www.espn.com/mens-college-basketball/matchup?gameId=401822370
2025-11-06,401820837,Toccoa Falls Eagles,Charleston Southern Buccaneers,N,https://www.espn.com/mens-college-basketball/matchup?gameId=401820837
2025-11-06,401819915,Campbell Fighting Camels,West Virginia Mountaineers,N,https://www.espn.com/mens-college-basketball/matchup?gameId=401819915
2025-11-06,401817212,The Citadel Bulldogs,Boston College Eagles,N,https://www.espn.com/mens-college-basketball/matchup?gameId=401817212
2025-11-06,401813346,Allegheny Gators,Canisius Golden Griffins,N,https://www.espn.com/mens-college-basketball/matchup?gameId=401813346
2025-11-06,401813253,Illinois State Redbirds,Ohio Bobcats,N,https://www.espn.com/mens-college-basketball/matchup?gameId=401813253
2025-11-06,401812643,Central Connecticut Blue Devils,Quinnipiac Bobcats,N,https://www.espn.com/mens-college-basketball/matchup?gameId=401812643
2025-11-06,401812333,Le Moyne Dolphins,Xavier Musketeers,N,https://www.espn.com/mens-college-basketball/matchup?gameId=401812333
2025-11-06,401809414,Bethune-Cookman Wildcats,Miami Hurricanes,N,https://www.espn.com/mens-college-basketball/matchup?gameId=401809414
2025-11-06,401823399,Robert Morris Colonials,Drake Bulldogs,N,https://www.espn.com/mens-college-basketball/matchup?gameId=401823399
2025-11-06,401829685,Alcorn State Braves,South Alabama Jaguars,N,https://www.espn.com/mens-college-basketball/matchup?gameId=401829685
2025-11-06,401829472,Dakota State Trojans,South Dakota State Jackrabbits,N,https://www.espn.com/mens-college-basketball/matchup?gameId=401829472
2025-11-06,401828543,Midway University Eagles,Eastern Kentucky Colonels,N,https://www.espn.com/mens-college-basketball/matchup?gameId=401828543
2025-11-06,401828275,Northwestern State Demons,North Texas Mean Green,N,https://www.espn.com/mens-college-basketball/matchup?gameId=401828275
2025-11-06,401827256,Tougaloo Bulldogs,Southern Miss Golden Eagles,N,https://www.espn.com/mens-college-basketball/matchup?gameId=401827256
2025-11-06,401827003,Texas Southern Tigers,Texas A&M Aggies,N,https://www.espn.com/mens-college-basketball/matchup?gameId=401827003
2025-11-06,401826042,UC Riverside Highlanders,North Dakota Fighting Hawks,N,https://www.espn.com/mens-college-basketball/matchup?gameId=401826042
2025-11-06,401823522,Omaha Mavericks,Abilene Christian Wildcats,N,https://www.espn.com/mens-college-basketball/matchup?gameId=401823522
2025-11-06,401823340,Trinity (FL) Tigers,Jacksonville Dolphins,N,https://www.espn.com/mens-college-basketball/matchup?gameId=401823340
2025-11-06,401820541,Cal State Northridge Matadors,Northern Iowa Panthers,N,https://www.espn.com/mens-college-basketball/matchup?gameId=401820541
2025-11-06,401817453,Texas A&M-Corpus Christi Islanders,SMU Mustangs,N,https://www.espn.com/mens-college-basketball/matchup?gameId=401817453
2025-11-06,401817183,Chicago State Cougars,Saint Louis Billikens,N,https://www.espn.com/mens-college-basketball/matchup?gameId=401817183
2025-11-06,401812250,Saint Francis Red Flash,TCU Horned Frogs,N,https://www.espn.com/mens-college-basketball/matchup?gameId=401812250
2025-11-06,401817154,Mercyhurst Lakers,Loyola Chicago Ramblers,N,https://www.espn.com/mens-college-basketball/matchup?gameId=401817154
2025-11-06,401826738,Denver Pioneers,Washington Huskies,N,https://www.espn.com/mens-college-basketball/matchup?gameId=401826738
2025-11-06,401817219,Wright State Raiders,California Golden Bears,N,https://www.espn.com/mens-college-basketball/matchup?gameId=401817219
2025-11-06,401824088,Arkansas-Pine Bluff Golden Lions,Portland Pilots,N,https://www.espn.com/mens-college-basketball/matchup?gameId=401824088
2025-11-07,401826869,Oakland Golden Grizzlies,Purdue Boilermakers,N,https://www.espn.com/mens-college-basketball/matchup?gameId=401826869
2025-11-07,401812786,UMass Lowell River Hawks,UConn Huskies,N,https://www.espn.com/mens-college-basketball/matchup?gameId=401812786
2025-11-07,401822330,Valparaiso Beacons,Kentucky Wildcats,N,https://www.espn.com/mens-college-basketball/matchup?gameId=401822330
2025-11-07,401819899,Sam Houston Bearkats,Texas Tech Red Raiders,N,https://www.espn.com/mens-college-basketball/matchup?gameId=401819899
2025-11-07,401813757,Pepperdine Waves,UCLA Bruins,N,https://www.espn.com/mens-college-basketball/matchup?gameId=401813757
2025-11-07,401824023,Utah Tech Trailblazers,Arizona Wildcats,N,https://www.espn.com/mens-college-basketball/matchup?gameId=401824023
2025-11-07,401823225,Florida Gulf Coast Eagles,Illinois Fighting Illini,N,https://www.espn.com/mens-college-basketball/matchup?gameId=401823225
2025-11-07,401817263,Kansas Jayhawks,North Carolina Tar Heels,N,https://www.espn.com/mens-college-basketball/matchup?gameId=401817263
2025-11-07,401823461,Northern Illinois Huskies,Wisconsin Badgers,N,https://www.espn.com/mens-college-basketball/matchup?gameId=401823461
2025-11-07,401828301,Wilmington (DE) Wildcats,Delaware Blue Hens,N,https://www.espn.com/mens-college-basketball/matchup?gameId=401828301
2025-11-07,401828911,Calumet Crimson Wave,Evansville Purple Aces,N,https://www.espn.com/mens-college-basketball/matchup?gameId=401828911
2025-11-07,401818367,Columbia Lions,New Haven Chargers,N,https://www.espn.com/mens-college-basketball/matchup?gameId=401818367
2025-11-07,401829342,SIU Edwardsville Cougars,UTSA Roadrunners,N,https://www.espn.com/mens-college-basketball/matchup?gameId=401829342
2025-11-07,401828495,Jarvis Christian Bulldogs,Incarnate Word Cardinals,N,https://www.espn.com/mens-college-basketball/matchup?gameId=401828495
2025-11-07,401827273,Northeastern Huskies,Colgate Raiders,N,https://www.espn.com/mens-college-basketball/matchup?gameId=401827273
2025-11-07,401812599,MIT Engineers,Harvard Crimson,N,https://www.espn.com/mens-college-basketball/matchup?gameId=401812599
2025-11-07,401827449,Charleston Cougars,Liberty Flames,N,https://www.espn.com/mens-college-basketball/matchup?gameId=401827449
2025-11-07,401824357,Boston University Terriers,Northwestern Wildcats,N,https://www.espn.com/mens-college-basketball/matchup?gameId=401824357
2025-11-07,401822724,Georgetown Hoyas,Maryland Terrapins,N,https://www.espn.com/mens-college-basketball/matchup?gameId=401822724
2025-11-07,401817164,Tulsa Golden Hurricane,Rhode Island Rams,N,https://www.espn.com/mens-college-basketball/matchup?gameId=401817164
2025-11-07,401823426,Green Bay Phoenix,Buffalo Bulls,N,https://www.espn.com/mens-college-basketball/matchup?gameId=401823426
2025-11-07,401823392,Purdue Fort Wayne Mastodons,Ohio State Buckeyes,N,https://www.espn.com/mens-college-basketball/matchup?gameId=401823392
2025-11-07,401829486,Virginia-Lynchburg Dragons,Coastal Carolina Chanticleers,N,https://www.espn.com/mens-college-basketball/matchup?gameId=401829486
2025-11-07,401829448,Arkansas State Red Wolves,Stephen F. Austin Lumberjacks,N,https://www.espn.com/mens-college-basketball/matchup?gameId=401829448
2025-11-07,401826706,Alabama State Hornets,Florida State Seminoles,N,https://www.espn.com/mens-college-basketball/matchup?gameId=401826706
2025-11-07,401826698,Winthrop Eagles,George Mason Patriots,N,https://www.espn.com/mens-college-basketball/matchup?gameId=401826698
2025-11-07,401826069,West Virginia Wesleyan Bobcats,Radford Highlanders,N,https://www.espn.com/mens-college-basketball/matchup?gameId=401826069
2025-11-07,401825382,Huntingdon College (AL) Hawks,West Georgia Wolves,N,https://www.espn.com/mens-college-basketball/matchup?gameId=401825382
2025-11-07,401825204,Fort Lauderdale Eagles,Stetson Hatters,N,https://www.espn.com/mens-college-basketball/matchup?gameId=401825204
2025-11-07,401824868,Troy Trojans,Furman Paladins,N,https://www.espn.com/mens-college-basketball/matchup?gameId=401824868
2025-11-07,401824302,Hofstra Pride,Iona Gaels,N,https://www.espn.com/mens-college-basketball/matchup?gameId=401824302
2025-11-07,401824134,Washington State Cougars,Davidson Wildcats,N,https://www.espn.com/mens-college-basketball/matchup?gameId=401824134
2025-11-07,401823647,Western Illinois Leathernecks,Iowa Hawkeyes,N,https://www.espn.com/mens-college-basketball/matchup?gameId=401823647
2025-11-07,401823352,Lane College Dragons,North Alabama Lions,N,https://www.espn.com/mens-college-basketball/matchup?gameId=401823352
2025-11-07,401823009,Cornell Big Red,Kent State Golden Flashes,N,https://www.espn.com/mens-college-basketball/matchup?gameId=401823009
2025-11-07,401822318,Mansfield Mountaineers,Ball State Cardinals,N,https://www.espn.com/mens-college-basketball/matchup?gameId=401822318
2025-11-07,401820797,Tennessee Tech Golden Eagles,Charlotte 49ers,N,https://www.espn.com/mens-college-basketball/matchup?gameId=401820797
2025-11-07,401819843,Georgia State Panthers,Cincinnati Bearcats,N,https://www.espn.com/mens-college-basketball/matchup?gameId=401819843
2025-11-07,401818547,Siena Saints,Brown Bears,N,https://www.espn.com/mens-college-basketball/matchup?gameId=401818547
2025-11-07,401817528,Morehead State Eagles,Wake Forest Demon Deacons,N,https://www.espn.com/mens-college-basketball/matchup?gameId=401817528
2025-11-07,401817487,North Carolina Central Eagles,Virginia Cavaliers,N,https://www.espn.com/mens-college-basketball/matchup?gameId=401817487
2025-11-07,401817442,Longwood Lancers,Pittsburgh Panthers,N,https://www.espn.com/mens-college-basketball/matchup?gameId=401817442
2025-11-07,401817132,Detroit Mercy Titans,Notre Dame Fighting Irish,N,https://www.espn.com/mens-college-basketball/matchup?gameId=401817132
2025-11-07,401813445,Sacred Heart Pioneers,Duquesne Dukes,N,https://www.espn.com/mens-college-basketball/matchup?gameId=401813445
2025-11-07,401812917,Gardner-Webb Runnin' Bulldogs,Clemson Tigers,N,https://www.espn.com/mens-college-basketball/matchup?gameId=401812917
2025-11-07,401812573,Rowan Profs,Pennsylvania Quakers,N,https://www.espn.com/mens-college-basketball/matchup?gameId=401812573
2025-11-07,401809074,Bucknell Bison,Mount St. Mary's Mountaineers,N,https://www.espn.com/mens-college-basketball/matchup?gameId=401809074
2025-11-07,401831071,Trinity Christian (IL) Trolls,Miami (OH) RedHawks,N,https://www.espn.com/mens-college-basketball/matchup?gameId=401831071
2025-11-07,401828492,UL Monroe Warhawks,Ole Miss Rebels,N,https://www.espn.com/mens-college-basketball/matchup?gameId=401828492
2025-11-07,401826892,Wagner Seahawks,Seton Hall Pirates,N,https://www.espn.com/mens-college-basketball/matchup?gameId=401826892
2025-11-07,401822166,Mount Saint Mary (NY) Knights,Fordham Rams,N,https://www.espn.com/mens-college-basketball/matchup?gameId=401822166
2025-11-07,401820614,Bryant Bulldogs,Georgia Tech Yellow Jackets,N,https://www.espn.com/mens-college-basketball/matchup?gameId=401820614
2025-11-07,401829345,Southeast Missouri State Redhawks,Missouri Tigers,N,https://www.espn.com/mens-college-basketball/matchup?gameId=401829345
2025-11-07,401828917,Kansas City Roos,Southern Illinois Salukis,N,https://www.espn.com/mens-college-basketball/matchup?gameId=401828917
2025-11-07,401826918,Colorado Christian Cougars,Northern Colorado Bears,N,https://www.espn.com/mens-college-basketball/matchup?gameId=401826918
2025-11-07,401826860,Mississippi Valley State Delta Devils,Murray State Racers,N,https://www.espn.com/mens-college-basketball/matchup?gameId=401826860
2025-11-07,401825587,Justice College Lions,Northern Arizona Lumberjacks,N,https://www.espn.com/mens-college-basketball/matchup?gameId=401825587
2025-11-07,401824945,Stonehill Skyhawks,DePaul Blue Demons,N,https://www.espn.com/mens-college-basketball/matchup?gameId=401824945
2025-11-07,401822735,VCU Rams,Utah State Aggies,N,https://www.espn.com/mens-college-basketball/matchup?gameId=401822735
2025-11-07,401822366,Nicholls Colonels,Eastern Illinois Panthers,N,https://www.espn.com/mens-college-basketball/matchup?gameId=401822366
2025-11-07,401829277,South Carolina State Bulldogs,Samford Bulldogs,N,https://www.espn.com/mens-college-basketball/matchup?gameId=401829277
2025-11-07,401823514,VMI Keydets,Southern Indiana Screaming Eagles,N,https://www.espn.com/mens-college-basketball/matchup?gameId=401823514
2025-11-07,401808949,SE Louisiana Lions,Louisiana Ragin' Cajuns,N,https://www.espn.com/mens-college-basketball/matchup?gameId=401808949
2025-11-07,401828473,Western New Mexico Mustangs,UTEP Miners,N,https://www.espn.com/mens-college-basketball/matchup?gameId=401828473
2025-11-07,401823554,Idaho State Bengals,San Diego Toreros,N,https://www.espn.com/mens-college-basketball/matchup?gameId=401823554
2025-11-07,401823509,Whitman Missionaries,Idaho Vandals,N,https://www.espn.com/mens-college-basketball/matchup?gameId=401823509
2025-11-07,401823002,Youngstown State Penguins,Grand Canyon Lopes,N,https://www.espn.com/mens-college-basketball/matchup?gameId=401823002
2025-11-07,401818298,Yale Bulldogs,Navy Midshipmen,N,https://www.espn.com/mens-college-basketball/matchup?gameId=401818298
2025-11-07,401817253,UAB Blazers,NC State Wolfpack,N,https://www.espn.com/mens-college-basketball/matchup?gameId=401817253
2025-11-07,401826927,Jessup University Warriors,Sacramento State Hornets,N,https://www.espn.com/mens-college-basketball/matchup?gameId=401826927
2025-11-07,401826922,Northwest Indian RedHawks,Portland State Vikings,N,https://www.espn.com/mens-college-basketball/matchup?gameId=401826922
2025-11-07,401826804,Rice Owls,Oregon Ducks,N,https://www.espn.com/mens-college-basketball/matchup?gameId=401826804
2025-11-07,401824119,McNeese Cowboys,Santa Clara Broncos,N,https://www.espn.com/mens-college-basketball/matchup?gameId=401824119
2025-11-07,401824055,UIC Flames,Oregon State Beavers,N,https://www.espn.com/mens-college-basketball/matchup?gameId=401824055
2025-11-07,401829430,Chattanooga Mocs,Saint Mary's Gaels,N,https://www.espn.com/mens-college-basketball/matchup?gameId=401829430
2025-11-07,401823531,California Baptist Lancers,UC Irvine Anteaters,N,https://www.espn.com/mens-college-basketball/matchup?gameId=401823531
2025-11-08,401824810,Towson Tigers,Houston Cougars,N,https://www.espn.com/mens-college-basketball/matchup?gameId=401824810
2025-11-08,401812261,Alabama Crimson Tide,St. John's Red Storm,N,https://www.espn.com/mens-college-basketball/matchup?gameId=401812261
2025-11-08,401817229,Western Carolina Catamounts,Duke Blue Devils,N,https://www.espn.com/mens-college-basketball/matchup?gameId=401817229
2025-11-08,401812660,Holy Cross Crusaders,BYU Cougars,N,https://www.espn.com/mens-college-basketball/matchup?gameId=401812660
2025-11-08,401826785,Arkansas Razorbacks,Michigan State Spartans,N,https://www.espn.com/mens-college-basketball/matchup?gameId=401826785
2025-11-08,401823382,Northern Kentucky Norse,Tennessee Volunteers,N,https://www.espn.com/mens-college-basketball/matchup?gameId=401823382
2025-11-08,401824032,Oklahoma Sooners,Gonzaga Bulldogs,N,https://www.espn.com/mens-college-basketball/matchup?gameId=401824032
2025-11-08,401827233,Alcorn State Braves,Minnesota Golden Gophers,N,https://www.espn.com/mens-college-basketball/matchup?gameId=401827233
2025-11-08,401827059,Southern Virginia Knights,South Carolina Upstate Spartans,N,https://www.espn.com/mens-college-basketball/matchup?gameId=401827059
2025-11-08,401820596,Princeton Tigers,Akron Zips,N,https://www.espn.com/mens-college-basketball/matchup?gameId=401820596
2025-11-08,401828336,Kennesaw State Owls,Florida A&M Rattlers,N,https://www.espn.com/mens-college-basketball/matchup?gameId=401828336
2025-11-08,401827277,Penn State Nittany Lions,New Haven Chargers,N,https://www.espn.com/mens-college-basketball/matchup?gameId=401827277
2025-11-08,401827237,Florida International Panthers,Nebraska Cornhuskers,N,https://www.espn.com/mens-college-basketball/matchup?gameId=401827237
2025-11-08,401822667,Drexel Dragons,Saint Joseph's Hawks,N,https://www.espn.com/mens-college-basketball/matchup?gameId=401822667
2025-11-08,401817477,Delaware State Hornets,Syracuse Orange,N,https://www.espn.com/mens-college-basketball/matchup?gameId=401817477
2025-11-08,401817142,South Florida Bulls,George Washington Revolutionaries,N,https://www.espn.com/mens-college-basketball/matchup?gameId=401817142
2025-11-08,401826843,Texas State Bobcats,Tulane Green Wave,N,https://www.espn.com/mens-college-basketball/matchup?gameId=401826843
2025-11-08,401824854,Champion Christian Tigers,Central Arkansas Bears,N,https://www.espn.com/mens-college-basketball/matchup?gameId=401824854
2025-11-08,401823469,Marshall Thundering Herd,Toledo Rockets,N,https://www.espn.com/mens-college-basketball/matchup?gameId=401823469
2025-11-08,401823188,Fairfield Stags,NJIT Highlanders,N,https://www.espn.com/mens-college-basketball/matchup?gameId=401823188
2025-11-08,401822309,Milwaukee Panthers,Wofford Terriers,N,https://www.espn.com/mens-college-basketball/matchup?gameId=401822309
2025-11-08,401813435,UMBC Retrievers,Dayton Flyers,N,https://www.espn.com/mens-college-basketball/matchup?gameId=401813435
2025-11-08,401813374,Niagara Purple Eagles,Binghamton Bearcats,N,https://www.espn.com/mens-college-basketball/matchup?gameId=401813374
2025-11-08,401812283,Fairleigh Dickinson Knights,Saint Peter's Peacocks,N,https://www.espn.com/mens-college-basketball/matchup?gameId=401812283
2025-11-08,401829488,UNC Asheville Bulldogs,Georgia Southern Eagles,N,https://www.espn.com/mens-college-basketball/matchup?gameId=401829488
2025-11-08,401829412,Lafayette Leopards,Texas Longhorns,N,https://www.espn.com/mens-college-basketball/matchup?gameId=401829412
2025-11-08,401826725,San Francisco Dons,Memphis Tigers,N,https://www.espn.com/mens-college-basketball/matchup?gameId=401826725
2025-11-08,401820210,Penn State-New Kensington Lions,Mercyhurst Lakers,N,https://www.espn.com/mens-college-basketball/matchup?gameId=401820210
2025-11-08,401822177,Monmouth Hawks,La Salle Explorers,N,https://www.espn.com/mens-college-basketball/matchup?gameId=401822177
2025-11-08,401831377,Spring Hill Badgers,South Alabama Jaguars,N,https://www.espn.com/mens-college-basketball/matchup?gameId=401831377
2025-11-08,401829324,San José State Spartans,UC Santa Barbara Gauchos,N,https://www.espn.com/mens-college-basketball/matchup?gameId=401829324
2025-11-08,401827518,Elon Phoenix,UNC Greensboro Spartans,N,https://www.espn.com/mens-college-basketball/matchup?gameId=401827518
2025-11-08,401827504,William & Mary Tribe,Norfolk State Spartans,N,https://www.espn.com/mens-college-basketball/matchup?gameId=401827504
2025-11-08,401824824,Vanderbilt Commodores,UCF Knights,N,https://www.espn.com/mens-college-basketball/matchup?gameId=401824824
2025-11-08,401823865,UT Arlington Mavericks,New Mexico Lobos,N,https://www.espn.com/mens-college-basketball/matchup?gameId=401823865
2025-11-08,401823814,Utah Valley Wolverines,Boise State Broncos,N,https://www.espn.com/mens-college-basketball/matchup?gameId=401823814
2025-11-08,401822729,Cal State Fullerton Titans,Wyoming Cowboys,N,https://www.espn.com/mens-college-basketball/matchup?gameId=401822729
2025-11-08,401820550,Austin Peay Governors,Air Force Falcons,N,https://www.espn.com/mens-college-basketball/matchup?gameId=401820550
2025-11-08,401819861,Eastern Washington Eagles,Colorado Buffaloes,N,https://www.espn.com/mens-college-basketball/matchup?gameId=401819861
2025-11-08,401817465,Montana Grizzlies,Stanford Cardinal,N,https://www.espn.com/mens-college-basketball/matchup?gameId=401817465
2025-11-08,401813347,Canisius Golden Griffins,St. Bonaventure Bonnies,N,https://www.espn.com/mens-college-basketball/matchup?gameId=401813347
2025-11-08,401823037,Cheyney (PA) Wolves,Maryland Eastern Shore Hawks,N,https://www.espn.com/mens-college-basketball/matchup?gameId=401823037
2025-11-08,401817518,Providence Friars,Virginia Tech Hokies,N,https://www.espn.com/mens-college-basketball/matchup?gameId=401817518
2025-11-08,401826977,Averett Cougars,High Point Panthers,N,https://www.espn.com/mens-college-basketball/matchup?gameId=401826977
2025-11-08,401823305,Long Beach State Beach,Fresno State Bulldogs,N,https://www.espn.com/mens-college-basketball/matchup?gameId=401823305
2025-11-08,401820823,IU Indianapolis Jaguars,Butler Bulldogs,N,https://www.espn.com/mens-college-basketball/matchup?gameId=401820823
2025-11-08,401820622,Maine Black Bears,Stony Brook Seawolves,N,https://www.espn.com/mens-college-basketball/matchup?gameId=401820622
2025-11-08,401827757,UAlbany Great Danes,Massachusetts Minutemen,N,https://www.espn.com/mens-college-basketball/matchup?gameId=401827757
2025-11-08,401826771,Florida Atlantic Owls,Charleston Cougars,N,https://www.espn.com/mens-college-basketball/matchup?gameId=401826771
2025-11-08,401824885,East Tennessee State Buccaneers,Presbyterian Blue Hose,N,https://www.espn.com/mens-college-basketball/matchup?gameId=401824885
2025-11-08,401817173,East Carolina Pirates,Richmond Spiders,N,https://www.espn.com/mens-college-basketball/matchup?gameId=401817173
2025-11-08,401826880,Prairie View A&M Panthers,Wichita State Shockers,N,https://www.espn.com/mens-college-basketball/matchup?gameId=401826880
2025-11-08,401823451,Queens University Royals,Villanova Wildcats,N,https://www.espn.com/mens-college-basketball/matchup?gameId=401823451
2025-11-08,401820485,Texas A&M-Corpus Christi Islanders,Tarleton State Texans,N,https://www.espn.com/mens-college-basketball/matchup?gameId=401820485
2025-11-08,401819906,Weber State Wildcats,Utah Utes,N,https://www.espn.com/mens-college-basketball/matchup?gameId=401819906
2025-11-08,401822994,Webster Gorloks,Middle Tennessee Blue Raiders,N,https://www.espn.com/mens-college-basketball/matchup?gameId=401822994
2025-11-08,401828526,John Brown Golden Eagles,Oral Roberts Golden Eagles,N,https://www.espn.com/mens-college-basketball/matchup?gameId=401828526
2025-11-08,401826793,Army Black Knights,St. Thomas-Minnesota Tommies,N,https://www.espn.com/mens-college-basketball/matchup?gameId=401826793
2025-11-08,401823455,Central Michigan Chippewas,Bradley Braves,N,https://www.espn.com/mens-college-basketball/matchup?gameId=401823455
2025-11-08,401823322,Northwestern Oklahoma State Rangers,Missouri State Bears,N,https://www.espn.com/mens-college-basketball/matchup?gameId=401823322
2025-11-08,401819889,Bellarmine Knights,Kansas State Wildcats,N,https://www.espn.com/mens-college-basketball/matchup?gameId=401819889
2025-11-08,401811966,Tennessee State Tigers,Belmont Bruins,N,https://www.espn.com/mens-college-basketball/matchup?gameId=401811966
2025-11-08,401823539,UT Rio Grande Valley Vaqueros,Southern Utah Thunderbirds,N,https://www.espn.com/mens-college-basketball/matchup?gameId=401823539
2025-11-08,401824038,Arkansas-Pine Bluff Golden Lions,Loyola Marymount Lions,N,https://www.espn.com/mens-college-basketball/matchup?gameId=401824038
2025-11-08,401820396,Chattanooga Mocs,UNLV Rebels,N,https://www.espn.com/mens-college-basketball/matchup?gameId=401820396
2025-11-08,401826907,Houston Christian Huskies,UC San Diego Tritons,N,https://www.espn.com/mens-college-basketball/matchup?gameId=401826907
2025-11-08,401824126,Cal Poly Mustangs,Seattle U Redhawks,N,https://www.espn.com/mens-college-basketball/matchup?gameId=401824126
2025-11-08,401824062,Pacific Tigers,Nevada Wolf Pack,N,https://www.espn.com/mens-college-basketball/matchup?gameId=401824062
2025-11-09,401812600,New Hampshire Wildcats,Harvard Crimson,N,https://www.espn.com/mens-college-basketball/matchup?gameId=401812600
2025-11-09,401828296,Western Michigan Broncos,Campbell Fighting Camels,N,https://www.espn.com/mens-college-basketball/matchup?gameId=401828296
2025-11-09,401826732,North Carolina Central Eagles,App State Mountaineers,N,https://www.espn.com/mens-college-basketball/matchup?gameId=401826732
2025-11-09,401823022,Indiana Hoosiers,Marquette Golden Eagles,N,https://www.espn.com/mens-college-basketball/matchup?gameId=401823022
2025-11-09,401822758,Coppin State Eagles,James Madison Dukes,N,https://www.espn.com/mens-college-basketball/matchup?gameId=401822758
2025-11-09,401812574,Pennsylvania Quakers,American University Eagles,N,https://www.espn.com/mens-college-basketball/matchup?gameId=401812574
2025-11-09,401828576,Morehead State Eagles,Georgia Bulldogs,N,https://www.espn.com/mens-college-basketball/matchup?gameId=401828576
2025-11-09,401823485,Lipscomb Bisons,Mercer Bears,N,https://www.espn.com/mens-college-basketball/matchup?gameId=401823485
2025-11-09,401823417,Le Moyne Dolphins,Bowling Green Falcons,N,https://www.espn.com/mens-college-basketball/matchup?gameId=401823417
2025-11-09,401823393,Dominican (IL) Dominican,Purdue Fort Wayne Mastodons,N,https://www.espn.com/mens-college-basketball/matchup?gameId=401823393
2025-11-09,401823256,Cal State Northridge Matadors,North Dakota Fighting Hawks,N,https://www.espn.com/mens-college-basketball/matchup?gameId=401823256
2025-11-09,401820542,South Dakota State Jackrabbits,Northern Iowa Panthers,N,https://www.espn.com/mens-college-basketball/matchup?gameId=401820542
2025-11-09,401818548,Vermont Catamounts,Brown Bears,N,https://www.espn.com/mens-college-basketball/matchup?gameId=401818548
2025-11-09,401813320,Marist Red Foxes,Dartmouth Big Green,N,https://www.espn.com/mens-college-basketball/matchup?gameId=401813320
2025-11-09,401813287,Texas A&M Aggies,Oklahoma State Cowboys,N,https://www.espn.com/mens-college-basketball/matchup?gameId=401813287
2025-11-09,401813254,Cornell Big Red,Illinois State Redbirds,N,https://www.espn.com/mens-college-basketball/matchup?gameId=401813254
2025-11-09,401811103,Ozark Christian Ambassadors,South Dakota Coyotes,N,https://www.espn.com/mens-college-basketball/matchup?gameId=401811103
2025-11-09,401826896,Lyon Scots,Louisiana Tech Bulldogs,N,https://www.espn.com/mens-college-basketball/matchup?gameId=401826896
2025-11-09,401825577,Denver Pioneers,Montana State Bobcats,N,https://www.espn.com/mens-college-basketball/matchup?gameId=401825577
2025-11-09,401819916,Lehigh Mountain Hawks,West Virginia Mountaineers,N,https://www.espn.com/mens-college-basketball/matchup?gameId=401819916
2025-11-09,401819814,Utah Tech Trailblazers,Arizona State Sun Devils,N,https://www.espn.com/mens-college-basketball/matchup?gameId=401819814
2025-11-09,401828912,Oakland City Mighty Oaks,Evansville Purple Aces,N,https://www.espn.com/mens-college-basketball/matchup?gameId=401828912
2025-11-09,401823515,VMI Keydets,Missouri Tigers,N,https://www.espn.com/mens-college-basketball/matchup?gameId=401823515
2025-11-09,401828276,North Texas Mean Green,Loyola Chicago Ramblers,N,https://www.espn.com/mens-college-basketball/matchup?gameId=401828276
2025-11-09,401824089,UC Davis Aggies,Portland Pilots,N,https://www.espn.com/mens-college-basketball/matchup?gameId=401824089
2025-11-09,401823555,Idaho State Bengals,San Diego State Aztecs,N,https://www.espn.com/mens-college-basketball/matchup?gameId=401823555
2025-11-09,401827088,Grambling Tigers,Howard Bison,N,https://www.espn.com/mens-college-basketball/matchup?gameId=401827088
2025-11-09,401826772,Florida Atlantic Owls,Liberty Flames,N,https://www.espn.com/mens-college-basketball/matchup?gameId=401826772
2025-11-09,401823858,Manhattan Jaspers,USC Trojans,N,https://www.espn.com/mens-college-basketball/matchup?gameId=401823858
2025-11-09,401823808,Omaha Mavericks,Colorado State Rams,N,https://www.espn.com/mens-college-basketball/matchup?gameId=401823808
2025-11-09,401827257,Southern Miss Golden Eagles,South Carolina Gamecocks,N,https://www.espn.com/mens-college-basketball/matchup?gameId=401827257
2025-11-09,401829390,Kentucky Christian Knights,UT Martin Skyhawks,N,https://www.espn.com/mens-college-basketball/matchup?gameId=401829390
2025-11-09,401819824,Washington Huskies,Baylor Bears,N,https://www.espn.com/mens-college-basketball/matchup?gameId=401819824
2025-11-09,401824896,East Texas A&M Lions,Hawai'i Rainbow Warriors,N,https://www.espn.com/mens-college-basketball/matchup?gameId=401824896
2025-11-10,401812787,Columbia Lions,UConn Huskies,N,https://www.espn.com/mens-college-basketball/matchup?gameId=401812787
2025-11-10,401813758,West Georgia Wolves,UCLA Bruins,N,https://www.espn.com/mens-college-basketball/matchup?gameId=401813758
2025-11-10,401819872,Mississippi State Bulldogs,Iowa State Cyclones,N,https://www.espn.com/mens-college-basketball/matchup?gameId=401819872
2025-11-10,401830743,Molloy Lions,Hofstra Pride,N,https://www.espn.com/mens-college-basketball/matchup?gameId=401830743
2025-11-10,401828476,Ripon Red Hawks,Green Bay Phoenix,N,https://www.espn.com/mens-college-basketball/matchup?gameId=401828476
2025-11-10,401828307,Reinhardt Eagles,Jacksonville State Gamecocks,N,https://www.espn.com/mens-college-basketball/matchup?gameId=401828307
2025-11-10,401827011,Ecclesia Royals,Southern Jaguars,N,https://www.espn.com/mens-college-basketball/matchup?gameId=401827011
2025-11-10,401826761,New Haven Chargers,UMass Lowell River Hawks,N,https://www.espn.com/mens-college-basketball/matchup?gameId=401826761
2025-11-10,401824869,Columbia International Rams,Furman Paladins,N,https://www.espn.com/mens-college-basketball/matchup?gameId=401824869
2025-11-10,401823003,Penn State-Shenango Nittany Lions,Youngstown State Penguins,N,https://www.espn.com/mens-college-basketball/matchup?gameId=401823003
2025-11-10,401820623,Maine Black Bears,Rutgers Scarlet Knights,N,https://www.espn.com/mens-college-basketball/matchup?gameId=401820623
2025-11-10,401813375,Delaware State Hornets,Niagara Purple Eagles,N,https://www.espn.com/mens-college-basketball/matchup?gameId=401813375
2025-11-10,401828914,Indiana State Sycamores,SIU Edwardsville Cougars,N,https://www.espn.com/mens-college-basketball/matchup?gameId=401828914
2025-11-10,401827526,South Carolina State Bulldogs,North Carolina A&T Aggies,N,https://www.espn.com/mens-college-basketball/matchup?gameId=401827526
2025-11-10,401826968,North Greenville Crusaders,Gardner-Webb Runnin' Bulldogs,N,https://www.espn.com/mens-college-basketball/matchup?gameId=401826968
2025-11-10,401826938,Presbyterian Blue Hose,Georgia State Panthers,N,https://www.espn.com/mens-college-basketball/matchup?gameId=401826938
2025-11-10,401826829,Virginia-Lynchburg Dragons,Tennessee Tech Golden Eagles,N,https://www.espn.com/mens-college-basketball/matchup?gameId=401826829
2025-11-10,401823400,Geneva Golden Tornadoes,Robert Morris Colonials,N,https://www.espn.com/mens-college-basketball/matchup?gameId=401823400
2025-11-10,401823359,Western Kentucky Hilltoppers,Eastern Kentucky Colonels,N,https://www.espn.com/mens-college-basketball/matchup?gameId=401823359
2025-11-10,401823189,Fairfield Stags,Seton Hall Pirates,N,https://www.espn.com/mens-college-basketball/matchup?gameId=401823189
2025-11-10,401823010,UNC Wilmington Seahawks,Kent State Golden Flashes,N,https://www.espn.com/mens-college-basketball/matchup?gameId=401823010
2025-11-10,401820838,Charleston Southern Buccaneers,The Citadel Bulldogs,N,https://www.espn.com/mens-college-basketball/matchup?gameId=401820838
2025-11-10,401817443,Eastern Michigan Eagles,Pittsburgh Panthers,N,https://www.espn.com/mens-college-basketball/matchup?gameId=401817443
2025-11-10,401809415,Stetson Hatters,Miami Hurricanes,N,https://www.espn.com/mens-college-basketball/matchup?gameId=401809415
2025-11-10,401830124,Rust Bearcats,UL Monroe Warhawks,N,https://www.espn.com/mens-college-basketball/matchup?gameId=401830124
2025-11-10,401829443,College Of Biblical Studies Ambassadors,McNeese Cowboys,N,https://www.espn.com/mens-college-basketball/matchup?gameId=401829443
2025-11-10,401828905,Simpson College (IA) Storm,Drake Bulldogs,N,https://www.espn.com/mens-college-basketball/matchup?gameId=401828905
2025-11-10,401823866,Arlington Baptist Patriots,UT Arlington Mavericks,N,https://www.espn.com/mens-college-basketball/matchup?gameId=401823866
2025-11-10,401822310,Little Rock Trojans,Milwaukee Panthers,N,https://www.espn.com/mens-college-basketball/matchup?gameId=401822310
2025-11-10,401817184,Lindenwood Lions,Saint Louis Billikens,N,https://www.espn.com/mens-college-basketball/matchup?gameId=401817184
2025-11-10,401812251,Lamar Cardinals,TCU Horned Frogs,N,https://www.espn.com/mens-college-basketball/matchup?gameId=401812251
2025-11-10,401808892,New Orleans Privateers,LSU Tigers,N,https://www.espn.com/mens-college-basketball/matchup?gameId=401808892
2025-11-10,401826913,Cleveland State Vikings,Northwestern Wildcats,N,https://www.espn.com/mens-college-basketball/matchup?gameId=401826913
2025-11-10,401823559,Santa Clara Broncos,Xavier Musketeers,N,https://www.espn.com/mens-college-basketball/matchup?gameId=401823559
2025-11-10,401823462,Northern Illinois Huskies,Grand Canyon Lopes,N,https://www.espn.com/mens-college-basketball/matchup?gameId=401823462
2025-11-10,401812661,Holy Cross Crusaders,Utah Utes,N,https://www.espn.com/mens-college-basketball/matchup?gameId=401812661
2025-11-10,401808950,SE Louisiana Lions,Georgia Tech Yellow Jackets,N,https://www.espn.com/mens-college-basketball/matchup?gameId=401808950
2025-11-10,401824135,St. Thomas-Minnesota Tommies,Washington State Cougars,N,https://www.espn.com/mens-college-basketball/matchup?gameId=401824135
2025-11-10,401830114,Lincoln University (CA) Oaklanders,UC Irvine Anteaters,N,https://www.espn.com/mens-college-basketball/matchup?gameId=401830114
2025-11-10,401817220,Cal State Fullerton Titans,California Golden Bears,N,https://www.espn.com/mens-college-basketball/matchup?gameId=401817220
2025-11-11,401817230,Duke Blue Devils,Army Black Knights,N,https://www.espn.com/mens-college-basketball/matchup?gameId=401817230
2025-11-11,401825588,Northern Arizona Lumberjacks,Arizona Wildcats,N,https://www.espn.com/mens-college-basketball/matchup?gameId=401825588
2025-11-11,401817529,Wake Forest Demon Deacons,Michigan Wolverines,N,https://www.espn.com/mens-college-basketball/matchup?gameId=401817529
2025-11-11,401819835,Delaware Blue Hens,BYU Cougars,N,https://www.espn.com/mens-college-basketball/matchup?gameId=401819835
2025-11-11,401817241,Kentucky Wildcats,Louisville Cardinals,N,https://www.espn.com/mens-college-basketball/matchup?gameId=401817241
2025-11-11,401826707,Florida State Seminoles,Florida Gators,N,https://www.espn.com/mens-college-basketball/matchup?gameId=401826707
2025-11-11,401811097,Texas Tech Red Raiders,Illinois Fighting Illini,N,https://www.espn.com/mens-college-basketball/matchup?gameId=401811097
2025-11-11,401817264,Radford Highlanders,North Carolina Tar Heels,N,https://www.espn.com/mens-college-basketball/matchup?gameId=401817264
2025-11-11,401820831,Creighton Bluejays,Gonzaga Bulldogs,N,https://www.espn.com/mens-college-basketball/matchup?gameId=401820831
2025-11-11,401824935,Central Arkansas Bears,Arkansas Razorbacks,N,https://www.espn.com/mens-college-basketball/matchup?gameId=401824935
2025-11-11,401823476,Wofford Terriers,Auburn Tigers,N,https://www.espn.com/mens-college-basketball/matchup?gameId=401823476
2025-11-11,401822319,Ball State Cardinals,Wisconsin Badgers,N,https://www.espn.com/mens-college-basketball/matchup?gameId=401822319
2025-11-11,401819883,Texas A&M-Corpus Christi Islanders,Kansas Jayhawks,N,https://www.espn.com/mens-college-basketball/matchup?gameId=401819883
2025-11-11,401823375,IU Columbus Crimson Pride,IU Indianapolis Jaguars,N,https://www.espn.com/mens-college-basketball/matchup?gameId=401823375
2025-11-11,401824303,Iona Gaels,Kansas City Roos,N,https://www.espn.com/mens-college-basketball/matchup?gameId=401824303
2025-11-11,401823523,Southwestern Adventist Knights,Abilene Christian Wildcats,N,https://www.espn.com/mens-college-basketball/matchup?gameId=401823523
2025-11-11,401812353,Long Island University Sharks,Air Force Falcons,N,https://www.espn.com/mens-college-basketball/matchup?gameId=401812353
2025-11-11,401828496,Southwestern Christian Eagles,Incarnate Word Cardinals,N,https://www.espn.com/mens-college-basketball/matchup?gameId=401828496
2025-11-11,401813274,UMBC Retrievers,Morgan State Bears,N,https://www.espn.com/mens-college-basketball/matchup?gameId=401813274
2025-11-11,401827109,Coastal Georgia Mariner,Bethune-Cookman Wildcats,N,https://www.espn.com/mens-college-basketball/matchup?gameId=401827109
2025-11-11,401828267,SUNY Delhi Broncos,UAlbany Great Danes,N,https://www.espn.com/mens-college-basketball/matchup?gameId=401828267
2025-11-11,401827495,Saint Josephs Long Island Golden Eagles,Stony Brook Seawolves,N,https://www.espn.com/mens-college-basketball/matchup?gameId=401827495
2025-11-11,401826733,App State Mountaineers,Ohio State Buckeyes,N,https://www.espn.com/mens-college-basketball/matchup?gameId=401826733
2025-11-11,401824947,Lipscomb Bisons,UNC Asheville Bulldogs,N,https://www.espn.com/mens-college-basketball/matchup?gameId=401824947
2025-11-11,401820150,Navy Midshipmen,Penn State Nittany Lions,N,https://www.espn.com/mens-college-basketball/matchup?gameId=401820150
2025-11-11,401828720,Norfolk State Spartans,Old Dominion Monarchs,N,https://www.espn.com/mens-college-basketball/matchup?gameId=401828720
2025-11-11,401827512,Drexel Dragons,Colgate Raiders,N,https://www.espn.com/mens-college-basketball/matchup?gameId=401827512
2025-11-11,401827216,Alcorn State Braves,Maryland Terrapins,N,https://www.espn.com/mens-college-basketball/matchup?gameId=401827216
2025-11-11,401827209,Pensacola Christian College PENSACOLA CHRISTIAN,Troy Trojans,N,https://www.espn.com/mens-college-basketball/matchup?gameId=401827209
2025-11-11,401827066,Winthrop Eagles,Coastal Carolina Chanticleers,N,https://www.espn.com/mens-college-basketball/matchup?gameId=401827066
2025-11-11,401826699,Catawba Chiefs,George Mason Patriots,N,https://www.espn.com/mens-college-basketball/matchup?gameId=401826699
2025-11-11,401824825,Florida A&M Rattlers,UCF Knights,N,https://www.espn.com/mens-college-basketball/matchup?gameId=401824825
2025-11-11,401823563,Sacred Heart Pioneers,Villanova Wildcats,N,https://www.espn.com/mens-college-basketball/matchup?gameId=401823563
2025-11-11,401823433,Northwestern State Demons,North Alabama Lions,N,https://www.espn.com/mens-college-basketball/matchup?gameId=401823433
2025-11-11,401823408,Toledo Rockets,Wright State Raiders,N,https://www.espn.com/mens-college-basketball/matchup?gameId=401823408
2025-11-11,401823368,Cleary University Cougars,Detroit Mercy Titans,N,https://www.espn.com/mens-college-basketball/matchup?gameId=401823368
2025-11-11,401823341,Jacksonville Dolphins,High Point Panthers,N,https://www.espn.com/mens-college-basketball/matchup?gameId=401823341
2025-11-11,401823226,Georgia Southern Eagles,Florida Gulf Coast Eagles,N,https://www.espn.com/mens-college-basketball/matchup?gameId=401823226
2025-11-11,401822178,La Salle Explorers,Temple Owls,N,https://www.espn.com/mens-college-basketball/matchup?gameId=401822178
2025-11-11,401822167,Wagner Seahawks,Fordham Rams,N,https://www.espn.com/mens-college-basketball/matchup?gameId=401822167
2025-11-11,401820824,Chicago State Cougars,Butler Bulldogs,N,https://www.espn.com/mens-college-basketball/matchup?gameId=401820824
2025-11-11,401820798,Davidson Wildcats,Charlotte 49ers,N,https://www.espn.com/mens-college-basketball/matchup?gameId=401820798
2025-11-11,401820184,NJIT Highlanders,Loyola Maryland Greyhounds,N,https://www.espn.com/mens-college-basketball/matchup?gameId=401820184
2025-11-11,401817174,William & Mary Tribe,Richmond Spiders,N,https://www.espn.com/mens-college-basketball/matchup?gameId=401817174
2025-11-11,401817165,Stonehill Skyhawks,Rhode Island Rams,N,https://www.espn.com/mens-college-basketball/matchup?gameId=401817165
2025-11-11,401813436,Dayton Flyers,Cincinnati Bearcats,N,https://www.espn.com/mens-college-basketball/matchup?gameId=401813436
2025-11-11,401812918,Morehead State Eagles,Clemson Tigers,N,https://www.espn.com/mens-college-basketball/matchup?gameId=401812918
2025-11-11,401812644,Central Connecticut Blue Devils,Boston College Eagles,N,https://www.espn.com/mens-college-basketball/matchup?gameId=401812644
2025-11-11,401812601,Northeastern Huskies,Harvard Crimson,N,https://www.espn.com/mens-college-basketball/matchup?gameId=401812601
2025-11-11,401812575,Pennsylvania Quakers,Providence Friars,N,https://www.espn.com/mens-college-basketball/matchup?gameId=401812575
2025-11-11,401812380,Mount St. Mary's Mountaineers,Saint Francis Red Flash,N,https://www.espn.com/mens-college-basketball/matchup?gameId=401812380
2025-11-11,401809075,Bucknell Bison,Princeton Tigers,N,https://www.espn.com/mens-college-basketball/matchup?gameId=401809075
2025-11-11,401827497,Wilson College WILSON,Towson Tigers,N,https://www.espn.com/mens-college-basketball/matchup?gameId=401827497
2025-11-11,401826851,Alabama State Hornets,UAB Blazers,N,https://www.espn.com/mens-college-basketball/matchup?gameId=401826851
2025-11-11,401818299,Yale Bulldogs,Quinnipiac Bobcats,N,https://www.espn.com/mens-college-basketball/matchup?gameId=401818299
2025-11-11,401817433,Eastern Illinois Panthers,Notre Dame Fighting Irish,N,https://www.espn.com/mens-college-basketball/matchup?gameId=401817433
2025-11-11,401829455,Mayville St Comets,North Dakota Fighting Hawks,N,https://www.espn.com/mens-college-basketball/matchup?gameId=401829455
2025-11-11,401829385,Oakwood Ambassadors,Tennessee State Tigers,N,https://www.espn.com/mens-college-basketball/matchup?gameId=401829385
2025-11-11,401828920,St. Francis (IL) Fighting Saints,UIC Flames,N,https://www.espn.com/mens-college-basketball/matchup?gameId=401828920
2025-11-11,401826996,Merrimack Warriors,Tarleton State Texans,N,https://www.espn.com/mens-college-basketball/matchup?gameId=401826996
2025-11-11,401826844,Tulane Green Wave,Louisiana Ragin' Cajuns,N,https://www.espn.com/mens-college-basketball/matchup?gameId=401826844
2025-11-11,401826805,Stephen F. Austin Lumberjacks,Rice Owls,N,https://www.espn.com/mens-college-basketball/matchup?gameId=401826805
2025-11-11,401826777,Arkansas-Pine Bluff Golden Lions,Oklahoma Sooners,N,https://www.espn.com/mens-college-basketball/matchup?gameId=401826777
2025-11-11,401823427,Buffalo Bulls,DePaul Blue Demons,N,https://www.espn.com/mens-college-basketball/matchup?gameId=401823427
2025-11-11,401823323,Arkansas State Red Wolves,Missouri State Bears,N,https://www.espn.com/mens-college-basketball/matchup?gameId=401823323
2025-11-11,401823257,Cal State Northridge Matadors,North Dakota State Bison,N,https://www.espn.com/mens-college-basketball/matchup?gameId=401823257
2025-11-11,401823038,Maryland Eastern Shore Hawks,Nebraska Cornhuskers,N,https://www.espn.com/mens-college-basketball/matchup?gameId=401823038
2025-11-11,401817454,Murray State Racers,SMU Mustangs,N,https://www.espn.com/mens-college-basketball/matchup?gameId=401817454
2025-11-11,401813446,Queens University Royals,Duquesne Dukes,N,https://www.espn.com/mens-college-basketball/matchup?gameId=401813446
2025-11-11,401823757,Austin Peay Governors,Wyoming Cowboys,N,https://www.espn.com/mens-college-basketball/matchup?gameId=401823757
2025-11-11,401823540,Bethesda University Flames,Southern Utah Thunderbirds,N,https://www.espn.com/mens-college-basketball/matchup?gameId=401823540
2025-11-11,401826797,Memphis Tigers,Ole Miss Rebels,N,https://www.espn.com/mens-college-basketball/matchup?gameId=401826797
2025-11-11,401826043,UC Riverside Highlanders,New Mexico Lobos,N,https://www.espn.com/mens-college-basketball/matchup?gameId=401826043
2025-11-11,401824069,Lincoln University (CA) Oaklanders,Pepperdine Waves,N,https://www.espn.com/mens-college-basketball/matchup?gameId=401824069
2025-11-11,401824039,Loyola Marymount Lions,UTEP Miners,N,https://www.espn.com/mens-college-basketball/matchup?gameId=401824039
2025-11-11,401823815,UT Rio Grande Valley Vaqueros,Boise State Broncos,N,https://www.espn.com/mens-college-basketball/matchup?gameId=401823815
2025-11-11,401817488,Hampton Pirates,Virginia Cavaliers,N,https://www.espn.com/mens-college-basketball/matchup?gameId=401817488
2025-11-11,401830630,New Mexico Highlands Cowboys,New Mexico State Aggies,N,https://www.espn.com/mens-college-basketball/matchup?gameId=401830630
2025-11-11,401823551,Western Illinois Leathernecks,Cal State Bakersfield Roadrunners,N,https://www.espn.com/mens-college-basketball/matchup?gameId=401823551
2025-11-11,401829049,Ohio Bobcats,Saint Mary's Gaels,N,https://www.espn.com/mens-college-basketball/matchup?gameId=401829049
2025-11-11,401826928,UC Santa Barbara Gauchos,Sacramento State Hornets,N,https://www.espn.com/mens-college-basketball/matchup?gameId=401826928
2025-11-11,401820397,Montana Grizzlies,UNLV Rebels,N,https://www.espn.com/mens-college-basketball/matchup?gameId=401820397
2025-11-12,401824811,Oakland Golden Grizzlies,Houston Cougars,N,https://www.espn.com/mens-college-basketball/matchup?gameId=401824811
2025-11-12,401823442,North Florida Ospreys,Tennessee Volunteers,N,https://www.espn.com/mens-college-basketball/matchup?gameId=401823442
2025-11-12,401823516,Virginia-Lynchburg Dragons,VMI Keydets,N,https://www.espn.com/mens-college-basketball/matchup?gameId=401823516
2025-11-12,401820605,Binghamton Bearcats,Georgetown Hoyas,N,https://www.espn.com/mens-college-basketball/matchup?gameId=401820605
2025-11-12,401828734,Bluefield State Big Blues,North Carolina Central Eagles,N,https://www.espn.com/mens-college-basketball/matchup?gameId=401828734
2025-11-12,401828337,Point University Skyhawks,Kennesaw State Owls,N,https://www.espn.com/mens-college-basketball/matchup?gameId=401828337
2025-11-12,401827262,Elon Phoenix,Marshall Thundering Herd,N,https://www.espn.com/mens-college-basketball/matchup?gameId=401827262
2025-11-12,401827060,Bob Jones Bruins,South Carolina Upstate Spartans,N,https://www.espn.com/mens-college-basketball/matchup?gameId=401827060
2025-11-12,401826992,James Madison Dukes,Longwood Lancers,N,https://www.espn.com/mens-college-basketball/matchup?gameId=401826992
2025-11-12,401826939,Presbyterian Blue Hose,South Carolina Gamecocks,N,https://www.espn.com/mens-college-basketball/matchup?gameId=401826939
2025-11-12,401826758,Emmanuel (MA) Lions,New Hampshire Wildcats,N,https://www.espn.com/mens-college-basketball/matchup?gameId=401826758
2025-11-12,401824886,Northern Kentucky Norse,East Tennessee State Buccaneers,N,https://www.espn.com/mens-college-basketball/matchup?gameId=401824886
2025-11-12,401823394,Purdue Fort Wayne Mastodons,Western Michigan Broncos,N,https://www.espn.com/mens-college-basketball/matchup?gameId=401823394
2025-11-12,401823214,Hanover Panthers,Bellarmine Knights,N,https://www.espn.com/mens-college-basketball/matchup?gameId=401823214
2025-11-12,401822759,Coppin State Eagles,South Florida Bulls,N,https://www.espn.com/mens-college-basketball/matchup?gameId=401822759
2025-11-12,401822736,Saint Peter's Peacocks,VCU Rams,N,https://www.espn.com/mens-college-basketball/matchup?gameId=401822736
2025-11-12,401822311,Milwaukee Panthers,Indiana Hoosiers,N,https://www.espn.com/mens-college-basketball/matchup?gameId=401822311
2025-11-12,401820597,Penn State-Shenango Nittany Lions,Akron Zips,N,https://www.espn.com/mens-college-basketball/matchup?gameId=401820597
2025-11-12,401818549,Brown Bears,Boston University Terriers,N,https://www.espn.com/mens-college-basketball/matchup?gameId=401818549
2025-11-12,401817519,Saint Joseph's Hawks,Virginia Tech Hokies,N,https://www.espn.com/mens-college-basketball/matchup?gameId=401817519
2025-11-12,401817195,Siena Saints,St. Bonaventure Bonnies,N,https://www.espn.com/mens-college-basketball/matchup?gameId=401817195
2025-11-12,401817143,American University Eagles,George Washington Revolutionaries,N,https://www.espn.com/mens-college-basketball/matchup?gameId=401817143
2025-11-12,401813348,Mercyhurst Lakers,Canisius Golden Griffins,N,https://www.espn.com/mens-college-basketball/matchup?gameId=401813348
2025-11-12,401813321,Vassar Brewers,Marist Red Foxes,N,https://www.espn.com/mens-college-basketball/matchup?gameId=401813321
2025-11-12,401829346,Webster Gorloks,Southeast Missouri State Redhawks,N,https://www.espn.com/mens-college-basketball/matchup?gameId=401829346
2025-11-12,401829461,St. Scholastica Saints,North Dakota State Bison,N,https://www.espn.com/mens-college-basketball/matchup?gameId=401829461
2025-11-12,401828544,Eastern Kentucky Colonels,Vanderbilt Commodores,N,https://www.espn.com/mens-college-basketball/matchup?gameId=401828544
2025-11-12,401828282,Tulsa Golden Hurricane,Oral Roberts Golden Eagles,N,https://www.espn.com/mens-college-basketball/matchup?gameId=401828282
2025-11-12,401827234,Minnesota Golden Gophers,Missouri Tigers,N,https://www.espn.com/mens-college-basketball/matchup?gameId=401827234
2025-11-12,401827213,UTSA Roadrunners,Texas State Bobcats,N,https://www.espn.com/mens-college-basketball/matchup?gameId=401827213
2025-11-12,401826947,Westminster (UT) Griffins,Utah Valley Wolverines,N,https://www.espn.com/mens-college-basketball/matchup?gameId=401826947
2025-11-12,401823023,Little Rock Trojans,Marquette Golden Eagles,N,https://www.espn.com/mens-college-basketball/matchup?gameId=401823023
2025-11-12,401822995,Middle Tennessee Blue Raiders,Evansville Purple Aces,N,https://www.espn.com/mens-college-basketball/matchup?gameId=401822995
2025-11-12,401822331,Nicholls Colonels,Valparaiso Beacons,N,https://www.espn.com/mens-college-basketball/matchup?gameId=401822331
2025-11-12,401817254,UNC Greensboro Spartans,NC State Wolfpack,N,https://www.espn.com/mens-college-basketball/matchup?gameId=401817254
2025-11-12,401813288,Prairie View A&M Panthers,Oklahoma State Cowboys,N,https://www.espn.com/mens-college-basketball/matchup?gameId=401813288
2025-11-12,401812284,Fairleigh Dickinson Knights,Texas Longhorns,N,https://www.espn.com/mens-college-basketball/matchup?gameId=401812284
2025-11-12,401811104,Southern Indiana Screaming Eagles,South Dakota Coyotes,N,https://www.espn.com/mens-college-basketball/matchup?gameId=401811104
2025-11-12,401828753,UT Martin Skyhawks,Bradley Braves,N,https://www.espn.com/mens-college-basketball/matchup?gameId=401828753
2025-11-12,401827004,Samford Bulldogs,Texas Southern Tigers,N,https://www.espn.com/mens-college-basketball/matchup?gameId=401827004
2025-11-12,401820615,Dartmouth Big Green,Bryant Bulldogs,N,https://www.espn.com/mens-college-basketball/matchup?gameId=401820615
2025-11-12,401826931,Weber State Wildcats,Utah State Aggies,N,https://www.espn.com/mens-college-basketball/matchup?gameId=401826931
2025-11-12,401826908,UC San Diego Tritons,Fresno State Bulldogs,N,https://www.espn.com/mens-college-basketball/matchup?gameId=401826908
2025-11-12,401823809,Cal Poly Mustangs,Colorado State Rams,N,https://www.espn.com/mens-college-basketball/matchup?gameId=401823809
2025-11-12,401823510,Idaho Vandals,San Diego Toreros,N,https://www.espn.com/mens-college-basketball/matchup?gameId=401823510
2025-11-12,401830348,Manhattan Jaspers,Utah Tech Trailblazers,N,https://www.espn.com/mens-college-basketball/matchup?gameId=401830348
2025-11-12,401827265,South Dakota State Jackrabbits,Oregon Ducks,N,https://www.espn.com/mens-college-basketball/matchup?gameId=401827265
2025-11-12,401824056,North Texas Mean Green,Oregon State Beavers,N,https://www.espn.com/mens-college-basketball/matchup?gameId=401824056
2025-11-12,401828918,Southern Illinois Salukis,Nevada Wolf Pack,N,https://www.espn.com/mens-college-basketball/matchup?gameId=401828918
2025-11-12,401826726,Portland State Vikings,San Francisco Dons,N,https://www.espn.com/mens-college-basketball/matchup?gameId=401826726
2025-11-12,401823500,Eastern Washington Eagles,Seattle U Redhawks,N,https://www.espn.com/mens-college-basketball/matchup?gameId=401823500
2025-11-12,401823306,Long Beach State Beach,Pacific Tigers,N,https://www.espn.com/mens-college-basketball/matchup?gameId=401823306
2025-11-12,401817466,Montana State Bobcats,Stanford Cardinal,N,https://www.espn.com/mens-college-basketball/matchup?gameId=401817466
2025-11-12,401824848,Mississippi Valley State Delta Devils,Hawai'i Rainbow Warriors,N,https://www.espn.com/mens-college-basketball/matchup?gameId=401824848
2025-11-13,401812262,Purdue Boilermakers,Alabama Crimson Tide,N,https://www.espn.com/mens-college-basketball/matchup?gameId=401812262
2025-11-13,401827220,San José State Spartans,Michigan State Spartans,N,https://www.espn.com/mens-college-basketball/matchup?gameId=401827220
2025-11-13,401831227,Central Michigan Chippewas,South Alabama Jaguars,N,https://www.espn.com/mens-college-basketball/matchup?gameId=401831227
2025-11-13,401829413,Cornell Big Red,Lafayette Leopards,N,https://www.espn.com/mens-college-basketball/matchup?gameId=401829413
2025-11-13,401817444,Pittsburgh Panthers,West Virginia Mountaineers,N,https://www.espn.com/mens-college-basketball/matchup?gameId=401817444
2025-11-13,401830421,Bryan (TN) Lions,UNC Asheville Bulldogs,N,https://www.espn.com/mens-college-basketball/matchup?gameId=401830421
2025-11-13,401829686,Alcorn State Braves,Howard Bison,N,https://www.espn.com/mens-college-basketball/matchup?gameId=401829686
2025-11-13,401829493,Fort Valley State Wildcats,Georgia State Panthers,N,https://www.espn.com/mens-college-basketball/matchup?gameId=401829493
2025-11-13,401828297,Mid-Atlantic Christian Mustangs,Campbell Fighting Camels,N,https://www.espn.com/mens-college-basketball/matchup?gameId=401828297
2025-11-13,401827527,Washington Adventist Shock,North Carolina A&T Aggies,N,https://www.espn.com/mens-college-basketball/matchup?gameId=401827527
2025-11-13,401826862,John Jay College Bloodhounds,Princeton Tigers,N,https://www.espn.com/mens-college-basketball/matchup?gameId=401826862
2025-11-13,401826856,Le Moyne Dolphins,Massachusetts Minutemen,N,https://www.espn.com/mens-college-basketball/matchup?gameId=401826856
2025-11-13,401826830,Berea Mountaineers,Tennessee Tech Golden Eagles,N,https://www.espn.com/mens-college-basketball/matchup?gameId=401826830
2025-11-13,401824861,Monmouth Hawks,Seton Hall Pirates,N,https://www.espn.com/mens-college-basketball/matchup?gameId=401824861
2025-11-13,401823401,Pittsburgh - Greensburg Bobcats,Robert Morris Colonials,N,https://www.espn.com/mens-college-basketball/matchup?gameId=401823401
2025-11-13,401820807,Elizabeth City State Vikings,East Carolina Pirates,N,https://www.espn.com/mens-college-basketball/matchup?gameId=401820807
2025-11-13,401818368,UMass Lowell River Hawks,Columbia Lions,N,https://www.espn.com/mens-college-basketball/matchup?gameId=401818368
2025-11-13,401827089,Southern Miss Golden Eagles,Grambling Tigers,N,https://www.espn.com/mens-college-basketball/matchup?gameId=401827089
2025-11-13,401817155,Loyola Chicago Ramblers,Wichita State Shockers,N,https://www.espn.com/mens-college-basketball/matchup?gameId=401817155
2025-11-13,401829043,Florida International Panthers,LSU Tigers,N,https://www.espn.com/mens-college-basketball/matchup?gameId=401829043
2025-11-13,401828477,Green Bay Phoenix,St. Thomas-Minnesota Tommies,N,https://www.espn.com/mens-college-basketball/matchup?gameId=401828477
2025-11-13,401828331,UL Monroe Warhawks,Houston Christian Huskies,N,https://www.espn.com/mens-college-basketball/matchup?gameId=401828331
2025-11-13,401823463,Benedictine University (IL) Eagles,Northern Illinois Huskies,N,https://www.espn.com/mens-college-basketball/matchup?gameId=401823463
2025-11-13,401820839,Charleston Southern Buccaneers,Alabama A&M Bulldogs,N,https://www.espn.com/mens-college-basketball/matchup?gameId=401820839
2025-11-13,401826750,Voorhees Tigers,Western Carolina Catamounts,N,https://www.espn.com/mens-college-basketball/matchup?gameId=401826750
2025-11-13,401817221,California Golden Bears,Kansas State Wildcats,N,https://www.espn.com/mens-college-basketball/matchup?gameId=401817221
2025-11-14,401817231,Indiana State Sycamores,Duke Blue Devils,N,https://www.espn.com/mens-college-basketball/matchup?gameId=401817231
2025-11-14,401813759,Arizona Wildcats,UCLA Bruins,N,https://www.espn.com/mens-college-basketball/matchup?gameId=401813759
2025-11-14,401812252,Michigan Wolverines,TCU Horned Frogs,N,https://www.espn.com/mens-college-basketball/matchup?gameId=401812252
2025-11-14,401822356,Eastern Illinois Panthers,Kentucky Wildcats,N,https://www.espn.com/mens-college-basketball/matchup?gameId=401822356
2025-11-14,401819900,Milwaukee Panthers,Texas Tech Red Raiders,N,https://www.espn.com/mens-college-basketball/matchup?gameId=401819900
2025-11-14,401827180,Colgate Raiders,Illinois Fighting Illini,N,https://www.espn.com/mens-college-basketball/matchup?gameId=401827180
2025-11-14,401817265,North Carolina Central Eagles,North Carolina Tar Heels,N,https://www.espn.com/mens-college-basketball/matchup?gameId=401817265
2025-11-14,401819815,Gonzaga Bulldogs,Arizona State Sun Devils,N,https://www.espn.com/mens-college-basketball/matchup?gameId=401819815
2025-11-14,401826786,Samford Bulldogs,Arkansas Razorbacks,N,https://www.espn.com/mens-college-basketball/matchup?gameId=401826786
2025-11-14,401820832,Maryland Eastern Shore Hawks,Creighton Bluejays,N,https://www.espn.com/mens-college-basketball/matchup?gameId=401820832
2025-11-14,401822760,Central Michigan Chippewas,Coppin State Eagles,N,https://www.espn.com/mens-college-basketball/matchup?gameId=401822760
2025-11-14,401829445,Ecclesia Royals,Northwestern State Demons,N,https://www.espn.com/mens-college-basketball/matchup?gameId=401829445
2025-11-14,401829489,Johnson C Smith Golden Bulls,Georgia Southern Eagles,N,https://www.espn.com/mens-college-basketball/matchup?gameId=401829489
2025-11-14,401820151,Washington College (MD) Shoremen,Navy Midshipmen,N,https://www.espn.com/mens-college-basketball/matchup?gameId=401820151
2025-11-14,401827433,Lehigh Mountain Hawks,Rutgers Scarlet Knights,N,https://www.espn.com/mens-college-basketball/matchup?gameId=401827433
2025-11-14,401823376,IU Indianapolis Jaguars,Eastern Michigan Eagles,N,https://www.espn.com/mens-college-basketball/matchup?gameId=401823376
2025-11-14,401820840,Lindenwood Lions,Charleston Southern Buccaneers,N,https://www.espn.com/mens-college-basketball/matchup?gameId=401820840
2025-11-14,401829444,Louisiana Ragin' Cajuns,McNeese Cowboys,N,https://www.espn.com/mens-college-basketball/matchup?gameId=401829444
2025-11-14,401828308,Coastal Carolina Chanticleers,Jacksonville State Gamecocks,N,https://www.espn.com/mens-college-basketball/matchup?gameId=401828308
2025-11-14,401827498,Norfolk State Spartans,Towson Tigers,N,https://www.espn.com/mens-college-basketball/matchup?gameId=401827498
2025-11-14,401827450,South Carolina State Bulldogs,Charleston Cougars,N,https://www.espn.com/mens-college-basketball/matchup?gameId=401827450
2025-11-14,401827153,Virginia-Lynchburg Dragons,Alabama State Hornets,N,https://www.espn.com/mens-college-basketball/matchup?gameId=401827153
2025-11-14,401825383,The Citadel Bulldogs,West Georgia Wolves,N,https://www.espn.com/mens-college-basketball/matchup?gameId=401825383
2025-11-14,401822350,Stonehill Skyhawks,Fairfield Stags,N,https://www.espn.com/mens-college-basketball/matchup?gameId=401822350
2025-11-14,401822168,Fordham Rams,Iona Gaels,N,https://www.espn.com/mens-college-basketball/matchup?gameId=401822168
2025-11-14,401820543,Furman Paladins,Northern Iowa Panthers,N,https://www.espn.com/mens-college-basketball/matchup?gameId=401820543
2025-11-14,401817166,UAlbany Great Danes,Rhode Island Rams,N,https://www.espn.com/mens-college-basketball/matchup?gameId=401817166
2025-11-14,401809076,Hofstra Pride,Bucknell Bison,N,https://www.espn.com/mens-college-basketball/matchup?gameId=401809076
2025-11-14,401828906,SIU Edwardsville Cougars,Drake Bulldogs,N,https://www.espn.com/mens-college-basketball/matchup?gameId=401828906
2025-11-14,401826852,High Point Panthers,UAB Blazers,N,https://www.espn.com/mens-college-basketball/matchup?gameId=401826852
2025-11-14,401823552,Cal State Bakersfield Roadrunners,Ole Miss Rebels,N,https://www.espn.com/mens-college-basketball/matchup?gameId=401823552
2025-11-14,401813255,Illinois State Redbirds,USC Trojans,N,https://www.espn.com/mens-college-basketball/matchup?gameId=401813255
2025-11-14,401808893,New Orleans Privateers,Tulane Green Wave,N,https://www.espn.com/mens-college-basketball/matchup?gameId=401808893
2025-11-14,401826806,East Texas A&M Lions,Rice Owls,N,https://www.espn.com/mens-college-basketball/matchup?gameId=401826806
2025-11-14,401824826,UCF Knights,Texas A&M Aggies,N,https://www.espn.com/mens-college-basketball/matchup?gameId=401824826
2025-11-14,401823560,Xavier Musketeers,Iowa Hawkeyes,N,https://www.espn.com/mens-college-basketball/matchup?gameId=401823560
2025-11-14,401818550,Hampton Pirates,Brown Bears,N,https://www.espn.com/mens-college-basketball/matchup?gameId=401818550
2025-11-14,401825571,Northwestern Wildcats,DePaul Blue Demons,N,https://www.espn.com/mens-college-basketball/matchup?gameId=401825571
2025-11-14,401828289,Cal Poly Mustangs,Montana Grizzlies,N,https://www.espn.com/mens-college-basketball/matchup?gameId=401828289
2025-11-14,401826713,Georgia Tech Yellow Jackets,Georgia Bulldogs,N,https://www.espn.com/mens-college-basketball/matchup?gameId=401826713
2025-11-14,401826087,Sacramento State Hornets,UC Davis Aggies,N,https://www.espn.com/mens-college-basketball/matchup?gameId=401826087
2025-11-14,401823524,Abilene Christian Wildcats,Stephen F. Austin Lumberjacks,N,https://www.espn.com/mens-college-basketball/matchup?gameId=401823524
2025-11-14,401819862,Providence Friars,Colorado Buffaloes,N,https://www.espn.com/mens-college-basketball/matchup?gameId=401819862
2025-11-14,401819825,Tarleton State Texans,Baylor Bears,N,https://www.espn.com/mens-college-basketball/matchup?gameId=401819825
2025-11-14,401830342,Utah Tech Trailblazers,Mississippi Valley State Delta Devils,N,https://www.espn.com/mens-college-basketball/matchup?gameId=401830342
2025-11-14,401828277,North Texas Mean Green,Saint Mary's Gaels,N,https://www.espn.com/mens-college-basketball/matchup?gameId=401828277
2025-11-14,401824040,Troy Trojans,Loyola Marymount Lions,N,https://www.espn.com/mens-college-basketball/matchup?gameId=401824040
2025-11-14,401823532,Western Illinois Leathernecks,California Baptist Lancers,N,https://www.espn.com/mens-college-basketball/matchup?gameId=401823532
2025-11-14,401824136,Washington Huskies,Washington State Cougars,N,https://www.espn.com/mens-college-basketball/matchup?gameId=401824136
2025-11-14,401824897,Manhattan Jaspers,Hawai'i Rainbow Warriors,N,https://www.espn.com/mens-college-basketball/matchup?gameId=401824897
2025-11-15,401812788,BYU Cougars,UConn Huskies,N,https://www.espn.com/mens-college-basketball/matchup?gameId=401812788
2025-11-15,401817242,Ohio Bobcats,Louisville Cardinals,N,https://www.espn.com/mens-college-basketball/matchup?gameId=401817242
2025-11-15,401826915,William & Mary Tribe,St. John's Red Storm,N,https://www.espn.com/mens-college-basketball/matchup?gameId=401826915
2025-11-15,401819884,Princeton Tigers,Kansas Jayhawks,N,https://www.espn.com/mens-college-basketball/matchup?gameId=401819884
2025-11-15,401823428,RIT Tigers,Buffalo Bulls,N,https://www.espn.com/mens-college-basketball/matchup?gameId=401823428
2025-11-15,401822761,South Alabama Jaguars,Coppin State Eagles,N,https://www.espn.com/mens-college-basketball/matchup?gameId=401822761
2025-11-15,401817489,Marshall Thundering Herd,Virginia Cavaliers,N,https://www.espn.com/mens-college-basketball/matchup?gameId=401817489
2025-11-15,401812919,Clemson Tigers,Georgetown Hoyas,N,https://www.espn.com/mens-college-basketball/matchup?gameId=401812919
2025-11-15,401829425,Kansas City Roos,Texas Longhorns,N,https://www.espn.com/mens-college-basketball/matchup?gameId=401829425
2025-11-15,401828681,Delaware State Hornets,New Haven Chargers,N,https://www.espn.com/mens-college-basketball/matchup?gameId=401828681
2025-11-15,401826768,Vermont Catamounts,Northeastern Huskies,N,https://www.espn.com/mens-college-basketball/matchup?gameId=401826768
2025-11-15,401824358,Merrimack Warriors,Boston University Terriers,N,https://www.espn.com/mens-college-basketball/matchup?gameId=401824358
2025-11-15,401823369,Detroit Mercy Titans,Toledo Rockets,N,https://www.espn.com/mens-college-basketball/matchup?gameId=401823369
2025-11-15,401823342,Jacksonville Dolphins,VMI Keydets,N,https://www.espn.com/mens-college-basketball/matchup?gameId=401823342
2025-11-15,401823227,Chattanooga Mocs,Florida Gulf Coast Eagles,N,https://www.espn.com/mens-college-basketball/matchup?gameId=401823227
2025-11-15,401823011,Kent State Golden Flashes,Cleveland State Vikings,N,https://www.espn.com/mens-college-basketball/matchup?gameId=401823011
2025-11-15,401822179,Penn State Nittany Lions,La Salle Explorers,N,https://www.espn.com/mens-college-basketball/matchup?gameId=401822179
2025-11-15,401818300,Stony Brook Seawolves,Yale Bulldogs,N,https://www.espn.com/mens-college-basketball/matchup?gameId=401818300
2025-11-15,401830115,Austin Peay Governors,UNC Greensboro Spartans,N,https://www.espn.com/mens-college-basketball/matchup?gameId=401830115
2025-11-15,401826739,UTSA Roadrunners,Denver Pioneers,N,https://www.espn.com/mens-college-basketball/matchup?gameId=401826739
2025-11-15,401826700,New Hampshire Wildcats,George Mason Patriots,N,https://www.espn.com/mens-college-basketball/matchup?gameId=401826700
2025-11-15,401823486,Mercer Bears,Winthrop Eagles,N,https://www.espn.com/mens-college-basketball/matchup?gameId=401823486
2025-11-15,401823443,New College (FL) Mighty Banyans,North Florida Ospreys,N,https://www.espn.com/mens-college-basketball/matchup?gameId=401823443
2025-11-15,401823395,Boyce Bulldogs,Purdue Fort Wayne Mastodons,N,https://www.espn.com/mens-college-basketball/matchup?gameId=401823395
2025-11-15,401823215,Wofford Terriers,Bellarmine Knights,N,https://www.espn.com/mens-college-basketball/matchup?gameId=401823215
2025-11-15,401823024,Maryland Terrapins,Marquette Golden Eagles,N,https://www.espn.com/mens-college-basketball/matchup?gameId=401823024
2025-11-15,401822340,UIC Flames,Chicago State Cougars,N,https://www.espn.com/mens-college-basketball/matchup?gameId=401822340
2025-11-15,401820551,Miami (OH) RedHawks,Air Force Falcons,N,https://www.espn.com/mens-college-basketball/matchup?gameId=401820551
2025-11-15,401820185,Loyola Maryland Greyhounds,Stonehill Skyhawks,N,https://www.espn.com/mens-college-basketball/matchup?gameId=401820185
2025-11-15,401817455,Butler Bulldogs,SMU Mustangs,N,https://www.espn.com/mens-college-basketball/matchup?gameId=401817455
2025-11-15,401817213,Boston College Eagles,Temple Owls,N,https://www.espn.com/mens-college-basketball/matchup?gameId=401817213
2025-11-15,401812602,Harvard Crimson,Army Black Knights,N,https://www.espn.com/mens-college-basketball/matchup?gameId=401812602
2025-11-15,401829347,St. Thomas-Minnesota Tommies,Southeast Missouri State Redhawks,N,https://www.espn.com/mens-college-basketball/matchup?gameId=401829347
2025-11-15,401827129,Arkansas-Pine Bluff Golden Lions,Vanderbilt Commodores,N,https://www.espn.com/mens-college-basketball/matchup?gameId=401827129
2025-11-15,401826870,Defiance Yellow Jackets,Oakland Golden Grizzlies,N,https://www.espn.com/mens-college-basketball/matchup?gameId=401826870
2025-11-15,401824887,East Tennessee State Buccaneers,North Alabama Lions,N,https://www.espn.com/mens-college-basketball/matchup?gameId=401824887
2025-11-15,401823452,Sacred Heart Pioneers,Queens University Royals,N,https://www.espn.com/mens-college-basketball/matchup?gameId=401823452
2025-11-15,401820606,Binghamton Bearcats,Longwood Lancers,N,https://www.espn.com/mens-college-basketball/matchup?gameId=401820606
2025-11-15,401808951,SE Louisiana Lions,Mississippi State Bulldogs,N,https://www.espn.com/mens-college-basketball/matchup?gameId=401808951
2025-11-15,401823409,Wright State Raiders,Radford Highlanders,N,https://www.espn.com/mens-college-basketball/matchup?gameId=401823409
2025-11-15,401817478,Drexel Dragons,Syracuse Orange,N,https://www.espn.com/mens-college-basketball/matchup?gameId=401817478
2025-11-15,401828671,Central Penn Knights,American University Eagles,N,https://www.espn.com/mens-college-basketball/matchup?gameId=401828671
2025-11-15,401827911,UTEP Miners,Utah State Aggies,N,https://www.espn.com/mens-college-basketball/matchup?gameId=401827911
2025-11-15,401823816,Montana State Bobcats,Boise State Broncos,N,https://www.espn.com/mens-college-basketball/matchup?gameId=401823816
2025-11-15,401823511,Idaho Vandals,UC San Diego Tritons,N,https://www.espn.com/mens-college-basketball/matchup?gameId=401823511
2025-11-15,401817196,Youngstown State Penguins,St. Bonaventure Bonnies,N,https://www.espn.com/mens-college-basketball/matchup?gameId=401817196
2025-11-15,401813275,Morgan State Bears,Mercyhurst Lakers,N,https://www.espn.com/mens-college-basketball/matchup?gameId=401813275
2025-11-15,401812285,Fairleigh Dickinson Knights,NJIT Highlanders,N,https://www.espn.com/mens-college-basketball/matchup?gameId=401812285
2025-11-15,401827005,Texas Southern Tigers,Texas State Bobcats,N,https://www.espn.com/mens-college-basketball/matchup?gameId=401827005
2025-11-15,401826044,North Dakota Fighting Hawks,UC Riverside Highlanders,N,https://www.espn.com/mens-college-basketball/matchup?gameId=401826044
2025-11-15,401824948,Bryan (TN) Lions,Lipscomb Bisons,N,https://www.espn.com/mens-college-basketball/matchup?gameId=401824948
2025-11-15,401822730,Pacific Tigers,Cal State Fullerton Titans,N,https://www.espn.com/mens-college-basketball/matchup?gameId=401822730
2025-11-15,401826747,Nicholls Colonels,Murray State Racers,N,https://www.espn.com/mens-college-basketball/matchup?gameId=401826747
2025-11-15,401823418,Bowling Green Falcons,Davidson Wildcats,N,https://www.espn.com/mens-college-basketball/matchup?gameId=401823418
2025-11-15,401823324,Missouri State Bears,UT Arlington Mavericks,N,https://www.espn.com/mens-college-basketball/matchup?gameId=401823324
2025-11-15,401817144,Old Dominion Monarchs,George Washington Revolutionaries,N,https://www.espn.com/mens-college-basketball/matchup?gameId=401817144
2025-11-15,401826897,Jackson State Tigers,Louisiana Tech Bulldogs,N,https://www.espn.com/mens-college-basketball/matchup?gameId=401826897
2025-11-15,401826778,Oklahoma Sooners,Nebraska Cornhuskers,N,https://www.espn.com/mens-college-basketball/matchup?gameId=401826778
2025-11-15,401824120,Nevada Wolf Pack,Santa Clara Broncos,N,https://www.espn.com/mens-college-basketball/matchup?gameId=401824120
2025-11-15,401823589,South Carolina Upstate Spartans,UNC Wilmington Seahawks,N,https://www.espn.com/mens-college-basketball/matchup?gameId=401823589
2025-11-15,401822320,Little Rock Trojans,Ball State Cardinals,N,https://www.espn.com/mens-college-basketball/matchup?gameId=401822320
2025-11-15,401812627,Eastern University (PA) Eagles,Rider Broncs,N,https://www.espn.com/mens-college-basketball/matchup?gameId=401812627
2025-11-15,401812354,James Madison Dukes,Long Island University Sharks,N,https://www.espn.com/mens-college-basketball/matchup?gameId=401812354
2025-11-15,401827012,Champion Christian Tigers,Southern Jaguars,N,https://www.espn.com/mens-college-basketball/matchup?gameId=401827012
2025-11-15,401813437,Bethune-Cookman Wildcats,Dayton Flyers,N,https://www.espn.com/mens-college-basketball/matchup?gameId=401813437
2025-11-15,401829483,Christian Brothers Buccaneers,Arkansas State Red Wolves,N,https://www.espn.com/mens-college-basketball/matchup?gameId=401829483
2025-11-15,401826969,Gardner-Webb Runnin' Bulldogs,Elon Phoenix,N,https://www.espn.com/mens-college-basketball/matchup?gameId=401826969
2025-11-15,401823541,Southern Utah Thunderbirds,Omaha Mavericks,N,https://www.espn.com/mens-college-basketball/matchup?gameId=401823541
2025-11-15,401817185,Grand Canyon Lopes,Saint Louis Billikens,N,https://www.espn.com/mens-college-basketball/matchup?gameId=401817185
2025-11-15,401813447,Duquesne Dukes,Villanova Wildcats,N,https://www.espn.com/mens-college-basketball/matchup?gameId=401813447
2025-11-15,401811967,Belmont Bruins,Oral Roberts Golden Eagles,N,https://www.espn.com/mens-college-basketball/matchup?gameId=401811967
2025-11-15,401827235,Green Bay Phoenix,Minnesota Golden Gophers,N,https://www.espn.com/mens-college-basketball/matchup?gameId=401827235
2025-11-15,401824070,Northern Colorado Bears,Pepperdine Waves,N,https://www.espn.com/mens-college-basketball/matchup?gameId=401824070
2025-11-15,401823758,Portland Pilots,Wyoming Cowboys,N,https://www.espn.com/mens-college-basketball/matchup?gameId=401823758
2025-11-15,401820224,New Mexico Lobos,New Mexico State Aggies,N,https://www.espn.com/mens-college-basketball/matchup?gameId=401820224
2025-11-15,401819907,Sam Houston Bearkats,Utah Utes,N,https://www.espn.com/mens-college-basketball/matchup?gameId=401819907
2025-11-15,401830343,Mississippi Valley State Delta Devils,Manhattan Jaspers,N,https://www.espn.com/mens-college-basketball/matchup?gameId=401830343
2025-11-15,401826948,Utah Valley Wolverines,Fresno State Bulldogs,N,https://www.espn.com/mens-college-basketball/matchup?gameId=401826948
2025-11-15,401826932,Weber State Wildcats,UC Irvine Anteaters,N,https://www.espn.com/mens-college-basketball/matchup?gameId=401826932
2025-11-15,401826727,Bradley Braves,San Francisco Dons,N,https://www.espn.com/mens-college-basketball/matchup?gameId=401826727
2025-11-15,401823556,Idaho State Bengals,Seattle U Redhawks,N,https://www.espn.com/mens-college-basketball/matchup?gameId=401823556
2025-11-15,401824898,Utah Tech Trailblazers,Hawai'i Rainbow Warriors,N,https://www.espn.com/mens-college-basketball/matchup?gameId=401824898
2025-11-16,401809305,Houston Cougars,Auburn Tigers,N,https://www.espn.com/mens-college-basketball/matchup?gameId=401809305
2025-11-16,401820598,Akron Zips,Purdue Boilermakers,N,https://www.espn.com/mens-college-basketball/matchup?gameId=401820598
2025-11-16,401809416,Miami Hurricanes,Florida Gators,N,https://www.espn.com/mens-college-basketball/matchup?gameId=401809416
2025-11-16,401830742,App State Mountaineers,Dartmouth Big Green,N,https://www.espn.com/mens-college-basketball/matchup?gameId=401830742
2025-11-16,401826053,Wagner Seahawks,UMBC Retrievers,N,https://www.espn.com/mens-college-basketball/matchup?gameId=401826053
2025-11-16,401823012,Wright State Raiders,Kent State Golden Flashes,N,https://www.espn.com/mens-college-basketball/matchup?gameId=401823012
2025-11-16,401828577,Kentucky Christian Knights,Morehead State Eagles,N,https://www.espn.com/mens-college-basketball/matchup?gameId=401828577
2025-11-16,401817434,Notre Dame Fighting Irish,Ohio State Buckeyes,N,https://www.espn.com/mens-college-basketball/matchup?gameId=401817434
2025-11-16,401825205,Stetson Hatters,Western Carolina Catamounts,N,https://www.espn.com/mens-college-basketball/matchup?gameId=401825205
2025-11-16,401823384,Cumberland (KY) Patriots,Northern Kentucky Norse,N,https://www.espn.com/mens-college-basketball/matchup?gameId=401823384
2025-11-16,401820616,Bryant Bulldogs,Valparaiso Beacons,N,https://www.espn.com/mens-college-basketball/matchup?gameId=401820616
2025-11-16,401812662,Holy Cross Crusaders,Hampton Pirates,N,https://www.espn.com/mens-college-basketball/matchup?gameId=401812662
2025-11-16,401826813,South Florida Bulls,Kennesaw State Owls,N,https://www.espn.com/mens-college-basketball/matchup?gameId=401826813
2025-11-16,401824936,Samford Bulldogs,Central Arkansas Bears,N,https://www.espn.com/mens-college-basketball/matchup?gameId=401824936
2025-11-16,401820578,Quinnipiac Bobcats,Maine Black Bears,N,https://www.espn.com/mens-college-basketball/matchup?gameId=401820578
2025-11-16,401820186,Loyola Maryland Greyhounds,Fairfield Stags,N,https://www.espn.com/mens-college-basketball/matchup?gameId=401820186
2025-11-16,401817530,UMass Lowell River Hawks,Wake Forest Demon Deacons,N,https://www.espn.com/mens-college-basketball/matchup?gameId=401817530
2025-11-16,401817520,Charlotte 49ers,Virginia Tech Hokies,N,https://www.espn.com/mens-college-basketball/matchup?gameId=401817520
2025-11-16,401813289,Texas A&M-Corpus Christi Islanders,Oklahoma State Cowboys,N,https://www.espn.com/mens-college-basketball/matchup?gameId=401813289
2025-11-16,401812645,Central Connecticut Blue Devils,Massachusetts Minutemen,N,https://www.espn.com/mens-college-basketball/matchup?gameId=401812645
2025-11-16,401811105,Western Michigan Broncos,South Dakota Coyotes,N,https://www.espn.com/mens-college-basketball/matchup?gameId=401811105
2025-11-16,401826070,Radford Highlanders,Cleveland State Vikings,N,https://www.espn.com/mens-college-basketball/matchup?gameId=401826070
2025-11-16,401823360,Tennessee State Tigers,Western Kentucky Hilltoppers,N,https://www.espn.com/mens-college-basketball/matchup?gameId=401823360
2025-11-16,401829352,Loras Duhawks,Southern Indiana Screaming Eagles,N,https://www.espn.com/mens-college-basketball/matchup?gameId=401829352
2025-11-16,401826940,Presbyterian Blue Hose,Sacramento State Hornets,N,https://www.espn.com/mens-college-basketball/matchup?gameId=401826940
2025-11-16,401822371,Lindenwood Lions,Alabama A&M Bulldogs,N,https://www.espn.com/mens-college-basketball/matchup?gameId=401822371
2025-11-16,401822169,Manhattanville Valiants,Fordham Rams,N,https://www.espn.com/mens-college-basketball/matchup?gameId=401822169
2025-11-16,401817156,Colorado State Rams,Loyola Chicago Ramblers,N,https://www.espn.com/mens-college-basketball/matchup?gameId=401817156
2025-11-16,401812603,Harvard Crimson,Marist Red Foxes,N,https://www.espn.com/mens-college-basketball/matchup?gameId=401812603
2025-11-16,401820398,UNLV Rebels,Memphis Tigers,N,https://www.espn.com/mens-college-basketball/matchup?gameId=401820398
2025-11-16,401827189,Incarnate Word Cardinals,Indiana Hoosiers,N,https://www.espn.com/mens-college-basketball/matchup?gameId=401827189
2025-11-16,401813398,Mount St. Mary's Mountaineers,Cincinnati Bearcats,N,https://www.espn.com/mens-college-basketball/matchup?gameId=401813398
2025-11-16,401813256,Illinois State Redbirds,Long Beach State Beach,N,https://www.espn.com/mens-college-basketball/matchup?gameId=401813256
2025-11-16,401823258,Troy Trojans,Cal State Northridge Matadors,N,https://www.espn.com/mens-college-basketball/matchup?gameId=401823258
2025-11-17,401823542,Southern Utah Thunderbirds,Gonzaga Bulldogs,N,https://www.espn.com/mens-college-basketball/matchup?gameId=401823542
2025-11-17,401819873,Stonehill Skyhawks,Iowa State Cyclones,N,https://www.espn.com/mens-college-basketball/matchup?gameId=401819873
2025-11-17,401826807,Rice Owls,Tennessee Volunteers,N,https://www.espn.com/mens-college-basketball/matchup?gameId=401826807
2025-11-17,401826912,SIU Edwardsville Cougars,Wisconsin Badgers,N,https://www.espn.com/mens-college-basketball/matchup?gameId=401826912
2025-11-17,401817255,VCU Rams,NC State Wolfpack,N,https://www.espn.com/mens-college-basketball/matchup?gameId=401817255
2025-11-17,401829420,Florida A&M Rattlers,Georgia Bulldogs,N,https://www.espn.com/mens-college-basketball/matchup?gameId=401829420
2025-11-17,401828470,Carolina University Bruins,Liberty Flames,N,https://www.espn.com/mens-college-basketball/matchup?gameId=401828470
2025-11-17,401827451,Drake Bulldogs,Charleston Cougars,N,https://www.espn.com/mens-college-basketball/matchup?gameId=401827451
2025-11-17,401826773,Coastal Georgia Mariner,Florida Atlantic Owls,N,https://www.espn.com/mens-college-basketball/matchup?gameId=401826773
2025-11-17,401825384,West Georgia Wolves,Tennessee Tech Golden Eagles,N,https://www.espn.com/mens-college-basketball/matchup?gameId=401825384
2025-11-17,401824827,Oakland Golden Grizzlies,UCF Knights,N,https://www.espn.com/mens-college-basketball/matchup?gameId=401824827
2025-11-17,401822833,Colgate Raiders,Siena Saints,N,https://www.espn.com/mens-college-basketball/matchup?gameId=401822833
2025-11-17,401819917,Lafayette Leopards,West Virginia Mountaineers,N,https://www.espn.com/mens-college-basketball/matchup?gameId=401819917
2025-11-17,401813376,Niagara Purple Eagles,Le Moyne Dolphins,N,https://www.espn.com/mens-college-basketball/matchup?gameId=401813376
2025-11-17,401813349,Canisius Golden Griffins,High Point Panthers,N,https://www.espn.com/mens-college-basketball/matchup?gameId=401813349
2025-11-17,401812576,Saint Joseph's Hawks,Pennsylvania Quakers,N,https://www.espn.com/mens-college-basketball/matchup?gameId=401812576
2025-11-17,401809077,Bucknell Bison,Pittsburgh Panthers,N,https://www.espn.com/mens-college-basketball/matchup?gameId=401809077
2025-11-17,401830121,Southwestern Adventist Knights,UT Rio Grande Valley Vaqueros,N,https://www.espn.com/mens-college-basketball/matchup?gameId=401830121
2025-11-17,401828512,Lamar Cardinals,UL Monroe Warhawks,N,https://www.espn.com/mens-college-basketball/matchup?gameId=401828512
2025-11-17,401826853,Rhodes Lynx,UAB Blazers,N,https://www.espn.com/mens-college-basketball/matchup?gameId=401826853
2025-11-17,401829473,Peru State Bobcats,South Dakota State Jackrabbits,N,https://www.espn.com/mens-college-basketball/matchup?gameId=401829473
2025-11-17,401828919,Southern Illinois Salukis,North Dakota State Bison,N,https://www.espn.com/mens-college-basketball/matchup?gameId=401828919
2025-11-17,401827041,Prairie View A&M Panthers,Missouri Tigers,N,https://www.espn.com/mens-college-basketball/matchup?gameId=401827041
2025-11-17,401826997,Angelo State Rams,Tarleton State Texans,N,https://www.espn.com/mens-college-basketball/matchup?gameId=401826997
2025-11-17,401819890,Tulsa Golden Hurricane,Kansas State Wildcats,N,https://www.espn.com/mens-college-basketball/matchup?gameId=401819890
2025-11-17,401830633,Coe Kohawks,Western Illinois Leathernecks,N,https://www.espn.com/mens-college-basketball/matchup?gameId=401830633
2025-11-17,401824041,Loyola Marymount Lions,UC Santa Barbara Gauchos,N,https://www.espn.com/mens-college-basketball/matchup?gameId=401824041
2025-11-17,401819863,Alabama State Hornets,Colorado Buffaloes,N,https://www.espn.com/mens-college-basketball/matchup?gameId=401819863
2025-11-17,401819816,Georgia State Panthers,Arizona State Sun Devils,N,https://www.espn.com/mens-college-basketball/matchup?gameId=401819816
2025-11-17,401812920,North Alabama Lions,Clemson Tigers,N,https://www.espn.com/mens-college-basketball/matchup?gameId=401812920
2025-11-17,401829325,Bethesda University Flames,San José State Spartans,N,https://www.espn.com/mens-college-basketball/matchup?gameId=401829325
2025-11-17,401824057,Oregon State Beavers,Oregon Ducks,N,https://www.espn.com/mens-college-basketball/matchup?gameId=401824057
2025-11-17,401823733,Cal State Bakersfield Roadrunners,Portland State Vikings,N,https://www.espn.com/mens-college-basketball/matchup?gameId=401823733
2025-11-17,401823501,Eastern Oregon Mountaineers,Eastern Washington Eagles,N,https://www.espn.com/mens-college-basketball/matchup?gameId=401823501
2025-11-18,401817232,Kansas Jayhawks,Duke Blue Devils,N,https://www.espn.com/mens-college-basketball/matchup?gameId=401817232
2025-11-18,401827221,Michigan State Spartans,Kentucky Wildcats,N,https://www.espn.com/mens-college-basketball/matchup?gameId=401827221
2025-11-18,401817266,Navy Midshipmen,North Carolina Tar Heels,N,https://www.espn.com/mens-college-basketball/matchup?gameId=401817266
2025-11-18,401813760,Sacramento State Hornets,UCLA Bruins,N,https://www.espn.com/mens-college-basketball/matchup?gameId=401813760
2025-11-18,401826787,Winthrop Eagles,Arkansas Razorbacks,N,https://www.espn.com/mens-college-basketball/matchup?gameId=401826787
2025-11-18,401822762,Central Penn Knights,Coppin State Eagles,N,https://www.espn.com/mens-college-basketball/matchup?gameId=401822762
2025-11-18,401831375,Southwestern Christian Eagles,UTSA Roadrunners,N,https://www.espn.com/mens-college-basketball/matchup?gameId=401831375
2025-11-18,401828268,Paul Smith's Bobcats,UAlbany Great Danes,N,https://www.espn.com/mens-college-basketball/matchup?gameId=401828268
2025-11-18,401827434,American University Eagles,Rutgers Scarlet Knights,N,https://www.espn.com/mens-college-basketball/matchup?gameId=401827434
2025-11-18,401823429,Vermont Catamounts,Buffalo Bulls,N,https://www.espn.com/mens-college-basketball/matchup?gameId=401823429
2025-11-18,401831277,Maine-Augusta Moose,Dartmouth Big Green,N,https://www.espn.com/mens-college-basketball/matchup?gameId=401831277
2025-11-18,401830834,Cheyney (PA) Wolves,Delaware State Hornets,N,https://www.espn.com/mens-college-basketball/matchup?gameId=401830834
2025-11-18,401829044,Fort Lauderdale Eagles,Florida International Panthers,N,https://www.espn.com/mens-college-basketball/matchup?gameId=401829044
2025-11-18,401828302,Saint Peter's Peacocks,Delaware Blue Hens,N,https://www.espn.com/mens-college-basketball/matchup?gameId=401828302
2025-11-18,401827513,NJIT Highlanders,Drexel Dragons,N,https://www.espn.com/mens-college-basketball/matchup?gameId=401827513
2025-11-18,401827499,Towson Tigers,James Madison Dukes,N,https://www.espn.com/mens-college-basketball/matchup?gameId=401827499
2025-11-18,401826893,New Haven Chargers,Seton Hall Pirates,N,https://www.espn.com/mens-college-basketball/matchup?gameId=401826893
2025-11-18,401826759,New Hampshire Wildcats,Providence Friars,N,https://www.espn.com/mens-college-basketball/matchup?gameId=401826759
2025-11-18,401826708,UT Martin Skyhawks,Florida State Seminoles,N,https://www.espn.com/mens-college-basketball/matchup?gameId=401826708
2025-11-18,401826071,Radford Highlanders,South Carolina Gamecocks,N,https://www.espn.com/mens-college-basketball/matchup?gameId=401826071
2025-11-18,401824304,Princeton Tigers,Iona Gaels,N,https://www.espn.com/mens-college-basketball/matchup?gameId=401824304
2025-11-18,401823561,Old Dominion Monarchs,Xavier Musketeers,N,https://www.espn.com/mens-college-basketball/matchup?gameId=401823561
2025-11-18,401823370,Eastern Michigan Eagles,Detroit Mercy Titans,N,https://www.espn.com/mens-college-basketball/matchup?gameId=401823370
2025-11-18,401823343,Jacksonville Dolphins,George Mason Patriots,N,https://www.espn.com/mens-college-basketball/matchup?gameId=401823343
2025-11-18,401823039,Maryland Eastern Shore Hawks,Longwood Lancers,N,https://www.espn.com/mens-college-basketball/matchup?gameId=401823039
2025-11-18,401823013,Eastern Kentucky Colonels,Kent State Golden Flashes,N,https://www.espn.com/mens-college-basketball/matchup?gameId=401823013
2025-11-18,401820841,IU Indianapolis Jaguars,Charleston Southern Buccaneers,N,https://www.espn.com/mens-college-basketball/matchup?gameId=401820841
2025-11-18,401820808,East Carolina Pirates,UNC Wilmington Seahawks,N,https://www.espn.com/mens-college-basketball/matchup?gameId=401820808
2025-11-18,401818369,Boston University Terriers,Columbia Lions,N,https://www.espn.com/mens-college-basketball/matchup?gameId=401818369
2025-11-18,401817214,Hampton Pirates,Boston College Eagles,N,https://www.espn.com/mens-college-basketball/matchup?gameId=401817214
2025-11-18,401812663,Holy Cross Crusaders,Brown Bears,N,https://www.espn.com/mens-college-basketball/matchup?gameId=401812663
2025-11-18,401812381,Saint Francis Red Flash,Lehigh Mountain Hawks,N,https://www.espn.com/mens-college-basketball/matchup?gameId=401812381
2025-11-18,401812286,St. Elizabeth Eagles,Fairleigh Dickinson Knights,N,https://www.espn.com/mens-college-basketball/matchup?gameId=401812286
2025-11-18,401828735,Toccoa Falls Eagles,North Carolina Central Eagles,N,https://www.espn.com/mens-college-basketball/matchup?gameId=401828735
2025-11-18,401826714,Georgia Southern Eagles,Georgia Tech Yellow Jackets,N,https://www.espn.com/mens-college-basketball/matchup?gameId=401826714
2025-11-18,401823361,Bethel (TN) Wildcats,Western Kentucky Hilltoppers,N,https://www.espn.com/mens-college-basketball/matchup?gameId=401823361
2025-11-18,401813276,North Carolina A&T Aggies,Morgan State Bears,N,https://www.espn.com/mens-college-basketball/matchup?gameId=401813276
2025-11-18,401829421,Alcorn State Braves,LSU Tigers,N,https://www.espn.com/mens-college-basketball/matchup?gameId=401829421
2025-11-18,401828527,Haskell Jayhawks,Oral Roberts Golden Eagles,N,https://www.espn.com/mens-college-basketball/matchup?gameId=401828527
2025-11-18,401828493,Austin Peay Governors,Ole Miss Rebels,N,https://www.espn.com/mens-college-basketball/matchup?gameId=401828493
2025-11-18,401828290,Montana Grizzlies,Texas A&M Aggies,N,https://www.espn.com/mens-college-basketball/matchup?gameId=401828290
2025-11-18,401825589,Embry-Riddle (AZ) Eagles,Northern Arizona Lumberjacks,N,https://www.espn.com/mens-college-basketball/matchup?gameId=401825589
2025-11-18,401825572,Gardner-Webb Runnin' Bulldogs,DePaul Blue Demons,N,https://www.espn.com/mens-college-basketball/matchup?gameId=401825572
2025-11-18,401825186,Little Rock Trojans,Murray State Racers,N,https://www.espn.com/mens-college-basketball/matchup?gameId=401825186
2025-11-18,401823867,UT Arlington Mavericks,Evansville Purple Aces,N,https://www.espn.com/mens-college-basketball/matchup?gameId=401823867
2025-11-18,401823525,Abilene Christian Wildcats,Texas State Bobcats,N,https://www.espn.com/mens-college-basketball/matchup?gameId=401823525
2025-11-18,401822341,Chicago State Cougars,Minnesota Golden Gophers,N,https://www.espn.com/mens-college-basketball/matchup?gameId=401822341
2025-11-18,401820544,Northern Illinois Huskies,Northern Iowa Panthers,N,https://www.espn.com/mens-college-basketball/matchup?gameId=401820544
2025-11-18,401817456,Arkansas-Pine Bluff Golden Lions,SMU Mustangs,N,https://www.espn.com/mens-college-basketball/matchup?gameId=401817456
2025-11-18,401817167,Rhode Island Rams,Yale Bulldogs,N,https://www.espn.com/mens-college-basketball/matchup?gameId=401817167
2025-11-18,401827258,William Carey Crusaders,Southern Miss Golden Eagles,N,https://www.espn.com/mens-college-basketball/matchup?gameId=401827258
2025-11-18,401826794,Army Black Knights,Cornell Big Red,N,https://www.espn.com/mens-college-basketball/matchup?gameId=401826794
2025-11-18,401823648,Southeast Missouri State Redhawks,Iowa Hawkeyes,N,https://www.espn.com/mens-college-basketball/matchup?gameId=401823648
2025-11-18,401828923,Stephen F. Austin Lumberjacks,Fresno State Bulldogs,N,https://www.espn.com/mens-college-basketball/matchup?gameId=401828923
2025-11-18,401824111,Grambling Tigers,San Diego Toreros,N,https://www.espn.com/mens-college-basketball/matchup?gameId=401824111
2025-11-18,401823817,Wichita State Shockers,Boise State Broncos,N,https://www.espn.com/mens-college-basketball/matchup?gameId=401823817
2025-11-18,401819908,Purdue Fort Wayne Mastodons,Utah Utes,N,https://www.espn.com/mens-college-basketball/matchup?gameId=401819908
2025-11-18,401817479,Monmouth Hawks,Syracuse Orange,N,https://www.espn.com/mens-college-basketball/matchup?gameId=401817479
2025-11-18,401812628,Rider Broncs,Texas Longhorns,N,https://www.espn.com/mens-college-basketball/matchup?gameId=401812628
2025-11-18,401808894,New Orleans Privateers,Pepperdine Waves,N,https://www.espn.com/mens-college-basketball/matchup?gameId=401808894
2025-11-18,401827013,Southern Jaguars,Washington Huskies,N,https://www.espn.com/mens-college-basketball/matchup?gameId=401827013
2025-11-18,401826728,Northwestern State Demons,San Francisco Dons,N,https://www.espn.com/mens-college-basketball/matchup?gameId=401826728
2025-11-18,401826088,UC Davis Aggies,Nevada Wolf Pack,N,https://www.espn.com/mens-college-basketball/matchup?gameId=401826088
2025-11-18,401823763,Troy Trojans,San Diego State Aztecs,N,https://www.espn.com/mens-college-basketball/matchup?gameId=401823763
2025-11-18,401823557,Idaho State Bengals,Santa Clara Broncos,N,https://www.espn.com/mens-college-basketball/matchup?gameId=401823557
2025-11-18,401823533,UC Riverside Highlanders,California Baptist Lancers,N,https://www.espn.com/mens-college-basketball/matchup?gameId=401823533
2025-11-18,401817467,Louisiana Ragin' Cajuns,Stanford Cardinal,N,https://www.espn.com/mens-college-basketball/matchup?gameId=401817467
2025-11-18,401817222,Presbyterian Blue Hose,California Golden Bears,N,https://www.espn.com/mens-college-basketball/matchup?gameId=401817222
2025-11-19,401812789,Arizona Wildcats,UConn Huskies,N,https://www.espn.com/mens-college-basketball/matchup?gameId=401812789
2025-11-19,401822996,Middle Tennessee Blue Raiders,Michigan Wolverines,N,https://www.espn.com/mens-college-basketball/matchup?gameId=401822996
2025-11-19,401811098,Alabama Crimson Tide,Illinois Fighting Illini,N,https://www.espn.com/mens-college-basketball/matchup?gameId=401811098
2025-11-19,401823477,Jackson State Tigers,Auburn Tigers,N,https://www.espn.com/mens-college-basketball/matchup?gameId=401823477
2025-11-19,401820552,Alabama State Hornets,Air Force Falcons,N,https://www.espn.com/mens-college-basketball/matchup?gameId=401820552
2025-11-19,401820607,Misericordia Cougars,Binghamton Bearcats,N,https://www.espn.com/mens-college-basketball/matchup?gameId=401820607
2025-11-19,401824870,Ohio Christian Trailblazers,Furman Paladins,N,https://www.espn.com/mens-college-basketball/matchup?gameId=401824870
2025-11-19,401812604,Harvard Crimson,Penn State Nittany Lions,N,https://www.espn.com/mens-college-basketball/matchup?gameId=401812604
2025-11-19,401829438,North Greenville Crusaders,The Citadel Bulldogs,N,https://www.espn.com/mens-college-basketball/matchup?gameId=401829438
2025-11-19,401829278,Chattanooga Mocs,South Carolina State Bulldogs,N,https://www.espn.com/mens-college-basketball/matchup?gameId=401829278
2025-11-19,401828309,South Alabama Jaguars,Jacksonville State Gamecocks,N,https://www.espn.com/mens-college-basketball/matchup?gameId=401828309
2025-11-19,401827110,Bethune-Cookman Wildcats,Ohio Bobcats,N,https://www.espn.com/mens-college-basketball/matchup?gameId=401827110
2025-11-19,401826898,Louisiana Tech Bulldogs,Indiana State Sycamores,N,https://www.espn.com/mens-college-basketball/matchup?gameId=401826898
2025-11-19,401826838,Hofstra Pride,Temple Owls,N,https://www.espn.com/mens-college-basketball/matchup?gameId=401826838
2025-11-19,401826831,Tennessee Tech Golden Eagles,South Carolina Upstate Spartans,N,https://www.espn.com/mens-college-basketball/matchup?gameId=401826831
2025-11-19,401825206,Howard Bison,Stetson Hatters,N,https://www.espn.com/mens-college-basketball/matchup?gameId=401825206
2025-11-19,401823444,North Florida Ospreys,Wofford Terriers,N,https://www.espn.com/mens-college-basketball/matchup?gameId=401823444
2025-11-19,401823419,William & Mary Tribe,Bowling Green Falcons,N,https://www.espn.com/mens-college-basketball/matchup?gameId=401823419
2025-11-19,401823228,Florida Gulf Coast Eagles,Samford Bulldogs,N,https://www.espn.com/mens-college-basketball/matchup?gameId=401823228
2025-11-19,401823004,Youngstown State Penguins,Toledo Rockets,N,https://www.espn.com/mens-college-basketball/matchup?gameId=401823004
2025-11-19,401822332,Valparaiso Beacons,Cleveland State Vikings,N,https://www.espn.com/mens-college-basketball/matchup?gameId=401822332
2025-11-19,401822180,Villanova Wildcats,La Salle Explorers,N,https://www.espn.com/mens-college-basketball/matchup?gameId=401822180
2025-11-19,401820579,City College NY Beavers,Quinnipiac Bobcats,N,https://www.espn.com/mens-college-basketball/matchup?gameId=401820579
2025-11-19,401817521,Bryant Bulldogs,Virginia Tech Hokies,N,https://www.espn.com/mens-college-basketball/matchup?gameId=401817521
2025-11-19,401817435,Bellarmine Knights,Notre Dame Fighting Irish,N,https://www.espn.com/mens-college-basketball/matchup?gameId=401817435
2025-11-19,401817175,VMI Keydets,Richmond Spiders,N,https://www.espn.com/mens-college-basketball/matchup?gameId=401817175
2025-11-19,401817145,UMBC Retrievers,George Washington Revolutionaries,N,https://www.espn.com/mens-college-basketball/matchup?gameId=401817145
2025-11-19,401813448,Loyola Maryland Greyhounds,Duquesne Dukes,N,https://www.espn.com/mens-college-basketball/matchup?gameId=401813448
2025-11-19,401813399,Mount St. Mary's Mountaineers,Maryland Terrapins,N,https://www.espn.com/mens-college-basketball/matchup?gameId=401813399
2025-11-19,401808952,William Carey Crusaders,SE Louisiana Lions,N,https://www.espn.com/mens-college-basketball/matchup?gameId=401808952
2025-11-19,401830656,Dallas Christian Crusaders,East Texas A&M Lions,N,https://www.espn.com/mens-college-basketball/matchup?gameId=401830656
2025-11-19,401823331,Wyoming Cowboys,Sam Houston Bearkats,N,https://www.espn.com/mens-college-basketball/matchup?gameId=401823331
2025-11-19,401820624,Maine Black Bears,Merrimack Warriors,N,https://www.espn.com/mens-college-basketball/matchup?gameId=401820624
2025-11-19,401813438,Dayton Flyers,Marquette Golden Eagles,N,https://www.espn.com/mens-college-basketball/matchup?gameId=401813438
2025-11-19,401826751,UNC Asheville Bulldogs,Western Carolina Catamounts,N,https://www.espn.com/mens-college-basketball/matchup?gameId=401826751
2025-11-19,401829466,Concordia-Nebraska Clippers,Omaha Mavericks,N,https://www.espn.com/mens-college-basketball/matchup?gameId=401829466
2025-11-19,401829462,Jamestown Jimmies,North Dakota State Bison,N,https://www.espn.com/mens-college-basketball/matchup?gameId=401829462
2025-11-19,401826949,UC Irvine Anteaters,Utah Valley Wolverines,N,https://www.espn.com/mens-college-basketball/matchup?gameId=401826949
2025-11-19,401826762,UMass Lowell River Hawks,Bradley Braves,N,https://www.espn.com/mens-college-basketball/matchup?gameId=401826762
2025-11-19,401822367,Tiffin Dragons,Eastern Illinois Panthers,N,https://www.espn.com/mens-college-basketball/matchup?gameId=401822367
2025-11-19,401820833,North Dakota Fighting Hawks,Creighton Bluejays,N,https://www.espn.com/mens-college-basketball/matchup?gameId=401820833
2025-11-19,401813290,South Florida Bulls,Oklahoma State Cowboys,N,https://www.espn.com/mens-college-basketball/matchup?gameId=401813290
2025-11-19,401812253,Kansas City Roos,TCU Horned Frogs,N,https://www.espn.com/mens-college-basketball/matchup?gameId=401812253
2025-11-19,401811968,Lipscomb Bisons,Belmont Bruins,N,https://www.espn.com/mens-college-basketball/matchup?gameId=401811968
2025-11-19,401828474,St. Thomas (TX) Celts,UTEP Miners,N,https://www.espn.com/mens-college-basketball/matchup?gameId=401828474
2025-11-19,401829484,Arkansas State Red Wolves,Saint Mary's Gaels,N,https://www.espn.com/mens-college-basketball/matchup?gameId=401829484
2025-11-19,401826933,Campbell Fighting Camels,Weber State Wildcats,N,https://www.espn.com/mens-college-basketball/matchup?gameId=401826933
2025-11-19,401826923,Evergreen State Geoducks,Portland State Vikings,N,https://www.espn.com/mens-college-basketball/matchup?gameId=401826923
2025-11-19,401823307,Nobel Knights,Long Beach State Beach,N,https://www.espn.com/mens-college-basketball/matchup?gameId=401823307
2025-11-19,401823543,Southern Utah Thunderbirds,Washington State Cougars,N,https://www.espn.com/mens-college-basketball/matchup?gameId=401823543
2025-11-20,401823636,Memphis Tigers,Purdue Boilermakers,N,https://www.espn.com/mens-college-basketball/matchup?gameId=401823636
2025-11-20,401812629,Rider Broncs,Houston Cougars,N,https://www.espn.com/mens-college-basketball/matchup?gameId=401812629
2025-11-20,401809078,Bucknell Bison,St. John's Red Storm,N,https://www.espn.com/mens-college-basketball/matchup?gameId=401809078
2025-11-20,401817531,Wake Forest Demon Deacons,Texas Tech Red Raiders,N,https://www.espn.com/mens-college-basketball/matchup?gameId=401817531
2025-11-20,401829386,Tennessee State Tigers,Tennessee Volunteers,N,https://www.espn.com/mens-college-basketball/matchup?gameId=401829386
2025-11-20,401820482,Southern Indiana Screaming Eagles,Incarnate Word Cardinals,N,https://www.espn.com/mens-college-basketball/matchup?gameId=401820482
2025-11-20,401820483,High Point Panthers,UIC Flames,N,https://www.espn.com/mens-college-basketball/matchup?gameId=401820483
2025-11-20,401827130,Arkansas-Pine Bluff Golden Lions,Marshall Thundering Herd,N,https://www.espn.com/mens-college-basketball/matchup?gameId=401827130
2025-11-20,401825578,Nobel Knights,Montana State Bobcats,N,https://www.espn.com/mens-college-basketball/matchup?gameId=401825578
2025-11-20,401822399,Lindenwood Lions,Indiana Hoosiers,N,https://www.espn.com/mens-college-basketball/matchup?gameId=401822399
2025-11-20,401817197,Robert Morris Colonials,St. Bonaventure Bonnies,N,https://www.espn.com/mens-college-basketball/matchup?gameId=401817197
2025-11-20,401818551,Brown Bears,Stony Brook Seawolves,N,https://www.espn.com/mens-college-basketball/matchup?gameId=401818551
2025-11-20,401830835,Kean Cougars,Delaware State Hornets,N,https://www.espn.com/mens-college-basketball/matchup?gameId=401830835
2025-11-20,401829402,Colgate Raiders,Cornell Big Red,N,https://www.espn.com/mens-college-basketball/matchup?gameId=401829402
2025-11-20,401827238,Nebraska Cornhuskers,New Mexico Lobos,N,https://www.espn.com/mens-college-basketball/matchup?gameId=401827238
2025-11-20,401827006,Texas Southern Tigers,Vanderbilt Commodores,N,https://www.espn.com/mens-college-basketball/matchup?gameId=401827006
2025-11-20,401826863,Northeastern Huskies,Princeton Tigers,N,https://www.espn.com/mens-college-basketball/matchup?gameId=401826863
2025-11-20,401824063,Pacific Tigers,Florida Atlantic Owls,N,https://www.espn.com/mens-college-basketball/matchup?gameId=401824063
2025-11-20,401823493,UNC Greensboro Spartans,Queens University Royals,N,https://www.espn.com/mens-college-basketball/matchup?gameId=401823493
2025-11-20,401823410,Ohio Wesleyan Battling Bishops,Wright State Raiders,N,https://www.espn.com/mens-college-basketball/matchup?gameId=401823410
2025-11-20,401823385,Northern Kentucky Norse,Central Michigan Chippewas,N,https://www.espn.com/mens-college-basketball/matchup?gameId=401823385
2025-11-20,401822342,Chicago State Cougars,Iowa Hawkeyes,N,https://www.espn.com/mens-college-basketball/matchup?gameId=401822342
2025-11-20,401820211,Mercyhurst Lakers,Miami (OH) RedHawks,N,https://www.espn.com/mens-college-basketball/matchup?gameId=401820211
2025-11-20,401817445,Pittsburgh Panthers,UCF Knights,N,https://www.espn.com/mens-college-basketball/matchup?gameId=401817445
2025-11-20,401812355,Long Island University Sharks,Fordham Rams,N,https://www.espn.com/mens-college-basketball/matchup?gameId=401812355
2025-11-20,401809417,Elon Phoenix,Miami Hurricanes,N,https://www.espn.com/mens-college-basketball/matchup?gameId=401809417
2025-11-20,401828332,College Of Biblical Studies Ambassadors,Houston Christian Huskies,N,https://www.espn.com/mens-college-basketball/matchup?gameId=401828332
2025-11-20,401827255,Western Michigan Broncos,Ohio State Buckeyes,N,https://www.espn.com/mens-college-basketball/matchup?gameId=401827255
2025-11-20,401826808,Tarleton State Texans,Rice Owls,N,https://www.espn.com/mens-college-basketball/matchup?gameId=401826808
2025-11-20,401826779,Oral Roberts Golden Eagles,Oklahoma Sooners,N,https://www.espn.com/mens-college-basketball/matchup?gameId=401826779
2025-11-20,401824937,Central Arkansas Bears,North Texas Mean Green,N,https://www.espn.com/mens-college-basketball/matchup?gameId=401824937
2025-11-20,401813257,Rockford Regents,Illinois State Redbirds,N,https://www.espn.com/mens-college-basketball/matchup?gameId=401813257
2025-11-20,401811106,South Dakota Coyotes,Missouri Tigers,N,https://www.espn.com/mens-college-basketball/matchup?gameId=401811106
2025-11-20,401819909,Cal Poly Mustangs,Utah Utes,N,https://www.espn.com/mens-college-basketball/matchup?gameId=401819909
2025-11-20,401819891,Mississippi State Bulldogs,Kansas State Wildcats,N,https://www.espn.com/mens-college-basketball/matchup?gameId=401819891
2025-11-20,401827210,Troy Trojans,USC Trojans,N,https://www.espn.com/mens-college-basketball/matchup?gameId=401827210
2025-11-20,401820399,Saint Joseph's Hawks,UNLV Rebels,N,https://www.espn.com/mens-college-basketball/matchup?gameId=401820399
2025-11-20,401819817,Arizona State Sun Devils,Hawai'i Rainbow Warriors,N,https://www.espn.com/mens-college-basketball/matchup?gameId=401819817
2025-11-21,401823637,Texas Tech Red Raiders,Purdue Boilermakers,N,https://www.espn.com/mens-college-basketball/matchup?gameId=401823637
2025-11-21,401813377,Niagara Purple Eagles,Duke Blue Devils,N,https://www.espn.com/mens-college-basketball/matchup?gameId=401813377
2025-11-21,401817243,Louisville Cardinals,Cincinnati Bearcats,N,https://www.espn.com/mens-college-basketball/matchup?gameId=401817243
2025-11-21,401819836,Wisconsin Badgers,BYU Cougars,N,https://www.espn.com/mens-college-basketball/matchup?gameId=401819836
2025-11-21,401827489,Merrimack Warriors,Florida Gators,N,https://www.espn.com/mens-college-basketball/matchup?gameId=401827489
2025-11-21,401820187,Loyola Maryland Greyhounds,Kentucky Wildcats,N,https://www.espn.com/mens-college-basketball/matchup?gameId=401820187
2025-11-21,401823371,Detroit Mercy Titans,Michigan State Spartans,N,https://www.espn.com/mens-college-basketball/matchup?gameId=401823371
2025-11-21,401813761,Presbyterian Blue Hose,UCLA Bruins,N,https://www.espn.com/mens-college-basketball/matchup?gameId=401813761
2025-11-21,401826788,Jackson State Tigers,Arkansas Razorbacks,N,https://www.espn.com/mens-college-basketball/matchup?gameId=401826788
2025-11-21,401827505,Regent Royals,William & Mary Tribe,N,https://www.espn.com/mens-college-basketball/matchup?gameId=401827505
2025-11-21,401818301,Green Bay Phoenix,Yale Bulldogs,N,https://www.espn.com/mens-college-basketball/matchup?gameId=401818301
2025-11-21,401809310,Utah State Aggies,Tulane Green Wave,N,https://www.espn.com/mens-college-basketball/matchup?gameId=401809310
2025-11-21,401823377,IU Indianapolis Jaguars,Alabama State Hornets,N,https://www.espn.com/mens-college-basketball/matchup?gameId=401823377
2025-11-21,401820825,Butler Bulldogs,South Carolina Gamecocks,N,https://www.espn.com/mens-college-basketball/matchup?gameId=401820825
2025-11-21,401827452,Massachusetts Minutemen,Charleston Cougars,N,https://www.espn.com/mens-college-basketball/matchup?gameId=401827452
2025-11-21,401823868,Campbell Fighting Camels,UT Arlington Mavericks,N,https://www.espn.com/mens-college-basketball/matchup?gameId=401823868
2025-11-21,401823558,Justice College Lions,Idaho State Bengals,N,https://www.espn.com/mens-college-basketball/matchup?gameId=401823558
2025-11-21,401809311,Davidson Wildcats,Boston College Eagles,N,https://www.espn.com/mens-college-basketball/matchup?gameId=401809311
2025-11-21,401817490,Northwestern Wildcats,Virginia Cavaliers,N,https://www.espn.com/mens-college-basketball/matchup?gameId=401817490
2025-11-21,401820599,Iona Gaels,Akron Zips,N,https://www.espn.com/mens-college-basketball/matchup?gameId=401820599
2025-11-21,401826709,Georgia Southern Eagles,Florida State Seminoles,N,https://www.espn.com/mens-college-basketball/matchup?gameId=401826709
2025-11-21,401822351,Lafayette Leopards,Stonehill Skyhawks,N,https://www.espn.com/mens-college-basketball/matchup?gameId=401822351
2025-11-21,401820553,SIU Edwardsville Cougars,Air Force Falcons,N,https://www.espn.com/mens-college-basketball/matchup?gameId=401820553
2025-11-21,401818370,Columbia Lions,Lehigh Mountain Hawks,N,https://www.espn.com/mens-college-basketball/matchup?gameId=401818370
2025-11-21,401826871,Oakland Golden Grizzlies,Eastern Michigan Eagles,N,https://www.espn.com/mens-college-basketball/matchup?gameId=401826871
2025-11-21,401820799,Charlotte 49ers,App State Mountaineers,N,https://www.espn.com/mens-college-basketball/matchup?gameId=401820799
2025-11-21,401812646,Central Connecticut Blue Devils,Rutgers Scarlet Knights,N,https://www.espn.com/mens-college-basketball/matchup?gameId=401812646
2025-11-21,401809308,West Virginia Mountaineers,Clemson Tigers,N,https://www.espn.com/mens-college-basketball/matchup?gameId=401809308
2025-11-21,401831194,Mississippi State Bulldogs,New Mexico Lobos,N,https://www.espn.com/mens-college-basketball/matchup?gameId=401831194
2025-11-21,401829487,Coastal Carolina Chanticleers,Western Illinois Leathernecks,N,https://www.espn.com/mens-college-basketball/matchup?gameId=401829487
2025-11-21,401829440,Erskine Flying Fleet,Wofford Terriers,N,https://www.espn.com/mens-college-basketball/matchup?gameId=401829440
2025-11-21,401825385,South Carolina Upstate Spartans,West Georgia Wolves,N,https://www.espn.com/mens-college-basketball/matchup?gameId=401825385
2025-11-21,401824888,Morehead State Eagles,East Tennessee State Buccaneers,N,https://www.espn.com/mens-college-basketball/matchup?gameId=401824888
2025-11-21,401823638,Wake Forest Demon Deacons,Memphis Tigers,N,https://www.espn.com/mens-college-basketball/matchup?gameId=401823638
2025-11-21,401823590,UNC Wilmington Seahawks,Radford Highlanders,N,https://www.espn.com/mens-college-basketball/matchup?gameId=401823590
2025-11-21,401822834,UAlbany Great Danes,Siena Saints,N,https://www.espn.com/mens-college-basketball/matchup?gameId=401822834
2025-11-21,401820809,Charleston Southern Buccaneers,East Carolina Pirates,N,https://www.espn.com/mens-college-basketball/matchup?gameId=401820809
2025-11-21,401813350,Maryland Eastern Shore Hawks,Canisius Golden Griffins,N,https://www.espn.com/mens-college-basketball/matchup?gameId=401813350
2025-11-21,401813322,Army Black Knights,Marist Red Foxes,N,https://www.espn.com/mens-college-basketball/matchup?gameId=401813322
2025-11-21,401813277,Morgan State Bears,Old Dominion Monarchs,N,https://www.espn.com/mens-college-basketball/matchup?gameId=401813277
2025-11-21,401812664,Holy Cross Crusaders,Sacred Heart Pioneers,N,https://www.espn.com/mens-college-basketball/matchup?gameId=401812664
2025-11-21,401812577,Pennsylvania Quakers,Drexel Dragons,N,https://www.espn.com/mens-college-basketball/matchup?gameId=401812577
2025-11-21,401828907,Buena Vista Beavers,Drake Bulldogs,N,https://www.espn.com/mens-college-basketball/matchup?gameId=401828907
2025-11-21,401826919,Northern Colorado Bears,St. Thomas-Minnesota Tommies,N,https://www.espn.com/mens-college-basketball/matchup?gameId=401826919
2025-11-21,401826854,South Alabama Jaguars,UAB Blazers,N,https://www.espn.com/mens-college-basketball/matchup?gameId=401826854
2025-11-21,401811969,Fisk Bulldogs,Belmont Bruins,N,https://www.espn.com/mens-college-basketball/matchup?gameId=401811969
2025-11-21,401829474,Georgia State Panthers,South Dakota State Jackrabbits,N,https://www.espn.com/mens-college-basketball/matchup?gameId=401829474
2025-11-21,401829422,Omaha Mavericks,LSU Tigers,N,https://www.espn.com/mens-college-basketball/matchup?gameId=401829422
2025-11-21,401828283,Austin Peay Governors,Tulsa Golden Hurricane,N,https://www.espn.com/mens-college-basketball/matchup?gameId=401828283
2025-11-21,401827522,Hampton Pirates,Norfolk State Spartans,N,https://www.espn.com/mens-college-basketball/matchup?gameId=401827522
2025-11-21,401825187,Little Rock Trojans,Texas State Bobcats,N,https://www.espn.com/mens-college-basketball/matchup?gameId=401825187
2025-11-21,401824058,Evansville Purple Aces,Oregon State Beavers,N,https://www.espn.com/mens-college-basketball/matchup?gameId=401824058
2025-11-21,401823859,Manhattan Jaspers,Texas A&M Aggies,N,https://www.espn.com/mens-college-basketball/matchup?gameId=401823859
2025-11-21,401817186,Purdue Fort Wayne Mastodons,Saint Louis Billikens,N,https://www.espn.com/mens-college-basketball/matchup?gameId=401817186
2025-11-21,401817157,Northern Illinois Huskies,Loyola Chicago Ramblers,N,https://www.espn.com/mens-college-basketball/matchup?gameId=401817157
2025-11-21,401824112,UC Riverside Highlanders,San Diego Toreros,N,https://www.espn.com/mens-college-basketball/matchup?gameId=401824112
2025-11-21,401824071,Stephen F. Austin Lumberjacks,Pepperdine Waves,N,https://www.espn.com/mens-college-basketball/matchup?gameId=401824071
2025-11-21,401824025,Nobel Knights,Utah Tech Trailblazers,N,https://www.espn.com/mens-college-basketball/matchup?gameId=401824025
2025-11-21,401823810,Denver Pioneers,Colorado State Rams,N,https://www.espn.com/mens-college-basketball/matchup?gameId=401823810
2025-11-21,401823788,Northwestern State Demons,Grand Canyon Lopes,N,https://www.espn.com/mens-college-basketball/matchup?gameId=401823788
2025-11-21,401820225,Samford Bulldogs,New Mexico State Aggies,N,https://www.espn.com/mens-college-basketball/matchup?gameId=401820225
2025-11-21,401819864,UC Davis Aggies,Colorado Buffaloes,N,https://www.espn.com/mens-college-basketball/matchup?gameId=401819864
2025-11-21,401817457,Arkansas State Red Wolves,SMU Mustangs,N,https://www.espn.com/mens-college-basketball/matchup?gameId=401817457
2025-11-21,401809309,Georgia Bulldogs,Xavier Musketeers,N,https://www.espn.com/mens-college-basketball/matchup?gameId=401809309
2025-11-21,401808895,New Orleans Privateers,Fresno State Bulldogs,N,https://www.espn.com/mens-college-basketball/matchup?gameId=401808895
2025-11-21,401831195,Kansas State Wildcats,Nebraska Cornhuskers,N,https://www.espn.com/mens-college-basketball/matchup?gameId=401831195
2025-11-21,401827014,Southern Jaguars,San José State Spartans,N,https://www.espn.com/mens-college-basketball/matchup?gameId=401827014
2025-11-21,401824121,Louisiana Ragin' Cajuns,Santa Clara Broncos,N,https://www.espn.com/mens-college-basketball/matchup?gameId=401824121
2025-11-21,401823534,Grambling Tigers,California Baptist Lancers,N,https://www.espn.com/mens-college-basketball/matchup?gameId=401823534
2025-11-21,401823308,Montana State Bobcats,Long Beach State Beach,N,https://www.espn.com/mens-college-basketball/matchup?gameId=401823308
2025-11-21,401822731,Cal State Fullerton Titans,Portland Pilots,N,https://www.espn.com/mens-college-basketball/matchup?gameId=401822731
2025-11-21,401817468,Seattle U Redhawks,Stanford Cardinal,N,https://www.espn.com/mens-college-basketball/matchup?gameId=401817468
2025-11-21,401817223,Sacramento State Hornets,California Golden Bears,N,https://www.espn.com/mens-college-basketball/matchup?gameId=401817223
2025-11-22,401812356,Long Island University Sharks,Illinois Fighting Illini,N,https://www.espn.com/mens-college-basketball/matchup?gameId=401812356
2025-11-22,401822725,Wagner Seahawks,Georgetown Hoyas,N,https://www.espn.com/mens-college-basketball/matchup?gameId=401822725
2025-11-22,401820152,NJIT Highlanders,Navy Midshipmen,N,https://www.espn.com/mens-college-basketball/matchup?gameId=401820152
2025-11-22,401828682,Vermont State - Lyndon Hornets,New Haven Chargers,N,https://www.espn.com/mens-college-basketball/matchup?gameId=401828682
2025-11-22,401823190,Fairfield Stags,Le Moyne Dolphins,N,https://www.espn.com/mens-college-basketball/matchup?gameId=401823190
2025-11-22,401812605,Harvard Crimson,Boston University Terriers,N,https://www.espn.com/mens-college-basketball/matchup?gameId=401812605
2025-11-22,401826763,UMass Lowell River Hawks,Saint Peter's Peacocks,N,https://www.espn.com/mens-college-basketball/matchup?gameId=401826763
2025-11-22,401823025,Central Michigan Chippewas,Marquette Golden Eagles,N,https://www.espn.com/mens-college-basketball/matchup?gameId=401823025
2025-11-22,401823014,Cleveland State Vikings,Kent State Golden Flashes,N,https://www.espn.com/mens-college-basketball/matchup?gameId=401823014
2025-11-22,401820486,Howard Payne Yellow Jackets,Texas A&M-Corpus Christi Islanders,N,https://www.espn.com/mens-college-basketball/matchup?gameId=401820486
2025-11-22,401813439,North Carolina Central Eagles,Dayton Flyers,N,https://www.espn.com/mens-college-basketball/matchup?gameId=401813439
2025-11-22,401813291,Nicholls Colonels,Oklahoma State Cowboys,N,https://www.espn.com/mens-college-basketball/matchup?gameId=401813291
2025-11-22,401831206,Green Bay Phoenix,Massachusetts Minutemen,N,https://www.espn.com/mens-college-basketball/matchup?gameId=401831206
2025-11-22,401820608,Maryland Eastern Shore Hawks,Binghamton Bearcats,N,https://www.espn.com/mens-college-basketball/matchup?gameId=401820608
2025-11-22,401818792,Mercer Bears,Eastern Kentucky Colonels,N,https://www.espn.com/mens-college-basketball/matchup?gameId=401818792
2025-11-22,401823332,Schreiner Mountaineers,Sam Houston Bearkats,N,https://www.espn.com/mens-college-basketball/matchup?gameId=401823332
2025-11-22,401826889,Providence Friars,Penn State Nittany Lions,N,https://www.espn.com/mens-college-basketball/matchup?gameId=401826889
2025-11-22,401823734,Mississippi Valley State Delta Devils,Cal State Bakersfield Roadrunners,N,https://www.espn.com/mens-college-basketball/matchup?gameId=401823734
2025-11-22,401813449,Northeastern Huskies,Duquesne Dukes,N,https://www.espn.com/mens-college-basketball/matchup?gameId=401813449
2025-11-22,401813378,Niagara Purple Eagles,Howard Bison,N,https://www.espn.com/mens-college-basketball/matchup?gameId=401813378
2025-11-22,401823435,North Alabama Lions,Chattanooga Mocs,N,https://www.espn.com/mens-college-basketball/matchup?gameId=401823435
2025-11-22,401830881,Southern Indiana Screaming Eagles,UIC Flames,N,https://www.espn.com/mens-college-basketball/matchup?gameId=401830881
2025-11-22,401829391,UT Martin Skyhawks,Prairie View A&M Panthers,N,https://www.espn.com/mens-college-basketball/matchup?gameId=401829391
2025-11-22,401829291,UC Santa Barbara Gauchos,Nevada Wolf Pack,N,https://www.espn.com/mens-college-basketball/matchup?gameId=401829291
2025-11-22,401824949,Western Carolina Catamounts,Lipscomb Bisons,N,https://www.espn.com/mens-college-basketball/matchup?gameId=401824949
2025-11-22,401823325,UT Rio Grande Valley Vaqueros,Missouri State Bears,N,https://www.espn.com/mens-college-basketball/matchup?gameId=401823325
2025-11-22,401822181,Lancasater Bible College Chargers,La Salle Explorers,N,https://www.espn.com/mens-college-basketball/matchup?gameId=401822181
2025-11-22,401831207,Iona Gaels,Oregon State Beavers,N,https://www.espn.com/mens-college-basketball/matchup?gameId=401831207
2025-11-22,401826729,San Francisco Dons,Minnesota Golden Gophers,N,https://www.espn.com/mens-college-basketball/matchup?gameId=401826729
2025-11-22,401822732,St. Thomas-Minnesota Tommies,Cal State Fullerton Titans,N,https://www.espn.com/mens-college-basketball/matchup?gameId=401822732
2025-11-22,401830880,Incarnate Word Cardinals,High Point Panthers,N,https://www.espn.com/mens-college-basketball/matchup?gameId=401830880
2025-11-22,401830125,Morehead State Eagles,UL Monroe Warhawks,N,https://www.espn.com/mens-college-basketball/matchup?gameId=401830125
2025-11-22,401829457,Coastal Carolina Chanticleers,North Dakota Fighting Hawks,N,https://www.espn.com/mens-college-basketball/matchup?gameId=401829457
2025-11-22,401823517,VMI Keydets,Stetson Hatters,N,https://www.espn.com/mens-college-basketball/matchup?gameId=401823517
2025-11-22,401822321,Ball State Cardinals,Indiana State Sycamores,N,https://www.espn.com/mens-college-basketball/matchup?gameId=401822321
2025-11-22,401822312,Milwaukee Panthers,Wichita State Shockers,N,https://www.espn.com/mens-college-basketball/matchup?gameId=401822312
2025-11-22,401817176,Gardner-Webb Runnin' Bulldogs,Richmond Spiders,N,https://www.espn.com/mens-college-basketball/matchup?gameId=401817176
2025-11-22,401822737,Coppin State Eagles,VCU Rams,N,https://www.espn.com/mens-college-basketball/matchup?gameId=401822737
2025-11-22,401824090,Northern Colorado Bears,Portland Pilots,N,https://www.espn.com/mens-college-basketball/matchup?gameId=401824090
2025-11-22,401823445,North Florida Ospreys,Southern Miss Golden Eagles,N,https://www.espn.com/mens-college-basketball/matchup?gameId=401823445
2025-11-22,401823544,Nobel Knights,Southern Utah Thunderbirds,N,https://www.espn.com/mens-college-basketball/matchup?gameId=401823544
2025-11-22,401823869,UT Arlington Mavericks,Weber State Wildcats,N,https://www.espn.com/mens-college-basketball/matchup?gameId=401823869
2025-11-22,401823512,Eastern Oregon Mountaineers,Idaho Vandals,N,https://www.espn.com/mens-college-basketball/matchup?gameId=401823512
2025-11-22,401829505,UC Merced Bobcats,Saint Mary's Gaels,N,https://www.espn.com/mens-college-basketball/matchup?gameId=401829505
2025-11-22,401820545,Northern Iowa Panthers,UC Irvine Anteaters,N,https://www.espn.com/mens-college-basketball/matchup?gameId=401820545
2025-11-23,401812790,Bryant Bulldogs,UConn Huskies,N,https://www.espn.com/mens-college-basketball/matchup?gameId=401812790
2025-11-23,401817233,Howard Bison,Duke Blue Devils,N,https://www.espn.com/mens-college-basketball/matchup?gameId=401817233
2025-11-23,401831230,Clemson Tigers,Georgia Bulldogs,N,https://www.espn.com/mens-college-basketball/matchup?gameId=401831230
2025-11-23,401827154,Alabama State Hornets,SIU Edwardsville Cougars,N,https://www.espn.com/mens-college-basketball/matchup?gameId=401827154
2025-11-23,401827131,Arkansas-Pine Bluff Golden Lions,Miami (OH) RedHawks,N,https://www.espn.com/mens-college-basketball/matchup?gameId=401827131
2025-11-23,401813351,Binghamton Bearcats,Canisius Golden Griffins,N,https://www.espn.com/mens-college-basketball/matchup?gameId=401813351
2025-11-23,401809418,Delaware State Hornets,Miami Hurricanes,N,https://www.espn.com/mens-college-basketball/matchup?gameId=401809418
2025-11-23,401829279,South Carolina State Bulldogs,South Dakota Coyotes,N,https://www.espn.com/mens-college-basketball/matchup?gameId=401829279
2025-11-23,401827514,Old Dominion Monarchs,Drexel Dragons,N,https://www.espn.com/mens-college-basketball/matchup?gameId=401827514
2025-11-23,401826780,Alcorn State Braves,Oklahoma Sooners,N,https://www.espn.com/mens-college-basketball/matchup?gameId=401826780
2025-11-23,401825386,West Georgia Wolves,Georgia Tech Yellow Jackets,N,https://www.espn.com/mens-college-basketball/matchup?gameId=401825386
2025-11-23,401823502,Eastern Washington Eagles,Central Arkansas Bears,N,https://www.espn.com/mens-college-basketball/matchup?gameId=401823502
2025-11-23,401823173,Cal State Fullerton Titans,Northern Colorado Bears,N,https://www.espn.com/mens-college-basketball/matchup?gameId=401823173
2025-11-23,401820800,Shaw Bears,Charlotte 49ers,N,https://www.espn.com/mens-college-basketball/matchup?gameId=401820800
2025-11-23,401818552,Brown Bears,Maine Black Bears,N,https://www.espn.com/mens-college-basketball/matchup?gameId=401818552
2025-11-23,401818371,Longwood Lancers,Columbia Lions,N,https://www.espn.com/mens-college-basketball/matchup?gameId=401818371
2025-11-23,401817491,Butler Bulldogs,Virginia Cavaliers,N,https://www.espn.com/mens-college-basketball/matchup?gameId=401817491
2025-11-23,401831212,Prairie View A&M Panthers,North Florida Ospreys,N,https://www.espn.com/mens-college-basketball/matchup?gameId=401831212
2025-11-23,401828303,Southern Illinois Salukis,Delaware Blue Hens,N,https://www.espn.com/mens-college-basketball/matchup?gameId=401828303
2025-11-23,401823402,Robert Morris Colonials,Monmouth Hawks,N,https://www.espn.com/mens-college-basketball/matchup?gameId=401823402
2025-11-23,401813400,Mount St. Mary's Mountaineers,Western Michigan Broncos,N,https://www.espn.com/mens-college-basketball/matchup?gameId=401813400
2025-11-23,401831231,West Virginia Mountaineers,Xavier Musketeers,N,https://www.espn.com/mens-college-basketball/matchup?gameId=401831231
2025-11-23,401828291,Lamar Cardinals,Montana Grizzlies,N,https://www.espn.com/mens-college-basketball/matchup?gameId=401828291
2025-11-23,401824889,UL Monroe Warhawks,East Tennessee State Buccaneers,N,https://www.espn.com/mens-college-basketball/matchup?gameId=401824889
2025-11-23,401824091,St. Thomas-Minnesota Tommies,Portland Pilots,N,https://www.espn.com/mens-college-basketball/matchup?gameId=401824091
2025-11-23,401823759,Norfolk State Spartans,Wyoming Cowboys,N,https://www.espn.com/mens-college-basketball/matchup?gameId=401823759
2025-11-23,401826914,South Carolina Gamecocks,Northwestern Wildcats,N,https://www.espn.com/mens-college-basketball/matchup?gameId=401826914
2025-11-23,401823494,Queens University Royals,Furman Paladins,N,https://www.espn.com/mens-college-basketball/matchup?gameId=401823494
2025-11-23,401820554,IU Indianapolis Jaguars,Air Force Falcons,N,https://www.espn.com/mens-college-basketball/matchup?gameId=401820554
2025-11-23,401817446,Quinnipiac Bobcats,Pittsburgh Panthers,N,https://www.espn.com/mens-college-basketball/matchup?gameId=401817446
2025-11-23,401813258,Coastal Carolina Chanticleers,Illinois State Redbirds,N,https://www.espn.com/mens-college-basketball/matchup?gameId=401813258
2025-11-23,401808728,McNeese Cowboys,George Washington Revolutionaries,N,https://www.espn.com/mens-college-basketball/matchup?gameId=401808728
2025-11-23,401831213,UT Martin Skyhawks,Southern Miss Golden Eagles,N,https://www.espn.com/mens-college-basketball/matchup?gameId=401831213
2025-11-23,401831204,Yale Bulldogs,Charleston Cougars,N,https://www.espn.com/mens-college-basketball/matchup?gameId=401831204
2025-11-23,401830116,Youngstown State Penguins,UNC Greensboro Spartans,N,https://www.espn.com/mens-college-basketball/matchup?gameId=401830116
2025-11-23,401823372,Detroit Mercy Titans,DePaul Blue Demons,N,https://www.espn.com/mens-college-basketball/matchup?gameId=401823372
2025-11-23,401831228,Tulane Green Wave,Boston College Eagles,N,https://www.espn.com/mens-college-basketball/matchup?gameId=401831228
2025-11-23,401829456,North Dakota Fighting Hawks,Western Illinois Leathernecks,N,https://www.espn.com/mens-college-basketball/matchup?gameId=401829456
2025-11-23,401820212,Mercyhurst Lakers,Marshall Thundering Herd,N,https://www.espn.com/mens-college-basketball/matchup?gameId=401820212
2025-11-23,401822997,Murray State Racers,Middle Tennessee Blue Raiders,N,https://www.espn.com/mens-college-basketball/matchup?gameId=401822997
2025-11-23,401831205,Akron Zips,Evansville Purple Aces,N,https://www.espn.com/mens-college-basketball/matchup?gameId=401831205
2025-11-23,401827067,Winthrop Eagles,Jackson State Tigers,N,https://www.espn.com/mens-college-basketball/matchup?gameId=401827067
2025-11-23,401831229,Utah State Aggies,Davidson Wildcats,N,https://www.espn.com/mens-college-basketball/matchup?gameId=401831229
2025-11-24,401826740,Denver Pioneers,Arizona Wildcats,N,https://www.espn.com/mens-college-basketball/matchup?gameId=401826740
2025-11-24,401817481,Syracuse Orange,Houston Cougars,N,https://www.espn.com/mens-college-basketball/matchup?gameId=401817481
2025-11-24,401817244,Eastern Michigan Eagles,Louisville Cardinals,N,https://www.espn.com/mens-college-basketball/matchup?gameId=401817244
2025-11-24,401823764,San Diego State Aztecs,Michigan Wolverines,N,https://www.espn.com/mens-college-basketball/matchup?gameId=401823764
2025-11-24,401812263,Gonzaga Bulldogs,Alabama Crimson Tide,N,https://www.espn.com/mens-college-basketball/matchup?gameId=401812263
2025-11-24,401827181,UT Rio Grande Valley Vaqueros,Illinois Fighting Illini,N,https://www.espn.com/mens-college-basketball/matchup?gameId=401827181
2025-11-24,401819874,Iowa State Cyclones,St. John's Red Storm,N,https://www.espn.com/mens-college-basketball/matchup?gameId=401819874
2025-11-24,401827435,Rutgers Scarlet Knights,Tennessee Volunteers,N,https://www.espn.com/mens-college-basketball/matchup?gameId=401827435
2025-11-24,401823478,Auburn Tigers,Oregon Ducks,N,https://www.espn.com/mens-college-basketball/matchup?gameId=401823478
2025-11-24,401817256,Seton Hall Pirates,NC State Wolfpack,N,https://www.espn.com/mens-college-basketball/matchup?gameId=401817256
2025-11-24,401829680,Toledo Rockets,Troy Trojans,N,https://www.espn.com/mens-college-basketball/matchup?gameId=401829680
2025-11-24,401809312,Rhode Island Rams,Towson Tigers,N,https://www.espn.com/mens-college-basketball/matchup?gameId=401809312
2025-11-24,401824064,Stony Brook Seawolves,Pacific Tigers,N,https://www.espn.com/mens-college-basketball/matchup?gameId=401824064
2025-11-24,401823420,Bucknell Bison,Bowling Green Falcons,N,https://www.espn.com/mens-college-basketball/matchup?gameId=401823420
2025-11-24,401812287,East Texas A&M Lions,Fairleigh Dickinson Knights,N,https://www.espn.com/mens-college-basketball/matchup?gameId=401812287
2025-11-24,401831211,Massachusetts Minutemen,Oregon State Beavers,N,https://www.espn.com/mens-college-basketball/matchup?gameId=401831211
2025-11-24,401829681,Saint Francis Red Flash,Belmont Bruins,N,https://www.espn.com/mens-college-basketball/matchup?gameId=401829681
2025-11-24,401827731,UAB Blazers,Southern Illinois Salukis,N,https://www.espn.com/mens-college-basketball/matchup?gameId=401827731
2025-11-24,401809393,Liberty Flames,Vermont Catamounts,N,https://www.espn.com/mens-college-basketball/matchup?gameId=401809393
2025-11-24,401823344,Jacksonville Dolphins,Bethune-Cookman Wildcats,N,https://www.espn.com/mens-college-basketball/matchup?gameId=401823344
2025-11-24,401819826,Creighton Bluejays,Baylor Bears,N,https://www.espn.com/mens-college-basketball/matchup?gameId=401819826
2025-11-24,401823430,VMI Keydets,Buffalo Bulls,N,https://www.espn.com/mens-college-basketball/matchup?gameId=401823430
2025-11-24,401831210,Green Bay Phoenix,Iona Gaels,N,https://www.espn.com/mens-college-basketball/matchup?gameId=401831210
2025-11-24,401826045,Grambling Tigers,UC Riverside Highlanders,N,https://www.espn.com/mens-college-basketball/matchup?gameId=401826045
2025-11-24,401817436,Notre Dame Fighting Irish,Kansas Jayhawks,N,https://www.espn.com/mens-college-basketball/matchup?gameId=401817436
2025-11-24,401827506,William & Mary Tribe,UTEP Miners,N,https://www.espn.com/mens-college-basketball/matchup?gameId=401827506
2025-11-24,401826872,Oakland Golden Grizzlies,Lamar Cardinals,N,https://www.espn.com/mens-college-basketball/matchup?gameId=401826872
2025-11-24,401828338,Rice Owls,Kennesaw State Owls,N,https://www.espn.com/mens-college-basketball/matchup?gameId=401828338
2025-11-24,401809394,Temple Owls,UC San Diego Tritons,N,https://www.espn.com/mens-college-basketball/matchup?gameId=401809394
2025-11-24,401823818,USC Trojans,Boise State Broncos,N,https://www.espn.com/mens-college-basketball/matchup?gameId=401823818
2025-11-24,401817146,George Washington Revolutionaries,Middle Tennessee Blue Raiders,N,https://www.espn.com/mens-college-basketball/matchup?gameId=401817146
2025-11-24,401831209,Charleston Cougars,Evansville Purple Aces,N,https://www.espn.com/mens-college-basketball/matchup?gameId=401831209
2025-11-24,401826701,George Mason Patriots,Ohio Bobcats,N,https://www.espn.com/mens-college-basketball/matchup?gameId=401826701
2025-11-24,401826054,Notre Dame (MD) Gators,UMBC Retrievers,N,https://www.espn.com/mens-college-basketball/matchup?gameId=401826054
2025-11-24,401812665,Siena Saints,Holy Cross Crusaders,N,https://www.espn.com/mens-college-basketball/matchup?gameId=401812665
2025-11-24,401829490,Georgia Southern Eagles,Youngstown State Penguins,N,https://www.espn.com/mens-college-basketball/matchup?gameId=401829490
2025-11-24,401826734,Elon Phoenix,App State Mountaineers,N,https://www.espn.com/mens-college-basketball/matchup?gameId=401826734
2025-11-24,401829045,James Madison Dukes,Florida International Panthers,N,https://www.espn.com/mens-college-basketball/matchup?gameId=401829045
2025-11-24,401828672,Marywood Pacers,American University Eagles,N,https://www.espn.com/mens-college-basketball/matchup?gameId=401828672
2025-11-24,401827214,Texas Lutheran Bulldogs,Texas State Bobcats,N,https://www.espn.com/mens-college-basketball/matchup?gameId=401827214
2025-11-24,401823386,Eastern Kentucky Colonels,Northern Kentucky Norse,N,https://www.espn.com/mens-college-basketball/matchup?gameId=401823386
2025-11-24,401823216,Bellarmine Knights,The Citadel Bulldogs,N,https://www.espn.com/mens-college-basketball/matchup?gameId=401823216
2025-11-24,401822393,Kansas City Roos,Lindenwood Lions,N,https://www.espn.com/mens-college-basketball/matchup?gameId=401822393
2025-11-24,401819844,NJIT Highlanders,Cincinnati Bearcats,N,https://www.espn.com/mens-college-basketball/matchup?gameId=401819844
2025-11-24,401812647,Sacred Heart Pioneers,Central Connecticut Blue Devils,N,https://www.espn.com/mens-college-basketball/matchup?gameId=401812647
2025-11-24,401809395,Princeton Tigers,Bradley Braves,N,https://www.espn.com/mens-college-basketball/matchup?gameId=401809395
2025-11-24,401823229,Oral Roberts Golden Eagles,Florida Gulf Coast Eagles,N,https://www.espn.com/mens-college-basketball/matchup?gameId=401823229
2025-11-24,401808896,New Orleans Privateers,Mississippi State Bulldogs,N,https://www.espn.com/mens-college-basketball/matchup?gameId=401808896
2025-11-24,401808729,Murray State Racers,McNeese Cowboys,N,https://www.espn.com/mens-college-basketball/matchup?gameId=401808729
2025-11-24,401831208,Yale Bulldogs,Akron Zips,N,https://www.espn.com/mens-college-basketball/matchup?gameId=401831208
2025-11-24,401828310,Jacksonville State Gamecocks,Arkansas State Red Wolves,N,https://www.espn.com/mens-college-basketball/matchup?gameId=401828310
2025-11-24,401825590,Cal Poly Mustangs,Northern Arizona Lumberjacks,N,https://www.espn.com/mens-college-basketball/matchup?gameId=401825590
2025-11-24,401817458,Radford Highlanders,SMU Mustangs,N,https://www.espn.com/mens-college-basketball/matchup?gameId=401817458
2025-11-24,401812357,Long Island University Sharks,Missouri State Bears,N,https://www.espn.com/mens-college-basketball/matchup?gameId=401812357
2025-11-24,401824042,Florida Atlantic Owls,Loyola Marymount Lions,N,https://www.espn.com/mens-college-basketball/matchup?gameId=401824042
2025-11-24,401830410,Nobel Knights,UC Santa Barbara Gauchos,N,https://www.espn.com/mens-college-basketball/matchup?gameId=401830410
2025-11-24,401830347,UTSA Roadrunners,Abilene Christian Wildcats,N,https://www.espn.com/mens-college-basketball/matchup?gameId=401830347
2025-11-24,401826089,Louisiana Ragin' Cajuns,UC Davis Aggies,N,https://www.espn.com/mens-college-basketball/matchup?gameId=401826089
2025-11-24,401824137,Washington State Cougars,Chaminade Silverswords,N,https://www.espn.com/mens-college-basketball/matchup?gameId=401824137
2025-11-24,401819818,Arizona State Sun Devils,Texas Longhorns,N,https://www.espn.com/mens-college-basketball/matchup?gameId=401819818
2025-11-24,401824899,Hawai'i Pacific Sea Warriors,Hawai'i Rainbow Warriors,N,https://www.espn.com/mens-college-basketball/matchup?gameId=401824899
2025-11-24,401820400,UNLV Rebels,Maryland Terrapins,N,https://www.espn.com/mens-college-basketball/matchup?gameId=401820400
2025-11-25,401824812,Tennessee Volunteers,Houston Cougars,N,https://www.espn.com/mens-college-basketball/matchup?gameId=401824812
2025-11-25,401823479,Auburn Tigers,Michigan Wolverines,N,https://www.espn.com/mens-college-basketball/matchup?gameId=401823479
2025-11-25,401812264,UNLV Rebels,Alabama Crimson Tide,N,https://www.espn.com/mens-college-basketball/matchup?gameId=401812264
2025-11-25,401820810,Michigan State Spartans,East Carolina Pirates,N,https://www.espn.com/mens-college-basketball/matchup?gameId=401820810
2025-11-25,401824033,Maryland Terrapins,Gonzaga Bulldogs,N,https://www.espn.com/mens-college-basketball/matchup?gameId=401824033
2025-11-25,401819827,St. John's Red Storm,Baylor Bears,N,https://www.espn.com/mens-college-basketball/matchup?gameId=401819827
2025-11-25,401819875,Creighton Bluejays,Iowa State Cyclones,N,https://www.espn.com/mens-college-basketball/matchup?gameId=401819875
2025-11-25,401817198,St. Bonaventure Bonnies,North Carolina Tar Heels,N,https://www.espn.com/mens-college-basketball/matchup?gameId=401817198
2025-11-25,401813762,UCLA Bruins,California Golden Bears,N,https://www.espn.com/mens-college-basketball/matchup?gameId=401813762
2025-11-25,401831198,NC State Wolfpack,Boise State Broncos,N,https://www.espn.com/mens-college-basketball/matchup?gameId=401831198
2025-11-25,401819892,Kansas State Wildcats,Indiana Hoosiers,N,https://www.espn.com/mens-college-basketball/matchup?gameId=401819892
2025-11-25,401831236,Stony Brook Seawolves,Bethune-Cookman Wildcats,N,https://www.espn.com/mens-college-basketball/matchup?gameId=401831236
2025-11-25,401830888,Towson Tigers,Liberty Flames,N,https://www.espn.com/mens-college-basketball/matchup?gameId=401830888
2025-11-25,401823436,Tennessee Southern Firehawks,North Alabama Lions,N,https://www.espn.com/mens-college-basketball/matchup?gameId=401823436
2025-11-25,401817437,Rutgers Scarlet Knights,Notre Dame Fighting Irish,N,https://www.espn.com/mens-college-basketball/matchup?gameId=401817437
2025-11-25,401831237,Pacific Tigers,Jacksonville Dolphins,N,https://www.espn.com/mens-college-basketball/matchup?gameId=401831237
2025-11-25,401828304,UNC Greensboro Spartans,Delaware Blue Hens,N,https://www.espn.com/mens-college-basketball/matchup?gameId=401828304
2025-11-25,401828284,Tulsa Golden Hurricane,San José State Spartans,N,https://www.espn.com/mens-college-basketball/matchup?gameId=401828284
2025-11-25,401826815,East Texas A&M Lions,Army Black Knights,N,https://www.espn.com/mens-college-basketball/matchup?gameId=401826815
2025-11-25,401830889,Rhode Island Rams,Vermont Catamounts,N,https://www.espn.com/mens-college-basketball/matchup?gameId=401830889
2025-11-25,401829433,Samford Bulldogs,Georgia State Panthers,N,https://www.espn.com/mens-college-basketball/matchup?gameId=401829433
2025-11-25,401817482,Syracuse Orange,Kansas Jayhawks,N,https://www.espn.com/mens-college-basketball/matchup?gameId=401817482
2025-11-25,401827732,UTEP Miners,UAB Blazers,N,https://www.espn.com/mens-college-basketball/matchup?gameId=401827732
2025-11-25,401817158,Northern Iowa Panthers,Loyola Chicago Ramblers,N,https://www.espn.com/mens-college-basketball/matchup?gameId=401817158
2025-11-25,401828339,Kennesaw State Owls,Oral Roberts Golden Eagles,N,https://www.espn.com/mens-college-basketball/matchup?gameId=401828339
2025-11-25,401831234,Loyola Marymount Lions,Ohio Bobcats,N,https://www.espn.com/mens-college-basketball/matchup?gameId=401831234
2025-11-25,401830890,UC San Diego Tritons,Bradley Braves,N,https://www.espn.com/mens-college-basketball/matchup?gameId=401830890
2025-11-25,401808730,Middle Tennessee Blue Raiders,McNeese Cowboys,N,https://www.espn.com/mens-college-basketball/matchup?gameId=401808730
2025-11-25,401831196,Seton Hall Pirates,USC Trojans,N,https://www.espn.com/mens-college-basketball/matchup?gameId=401831196
2025-11-25,401826950,Utah Valley Wolverines,South Dakota State Jackrabbits,N,https://www.espn.com/mens-college-basketball/matchup?gameId=401826950
2025-11-25,401820188,Washington College (MD) Shoremen,Loyola Maryland Greyhounds,N,https://www.espn.com/mens-college-basketball/matchup?gameId=401820188
2025-11-25,401813278,Drexel Dragons,Morgan State Bears,N,https://www.espn.com/mens-college-basketball/matchup?gameId=401813278
2025-11-25,401829387,Tennessee State Tigers,UNC Asheville Bulldogs,N,https://www.espn.com/mens-college-basketball/matchup?gameId=401829387
2025-11-25,401827507,William & Mary Tribe,Abilene Christian Wildcats,N,https://www.espn.com/mens-college-basketball/matchup?gameId=401827507
2025-11-25,401823535,San Diego Toreros,California Baptist Lancers,N,https://www.espn.com/mens-college-basketball/matchup?gameId=401823535
2025-11-25,401813401,Mount St. Mary's Mountaineers,Ohio State Buckeyes,N,https://www.espn.com/mens-college-basketball/matchup?gameId=401813401
2025-11-25,401829467,Omaha Mavericks,James Madison Dukes,N,https://www.espn.com/mens-college-basketball/matchup?gameId=401829467
2025-11-25,401829392,Brescia Bearcats,UT Martin Skyhawks,N,https://www.espn.com/mens-college-basketball/matchup?gameId=401829392
2025-11-25,401828721,Virginia-Lynchburg Dragons,Norfolk State Spartans,N,https://www.espn.com/mens-college-basketball/matchup?gameId=401828721
2025-11-25,401828683,Salve Regina Seahawks,New Haven Chargers,N,https://www.espn.com/mens-college-basketball/matchup?gameId=401828683
2025-11-25,401827485,Waynesburg Yellow Jackets,Cleveland State Vikings,N,https://www.espn.com/mens-college-basketball/matchup?gameId=401827485
2025-11-25,401827061,North Carolina Central Eagles,South Carolina Upstate Spartans,N,https://www.espn.com/mens-college-basketball/matchup?gameId=401827061
2025-11-25,401824359,Boston University Terriers,Penn State Nittany Lions,N,https://www.espn.com/mens-college-basketball/matchup?gameId=401824359
2025-11-25,401823735,Cal State Bakersfield Roadrunners,Florida State Seminoles,N,https://www.espn.com/mens-college-basketball/matchup?gameId=401823735
2025-11-25,401823564,Old Dominion Monarchs,Villanova Wildcats,N,https://www.espn.com/mens-college-basketball/matchup?gameId=401823564
2025-11-25,401823456,Adrian Bulldogs,Central Michigan Chippewas,N,https://www.espn.com/mens-college-basketball/matchup?gameId=401823456
2025-11-25,401823411,Wright State Raiders,Stetson Hatters,N,https://www.espn.com/mens-college-basketball/matchup?gameId=401823411
2025-11-25,401823230,Rice Owls,Florida Gulf Coast Eagles,N,https://www.espn.com/mens-college-basketball/matchup?gameId=401823230
2025-11-25,401823217,Houston Christian Huskies,Bellarmine Knights,N,https://www.espn.com/mens-college-basketball/matchup?gameId=401823217
2025-11-25,401823040,Hampton Pirates,Maryland Eastern Shore Hawks,N,https://www.espn.com/mens-college-basketball/matchup?gameId=401823040
2025-11-25,401822668,Rutgers-Camden Scarlet Raptors,Saint Joseph's Hawks,N,https://www.espn.com/mens-college-basketball/matchup?gameId=401822668
2025-11-25,401822343,Chicago State Cougars,Purdue Fort Wayne Mastodons,N,https://www.espn.com/mens-college-basketball/matchup?gameId=401822343
2025-11-25,401822313,Dominican (IL) Dominican,Milwaukee Panthers,N,https://www.espn.com/mens-college-basketball/matchup?gameId=401822313
2025-11-25,401820580,Quinnipiac Bobcats,UCF Knights,N,https://www.espn.com/mens-college-basketball/matchup?gameId=401820580
2025-11-25,401817532,Campbell Fighting Camels,Wake Forest Demon Deacons,N,https://www.espn.com/mens-college-basketball/matchup?gameId=401817532
2025-11-25,401813323,Lehigh Mountain Hawks,Marist Red Foxes,N,https://www.espn.com/mens-college-basketball/matchup?gameId=401813323
2025-11-25,401812630,Coppin State Eagles,Rider Broncs,N,https://www.espn.com/mens-college-basketball/matchup?gameId=401812630
2025-11-25,401831235,George Mason Patriots,Florida Atlantic Owls,N,https://www.espn.com/mens-college-basketball/matchup?gameId=401831235
2025-11-25,401822358,Eastern Illinois Panthers,Central Arkansas Bears,N,https://www.espn.com/mens-college-basketball/matchup?gameId=401822358
2025-11-25,401820842,Piedmont Lions,Charleston Southern Buccaneers,N,https://www.espn.com/mens-college-basketball/matchup?gameId=401820842
2025-11-25,401817147,Murray State Racers,George Washington Revolutionaries,N,https://www.espn.com/mens-college-basketball/matchup?gameId=401817147
2025-11-25,401830891,Temple Owls,Princeton Tigers,N,https://www.espn.com/mens-college-basketball/matchup?gameId=401830891
2025-11-25,401829427,Mississippi Valley State Delta Devils,Texas A&M Aggies,N,https://www.espn.com/mens-college-basketball/matchup?gameId=401829427
2025-11-25,401829348,Southeast Missouri State Redhawks,Cal Poly Mustangs,N,https://www.espn.com/mens-college-basketball/matchup?gameId=401829348
2025-11-25,401829280,South Carolina State Bulldogs,Missouri Tigers,N,https://www.espn.com/mens-college-basketball/matchup?gameId=401829280
2025-11-25,401823503,Eastern Washington Eagles,North Texas Mean Green,N,https://www.espn.com/mens-college-basketball/matchup?gameId=401823503
2025-11-25,401823464,Northern Illinois Huskies,Austin Peay Governors,N,https://www.espn.com/mens-college-basketball/matchup?gameId=401823464
2025-11-25,401831197,Washington State Cougars,Arizona State Sun Devils,N,https://www.espn.com/mens-college-basketball/matchup?gameId=401831197
2025-11-25,401827068,Winthrop Eagles,Nebraska Cornhuskers,N,https://www.espn.com/mens-college-basketball/matchup?gameId=401827068
2025-11-25,401820226,New Mexico State Aggies,UC Irvine Anteaters,N,https://www.espn.com/mens-college-basketball/matchup?gameId=401820226
2025-11-25,401829491,UTSA Roadrunners,Georgia Southern Eagles,N,https://www.espn.com/mens-college-basketball/matchup?gameId=401829491
2025-11-25,401826873,Oakland Golden Grizzlies,Montana Grizzlies,N,https://www.espn.com/mens-college-basketball/matchup?gameId=401826873
2025-11-25,401824026,Portland State Vikings,Utah Tech Trailblazers,N,https://www.espn.com/mens-college-basketball/matchup?gameId=401824026
2025-11-25,401823649,Ole Miss Rebels,Iowa Hawkeyes,N,https://www.espn.com/mens-college-basketball/matchup?gameId=401823649
2025-11-25,401826929,San Francisco State Gators,Sacramento State Hornets,N,https://www.espn.com/mens-college-basketball/matchup?gameId=401826929
2025-11-25,401823765,San Diego State Aztecs,Oregon Ducks,N,https://www.espn.com/mens-college-basketball/matchup?gameId=401823765
2025-11-25,401831199,Texas Longhorns,Chaminade Silverswords,N,https://www.espn.com/mens-college-basketball/matchup?gameId=401831199
2025-11-25,401819910,Utah Utes,Grand Canyon Lopes,N,https://www.espn.com/mens-college-basketball/matchup?gameId=401819910
2025-11-26,401831217,Notre Dame Fighting Irish,Houston Cougars,N,https://www.espn.com/mens-college-basketball/matchup?gameId=401831217
2025-11-26,401817245,NJIT Highlanders,Louisville Cardinals,N,https://www.espn.com/mens-college-basketball/matchup?gameId=401817245
2025-11-26,401831214,Gonzaga Bulldogs,Michigan Wolverines,N,https://www.espn.com/mens-college-basketball/matchup?gameId=401831214
2025-11-26,401831220,Maryland Terrapins,Alabama Crimson Tide,N,https://www.espn.com/mens-college-basketball/matchup?gameId=401831220
2025-11-26,401831218,St. John's Red Storm,Auburn Tigers,N,https://www.espn.com/mens-college-basketball/matchup?gameId=401831218
2025-11-26,401831216,Syracuse Orange,Iowa State Cyclones,N,https://www.espn.com/mens-college-basketball/matchup?gameId=401831216
2025-11-26,401831215,Kansas Jayhawks,Tennessee Volunteers,N,https://www.espn.com/mens-college-basketball/matchup?gameId=401831215
2025-11-26,401826832,Tennessee Tech Golden Eagles,Kentucky Wildcats,N,https://www.espn.com/mens-college-basketball/matchup?gameId=401826832
2025-11-26,401808897,New Orleans Privateers,Texas Tech Red Raiders,N,https://www.espn.com/mens-college-basketball/matchup?gameId=401808897
2025-11-26,401831202,NC State Wolfpack,Texas Longhorns,N,https://www.espn.com/mens-college-basketball/matchup?gameId=401831202
2025-11-26,401823362,Vanderbilt Commodores,Western Kentucky Hilltoppers,N,https://www.espn.com/mens-college-basketball/matchup?gameId=401823362
2025-11-26,401830883,Saint Francis Red Flash,Troy Trojans,N,https://www.espn.com/mens-college-basketball/matchup?gameId=401830883
2025-11-26,401823421,Bowling Green Falcons,VMI Keydets,N,https://www.espn.com/mens-college-basketball/matchup?gameId=401823421
2025-11-26,401820617,Mercy Mavericks,Bryant Bulldogs,N,https://www.espn.com/mens-college-basketball/matchup?gameId=401820617
2025-11-26,401830892,Towson Tigers,UC San Diego Tritons,N,https://www.espn.com/mens-college-basketball/matchup?gameId=401830892
2025-11-26,401830009,Misericordia Cougars,Cornell Big Red,N,https://www.espn.com/mens-college-basketball/matchup?gameId=401830009
2025-11-26,401822352,UMass Lowell River Hawks,Stonehill Skyhawks,N,https://www.espn.com/mens-college-basketball/matchup?gameId=401822352
2025-11-26,401826941,Columbia International Rams,Presbyterian Blue Hose,N,https://www.espn.com/mens-college-basketball/matchup?gameId=401826941
2025-11-26,401818553,Brown Bears,New Hampshire Wildcats,N,https://www.espn.com/mens-college-basketball/matchup?gameId=401818553
2025-11-26,401830882,Belmont Bruins,Toledo Rockets,N,https://www.espn.com/mens-college-basketball/matchup?gameId=401830882
2025-11-26,401823431,Buffalo Bulls,Bucknell Bison,N,https://www.espn.com/mens-college-basketball/matchup?gameId=401823431
2025-11-26,401830746,San José State Spartans,Loyola Chicago Ramblers,N,https://www.espn.com/mens-college-basketball/matchup?gameId=401830746
2025-11-26,401830237,St. Mary's (MD) Seahawks,Howard Bison,N,https://www.espn.com/mens-college-basketball/matchup?gameId=401830237
2025-11-26,401830117,Miami (OH) RedHawks,UNC Greensboro Spartans,N,https://www.espn.com/mens-college-basketball/matchup?gameId=401830117
2025-11-26,401829046,Omaha Mavericks,Florida International Panthers,N,https://www.espn.com/mens-college-basketball/matchup?gameId=401829046
2025-11-26,401823487,App State Mountaineers,Mercer Bears,N,https://www.espn.com/mens-college-basketball/matchup?gameId=401823487
2025-11-26,401823403,UIC Flames,Robert Morris Colonials,N,https://www.espn.com/mens-college-basketball/matchup?gameId=401823403
2025-11-26,401823387,Wofford Terriers,Northern Kentucky Norse,N,https://www.espn.com/mens-college-basketball/matchup?gameId=401823387
2025-11-26,401812666,Worcester State Lancers,Holy Cross Crusaders,N,https://www.espn.com/mens-college-basketball/matchup?gameId=401812666
2025-11-26,401812288,Army Black Knights,Fairleigh Dickinson Knights,N,https://www.espn.com/mens-college-basketball/matchup?gameId=401812288
2025-11-26,401831378,Virginia St Trojans,Delaware State Hornets,N,https://www.espn.com/mens-college-basketball/matchup?gameId=401831378
2025-11-26,401831200,USC Trojans,Arizona State Sun Devils,N,https://www.espn.com/mens-college-basketball/matchup?gameId=401831200
2025-11-26,401830893,Liberty Flames,Bradley Braves,N,https://www.espn.com/mens-college-basketball/matchup?gameId=401830893
2025-11-26,401822738,South Florida Bulls,VCU Rams,N,https://www.espn.com/mens-college-basketball/matchup?gameId=401822738
2025-11-26,401828497,Texas Lutheran Bulldogs,Incarnate Word Cardinals,N,https://www.espn.com/mens-college-basketball/matchup?gameId=401828497
2025-11-26,401828311,North Dakota State Bison,Jacksonville State Gamecocks,N,https://www.espn.com/mens-college-basketball/matchup?gameId=401828311
2025-11-26,401822333,Southern Indiana Screaming Eagles,Valparaiso Beacons,N,https://www.espn.com/mens-college-basketball/matchup?gameId=401822333
2025-11-26,401820227,Georgia State Panthers,New Mexico State Aggies,N,https://www.espn.com/mens-college-basketball/matchup?gameId=401820227
2025-11-26,401824950,Lipscomb Bisons,Marshall Thundering Herd,N,https://www.espn.com/mens-college-basketball/matchup?gameId=401824950
2025-11-26,401820153,Navy Midshipmen,Gardner-Webb Runnin' Bulldogs,N,https://www.espn.com/mens-college-basketball/matchup?gameId=401820153
2025-11-26,401812606,Harvard Crimson,Boston College Eagles,N,https://www.espn.com/mens-college-basketball/matchup?gameId=401812606
2025-11-26,401830747,Northern Iowa Panthers,Tulsa Golden Hurricane,N,https://www.espn.com/mens-college-basketball/matchup?gameId=401830747
2025-11-26,401829616,Oral Roberts Golden Eagles,Rice Owls,N,https://www.espn.com/mens-college-basketball/matchup?gameId=401829616
2025-11-26,401830915,Vermont Catamounts,Princeton Tigers,N,https://www.espn.com/mens-college-basketball/matchup?gameId=401830915
2025-11-26,401823860,Wagner Seahawks,Manhattan Jaspers,N,https://www.espn.com/mens-college-basketball/matchup?gameId=401823860
2025-11-26,401817522,Virginia Tech Hokies,Colorado State Rams,N,https://www.espn.com/mens-college-basketball/matchup?gameId=401817522
2025-11-26,401831201,Seton Hall Pirates,Washington State Cougars,N,https://www.espn.com/mens-college-basketball/matchup?gameId=401831201
2025-11-26,401826951,Samford Bulldogs,Utah Valley Wolverines,N,https://www.espn.com/mens-college-basketball/matchup?gameId=401826951
2025-11-26,401820555,Northern Colorado Bears,Air Force Falcons,N,https://www.espn.com/mens-college-basketball/matchup?gameId=401820555
2025-11-26,401813450,Central State (OH) Marauders,Duquesne Dukes,N,https://www.espn.com/mens-college-basketball/matchup?gameId=401813450
2025-11-26,401823353,Sam Houston Bearkats,Idaho State Bengals,N,https://www.espn.com/mens-college-basketball/matchup?gameId=401823353
2025-11-26,401828333,Houston Christian Huskies,The Citadel Bulldogs,N,https://www.espn.com/mens-college-basketball/matchup?gameId=401828333
2025-11-26,401824072,Pepperdine Waves,Fresno State Bulldogs,N,https://www.espn.com/mens-college-basketball/matchup?gameId=401824072
2025-11-26,401823591,SE Louisiana Lions,UNC Wilmington Seahawks,N,https://www.espn.com/mens-college-basketball/matchup?gameId=401823591
2025-11-26,401823231,Kennesaw State Owls,Florida Gulf Coast Eagles,N,https://www.espn.com/mens-college-basketball/matchup?gameId=401823231
2025-11-26,401819845,Eastern Michigan Eagles,Cincinnati Bearcats,N,https://www.espn.com/mens-college-basketball/matchup?gameId=401819845
2025-11-26,401818372,Columbia Lions,Fairfield Stags,N,https://www.espn.com/mens-college-basketball/matchup?gameId=401818372
2025-11-26,401830894,Rhode Island Rams,Temple Owls,N,https://www.espn.com/mens-college-basketball/matchup?gameId=401830894
2025-11-26,401827007,College Of Biblical Studies Ambassadors,Texas Southern Tigers,N,https://www.espn.com/mens-college-basketball/matchup?gameId=401827007
2025-11-26,401826899,Indiana State Sycamores,Louisiana Tech Bulldogs,N,https://www.espn.com/mens-college-basketball/matchup?gameId=401826899
2025-11-26,401826881,Saint Mary's Gaels,Wichita State Shockers,N,https://www.espn.com/mens-college-basketball/matchup?gameId=401826881
2025-11-26,401826798,Southern Illinois Salukis,Memphis Tigers,N,https://www.espn.com/mens-college-basketball/matchup?gameId=401826798
2025-11-26,401825591,Southeast Missouri State Redhawks,Northern Arizona Lumberjacks,N,https://www.espn.com/mens-college-basketball/matchup?gameId=401825591
2025-11-26,401829475,South Dakota State Jackrabbits,UC Irvine Anteaters,N,https://www.espn.com/mens-college-basketball/matchup?gameId=401829475
2025-11-26,401823760,Denver Pioneers,Wyoming Cowboys,N,https://www.espn.com/mens-college-basketball/matchup?gameId=401823760
2025-11-26,401827155,Alabama State Hornets,New Mexico Lobos,N,https://www.espn.com/mens-college-basketball/matchup?gameId=401827155
2025-11-26,401823259,Idaho Vandals,Cal State Northridge Matadors,N,https://www.espn.com/mens-college-basketball/matchup?gameId=401823259
2025-11-26,401830744,Iowa Hawkeyes,Grand Canyon Lopes,N,https://www.espn.com/mens-college-basketball/matchup?gameId=401830744
2025-11-26,401823309,Long Beach State Beach,Portland Pilots,N,https://www.espn.com/mens-college-basketball/matchup?gameId=401823309
2025-11-26,401831219,Baylor Bears,San Diego State Aztecs,N,https://www.espn.com/mens-college-basketball/matchup?gameId=401831219
2025-11-26,401831203,Boise State Broncos,Chaminade Silverswords,N,https://www.espn.com/mens-college-basketball/matchup?gameId=401831203
2025-11-26,401830745,Utah Utes,Ole Miss Rebels,N,https://www.espn.com/mens-college-basketball/matchup?gameId=401830745
2025-11-27,401817234,Duke Blue Devils,Arkansas Razorbacks,N,https://www.espn.com/mens-college-basketball/matchup?gameId=401817234
2025-11-27,401809419,BYU Cougars,Miami Hurricanes,N,https://www.espn.com/mens-college-basketball/matchup?gameId=401809419
2025-11-27,401809047,TCU Horned Frogs,Florida Gators,N,https://www.espn.com/mens-college-basketball/matchup?gameId=401809047
2025-11-27,401817267,Michigan State Spartans,North Carolina Tar Heels,N,https://www.espn.com/mens-college-basketball/matchup?gameId=401817267
2025-11-27,401830752,VCU Rams,Vanderbilt Commodores,N,https://www.espn.com/mens-college-basketball/matchup?gameId=401830752
2025-11-27,401809397,Richmond Spiders,Furman Paladins,N,https://www.espn.com/mens-college-basketball/matchup?gameId=401809397
2025-11-27,401817199,St. Bonaventure Bonnies,East Carolina Pirates,N,https://www.espn.com/mens-college-basketball/matchup?gameId=401817199
2025-11-27,401809398,Charlotte 49ers,Illinois State Redbirds,N,https://www.espn.com/mens-college-basketball/matchup?gameId=401809398
2025-11-27,401831221,Oregon Ducks,Creighton Bluejays,N,https://www.espn.com/mens-college-basketball/matchup?gameId=401831221
2025-11-27,401819865,San Francisco Dons,Colorado Buffaloes,N,https://www.espn.com/mens-college-basketball/matchup?gameId=401819865
2025-11-27,401830753,Saint Mary's Gaels,Virginia Tech Hokies,N,https://www.espn.com/mens-college-basketball/matchup?gameId=401830753
2025-11-27,401831222,UNLV Rebels,Rutgers Scarlet Knights,N,https://www.espn.com/mens-college-basketball/matchup?gameId=401831222
2025-11-27,401827268,Nevada Wolf Pack,Washington Huskies,N,https://www.espn.com/mens-college-basketball/matchup?gameId=401827268
2025-11-27,401830875,South Florida Bulls,Western Kentucky Hilltoppers,N,https://www.espn.com/mens-college-basketball/matchup?gameId=401830875
2025-11-27,401826890,Providence Friars,Wisconsin Badgers,N,https://www.espn.com/mens-college-basketball/matchup?gameId=401826890
2025-11-27,401817187,Santa Clara Broncos,Saint Louis Billikens,N,https://www.espn.com/mens-college-basketball/matchup?gameId=401817187
2025-11-27,401809396,Georgetown Hoyas,Dayton Flyers,N,https://www.espn.com/mens-college-basketball/matchup?gameId=401809396
2025-11-27,401830754,Wichita State Shockers,Colorado State Rams,N,https://www.espn.com/mens-college-basketball/matchup?gameId=401830754
2025-11-27,401817469,Stanford Cardinal,Minnesota Golden Gophers,N,https://www.espn.com/mens-college-basketball/matchup?gameId=401817469
2025-11-27,401812276,Oklahoma State Cowboys,Northwestern Wildcats,N,https://www.espn.com/mens-college-basketball/matchup?gameId=401812276
2025-11-28,401822359,Eastern Illinois Panthers,Purdue Boilermakers,N,https://www.espn.com/mens-college-basketball/matchup?gameId=401822359
2025-11-28,401811096,Illinois Fighting Illini,UConn Huskies,N,https://www.espn.com/mens-college-basketball/matchup?gameId=401811096
2025-11-28,401830886,BYU Cougars,Dayton Flyers,N,https://www.espn.com/mens-college-basketball/matchup?gameId=401830886
2025-11-28,401831223,Providence Friars,Florida Gators,N,https://www.espn.com/mens-college-basketball/matchup?gameId=401831223
2025-11-28,401830879,Saint Mary's Gaels,Vanderbilt Commodores,N,https://www.espn.com/mens-college-basketball/matchup?gameId=401830879
2025-11-28,401830878,Virginia Tech Hokies,VCU Rams,N,https://www.espn.com/mens-college-basketball/matchup?gameId=401830878
2025-11-28,401823592,SE Louisiana Lions,Gardner-Webb Runnin' Bulldogs,N,https://www.espn.com/mens-college-basketball/matchup?gameId=401823592
2025-11-28,401817533,Northeastern Huskies,Wake Forest Demon Deacons,N,https://www.espn.com/mens-college-basketball/matchup?gameId=401817533
2025-11-28,401830917,Richmond Spiders,Charlotte 49ers,N,https://www.espn.com/mens-college-basketball/matchup?gameId=401830917
2025-11-28,401822835,Longwood Lancers,Siena Saints,N,https://www.espn.com/mens-college-basketball/matchup?gameId=401822835
2025-11-28,401830748,San Francisco Dons,Nevada Wolf Pack,N,https://www.espn.com/mens-college-basketball/matchup?gameId=401830748
2025-11-28,401829431,Tennessee Wesleyan Bulldogs,Chattanooga Mocs,N,https://www.espn.com/mens-college-basketball/matchup?gameId=401829431
2025-11-28,401828915,Indiana State Sycamores,Alcorn State Braves,N,https://www.espn.com/mens-college-basketball/matchup?gameId=401828915
2025-11-28,401827486,Cleveland State Vikings,Missouri Tigers,N,https://www.espn.com/mens-college-basketball/matchup?gameId=401827486
2025-11-28,401824127,Texas State Bobcats,Seattle U Redhawks,N,https://www.espn.com/mens-college-basketball/matchup?gameId=401824127
2025-11-28,401823404,Southern Utah Thunderbirds,Robert Morris Colonials,N,https://www.espn.com/mens-college-basketball/matchup?gameId=401823404
2025-11-28,401823396,Holy Cross College (IN) Saints,Purdue Fort Wayne Mastodons,N,https://www.espn.com/mens-college-basketball/matchup?gameId=401823396
2025-11-28,401823026,Oklahoma Sooners,Marquette Golden Eagles,N,https://www.espn.com/mens-college-basketball/matchup?gameId=401823026
2025-11-28,401822322,Monmouth Hawks,Ball State Cardinals,N,https://www.espn.com/mens-college-basketball/matchup?gameId=401822322
2025-11-28,401822182,Hofstra Pride,La Salle Explorers,N,https://www.espn.com/mens-college-basketball/matchup?gameId=401822182
2025-11-28,401820826,Wright State Raiders,Butler Bulldogs,N,https://www.espn.com/mens-college-basketball/matchup?gameId=401820826
2025-11-28,401830916,Furman Paladins,Illinois State Redbirds,N,https://www.espn.com/mens-college-basketball/matchup?gameId=401830916
2025-11-28,401829463,North Dakota State Bison,Arkansas State Red Wolves,N,https://www.espn.com/mens-college-basketball/matchup?gameId=401829463
2025-11-28,401826748,Nicholls Colonels,Tulane Green Wave,N,https://www.espn.com/mens-college-basketball/matchup?gameId=401826748
2025-11-28,401822344,Chicago State Cougars,Youngstown State Penguins,N,https://www.espn.com/mens-college-basketball/matchup?gameId=401822344
2025-11-28,401820154,Navy Midshipmen,UNC Wilmington Seahawks,N,https://www.espn.com/mens-college-basketball/matchup?gameId=401820154
2025-11-28,401829395,Maine Black Bears,American University Eagles,N,https://www.espn.com/mens-college-basketball/matchup?gameId=401829395
2025-11-28,401829343,Missouri Baptist Spartans,SIU Edwardsville Cougars,N,https://www.espn.com/mens-college-basketball/matchup?gameId=401829343
2025-11-28,401827755,NJIT Highlanders,Eastern Michigan Eagles,N,https://www.espn.com/mens-college-basketball/matchup?gameId=401827755
2025-11-28,401827733,North Carolina A&T Aggies,Davidson Wildcats,N,https://www.espn.com/mens-college-basketball/matchup?gameId=401827733
2025-11-28,401823526,Jarvis Christian Bulldogs,Abilene Christian Wildcats,N,https://www.espn.com/mens-college-basketball/matchup?gameId=401823526
2025-11-28,401820843,Charleston Southern Buccaneers,South Carolina Gamecocks,N,https://www.espn.com/mens-college-basketball/matchup?gameId=401820843
2025-11-28,401817492,Queens University Royals,Virginia Cavaliers,N,https://www.espn.com/mens-college-basketball/matchup?gameId=401817492
2025-11-28,401830876,Colorado State Rams,South Florida Bulls,N,https://www.espn.com/mens-college-basketball/matchup?gameId=401830876
2025-11-28,401830749,Washington Huskies,Colorado Buffaloes,N,https://www.espn.com/mens-college-basketball/matchup?gameId=401830749
2025-11-28,401829415,UC Santa Barbara Gauchos,Lehigh Mountain Hawks,N,https://www.espn.com/mens-college-basketball/matchup?gameId=401829415
2025-11-28,401826857,Le Moyne Dolphins,Lafayette Leopards,N,https://www.espn.com/mens-college-basketball/matchup?gameId=401826857
2025-11-28,401812578,Merrimack Warriors,Pennsylvania Quakers,N,https://www.espn.com/mens-college-basketball/matchup?gameId=401812578
2025-11-28,401830741,Franklin Pierce Ravens,Fordham Rams,N,https://www.espn.com/mens-college-basketball/matchup?gameId=401830741
2025-11-28,401826998,Midwestern State Mustangs,Tarleton State Texans,N,https://www.espn.com/mens-college-basketball/matchup?gameId=401826998
2025-11-28,401826710,Texas A&M Aggies,Florida State Seminoles,N,https://www.espn.com/mens-college-basketball/matchup?gameId=401826710
2025-11-28,401831224,Wisconsin Badgers,TCU Horned Frogs,N,https://www.espn.com/mens-college-basketball/matchup?gameId=401831224
2025-11-28,401820487,Texas A&M-Corpus Christi Islanders,Xavier Musketeers,N,https://www.espn.com/mens-college-basketball/matchup?gameId=401820487
2025-11-28,401823260,Cal State Northridge Matadors,Idaho State Bengals,N,https://www.espn.com/mens-college-basketball/matchup?gameId=401823260
2025-11-28,401830887,Miami Hurricanes,Georgetown Hoyas,N,https://www.espn.com/mens-college-basketball/matchup?gameId=401830887
2025-11-28,401830877,Wichita State Shockers,Western Kentucky Hilltoppers,N,https://www.espn.com/mens-college-basketball/matchup?gameId=401830877
2025-11-28,401830750,Stanford Cardinal,Saint Louis Billikens,N,https://www.espn.com/mens-college-basketball/matchup?gameId=401830750
2025-11-28,401827173,Alabama A&M Bulldogs,Clemson Tigers,N,https://www.espn.com/mens-college-basketball/matchup?gameId=401827173
2025-11-28,401825573,Georgia Tech Yellow Jackets,DePaul Blue Demons,N,https://www.espn.com/mens-college-basketball/matchup?gameId=401825573
2025-11-28,401817459,SMU Mustangs,Mississippi State Bulldogs,N,https://www.espn.com/mens-college-basketball/matchup?gameId=401817459
2025-11-28,401817447,Ohio State Buckeyes,Pittsburgh Panthers,N,https://www.espn.com/mens-college-basketball/matchup?gameId=401817447
2025-11-28,401828269,Colgate Raiders,UAlbany Great Danes,N,https://www.espn.com/mens-college-basketball/matchup?gameId=401828269
2025-11-28,401828662,Jackson State Tigers,Louisiana Ragin' Cajuns,N,https://www.espn.com/mens-college-basketball/matchup?gameId=401828662
2025-11-28,401823354,Sam Houston Bearkats,Idaho Vandals,N,https://www.espn.com/mens-college-basketball/matchup?gameId=401823354
2025-11-28,401830751,Minnesota Golden Gophers,Santa Clara Broncos,N,https://www.espn.com/mens-college-basketball/matchup?gameId=401830751
2025-11-28,401828908,LSU Tigers,Drake Bulldogs,N,https://www.espn.com/mens-college-basketball/matchup?gameId=401828908
2025-11-28,401824043,Stony Brook Seawolves,Loyola Marymount Lions,N,https://www.espn.com/mens-college-basketball/matchup?gameId=401824043
2025-11-28,401824900,North Dakota Fighting Hawks,Hawai'i Rainbow Warriors,N,https://www.espn.com/mens-college-basketball/matchup?gameId=401824900
2025-11-29,401826886,Norfolk State Spartans,Arizona Wildcats,N,https://www.espn.com/mens-college-basketball/matchup?gameId=401826886
2025-11-29,401827111,Bethune-Cookman Wildcats,Indiana Hoosiers,N,https://www.espn.com/mens-college-basketball/matchup?gameId=401827111
2025-11-29,401820155,SE Louisiana Lions,Navy Midshipmen,N,https://www.espn.com/mens-college-basketball/matchup?gameId=401820155
2025-11-29,401831275,Emerson Lions,UMass Lowell River Hawks,N,https://www.espn.com/mens-college-basketball/matchup?gameId=401831275
2025-11-29,401826900,Alcorn State Braves,Louisiana Tech Bulldogs,N,https://www.espn.com/mens-college-basketball/matchup?gameId=401826900
2025-11-29,401823861,Manhattan Jaspers,Army Black Knights,N,https://www.espn.com/mens-college-basketball/matchup?gameId=401823861
2025-11-29,401823518,VMI Keydets,UCF Knights,N,https://www.espn.com/mens-college-basketball/matchup?gameId=401823518
2025-11-29,401823388,Boston University Terriers,Northern Kentucky Norse,N,https://www.espn.com/mens-college-basketball/matchup?gameId=401823388
2025-11-29,401820626,Maine Black Bears,Longwood Lancers,N,https://www.espn.com/mens-college-basketball/matchup?gameId=401820626
2025-11-29,401813379,Detroit Mercy Titans,Niagara Purple Eagles,N,https://www.espn.com/mens-college-basketball/matchup?gameId=401813379
2025-11-29,401831276,Dartmouth Big Green,Saint Peter's Peacocks,N,https://www.espn.com/mens-college-basketball/matchup?gameId=401831276
2025-11-29,401831225,Lehigh Mountain Hawks,Texas State Bobcats,N,https://www.espn.com/mens-college-basketball/matchup?gameId=401831225
2025-11-29,401829389,Tennessee Wesleyan Bulldogs,Tennessee State Tigers,N,https://www.espn.com/mens-college-basketball/matchup?gameId=401829389
2025-11-29,401828736,Carolina University Bruins,North Carolina Central Eagles,N,https://www.espn.com/mens-college-basketball/matchup?gameId=401828736
2025-11-29,401828478,Haskell Jayhawks,Green Bay Phoenix,N,https://www.espn.com/mens-college-basketball/matchup?gameId=401828478
2025-11-29,401828334,Houston Christian Huskies,Georgia Southern Eagles,N,https://www.espn.com/mens-college-basketball/matchup?gameId=401828334
2025-11-29,401827062,South Carolina Upstate Spartans,Nebraska Cornhuskers,N,https://www.espn.com/mens-college-basketball/matchup?gameId=401827062
2025-11-29,401827015,Southern Jaguars,Northwestern State Demons,N,https://www.espn.com/mens-college-basketball/matchup?gameId=401827015
2025-11-29,401826905,Merrimack Warriors,Hofstra Pride,N,https://www.espn.com/mens-college-basketball/matchup?gameId=401826905
2025-11-29,401826833,Tennessee Tech Golden Eagles,Georgia Bulldogs,N,https://www.espn.com/mens-college-basketball/matchup?gameId=401826833
2025-11-29,401826752,Western Carolina Catamounts,High Point Panthers,N,https://www.espn.com/mens-college-basketball/matchup?gameId=401826752
2025-11-29,401826702,James Madison Dukes,George Mason Patriots,N,https://www.espn.com/mens-college-basketball/matchup?gameId=401826702
2025-11-29,401826055,Delaware State Hornets,UMBC Retrievers,N,https://www.espn.com/mens-college-basketball/matchup?gameId=401826055
2025-11-29,401824862,Monmouth Hawks,Le Moyne Dolphins,N,https://www.espn.com/mens-college-basketball/matchup?gameId=401824862
2025-11-29,401823545,Southern Utah Thunderbirds,Stetson Hatters,N,https://www.espn.com/mens-college-basketball/matchup?gameId=401823545
2025-11-29,401823378,Morehead State Eagles,IU Indianapolis Jaguars,N,https://www.espn.com/mens-college-basketball/matchup?gameId=401823378
2025-11-29,401818533,Sarah Lawrence Gryphons,Columbia Lions,N,https://www.espn.com/mens-college-basketball/matchup?gameId=401818533
2025-11-29,401812607,Bryant Bulldogs,Harvard Crimson,N,https://www.espn.com/mens-college-basketball/matchup?gameId=401812607
2025-11-29,401812383,Franciscan University Barons,Saint Francis Red Flash,N,https://www.espn.com/mens-college-basketball/matchup?gameId=401812383
2025-11-29,401826072,Notre Dame (MD) Gators,Radford Highlanders,N,https://www.espn.com/mens-college-basketball/matchup?gameId=401826072
2025-11-29,401824951,Lipscomb Bisons,Southeast Missouri State Redhawks,N,https://www.espn.com/mens-college-basketball/matchup?gameId=401824951
2025-11-29,401823870,Stephen F. Austin Lumberjacks,UT Arlington Mavericks,N,https://www.espn.com/mens-college-basketball/matchup?gameId=401823870
2025-11-29,401823593,Gardner-Webb Runnin' Bulldogs,UNC Wilmington Seahawks,N,https://www.espn.com/mens-college-basketball/matchup?gameId=401823593
2025-11-29,401822334,Western Michigan Broncos,Valparaiso Beacons,N,https://www.espn.com/mens-college-basketball/matchup?gameId=401822334
2025-11-29,401830884,Georgia Tech Yellow Jackets,Drake Bulldogs,N,https://www.espn.com/mens-college-basketball/matchup?gameId=401830884
2025-11-29,401829353,Kentucky State Thorobreds,Southern Indiana Screaming Eagles,N,https://www.espn.com/mens-college-basketball/matchup?gameId=401829353
2025-11-29,401827069,South Carolina State Bulldogs,Winthrop Eagles,N,https://www.espn.com/mens-college-basketball/matchup?gameId=401827069
2025-11-29,401826934,Kansas City Roos,Weber State Wildcats,N,https://www.espn.com/mens-college-basketball/matchup?gameId=401826934
2025-11-29,401825579,Montana State Bobcats,Utah State Aggies,N,https://www.espn.com/mens-college-basketball/matchup?gameId=401825579
2025-11-29,401824890,Central Arkansas Bears,East Tennessee State Buccaneers,N,https://www.espn.com/mens-college-basketball/matchup?gameId=401824890
2025-11-29,401824853,Gwynedd-Mercy Griffins,Maryland Eastern Shore Hawks,N,https://www.espn.com/mens-college-basketball/matchup?gameId=401824853
2025-11-29,401823488,Mercer Bears,Elon Phoenix,N,https://www.espn.com/mens-college-basketball/matchup?gameId=401823488
2025-11-29,401822836,Siena Saints,American University Eagles,N,https://www.espn.com/mens-college-basketball/matchup?gameId=401822836
2025-11-29,401813402,Howard Bison,Mount St. Mary's Mountaineers,N,https://www.espn.com/mens-college-basketball/matchup?gameId=401813402
2025-11-29,401811108,Air Force Falcons,South Dakota Coyotes,N,https://www.espn.com/mens-college-basketball/matchup?gameId=401811108
2025-11-29,401831226,Seattle U Redhawks,UC Santa Barbara Gauchos,N,https://www.espn.com/mens-college-basketball/matchup?gameId=401831226
2025-11-29,401822323,Ball State Cardinals,Lafayette Leopards,N,https://www.espn.com/mens-college-basketball/matchup?gameId=401822323
2025-11-29,401812579,La Salle Explorers,Pennsylvania Quakers,N,https://www.espn.com/mens-college-basketball/matchup?gameId=401812579
2025-11-29,401829403,SUNY-Oneonta Red Dragons,Colgate Raiders,N,https://www.espn.com/mens-college-basketball/matchup?gameId=401829403
2025-11-29,401828545,Wofford Terriers,Eastern Kentucky Colonels,N,https://www.espn.com/mens-college-basketball/matchup?gameId=401828545
2025-11-29,401824027,UC Riverside Highlanders,Utah Tech Trailblazers,N,https://www.espn.com/mens-college-basketball/matchup?gameId=401824027
2025-11-29,401823446,Trinity College of Jacksonville Eagles,North Florida Ospreys,N,https://www.espn.com/mens-college-basketball/matchup?gameId=401823446
2025-11-29,401823174,Pepperdine Waves,Cal State Fullerton Titans,N,https://www.espn.com/mens-college-basketball/matchup?gameId=401823174
2025-11-29,401823725,Sacred Heart Pioneers,Penn State Nittany Lions,N,https://www.espn.com/mens-college-basketball/matchup?gameId=401823725
2025-11-29,401813352,Buffalo Bulls,Canisius Golden Griffins,N,https://www.espn.com/mens-college-basketball/matchup?gameId=401813352
2025-11-29,401830885,DePaul Blue Demons,LSU Tigers,N,https://www.espn.com/mens-college-basketball/matchup?gameId=401830885
2025-11-29,401830412,Redlands Bulldogs,Cal Poly Mustangs,N,https://www.espn.com/mens-college-basketball/matchup?gameId=401830412
2025-11-29,401828513,Our Lady Of The Lake Saints,Lamar Cardinals,N,https://www.espn.com/mens-college-basketball/matchup?gameId=401828513
2025-11-29,401825188,Little Rock Trojans,Southern Illinois Salukis,N,https://www.espn.com/mens-college-basketball/matchup?gameId=401825188
2025-11-29,401823015,Penn State-Shenango Nittany Lions,Kent State Golden Flashes,N,https://www.espn.com/mens-college-basketball/matchup?gameId=401823015
2025-11-29,401820600,Milwaukee Panthers,Akron Zips,N,https://www.espn.com/mens-college-basketball/matchup?gameId=401820600
2025-11-29,401828270,UAlbany Great Danes,Fordham Rams,N,https://www.espn.com/mens-college-basketball/matchup?gameId=401828270
2025-11-29,401829478,Lawrence University Vikings,St. Thomas-Minnesota Tommies,N,https://www.espn.com/mens-college-basketball/matchup?gameId=401829478
2025-11-29,401829468,Mid-America Christian Evangels,Omaha Mavericks,N,https://www.espn.com/mens-college-basketball/matchup?gameId=401829468
2025-11-29,401826920,Regis (CO) REGIS UNIVERSITY,Northern Colorado Bears,N,https://www.espn.com/mens-college-basketball/matchup?gameId=401826920
2025-11-29,401824065,Sacramento State Hornets,Pacific Tigers,N,https://www.espn.com/mens-college-basketball/matchup?gameId=401824065
2025-11-29,401823536,California Baptist Lancers,Oregon State Beavers,N,https://www.espn.com/mens-college-basketball/matchup?gameId=401823536
2025-11-29,401823218,Bellarmine Knights,Northern Illinois Huskies,N,https://www.espn.com/mens-college-basketball/matchup?gameId=401823218
2025-11-30,401819901,Wyoming Cowboys,Texas Tech Red Raiders,N,https://www.espn.com/mens-college-basketball/matchup?gameId=401819901
2025-11-30,401822324,Le Moyne Dolphins,Ball State Cardinals,N,https://www.espn.com/mens-college-basketball/matchup?gameId=401822324
2025-11-30,401822183,Merrimack Warriors,La Salle Explorers,N,https://www.espn.com/mens-college-basketball/matchup?gameId=401822183
2025-11-30,401828684,Mitchell College Mariners,New Haven Chargers,N,https://www.espn.com/mens-college-basketball/matchup?gameId=401828684
2025-11-30,401828271,SUNY-Oneonta Red Dragons,UAlbany Great Danes,N,https://www.espn.com/mens-college-basketball/matchup?gameId=401828271
2025-11-30,401822669,Saint Joseph's Hawks,Princeton Tigers,N,https://www.espn.com/mens-college-basketball/matchup?gameId=401822669
2025-11-30,401820627,Siena Saints,Maine Black Bears,N,https://www.espn.com/mens-college-basketball/matchup?gameId=401820627
2025-11-30,401812648,Johnson & Wales (RI) Griffins,Central Connecticut Blue Devils,N,https://www.espn.com/mens-college-basketball/matchup?gameId=401812648
2025-11-30,401826735,App State Mountaineers,UNC Asheville Bulldogs,N,https://www.espn.com/mens-college-basketball/matchup?gameId=401826735
2025-11-30,401831376,South Alabama Jaguars,UTSA Roadrunners,N,https://www.espn.com/mens-college-basketball/matchup?gameId=401831376
2025-11-30,401829388,Tennessee State Tigers,Chattanooga Mocs,N,https://www.espn.com/mens-college-basketball/matchup?gameId=401829388
2025-11-30,401827508,Old Dominion Monarchs,William & Mary Tribe,N,https://www.espn.com/mens-college-basketball/matchup?gameId=401827508
2025-11-30,401823405,Stetson Hatters,Robert Morris Colonials,N,https://www.espn.com/mens-college-basketball/matchup?gameId=401823405
2025-11-30,401823191,New Hampshire Wildcats,Fairfield Stags,N,https://www.espn.com/mens-college-basketball/matchup?gameId=401823191
2025-11-30,401820581,Stonehill Skyhawks,Quinnipiac Bobcats,N,https://www.espn.com/mens-college-basketball/matchup?gameId=401820581
2025-11-30,401818302,Yale Bulldogs,Vermont Catamounts,N,https://www.espn.com/mens-college-basketball/matchup?gameId=401818302
2025-11-30,401809079,Cornell Big Red,Bucknell Bison,N,https://www.espn.com/mens-college-basketball/matchup?gameId=401809079
2025-11-30,401824863,Monmouth Hawks,Lafayette Leopards,N,https://www.espn.com/mens-college-basketball/matchup?gameId=401824863
2025-11-30,401812580,Hofstra Pride,Pennsylvania Quakers,N,https://www.espn.com/mens-college-basketball/matchup?gameId=401812580
2025-11-30,401823326,Northeastern State RiverHawks,Missouri State Bears,N,https://www.espn.com/mens-college-basketball/matchup?gameId=401823326
2025-11-30,401819918,Mercyhurst Lakers,West Virginia Mountaineers,N,https://www.espn.com/mens-college-basketball/matchup?gameId=401819918
2025-11-30,401829404,Fordham Rams,Colgate Raiders,N,https://www.espn.com/mens-college-basketball/matchup?gameId=401829404
2025-11-30,401827174,Alabama A&M Bulldogs,Coastal Carolina Chanticleers,N,https://www.espn.com/mens-college-basketball/matchup?gameId=401827174
2025-11-30,401817200,St. Bonaventure Bonnies,Florida Atlantic Owls,N,https://www.espn.com/mens-college-basketball/matchup?gameId=401817200
2025-11-30,401811970,Belmont Bruins,Charleston Cougars,N,https://www.espn.com/mens-college-basketball/matchup?gameId=401811970
2025-11-30,401831380,St. Ambrose Fighting Bees,Western Illinois Leathernecks,N,https://www.espn.com/mens-college-basketball/matchup?gameId=401831380
2025-11-30,401827042,Prairie View A&M Panthers,North Texas Mean Green,N,https://www.espn.com/mens-college-basketball/matchup?gameId=401827042
2025-11-30,401826993,Longwood Lancers,American University Eagles,N,https://www.espn.com/mens-college-basketball/matchup?gameId=401826993
2025-11-30,401826942,Presbyterian Blue Hose,The Citadel Bulldogs,N,https://www.espn.com/mens-college-basketball/matchup?gameId=401826942
2025-11-30,401829326,UC Irvine Anteaters,San José State Spartans,N,https://www.espn.com/mens-college-basketball/matchup?gameId=401829326
2025-11-30,401823310,San Diego Toreros,Long Beach State Beach,N,https://www.espn.com/mens-college-basketball/matchup?gameId=401823310
2025-11-30,401823736,Cal State Bakersfield Roadrunners,Fresno State Bulldogs,N,https://www.espn.com/mens-college-basketball/matchup?gameId=401823736
2025-11-30,401820189,Coppin State Eagles,Loyola Maryland Greyhounds,N,https://www.espn.com/mens-college-basketball/matchup?gameId=401820189
2025-12-01,401837346,St. Xavier  (IL) Cougars,Chicago State Cougars,N,https://www.espn.com/mens-college-basketball/matchup?gameId=401837346
2025-12-01,401827016,Louisiana Christian Wildcats,Southern Jaguars,N,https://www.espn.com/mens-college-basketball/matchup?gameId=401827016
2025-12-01,401823565,Temple Owls,Villanova Wildcats,N,https://www.espn.com/mens-college-basketball/matchup?gameId=401823565
2025-12-01,401823470,Central State (OH) Marauders,Toledo Rockets,N,https://www.espn.com/mens-college-basketball/matchup?gameId=401823470
2025-12-01,401827523,Apprentice School Builders,Hampton Pirates,N,https://www.espn.com/mens-college-basketball/matchup?gameId=401827523
2025-12-01,401825387,West Georgia Wolves,Troy Trojans,N,https://www.espn.com/mens-college-basketball/matchup?gameId=401825387
2025-12-01,401824308,Iona Gaels,Delaware Blue Hens,N,https://www.espn.com/mens-college-basketball/matchup?gameId=401824308
2025-12-01,401823437,North Alabama Lions,Jacksonville State Gamecocks,N,https://www.espn.com/mens-college-basketball/matchup?gameId=401823437
2025-12-01,401819846,Tarleton State Texans,Cincinnati Bearcats,N,https://www.espn.com/mens-college-basketball/matchup?gameId=401819846
2025-12-01,401812384,Saint Francis Red Flash,Xavier Musketeers,N,https://www.espn.com/mens-college-basketball/matchup?gameId=401812384
2025-12-01,401822998,UAB Blazers,Middle Tennessee Blue Raiders,N,https://www.espn.com/mens-college-basketball/matchup?gameId=401822998
2025-12-01,401808731,McNeese Cowboys,Incarnate Word Cardinals,N,https://www.espn.com/mens-college-basketball/matchup?gameId=401808731
2025-12-01,401820546,Coe Kohawks,Northern Iowa Panthers,N,https://www.espn.com/mens-college-basketball/matchup?gameId=401820546
2025-12-01,401819893,Bowling Green Falcons,Kansas State Wildcats,N,https://www.espn.com/mens-college-basketball/matchup?gameId=401819893
2025-12-01,401823546,West Coast Baptist Eagles,Southern Utah Thunderbirds,N,https://www.espn.com/mens-college-basketball/matchup?gameId=401823546
2025-12-01,401830319,New Mexico Highlands Cowboys,New Mexico Lobos,N,https://www.espn.com/mens-college-basketball/matchup?gameId=401830319
2025-12-01,401819866,California Baptist Lancers,Colorado Buffaloes,N,https://www.espn.com/mens-college-basketball/matchup?gameId=401819866
2025-12-01,401817470,Portland Pilots,Stanford Cardinal,N,https://www.espn.com/mens-college-basketball/matchup?gameId=401817470
2025-12-01,401822368,Blackburn Beavers,Eastern Illinois Panthers,N,https://www.espn.com/mens-college-basketball/matchup?gameId=401822368
2025-12-02,401825393,Purdue Boilermakers,Rutgers Scarlet Knights,N,https://www.espn.com/mens-college-basketball/matchup?gameId=401825393
2025-12-02,401806364,Florida Gators,Duke Blue Devils,N,https://www.espn.com/mens-college-basketball/matchup?gameId=401806364
2025-12-02,401812791,UConn Huskies,Kansas Jayhawks,N,https://www.espn.com/mens-college-basketball/matchup?gameId=401812791
2025-12-02,401825392,Iowa Hawkeyes,Michigan State Spartans,N,https://www.espn.com/mens-college-basketball/matchup?gameId=401825392
2025-12-02,401806366,Tennessee Volunteers,Syracuse Orange,N,https://www.espn.com/mens-college-basketball/matchup?gameId=401806366
2025-12-02,401806365,North Carolina Tar Heels,Kentucky Wildcats,N,https://www.espn.com/mens-college-basketball/matchup?gameId=401806365
2025-12-02,401825394,USC Trojans,Oregon Ducks,N,https://www.espn.com/mens-college-basketball/matchup?gameId=401825394
2025-12-02,401826753,Virginia-Lynchburg Dragons,Western Carolina Catamounts,N,https://www.espn.com/mens-college-basketball/matchup?gameId=401826753
2025-12-02,401817148,George Washington Revolutionaries,Army Black Knights,N,https://www.espn.com/mens-college-basketball/matchup?gameId=401817148
2025-12-02,401820844,Charleston Southern Buccaneers,UT Martin Skyhawks,N,https://www.espn.com/mens-college-basketball/matchup?gameId=401820844
2025-12-02,401827278,Campbell Fighting Camels,Penn State Nittany Lions,N,https://www.espn.com/mens-college-basketball/matchup?gameId=401827278
2025-12-02,401820618,Stonehill Skyhawks,Bryant Bulldogs,N,https://www.espn.com/mens-college-basketball/matchup?gameId=401820618
2025-12-02,401831072,Indiana University East IU EAST,Miami (OH) RedHawks,N,https://www.espn.com/mens-college-basketball/matchup?gameId=401831072
2025-12-02,401830740,Eureka Red Devils,Indiana State Sycamores,N,https://www.espn.com/mens-college-basketball/matchup?gameId=401830740
2025-12-02,401830631,New Mexico State Aggies,South Alabama Jaguars,N,https://www.espn.com/mens-college-basketball/matchup?gameId=401830631
2025-12-02,401830118,UNC Greensboro Spartans,UNC Asheville Bulldogs,N,https://www.espn.com/mens-college-basketball/matchup?gameId=401830118
2025-12-02,401828340,Jackson State Tigers,Kennesaw State Owls,N,https://www.espn.com/mens-college-basketball/matchup?gameId=401828340
2025-12-02,401826703,Cornell Big Red,George Mason Patriots,N,https://www.espn.com/mens-college-basketball/matchup?gameId=401826703
2025-12-02,401823489,Georgia State Panthers,Mercer Bears,N,https://www.espn.com/mens-college-basketball/matchup?gameId=401823489
2025-12-02,401823447,SIU Edwardsville Cougars,North Florida Ospreys,N,https://www.espn.com/mens-college-basketball/matchup?gameId=401823447
2025-12-02,401823345,Florida A&M Rattlers,Jacksonville Dolphins,N,https://www.espn.com/mens-college-basketball/matchup?gameId=401823345
2025-12-02,401820827,Eastern Michigan Eagles,Butler Bulldogs,N,https://www.espn.com/mens-college-basketball/matchup?gameId=401820827
2025-12-02,401820811,Maryland Eastern Shore Hawks,East Carolina Pirates,N,https://www.espn.com/mens-college-basketball/matchup?gameId=401820811
2025-12-02,401820801,North Carolina A&T Aggies,Charlotte 49ers,N,https://www.espn.com/mens-college-basketball/matchup?gameId=401820801
2025-12-02,401820609,Lehigh Mountain Hawks,Binghamton Bearcats,N,https://www.espn.com/mens-college-basketball/matchup?gameId=401820609
2025-12-02,401818303,SUNY-Maritime Privateers,Yale Bulldogs,N,https://www.espn.com/mens-college-basketball/matchup?gameId=401818303
2025-12-02,401817168,Brown Bears,Rhode Island Rams,N,https://www.espn.com/mens-college-basketball/matchup?gameId=401817168
2025-12-02,401813451,William & Mary Tribe,Duquesne Dukes,N,https://www.espn.com/mens-college-basketball/matchup?gameId=401813451
2025-12-02,401813440,East Tennessee State Buccaneers,Dayton Flyers,N,https://www.espn.com/mens-college-basketball/matchup?gameId=401813440
2025-12-02,401812289,Fairleigh Dickinson Knights,Providence Friars,N,https://www.espn.com/mens-college-basketball/matchup?gameId=401812289
2025-12-02,401806372,Virginia Tech Hokies,South Carolina Gamecocks,N,https://www.espn.com/mens-college-basketball/matchup?gameId=401806372
2025-12-02,401806370,Oklahoma Sooners,Wake Forest Demon Deacons,N,https://www.espn.com/mens-college-basketball/matchup?gameId=401806370
2025-12-02,401806367,Texas A&M Aggies,Pittsburgh Panthers,N,https://www.espn.com/mens-college-basketball/matchup?gameId=401806367
2025-12-02,401829349,Saint Mary of the Woods College Pomeroys,Southeast Missouri State Redhawks,N,https://www.espn.com/mens-college-basketball/matchup?gameId=401829349
2025-12-02,401828909,Western Illinois Leathernecks,Drake Bulldogs,N,https://www.espn.com/mens-college-basketball/matchup?gameId=401828909
2025-12-02,401826882,Mount Marty College Lancers,Wichita State Shockers,N,https://www.espn.com/mens-college-basketball/matchup?gameId=401826882
2025-12-02,401826845,Grambling Tigers,Tulane Green Wave,N,https://www.espn.com/mens-college-basketball/matchup?gameId=401826845
2025-12-02,401812359,Winthrop Eagles,Long Island University Sharks,N,https://www.espn.com/mens-college-basketball/matchup?gameId=401812359
2025-12-02,401828285,Manhattan Christian Thunder,Tulsa Golden Hurricane,N,https://www.espn.com/mens-college-basketball/matchup?gameId=401828285
2025-12-02,401828278,Houston Christian Huskies,North Texas Mean Green,N,https://www.espn.com/mens-college-basketball/matchup?gameId=401828278
2025-12-02,401827217,Wagner Seahawks,Maryland Terrapins,N,https://www.espn.com/mens-college-basketball/matchup?gameId=401827217
2025-12-02,401826861,Morehead State Eagles,Murray State Racers,N,https://www.espn.com/mens-college-basketball/matchup?gameId=401826861
2025-12-02,401824138,Washington State Cougars,Bradley Braves,N,https://www.espn.com/mens-college-basketball/matchup?gameId=401824138
2025-12-02,401823871,UT Arlington Mavericks,Arkansas State Red Wolves,N,https://www.espn.com/mens-college-basketball/matchup?gameId=401823871
2025-12-02,401822394,Lindenwood Lions,Northern Illinois Huskies,N,https://www.espn.com/mens-college-basketball/matchup?gameId=401822394
2025-12-02,401822335,Valparaiso Beacons,Marquette Golden Eagles,N,https://www.espn.com/mens-college-basketball/matchup?gameId=401822335
2025-12-02,401819828,Sacramento State Hornets,Baylor Bears,N,https://www.espn.com/mens-college-basketball/matchup?gameId=401819828
2025-12-02,401817159,Central Michigan Chippewas,Loyola Chicago Ramblers,N,https://www.espn.com/mens-college-basketball/matchup?gameId=401817159
2025-12-02,401813292,Sam Houston Bearkats,Oklahoma State Cowboys,N,https://www.espn.com/mens-college-basketball/matchup?gameId=401813292
2025-12-02,401823789,Stetson Hatters,Grand Canyon Lopes,N,https://www.espn.com/mens-college-basketball/matchup?gameId=401823789
2025-12-02,401823527,Abilene Christian Wildcats,Pepperdine Waves,N,https://www.espn.com/mens-college-basketball/matchup?gameId=401823527
2025-12-02,401820834,Nicholls Colonels,Creighton Bluejays,N,https://www.espn.com/mens-college-basketball/matchup?gameId=401820834
2025-12-02,401806371,Miami Hurricanes,Ole Miss Rebels,N,https://www.espn.com/mens-college-basketball/matchup?gameId=401806371
2025-12-02,401806369,Georgia Bulldogs,Florida State Seminoles,N,https://www.espn.com/mens-college-basketball/matchup?gameId=401806369
2025-12-02,401806368,Missouri Tigers,Notre Dame Fighting Irish,N,https://www.espn.com/mens-college-basketball/matchup?gameId=401806368
2025-12-02,401826909,UC San Diego Tritons,Nevada Wolf Pack,N,https://www.espn.com/mens-college-basketball/matchup?gameId=401826909
2025-12-02,401817224,Utah Utes,California Golden Bears,N,https://www.espn.com/mens-college-basketball/matchup?gameId=401817224
2025-12-02,401817188,Saint Louis Billikens,Loyola Marymount Lions,N,https://www.espn.com/mens-college-basketball/matchup?gameId=401817188
2025-12-03,401806374,Louisville Cardinals,Arkansas Razorbacks,N,https://www.espn.com/mens-college-basketball/matchup?gameId=401806374
2025-12-03,401819837,California Baptist Lancers,BYU Cougars,N,https://www.espn.com/mens-college-basketball/matchup?gameId=401819837
2025-12-03,401819876,Alcorn State Braves,Iowa State Cyclones,N,https://www.espn.com/mens-college-basketball/matchup?gameId=401819876
2025-12-03,401806376,Clemson Tigers,Alabama Crimson Tide,N,https://www.espn.com/mens-college-basketball/matchup?gameId=401806376
2025-12-03,401806375,SMU Mustangs,Vanderbilt Commodores,N,https://www.espn.com/mens-college-basketball/matchup?gameId=401806375
2025-12-03,401806373,NC State Wolfpack,Auburn Tigers,N,https://www.espn.com/mens-college-basketball/matchup?gameId=401806373
2025-12-03,401825395,Indiana Hoosiers,Minnesota Golden Gophers,N,https://www.espn.com/mens-college-basketball/matchup?gameId=401825395
2025-12-03,401827132,Arkansas-Pine Bluff Golden Lions,UIC Flames,N,https://www.espn.com/mens-college-basketball/matchup?gameId=401827132
2025-12-03,401824952,Tennessee Tech Golden Eagles,Lipscomb Bisons,N,https://www.espn.com/mens-college-basketball/matchup?gameId=401824952
2025-12-03,401824360,Vermont State - Johnson Badgers,Boston University Terriers,N,https://www.espn.com/mens-college-basketball/matchup?gameId=401824360
2025-12-03,401812667,Northeastern Huskies,Holy Cross Crusaders,N,https://www.espn.com/mens-college-basketball/matchup?gameId=401812667
2025-12-03,401826736,Virginia-Lynchburg Dragons,App State Mountaineers,N,https://www.espn.com/mens-college-basketball/matchup?gameId=401826736
2025-12-03,401817503,Wright State Raiders,Youngstown State Penguins,N,https://www.espn.com/mens-college-basketball/matchup?gameId=401817503
2025-12-03,401829054,Southern Indiana Screaming Eagles,Western Michigan Broncos,N,https://www.espn.com/mens-college-basketball/matchup?gameId=401829054
2025-12-03,401828737,North Carolina Central Eagles,James Madison Dukes,N,https://www.espn.com/mens-college-basketball/matchup?gameId=401828737
2025-12-03,401828514,Louisiana Ragin' Cajuns,Lamar Cardinals,N,https://www.espn.com/mens-college-basketball/matchup?gameId=401828514
2025-12-03,401827515,Drexel Dragons,American University Eagles,N,https://www.espn.com/mens-college-basketball/matchup?gameId=401827515
2025-12-03,401827500,Cornell Big Red,Towson Tigers,N,https://www.espn.com/mens-college-basketball/matchup?gameId=401827500
2025-12-03,401827267,New Hampshire Wildcats,Dartmouth Big Green,N,https://www.espn.com/mens-college-basketball/matchup?gameId=401827267
2025-12-03,401827063,Coastal Carolina Chanticleers,South Carolina Upstate Spartans,N,https://www.espn.com/mens-college-basketball/matchup?gameId=401827063
2025-12-03,401826994,Pfeiffer Falcons,Longwood Lancers,N,https://www.espn.com/mens-college-basketball/matchup?gameId=401826994
2025-12-03,401826978,Southern Illinois Salukis,High Point Panthers,N,https://www.espn.com/mens-college-basketball/matchup?gameId=401826978
2025-12-03,401826943,Presbyterian Blue Hose,Wofford Terriers,N,https://www.espn.com/mens-college-basketball/matchup?gameId=401826943
2025-12-03,401826901,Louisiana Tech Bulldogs,Georgia Southern Eagles,N,https://www.espn.com/mens-college-basketball/matchup?gameId=401826901
2025-12-03,401826073,Southern Miss Golden Eagles,Radford Highlanders,N,https://www.espn.com/mens-college-basketball/matchup?gameId=401826073
2025-12-03,401824871,Furman Paladins,Elon Phoenix,N,https://www.espn.com/mens-college-basketball/matchup?gameId=401824871
2025-12-03,401823594,Marshall Thundering Herd,UNC Wilmington Seahawks,N,https://www.espn.com/mens-college-basketball/matchup?gameId=401823594
2025-12-03,401823495,Gardner-Webb Runnin' Bulldogs,Queens University Royals,N,https://www.espn.com/mens-college-basketball/matchup?gameId=401823495
2025-12-03,401823232,Florida Gulf Coast Eagles,Florida International Panthers,N,https://www.espn.com/mens-college-basketball/matchup?gameId=401823232
2025-12-03,401823219,Midway University Eagles,Bellarmine Knights,N,https://www.espn.com/mens-college-basketball/matchup?gameId=401823219
2025-12-03,401823016,Austin Peay Governors,Kent State Golden Flashes,N,https://www.espn.com/mens-college-basketball/matchup?gameId=401823016
2025-12-03,401820628,Maine Black Bears,Ohio Bobcats,N,https://www.espn.com/mens-college-basketball/matchup?gameId=401820628
2025-12-03,401820190,Loyola Maryland Greyhounds,Hampton Pirates,N,https://www.espn.com/mens-college-basketball/matchup?gameId=401820190
2025-12-03,401820156,Navy Midshipmen,Delaware State Hornets,N,https://www.espn.com/mens-college-basketball/matchup?gameId=401820156
2025-12-03,401819919,Coppin State Eagles,West Virginia Mountaineers,N,https://www.espn.com/mens-college-basketball/matchup?gameId=401819919
2025-12-03,401818534,Hofstra Pride,Columbia Lions,N,https://www.espn.com/mens-college-basketball/matchup?gameId=401818534
2025-12-03,401817504,Cleveland State Vikings,Northern Kentucky Norse,N,https://www.espn.com/mens-college-basketball/matchup?gameId=401817504
2025-12-03,401817502,Purdue Fort Wayne Mastodons,Oakland Golden Grizzlies,N,https://www.espn.com/mens-college-basketball/matchup?gameId=401817502
2025-12-03,401817501,IU Indianapolis Jaguars,Detroit Mercy Titans,N,https://www.espn.com/mens-college-basketball/matchup?gameId=401817501
2025-12-03,401817201,Bloomsburg Huskies,St. Bonaventure Bonnies,N,https://www.espn.com/mens-college-basketball/matchup?gameId=401817201
2025-12-03,401813403,Sacred Heart Pioneers,Mount St. Mary's Mountaineers,N,https://www.espn.com/mens-college-basketball/matchup?gameId=401813403
2025-12-03,401812649,Central Connecticut Blue Devils,Seton Hall Pirates,N,https://www.espn.com/mens-college-basketball/matchup?gameId=401812649
2025-12-03,401812608,Harvard Crimson,Massachusetts Minutemen,N,https://www.espn.com/mens-college-basketball/matchup?gameId=401812608
2025-12-03,401812382,Penn State-Shenango Nittany Lions,Saint Francis Red Flash,N,https://www.espn.com/mens-college-basketball/matchup?gameId=401812382
2025-12-03,401809080,Bucknell Bison,Akron Zips,N,https://www.espn.com/mens-college-basketball/matchup?gameId=401809080
2025-12-03,401808966,UT Rio Grande Valley Vaqueros,Stephen F. Austin Lumberjacks,N,https://www.espn.com/mens-college-basketball/matchup?gameId=401808966
2025-12-03,401806378,LSU Tigers,Boston College Eagles,N,https://www.espn.com/mens-college-basketball/matchup?gameId=401806378
2025-12-03,401830126,Mississippi Valley State Delta Devils,UL Monroe Warhawks,N,https://www.espn.com/mens-college-basketball/matchup?gameId=401830126
2025-12-03,401824938,Little Rock Trojans,Central Arkansas Bears,N,https://www.espn.com/mens-college-basketball/matchup?gameId=401824938
2025-12-03,401818304,Brandeis Judges,Yale Bulldogs,N,https://www.espn.com/mens-college-basketball/matchup?gameId=401818304
2025-12-03,401811971,Richmond Spiders,Belmont Bruins,N,https://www.espn.com/mens-college-basketball/matchup?gameId=401811971
2025-12-03,401827195,Tennessee State Tigers,Alabama A&M Bulldogs,N,https://www.espn.com/mens-college-basketball/matchup?gameId=401827195
2025-12-03,401826999,Howard Payne Yellow Jackets,Tarleton State Texans,N,https://www.espn.com/mens-college-basketball/matchup?gameId=401826999
2025-12-03,401826921,Northern Colorado Bears,Omaha Mavericks,N,https://www.espn.com/mens-college-basketball/matchup?gameId=401826921
2025-12-03,401825592,South Dakota State Jackrabbits,Northern Arizona Lumberjacks,N,https://www.espn.com/mens-college-basketball/matchup?gameId=401825592
2025-12-03,401824864,Princeton Tigers,Monmouth Hawks,N,https://www.espn.com/mens-college-basketball/matchup?gameId=401824864
2025-12-03,401824855,Idaho State Bengals,Kansas City Roos,N,https://www.espn.com/mens-college-basketball/matchup?gameId=401824855
2025-12-03,401822726,UMBC Retrievers,Georgetown Hoyas,N,https://www.espn.com/mens-college-basketball/matchup?gameId=401822726
2025-12-03,401822325,Ball State Cardinals,Evansville Purple Aces,N,https://www.espn.com/mens-college-basketball/matchup?gameId=401822325
2025-12-03,401813259,Eastern Kentucky Colonels,Illinois State Redbirds,N,https://www.espn.com/mens-college-basketball/matchup?gameId=401813259
2025-12-03,401811109,Portland State Vikings,South Dakota Coyotes,N,https://www.espn.com/mens-college-basketball/matchup?gameId=401811109
2025-12-03,401808898,New Orleans Privateers,Memphis Tigers,N,https://www.espn.com/mens-college-basketball/matchup?gameId=401808898
2025-12-03,401828292,North Dakota State Bison,Montana Grizzlies,N,https://www.espn.com/mens-college-basketball/matchup?gameId=401828292
2025-12-03,401826955,Oral Roberts Golden Eagles,Weber State Wildcats,N,https://www.espn.com/mens-college-basketball/matchup?gameId=401826955
2025-12-03,401826809,Texas State Bobcats,Rice Owls,N,https://www.espn.com/mens-college-basketball/matchup?gameId=401826809
2025-12-03,401825580,St. Thomas-Minnesota Tommies,Montana State Bobcats,N,https://www.espn.com/mens-college-basketball/matchup?gameId=401825580
2025-12-03,401825397,Northwestern Wildcats,Wisconsin Badgers,N,https://www.espn.com/mens-college-basketball/matchup?gameId=401825397
2025-12-03,401823568,North Dakota Fighting Hawks,Idaho Vandals,N,https://www.espn.com/mens-college-basketball/matchup?gameId=401823568
2025-12-03,401823504,Eastern Washington Eagles,Denver Pioneers,N,https://www.espn.com/mens-college-basketball/matchup?gameId=401823504
2025-12-03,401820556,Pacific Tigers,Air Force Falcons,N,https://www.espn.com/mens-college-basketball/matchup?gameId=401820556
2025-12-03,401806379,Virginia Cavaliers,Texas Longhorns,N,https://www.espn.com/mens-college-basketball/matchup?gameId=401806379
2025-12-03,401806377,Mississippi State Bulldogs,Georgia Tech Yellow Jackets,N,https://www.espn.com/mens-college-basketball/matchup?gameId=401806377
2025-12-03,401824059,Vermont Catamounts,Oregon State Beavers,N,https://www.espn.com/mens-college-basketball/matchup?gameId=401824059
2025-12-03,401824128,Puget Sound Loggers,Seattle U Redhawks,N,https://www.espn.com/mens-college-basketball/matchup?gameId=401824128
2025-12-03,401824028,Utah Tech Trailblazers,Santa Clara Broncos,N,https://www.espn.com/mens-college-basketball/matchup?gameId=401824028
2025-12-03,401823766,Utah Valley Wolverines,San Diego State Aztecs,N,https://www.espn.com/mens-college-basketball/matchup?gameId=401823766
2025-12-03,401823438,North Alabama Lions,San Francisco Dons,N,https://www.espn.com/mens-college-basketball/matchup?gameId=401823438
2025-12-03,401825396,UCLA Bruins,Washington Huskies,N,https://www.espn.com/mens-college-basketball/matchup?gameId=401825396
2025-12-04,401812290,Manor College Blue Jays,Fairleigh Dickinson Knights,N,https://www.espn.com/mens-college-basketball/matchup?gameId=401812290
2025-12-04,401828643,The Citadel Bulldogs,Davidson Wildcats,N,https://www.espn.com/mens-college-basketball/matchup?gameId=401828643
2025-12-04,401826835,Utah State Aggies,South Florida Bulls,N,https://www.espn.com/mens-college-basketball/matchup?gameId=401826835
2025-12-04,401823852,Rider Broncs,Merrimack Warriors,N,https://www.espn.com/mens-college-basketball/matchup?gameId=401823852
2025-12-04,401820845,Warren Wilson Owls,Charleston Southern Buccaneers,N,https://www.espn.com/mens-college-basketball/matchup?gameId=401820845
2025-12-04,401817505,Robert Morris Colonials,Green Bay Phoenix,N,https://www.espn.com/mens-college-basketball/matchup?gameId=401817505
2025-12-04,401823311,Long Beach State Beach,UC Santa Barbara Gauchos,N,https://www.espn.com/mens-college-basketball/matchup?gameId=401823311
2025-12-04,401823261,Cal State Bakersfield Roadrunners,Cal State Northridge Matadors,N,https://www.espn.com/mens-college-basketball/matchup?gameId=401823261
2025-12-04,401809153,Cal Poly Mustangs,Cal State Fullerton Titans,N,https://www.espn.com/mens-college-basketball/matchup?gameId=401809153
2025-12-04,401809105,UC Riverside Highlanders,UC Irvine Anteaters,N,https://www.espn.com/mens-college-basketball/matchup?gameId=401809105
2025-12-04,401809123,UC Davis Aggies,Hawai'i Rainbow Warriors,N,https://www.espn.com/mens-college-basketball/matchup?gameId=401809123
2025-12-05,401812792,East Texas A&M Lions,UConn Huskies,N,https://www.espn.com/mens-college-basketball/matchup?gameId=401812792
2025-12-05,401824034,Gonzaga Bulldogs,Kentucky Wildcats,N,https://www.espn.com/mens-college-basketball/matchup?gameId=401824034
2025-12-05,401827112,South Carolina State Bulldogs,Bethune-Cookman Wildcats,N,https://www.espn.com/mens-college-basketball/matchup?gameId=401827112
2025-12-05,401826979,NJIT Highlanders,High Point Panthers,N,https://www.espn.com/mens-college-basketball/matchup?gameId=401826979
2025-12-05,401824891,South Alabama Jaguars,East Tennessee State Buccaneers,N,https://www.espn.com/mens-college-basketball/matchup?gameId=401824891
2025-12-05,401824092,Lewis & Clark Pioneers,Portland Pilots,N,https://www.espn.com/mens-college-basketball/matchup?gameId=401824092
2025-12-05,401822739,Samford Bulldogs,VCU Rams,N,https://www.espn.com/mens-college-basketball/matchup?gameId=401822739
2025-12-05,401820582,Quinnipiac Bobcats,Iona Gaels,N,https://www.espn.com/mens-college-basketball/matchup?gameId=401820582
2025-12-05,401820213,Mercyhurst Lakers,Lafayette Leopards,N,https://www.espn.com/mens-college-basketball/matchup?gameId=401820213
2025-12-05,401818554,Bryant Bulldogs,Brown Bears,N,https://www.espn.com/mens-college-basketball/matchup?gameId=401818554
2025-12-05,401813380,Niagara Purple Eagles,Siena Saints,N,https://www.espn.com/mens-college-basketball/matchup?gameId=401813380
2025-12-05,401813353,Canisius Golden Griffins,Saint Peter's Peacocks,N,https://www.espn.com/mens-college-basketball/matchup?gameId=401813353
2025-12-05,401813324,Mount St. Mary's Mountaineers,Marist Red Foxes,N,https://www.espn.com/mens-college-basketball/matchup?gameId=401813324
2025-12-05,401813299,Fairfield Stags,Manhattan Jaspers,N,https://www.espn.com/mens-college-basketball/matchup?gameId=401813299
2025-12-05,401827756,Cleary University Cougars,Eastern Michigan Eagles,N,https://www.espn.com/mens-college-basketball/matchup?gameId=401827756
2025-12-05,401826875,UAB Blazers,Drake Bulldogs,N,https://www.espn.com/mens-college-basketball/matchup?gameId=401826875
2025-12-05,401823519,Christendom Crusaders,VMI Keydets,N,https://www.espn.com/mens-college-basketball/matchup?gameId=401823519
2025-12-05,401819847,Cincinnati Bearcats,Xavier Musketeers,N,https://www.espn.com/mens-college-basketball/matchup?gameId=401819847
2025-12-05,401808732,Northwestern State Demons,McNeese Cowboys,N,https://www.espn.com/mens-college-basketball/matchup?gameId=401808732
2025-12-05,401812254,Notre Dame Fighting Irish,TCU Horned Frogs,N,https://www.espn.com/mens-college-basketball/matchup?gameId=401812254
2025-12-05,401824113,San Diego Toreros,San José State Spartans,N,https://www.espn.com/mens-college-basketball/matchup?gameId=401824113
2025-12-05,401831241,Barber Scotia BARBER SCOTIA,Florida A&M Rattlers,N,https://www.espn.com/mens-college-basketball/matchup?gameId=401831241
2025-12-06,401819877,Iowa State Cyclones,Purdue Boilermakers,N,https://www.espn.com/mens-college-basketball/matchup?gameId=401819877
2025-12-06,401823480,Auburn Tigers,Arizona Wildcats,N,https://www.espn.com/mens-college-basketball/matchup?gameId=401823480
2025-12-06,401825400,Rutgers Scarlet Knights,Michigan Wolverines,N,https://www.espn.com/mens-college-basketball/matchup?gameId=401825400
2025-12-06,401817235,Duke Blue Devils,Michigan State Spartans,N,https://www.espn.com/mens-college-basketball/matchup?gameId=401817235
2025-12-06,401817246,Indiana Hoosiers,Louisville Cardinals,N,https://www.espn.com/mens-college-basketball/matchup?gameId=401817246
2025-12-06,401824813,Florida State Seminoles,Houston Cougars,N,https://www.espn.com/mens-college-basketball/matchup?gameId=401824813
2025-12-06,401811099,Illinois Fighting Illini,Tennessee Volunteers,N,https://www.espn.com/mens-college-basketball/matchup?gameId=401811099
2025-12-06,401826916,Ole Miss Rebels,St. John's Red Storm,N,https://www.espn.com/mens-college-basketball/matchup?gameId=401826916
2025-12-06,401825402,Washington Huskies,USC Trojans,N,https://www.espn.com/mens-college-basketball/matchup?gameId=401825402
2025-12-06,401826791,Fresno State Bulldogs,Arkansas Razorbacks,N,https://www.espn.com/mens-college-basketball/matchup?gameId=401826791
2025-12-06,401824865,Monmouth Hawks,Georgia Tech Yellow Jackets,N,https://www.espn.com/mens-college-basketball/matchup?gameId=401824865
2025-12-06,401817215,New Haven Chargers,Boston College Eagles,N,https://www.espn.com/mens-college-basketball/matchup?gameId=401817215
2025-12-06,401817169,Rhode Island Rams,Providence Friars,N,https://www.espn.com/mens-college-basketball/matchup?gameId=401817169
2025-12-06,401813441,Dayton Flyers,Virginia Cavaliers,N,https://www.espn.com/mens-college-basketball/matchup?gameId=401813441
2025-12-06,401809420,Southern Miss Golden Eagles,Miami Hurricanes,N,https://www.espn.com/mens-college-basketball/matchup?gameId=401809420
2025-12-06,401809081,UMBC Retrievers,Bucknell Bison,N,https://www.espn.com/mens-college-basketball/matchup?gameId=401809081
2025-12-06,401817177,Old Dominion Monarchs,Richmond Spiders,N,https://www.espn.com/mens-college-basketball/matchup?gameId=401817177
2025-12-06,401831529,Bryant Str-Alb Bobcats,Wagner Seahawks,N,https://www.espn.com/mens-college-basketball/matchup?gameId=401831529
2025-12-06,401823422,Utah Valley Wolverines,Bowling Green Falcons,N,https://www.espn.com/mens-college-basketball/matchup?gameId=401823422
2025-12-06,401820629,Maine Black Bears,Miami (OH) RedHawks,N,https://www.espn.com/mens-college-basketball/matchup?gameId=401820629
2025-12-06,401817257,UNC Asheville Bulldogs,NC State Wolfpack,N,https://www.espn.com/mens-college-basketball/matchup?gameId=401817257
2025-12-06,401831238,Drexel Dragons,La Salle Explorers,N,https://www.espn.com/mens-college-basketball/matchup?gameId=401831238
2025-12-06,401830634,Hannibal-Lagrange Trojans,Western Illinois Leathernecks,N,https://www.espn.com/mens-college-basketball/matchup?gameId=401830634
2025-12-06,401829405,St. John Fisher Cardinals,Colgate Raiders,N,https://www.espn.com/mens-college-basketball/matchup?gameId=401829405
2025-12-06,401829275,Western Michigan Broncos,SIU Edwardsville Cougars,N,https://www.espn.com/mens-college-basketball/matchup?gameId=401829275
2025-12-06,401828722,Norfolk State Spartans,James Madison Dukes,N,https://www.espn.com/mens-college-basketball/matchup?gameId=401828722
2025-12-06,401828305,Delaware Blue Hens,Delaware State Hornets,N,https://www.espn.com/mens-college-basketball/matchup?gameId=401828305
2025-12-06,401827070,Coastal Carolina Chanticleers,Winthrop Eagles,N,https://www.espn.com/mens-college-basketball/matchup?gameId=401827070
2025-12-06,401826970,Georgia Southern Eagles,Gardner-Webb Runnin' Bulldogs,N,https://www.espn.com/mens-college-basketball/matchup?gameId=401826970
2025-12-06,401826944,Morehead State Eagles,Presbyterian Blue Hose,N,https://www.espn.com/mens-college-basketball/matchup?gameId=401826944
2025-12-06,401826754,Western Carolina Catamounts,South Carolina Upstate Spartans,N,https://www.espn.com/mens-college-basketball/matchup?gameId=401826754
2025-12-06,401825399,Ohio State Buckeyes,Northwestern Wildcats,N,https://www.espn.com/mens-college-basketball/matchup?gameId=401825399
2025-12-06,401825388,Tennessee Tech Golden Eagles,West Georgia Wolves,N,https://www.espn.com/mens-college-basketball/matchup?gameId=401825388
2025-12-06,401825207,Stetson Hatters,South Carolina Gamecocks,N,https://www.espn.com/mens-college-basketball/matchup?gameId=401825207
2025-12-06,401823346,Jacksonville Dolphins,Florida International Panthers,N,https://www.espn.com/mens-college-basketball/matchup?gameId=401823346
2025-12-06,401823041,Maryland Eastern Shore Hawks,American University Eagles,N,https://www.espn.com/mens-college-basketball/matchup?gameId=401823041
2025-12-06,401823027,Marquette Golden Eagles,Wisconsin Badgers,N,https://www.espn.com/mens-college-basketball/matchup?gameId=401823027
2025-12-06,401822763,Coppin State Eagles,Liberty Flames,N,https://www.espn.com/mens-college-basketball/matchup?gameId=401822763
2025-12-06,401820828,Boise State Broncos,Butler Bulldogs,N,https://www.espn.com/mens-college-basketball/matchup?gameId=401820828
2025-12-06,401817508,Youngstown State Penguins,IU Indianapolis Jaguars,N,https://www.espn.com/mens-college-basketball/matchup?gameId=401817508
2025-12-06,401817507,Detroit Mercy Titans,Cleveland State Vikings,N,https://www.espn.com/mens-college-basketball/matchup?gameId=401817507
2025-12-06,401817506,Northern Kentucky Norse,Purdue Fort Wayne Mastodons,N,https://www.espn.com/mens-college-basketball/matchup?gameId=401817506
2025-12-06,401817202,St. Bonaventure Bonnies,Buffalo Bulls,N,https://www.espn.com/mens-college-basketball/matchup?gameId=401817202
2025-12-06,401813452,Stony Brook Seawolves,Duquesne Dukes,N,https://www.espn.com/mens-college-basketball/matchup?gameId=401813452
2025-12-06,401812668,Holy Cross Crusaders,Fordham Rams,N,https://www.espn.com/mens-college-basketball/matchup?gameId=401812668
2025-12-06,401812609,Harvard Crimson,Furman Paladins,N,https://www.espn.com/mens-college-basketball/matchup?gameId=401812609
2025-12-06,401817160,Princeton Tigers,Loyola Chicago Ramblers,N,https://www.espn.com/mens-college-basketball/matchup?gameId=401817160
2025-12-06,401828341,Georgia State Panthers,Kennesaw State Owls,N,https://www.espn.com/mens-college-basketball/matchup?gameId=401828341
2025-12-06,401823569,Idaho Vandals,South Dakota State Jackrabbits,N,https://www.espn.com/mens-college-basketball/matchup?gameId=401823569
2025-12-06,401823471,Toledo Rockets,Oakland Golden Grizzlies,N,https://www.espn.com/mens-college-basketball/matchup?gameId=401823471
2025-12-06,401823327,Missouri State Bears,Tulsa Golden Hurricane,N,https://www.espn.com/mens-college-basketball/matchup?gameId=401823327
2025-12-06,401823220,Bellarmine Knights,Murray State Racers,N,https://www.espn.com/mens-college-basketball/matchup?gameId=401823220
2025-12-06,401822336,Calumet Crimson Wave,Valparaiso Beacons,N,https://www.espn.com/mens-college-basketball/matchup?gameId=401822336
2025-12-06,401817523,George Mason Patriots,Virginia Tech Hokies,N,https://www.espn.com/mens-college-basketball/matchup?gameId=401817523
2025-12-06,401828546,Indiana University East IU EAST,Eastern Kentucky Colonels,N,https://www.espn.com/mens-college-basketball/matchup?gameId=401828546
2025-12-06,401827528,North Carolina A&T Aggies,North Carolina Central Eagles,N,https://www.espn.com/mens-college-basketball/matchup?gameId=401827528
2025-12-06,401827519,Elon Phoenix,Wofford Terriers,N,https://www.espn.com/mens-college-basketball/matchup?gameId=401827519
2025-12-06,401827263,Marshall Thundering Herd,Ohio Bobcats,N,https://www.espn.com/mens-college-basketball/matchup?gameId=401827263
2025-12-06,401827043,Champion Christian Tigers,Prairie View A&M Panthers,N,https://www.espn.com/mens-college-basketball/matchup?gameId=401827043
2025-12-06,401826764,UMass Lowell River Hawks,Massachusetts Minutemen,N,https://www.espn.com/mens-college-basketball/matchup?gameId=401826764
2025-12-06,401825398,Maryland Terrapins,Iowa Hawkeyes,N,https://www.espn.com/mens-college-basketball/matchup?gameId=401825398
2025-12-06,401823761,Dartmouth Big Green,Wyoming Cowboys,N,https://www.espn.com/mens-college-basketball/matchup?gameId=401823761
2025-12-06,401823595,UNC Wilmington Seahawks,Louisiana Ragin' Cajuns,N,https://www.espn.com/mens-college-basketball/matchup?gameId=401823595
2025-12-06,401823528,New Mexico State Aggies,Abilene Christian Wildcats,N,https://www.espn.com/mens-college-basketball/matchup?gameId=401823528
2025-12-06,401823363,Evansville Purple Aces,Western Kentucky Hilltoppers,N,https://www.espn.com/mens-college-basketball/matchup?gameId=401823363
2025-12-06,401823017,Roberts Wesleyan Redhawks,Kent State Golden Flashes,N,https://www.espn.com/mens-college-basketball/matchup?gameId=401823017
2025-12-06,401820812,UNC Greensboro Spartans,East Carolina Pirates,N,https://www.espn.com/mens-college-basketball/matchup?gameId=401820812
2025-12-06,401820610,Le Moyne Dolphins,Binghamton Bearcats,N,https://www.espn.com/mens-college-basketball/matchup?gameId=401820610
2025-12-06,401820601,Akron Zips,Tulane Green Wave,N,https://www.espn.com/mens-college-basketball/matchup?gameId=401820601
2025-12-06,401819894,Seton Hall Pirates,Kansas State Wildcats,N,https://www.espn.com/mens-college-basketball/matchup?gameId=401819894
2025-12-06,401813279,Longwood Lancers,Morgan State Bears,N,https://www.espn.com/mens-college-basketball/matchup?gameId=401813279
2025-12-06,401808918,Incarnate Word Cardinals,Nicholls Colonels,N,https://www.espn.com/mens-college-basketball/matchup?gameId=401808918
2025-12-06,401831239,Saint Joseph's Hawks,Temple Owls,N,https://www.espn.com/mens-college-basketball/matchup?gameId=401831239
2025-12-06,401829350,Southeast Missouri State Redhawks,Chattanooga Mocs,N,https://www.espn.com/mens-college-basketball/matchup?gameId=401829350
2025-12-06,401827211,LaGrange Panthers,Troy Trojans,N,https://www.espn.com/mens-college-basketball/matchup?gameId=401827211
2025-12-06,401819829,Baylor Bears,Memphis Tigers,N,https://www.espn.com/mens-college-basketball/matchup?gameId=401819829
2025-12-06,401826924,Omaha Mavericks,Portland State Vikings,N,https://www.espn.com/mens-college-basketball/matchup?gameId=401826924
2025-12-06,401824073,Vermont Catamounts,Pepperdine Waves,N,https://www.espn.com/mens-college-basketball/matchup?gameId=401824073
2025-12-06,401823547,Southern Utah Thunderbirds,Oregon State Beavers,N,https://www.espn.com/mens-college-basketball/matchup?gameId=401823547
2025-12-06,401823505,Kansas City Roos,Eastern Washington Eagles,N,https://www.espn.com/mens-college-basketball/matchup?gameId=401823505
2025-12-06,401823355,Sam Houston Bearkats,Texas Southern Tigers,N,https://www.espn.com/mens-college-basketball/matchup?gameId=401823355
2025-12-06,401819867,Colorado Buffaloes,Colorado State Rams,N,https://www.espn.com/mens-college-basketball/matchup?gameId=401819867
2025-12-06,401818555,Elms College Blazers,Brown Bears,N,https://www.espn.com/mens-college-basketball/matchup?gameId=401818555
2025-12-06,401817225,Pacific Tigers,California Golden Bears,N,https://www.espn.com/mens-college-basketball/matchup?gameId=401817225
2025-12-06,401812360,Long Island University Sharks,Lehigh Mountain Hawks,N,https://www.espn.com/mens-college-basketball/matchup?gameId=401812360
2025-12-06,401831242,Florida Memorial FLORIDA MEMORIAL,Florida A&M Rattlers,N,https://www.espn.com/mens-college-basketball/matchup?gameId=401831242
2025-12-06,401818535,UAlbany Great Danes,Columbia Lions,N,https://www.espn.com/mens-college-basketball/matchup?gameId=401818535
2025-12-06,401830238,Bowie State Bulldogs,Howard Bison,N,https://www.espn.com/mens-college-basketball/matchup?gameId=401830238
2025-12-06,401825401,Oregon Ducks,UCLA Bruins,N,https://www.espn.com/mens-college-basketball/matchup?gameId=401825401
2025-12-06,401824856,Denver Pioneers,Idaho State Bengals,N,https://www.espn.com/mens-college-basketball/matchup?gameId=401824856
2025-12-06,401817534,Wake Forest Demon Deacons,West Virginia Mountaineers,N,https://www.espn.com/mens-college-basketball/matchup?gameId=401817534
2025-12-06,401817149,William & Mary Tribe,George Washington Revolutionaries,N,https://www.espn.com/mens-college-basketball/matchup?gameId=401817149
2025-12-06,401808899,Houston Christian Huskies,New Orleans Privateers,N,https://www.espn.com/mens-college-basketball/matchup?gameId=401808899
2025-12-06,401824361,Boston University Terriers,New Hampshire Wildcats,N,https://www.espn.com/mens-college-basketball/matchup?gameId=401824361
2025-12-06,401820488,Texas A&M-Corpus Christi Islanders,Lamar Cardinals,N,https://www.espn.com/mens-college-basketball/matchup?gameId=401820488
2025-12-06,401819911,California Baptist Lancers,Utah Utes,N,https://www.espn.com/mens-college-basketball/matchup?gameId=401819911
2025-12-06,401809154,UC Riverside Highlanders,Cal Poly Mustangs,N,https://www.espn.com/mens-college-basketball/matchup?gameId=401809154
2025-12-06,401831240,Pennsylvania Quakers,Villanova Wildcats,N,https://www.espn.com/mens-college-basketball/matchup?gameId=401831240
2025-12-06,401813293,Oklahoma State Cowboys,Grand Canyon Lopes,N,https://www.espn.com/mens-college-basketball/matchup?gameId=401813293
2025-12-06,401828293,Montana Grizzlies,North Dakota Fighting Hawks,N,https://www.espn.com/mens-college-basketball/matchup?gameId=401828293
2025-12-06,401825593,Northern Arizona Lumberjacks,North Dakota State Bison,N,https://www.espn.com/mens-college-basketball/matchup?gameId=401825593
2025-12-06,401825581,Montana State Bobcats,Oral Roberts Golden Eagles,N,https://www.espn.com/mens-college-basketball/matchup?gameId=401825581
2025-12-06,401823465,Northern Illinois Huskies,Bradley Braves,N,https://www.espn.com/mens-college-basketball/matchup?gameId=401823465
2025-12-06,401820547,Wichita State Shockers,Northern Iowa Panthers,N,https://www.espn.com/mens-college-basketball/matchup?gameId=401820547
2025-12-06,401817509,Robert Morris Colonials,Milwaukee Panthers,N,https://www.espn.com/mens-college-basketball/matchup?gameId=401817509
2025-12-06,401813260,Chicago State Cougars,Illinois State Redbirds,N,https://www.espn.com/mens-college-basketball/matchup?gameId=401813260
2025-12-06,401811110,South Dakota Coyotes,Northern Colorado Bears,N,https://www.espn.com/mens-college-basketball/matchup?gameId=401811110
2025-12-06,401806343,Lindenwood Lions,Eastern Illinois Panthers,N,https://www.espn.com/mens-college-basketball/matchup?gameId=401806343
2025-12-06,401825574,Arkansas-Pine Bluff Golden Lions,DePaul Blue Demons,N,https://www.espn.com/mens-college-basketball/matchup?gameId=401825574
2025-12-06,401824122,Santa Clara Broncos,New Mexico Lobos,N,https://www.espn.com/mens-college-basketball/matchup?gameId=401824122
2025-12-06,401823737,Cal State Bakersfield Roadrunners,UC Santa Barbara Gauchos,N,https://www.espn.com/mens-college-basketball/matchup?gameId=401823737
2025-12-06,401809085,UC San Diego Tritons,Long Beach State Beach,N,https://www.espn.com/mens-college-basketball/matchup?gameId=401809085
2025-12-06,401825189,Arkansas State Red Wolves,Little Rock Trojans,N,https://www.espn.com/mens-college-basketball/matchup?gameId=401825189
2025-12-06,401819819,Oklahoma Sooners,Arizona State Sun Devils,N,https://www.espn.com/mens-college-basketball/matchup?gameId=401819819
2025-12-06,401809106,Cal State Northridge Matadors,UC Irvine Anteaters,N,https://www.espn.com/mens-college-basketball/matchup?gameId=401809106
2025-12-06,401809139,Cal State Fullerton Titans,Hawai'i Rainbow Warriors,N,https://www.espn.com/mens-college-basketball/matchup?gameId=401809139
2025-12-07,401823448,North Florida Ospreys,Gonzaga Bulldogs,N,https://www.espn.com/mens-college-basketball/matchup?gameId=401823448
2025-12-07,401812265,UTSA Roadrunners,Alabama Crimson Tide,N,https://www.espn.com/mens-college-basketball/matchup?gameId=401812265
2025-12-07,401817268,Georgetown Hoyas,North Carolina Tar Heels,N,https://www.espn.com/mens-college-basketball/matchup?gameId=401817268
2025-12-07,401819902,LSU Tigers,Texas Tech Red Raiders,N,https://www.espn.com/mens-college-basketball/matchup?gameId=401819902
2025-12-07,401819885,Missouri Tigers,Kansas Jayhawks,N,https://www.espn.com/mens-college-basketball/matchup?gameId=401819885
2025-12-07,401826816,Gallaudet Bison,Army Black Knights,N,https://www.espn.com/mens-college-basketball/matchup?gameId=401826816
2025-12-07,401820157,Air Force Falcons,Navy Midshipmen,N,https://www.espn.com/mens-college-basketball/matchup?gameId=401820157
2025-12-07,401829354,Southern Indiana Screaming Eagles,Indiana State Sycamores,N,https://www.espn.com/mens-college-basketball/matchup?gameId=401829354
2025-12-07,401826956,Weber State Wildcats,St. Thomas-Minnesota Tommies,N,https://www.espn.com/mens-college-basketball/matchup?gameId=401826956
2025-12-07,401823192,Fairfield Stags,Merrimack Warriors,N,https://www.espn.com/mens-college-basketball/matchup?gameId=401823192
2025-12-07,401812650,Central Connecticut Blue Devils,Northeastern Huskies,N,https://www.espn.com/mens-college-basketball/matchup?gameId=401812650
2025-12-07,401830122,Austin Peay Governors,UT Rio Grande Valley Vaqueros,N,https://www.espn.com/mens-college-basketball/matchup?gameId=401830122
2025-12-07,401828644,Saint Mary's Gaels,Davidson Wildcats,N,https://www.espn.com/mens-college-basketball/matchup?gameId=401828644
2025-12-07,401824892,Tusculum Pioneers,East Tennessee State Buccaneers,N,https://www.espn.com/mens-college-basketball/matchup?gameId=401824892
2025-12-07,401823726,Iona Gaels,Sacred Heart Pioneers,N,https://www.espn.com/mens-college-basketball/matchup?gameId=401823726
2025-12-07,401823490,Oglethorpe Stormy Petrels,Mercer Bears,N,https://www.espn.com/mens-college-basketball/matchup?gameId=401823490
2025-12-07,401823233,Florida Atlantic Owls,Florida Gulf Coast Eagles,N,https://www.espn.com/mens-college-basketball/matchup?gameId=401823233
2025-12-07,401820802,Utah State Aggies,Charlotte 49ers,N,https://www.espn.com/mens-college-basketball/matchup?gameId=401820802
2025-12-07,401820583,Rider Broncs,Quinnipiac Bobcats,N,https://www.espn.com/mens-college-basketball/matchup?gameId=401820583
2025-12-07,401820214,Bethany (WV) Bison,Mercyhurst Lakers,N,https://www.espn.com/mens-college-basketball/matchup?gameId=401820214
2025-12-07,401818305,UIC Flames,Yale Bulldogs,N,https://www.espn.com/mens-college-basketball/matchup?gameId=401818305
2025-12-07,401813381,Niagara Purple Eagles,Saint Peter's Peacocks,N,https://www.espn.com/mens-college-basketball/matchup?gameId=401813381
2025-12-07,401813354,Canisius Golden Griffins,Siena Saints,N,https://www.espn.com/mens-college-basketball/matchup?gameId=401813354
2025-12-07,401813309,Manhattan Jaspers,Marist Red Foxes,N,https://www.espn.com/mens-college-basketball/matchup?gameId=401813309
2025-12-07,401812385,Saint Francis Red Flash,Radford Highlanders,N,https://www.espn.com/mens-college-basketball/matchup?gameId=401812385
2025-12-07,401829449,UL Monroe Warhawks,Stephen F. Austin Lumberjacks,N,https://www.espn.com/mens-college-basketball/matchup?gameId=401829449
2025-12-07,401827156,Alabama State Hornets,UT Martin Skyhawks,N,https://www.espn.com/mens-college-basketball/matchup?gameId=401827156
2025-12-07,401826902,Ecclesia Royals,Louisiana Tech Bulldogs,N,https://www.espn.com/mens-college-basketball/matchup?gameId=401826902
2025-12-07,401817189,Central Michigan Chippewas,Saint Louis Billikens,N,https://www.espn.com/mens-college-basketball/matchup?gameId=401817189
2025-12-07,401828298,Virginia-Lynchburg Dragons,Campbell Fighting Camels,N,https://www.espn.com/mens-college-basketball/matchup?gameId=401828298
2025-12-07,401826730,San Francisco Dons,Mississippi State Bulldogs,N,https://www.espn.com/mens-college-basketball/matchup?gameId=401826730
2025-12-07,401824828,Towson Tigers,UCF Knights,N,https://www.espn.com/mens-college-basketball/matchup?gameId=401824828
2025-12-07,401823423,Aquinas Saints,Bowling Green Falcons,N,https://www.espn.com/mens-college-basketball/matchup?gameId=401823423
2025-12-07,401817471,UNLV Rebels,Stanford Cardinal,N,https://www.espn.com/mens-college-basketball/matchup?gameId=401817471
2025-12-07,401817448,Hofstra Pride,Pittsburgh Panthers,N,https://www.espn.com/mens-college-basketball/matchup?gameId=401817448
2025-12-07,401811972,Belmont Bruins,Middle Tennessee Blue Raiders,N,https://www.espn.com/mens-college-basketball/matchup?gameId=401811972
2025-12-07,401808934,Northwestern State Demons,SE Louisiana Lions,N,https://www.espn.com/mens-college-basketball/matchup?gameId=401808934
2025-12-07,401828312,Auburn-Montgomery Senators,Jacksonville State Gamecocks,N,https://www.espn.com/mens-college-basketball/matchup?gameId=401828312
2025-12-07,401824953,Alabama A&M Bulldogs,Lipscomb Bisons,N,https://www.espn.com/mens-college-basketball/matchup?gameId=401824953
2025-12-07,401824139,Nevada Wolf Pack,Washington State Cougars,N,https://www.espn.com/mens-college-basketball/matchup?gameId=401824139
2025-12-07,401820835,Creighton Bluejays,Nebraska Cornhuskers,N,https://www.espn.com/mens-college-basketball/matchup?gameId=401820835
2025-12-07,401817510,Green Bay Phoenix,Wright State Raiders,N,https://www.espn.com/mens-college-basketball/matchup?gameId=401817510
2025-12-07,401817460,Texas A&M Aggies,SMU Mustangs,N,https://www.espn.com/mens-college-basketball/matchup?gameId=401817460
2025-12-07,401827000,Cameron Aggies,Tarleton State Texans,N,https://www.espn.com/mens-college-basketball/matchup?gameId=401827000
2025-12-07,401812255,TCU Horned Frogs,North Texas Mean Green,N,https://www.espn.com/mens-college-basketball/matchup?gameId=401812255
2025-12-07,401824939,Central Arkansas Bears,East Texas A&M Lions,N,https://www.espn.com/mens-college-basketball/matchup?gameId=401824939
2025-12-07,401829434,Cornell Big Red,Samford Bulldogs,N,https://www.espn.com/mens-college-basketball/matchup?gameId=401829434
2025-12-07,401824129,UTEP Miners,Seattle U Redhawks,N,https://www.espn.com/mens-college-basketball/matchup?gameId=401824129
2025-12-08,401828342,Southern Wesleyan Warriors,Kennesaw State Owls,N,https://www.espn.com/mens-college-basketball/matchup?gameId=401828342
2025-12-08,401812581,Lafayette Leopards,Pennsylvania Quakers,N,https://www.espn.com/mens-college-basketball/matchup?gameId=401812581
2025-12-08,401820846,South Carolina State Bulldogs,Charleston Southern Buccaneers,N,https://www.espn.com/mens-college-basketball/matchup?gameId=401820846
2025-12-08,401827090,Grambling Tigers,Southern Miss Golden Eagles,N,https://www.espn.com/mens-college-basketball/matchup?gameId=401827090
2025-12-08,401827017,Southern Jaguars,Texas Longhorns,N,https://www.espn.com/mens-college-basketball/matchup?gameId=401827017
2025-12-08,401819895,Mississippi Valley State Delta Devils,Kansas State Wildcats,N,https://www.espn.com/mens-college-basketball/matchup?gameId=401819895
2025-12-08,401808900,Incarnate Word Cardinals,New Orleans Privateers,N,https://www.espn.com/mens-college-basketball/matchup?gameId=401808900
2025-12-09,401823566,Villanova Wildcats,Michigan Wolverines,N,https://www.espn.com/mens-college-basketball/matchup?gameId=401823566
2025-12-09,401812793,Florida Gators,UConn Huskies,N,https://www.espn.com/mens-college-basketball/matchup?gameId=401812793
2025-12-09,401812923,Clemson Tigers,BYU Cougars,N,https://www.espn.com/mens-college-basketball/matchup?gameId=401812923
2025-12-09,401825404,Illinois Fighting Illini,Ohio State Buckeyes,N,https://www.espn.com/mens-college-basketball/matchup?gameId=401825404
2025-12-09,401817513,Maryland Eastern Shore Hawks,Virginia Cavaliers,N,https://www.espn.com/mens-college-basketball/matchup?gameId=401817513
2025-12-09,401830127,Arkansas Baptist Buffaloes,UL Monroe Warhawks,N,https://www.espn.com/mens-college-basketball/matchup?gameId=401830127
2025-12-09,401823432,Buffalo Bulls,UMBC Retrievers,N,https://www.espn.com/mens-college-basketball/matchup?gameId=401823432
2025-12-09,401820191,Loyola Maryland Greyhounds,VMI Keydets,N,https://www.espn.com/mens-college-basketball/matchup?gameId=401820191
2025-12-09,401812669,Regis Pride,Holy Cross Crusaders,N,https://www.espn.com/mens-college-basketball/matchup?gameId=401812669
2025-12-09,401827071,Toccoa Falls Eagles,Winthrop Eagles,N,https://www.espn.com/mens-college-basketball/matchup?gameId=401827071
2025-12-09,401824872,Bob Jones Bruins,Furman Paladins,N,https://www.espn.com/mens-college-basketball/matchup?gameId=401824872
2025-12-09,401829439,Southern Wesleyan Warriors,The Citadel Bulldogs,N,https://www.espn.com/mens-college-basketball/matchup?gameId=401829439
2025-12-09,401829432,Oakwood Ambassadors,Chattanooga Mocs,N,https://www.espn.com/mens-college-basketball/matchup?gameId=401829432
2025-12-09,401828738,North Carolina Central Eagles,Kentucky Wildcats,N,https://www.espn.com/mens-college-basketball/matchup?gameId=401828738
2025-12-09,401827529,North Carolina A&T Aggies,Howard Bison,N,https://www.espn.com/mens-college-basketball/matchup?gameId=401827529
2025-12-09,401826839,Georgian Court Lions,Temple Owls,N,https://www.espn.com/mens-college-basketball/matchup?gameId=401826839
2025-12-09,401823389,Brescia Bearcats,Northern Kentucky Norse,N,https://www.espn.com/mens-college-basketball/matchup?gameId=401823389
2025-12-09,401822670,Coppin State Eagles,Saint Joseph's Hawks,N,https://www.espn.com/mens-college-basketball/matchup?gameId=401822670
2025-12-09,401822395,Culver-Stockton Wildcats,Lindenwood Lions,N,https://www.espn.com/mens-college-basketball/matchup?gameId=401822395
2025-12-09,401822326,South Dakota State Jackrabbits,Ball State Cardinals,N,https://www.espn.com/mens-college-basketball/matchup?gameId=401822326
2025-12-09,401819920,Little Rock Trojans,West Virginia Mountaineers,N,https://www.espn.com/mens-college-basketball/matchup?gameId=401819920
2025-12-09,401818536,Columbia Lions,Stony Brook Seawolves,N,https://www.espn.com/mens-college-basketball/matchup?gameId=401818536
2025-12-09,401817170,McNeese Cowboys,Rhode Island Rams,N,https://www.espn.com/mens-college-basketball/matchup?gameId=401817170
2025-12-09,401809082,Bucknell Bison,Rider Broncs,N,https://www.espn.com/mens-college-basketball/matchup?gameId=401809082
2025-12-09,401818556,Brown Bears,Providence Friars,N,https://www.espn.com/mens-college-basketball/matchup?gameId=401818556
2025-12-09,401829469,Doane Tigers,Omaha Mavericks,N,https://www.espn.com/mens-college-basketball/matchup?gameId=401829469
2025-12-09,401813280,Morgan State Bears,DePaul Blue Demons,N,https://www.espn.com/mens-college-basketball/matchup?gameId=401813280
2025-12-09,401825403,Penn State Nittany Lions,Indiana Hoosiers,N,https://www.espn.com/mens-college-basketball/matchup?gameId=401825403
2025-12-09,401811111,South Dakota Coyotes,Wyoming Cowboys,N,https://www.espn.com/mens-college-basketball/matchup?gameId=401811111
2025-12-09,401826741,Colorado Christian Cougars,Denver Pioneers,N,https://www.espn.com/mens-college-basketball/matchup?gameId=401826741
2025-12-09,401824114,USC Trojans,San Diego Toreros,N,https://www.espn.com/mens-college-basketball/matchup?gameId=401824114
2025-12-09,401823811,Dartmouth Big Green,Colorado State Rams,N,https://www.espn.com/mens-college-basketball/matchup?gameId=401823811
2025-12-09,401819820,Northern Arizona Lumberjacks,Arizona State Sun Devils,N,https://www.espn.com/mens-college-basketball/matchup?gameId=401819820
2025-12-09,401823312,Long Beach State Beach,San José State Spartans,N,https://www.espn.com/mens-college-basketball/matchup?gameId=401823312
2025-12-09,401820295,Dominican (CA) Penguins,California Golden Bears,N,https://www.espn.com/mens-college-basketball/matchup?gameId=401820295
2025-12-10,401825406,Minnesota Golden Gophers,Purdue Boilermakers,N,https://www.espn.com/mens-college-basketball/matchup?gameId=401825406
2025-12-10,401824814,Jackson State Tigers,Houston Cougars,N,https://www.espn.com/mens-college-basketball/matchup?gameId=401824814
2025-12-10,401825405,Wisconsin Badgers,Nebraska Cornhuskers,N,https://www.espn.com/mens-college-basketball/matchup?gameId=401825405
2025-12-10,401819830,Norfolk State Spartans,Baylor Bears,N,https://www.espn.com/mens-college-basketball/matchup?gameId=401819830
2025-12-10,401818306,UAlbany Great Danes,Yale Bulldogs,N,https://www.espn.com/mens-college-basketball/matchup?gameId=401818306
2025-12-10,401826864,Merrimack Warriors,Princeton Tigers,N,https://www.espn.com/mens-college-basketball/matchup?gameId=401826864
2025-12-10,401830422,Miami (OH) RedHawks,UNC Asheville Bulldogs,N,https://www.espn.com/mens-college-basketball/matchup?gameId=401830422
2025-12-10,401826765,Fisher College Eagles,UMass Lowell River Hawks,N,https://www.espn.com/mens-college-basketball/matchup?gameId=401826765
2025-12-10,401830739,Old Westbury Panthers,Hofstra Pride,N,https://www.espn.com/mens-college-basketball/matchup?gameId=401830739
2025-12-10,401828685,New Haven Chargers,NJIT Highlanders,N,https://www.espn.com/mens-college-basketball/matchup?gameId=401828685
2025-12-10,401826836,Charleston Cougars,South Florida Bulls,N,https://www.espn.com/mens-college-basketball/matchup?gameId=401826836
2025-12-10,401826774,Saint Leo Monarchs,Florida Atlantic Owls,N,https://www.espn.com/mens-college-basketball/matchup?gameId=401826774
2025-12-10,401823364,Western Kentucky Hilltoppers,Marshall Thundering Herd,N,https://www.espn.com/mens-college-basketball/matchup?gameId=401823364
2025-12-10,401822740,New Mexico Lobos,VCU Rams,N,https://www.espn.com/mens-college-basketball/matchup?gameId=401822740
2025-12-10,401820630,Maine Black Bears,Boston University Terriers,N,https://www.espn.com/mens-college-basketball/matchup?gameId=401820630
2025-12-10,401820619,Bryant Bulldogs,Iona Gaels,N,https://www.espn.com/mens-college-basketball/matchup?gameId=401820619
2025-12-10,401817438,Idaho Vandals,Notre Dame Fighting Irish,N,https://www.espn.com/mens-college-basketball/matchup?gameId=401817438
2025-12-10,401817258,Liberty Flames,NC State Wolfpack,N,https://www.espn.com/mens-college-basketball/matchup?gameId=401817258
2025-12-10,401817216,Massachusetts Minutemen,Boston College Eagles,N,https://www.espn.com/mens-college-basketball/matchup?gameId=401817216
2025-12-10,401817203,Colgate Raiders,St. Bonaventure Bonnies,N,https://www.espn.com/mens-college-basketball/matchup?gameId=401817203
2025-12-10,401817150,Delaware Blue Hens,George Washington Revolutionaries,N,https://www.espn.com/mens-college-basketball/matchup?gameId=401817150
2025-12-10,401812291,Fairleigh Dickinson Knights,Fordham Rams,N,https://www.espn.com/mens-college-basketball/matchup?gameId=401812291
2025-12-10,401826846,Tougaloo Bulldogs,Tulane Green Wave,N,https://www.espn.com/mens-college-basketball/matchup?gameId=401826846
2025-12-10,401826749,College Of Biblical Studies Ambassadors,Nicholls Colonels,N,https://www.espn.com/mens-college-basketball/matchup?gameId=401826749
2025-12-10,401829458,Crown College Polars,North Dakota Fighting Hawks,N,https://www.espn.com/mens-college-basketball/matchup?gameId=401829458
2025-12-10,401829393,UT Martin Skyhawks,Southern Illinois Salukis,N,https://www.espn.com/mens-college-basketball/matchup?gameId=401829393
2025-12-10,401828547,Eastern Kentucky Colonels,Eastern Illinois Panthers,N,https://www.espn.com/mens-college-basketball/matchup?gameId=401828547
2025-12-10,401827133,Arkansas-Pine Bluff Golden Lions,Tulsa Golden Hurricane,N,https://www.espn.com/mens-college-basketball/matchup?gameId=401827133
2025-12-10,401826957,Weber State Wildcats,Kansas City Roos,N,https://www.espn.com/mens-college-basketball/matchup?gameId=401826957
2025-12-10,401824857,Idaho State Bengals,Utah Valley Wolverines,N,https://www.espn.com/mens-college-basketball/matchup?gameId=401824857
2025-12-10,401823397,Eastern Michigan Eagles,Purdue Fort Wayne Mastodons,N,https://www.espn.com/mens-college-basketball/matchup?gameId=401823397
2025-12-10,401827018,Southern Jaguars,Texas State Bobcats,N,https://www.espn.com/mens-college-basketball/matchup?gameId=401827018
2025-12-10,401813453,Duquesne Dukes,Boise State Broncos,N,https://www.espn.com/mens-college-basketball/matchup?gameId=401813453
2025-12-10,401823767,Lamar Cardinals,San Diego State Aztecs,N,https://www.espn.com/mens-college-basketball/matchup?gameId=401823767
2025-12-10,401823262,Fresno State Bulldogs,Cal State Northridge Matadors,N,https://www.espn.com/mens-college-basketball/matchup?gameId=401823262
2025-12-10,401823175,Bethesda University Flames,Cal State Fullerton Titans,N,https://www.espn.com/mens-college-basketball/matchup?gameId=401823175
2025-12-10,401828294,Salish Kootenai Bison,Montana Grizzlies,N,https://www.espn.com/mens-college-basketball/matchup?gameId=401828294
2025-12-10,401824901,Hawai'i Hilo Vulcans,Hawai'i Rainbow Warriors,N,https://www.espn.com/mens-college-basketball/matchup?gameId=401824901
2025-12-11,401819878,Iowa Hawkeyes,Iowa State Cyclones,N,https://www.espn.com/mens-college-basketball/matchup?gameId=401819878
2025-12-11,401817511,Green Bay Phoenix,IU Indianapolis Jaguars,N,https://www.espn.com/mens-college-basketball/matchup?gameId=401817511
2025-12-11,401831530,Bloomfield Deacons,Wagner Seahawks,N,https://www.espn.com/mens-college-basketball/matchup?gameId=401831530
2025-12-11,401829492,Coastal Georgia Mariner,Georgia Southern Eagles,N,https://www.espn.com/mens-college-basketball/matchup?gameId=401829492
2025-12-11,401823347,Trinity College of Jacksonville Eagles,Jacksonville Dolphins,N,https://www.espn.com/mens-college-basketball/matchup?gameId=401823347
2025-12-11,401820813,App State Mountaineers,East Carolina Pirates,N,https://www.espn.com/mens-college-basketball/matchup?gameId=401820813
2025-12-11,401817524,Western Carolina Catamounts,Virginia Tech Hokies,N,https://www.espn.com/mens-college-basketball/matchup?gameId=401817524
2025-12-11,401823872,UT Arlington Mavericks,UT Rio Grande Valley Vaqueros,N,https://www.espn.com/mens-college-basketball/matchup?gameId=401823872
2025-12-11,401829479,Saint John's (MN) Johnnies,St. Thomas-Minnesota Tommies,N,https://www.espn.com/mens-college-basketball/matchup?gameId=401829479
2025-12-11,401827157,Alabama State Hornets,Missouri Tigers,N,https://www.espn.com/mens-college-basketball/matchup?gameId=401827157
2025-12-11,401826742,Alaska Anchorage Seawolves,Denver Pioneers,N,https://www.espn.com/mens-college-basketball/matchup?gameId=401826742
2025-12-11,401817480,Saint Joseph's Hawks,Syracuse Orange,N,https://www.espn.com/mens-college-basketball/matchup?gameId=401817480
2025-12-11,401823738,North Dakota State Bison,Cal State Bakersfield Roadrunners,N,https://www.espn.com/mens-college-basketball/matchup?gameId=401823738
2025-12-12,401812794,Texas Longhorns,UConn Huskies,N,https://www.espn.com/mens-college-basketball/matchup?gameId=401812794
2025-12-12,401826056,Army Black Knights,UMBC Retrievers,N,https://www.espn.com/mens-college-basketball/matchup?gameId=401826056
2025-12-12,401830119,William Peace Pacers,UNC Greensboro Spartans,N,https://www.espn.com/mens-college-basketball/matchup?gameId=401830119
2025-12-12,401826971,Brevard Tornados,Gardner-Webb Runnin' Bulldogs,N,https://www.espn.com/mens-college-basketball/matchup?gameId=401826971
2025-12-12,401823496,South Carolina State Bulldogs,Queens University Royals,N,https://www.espn.com/mens-college-basketball/matchup?gameId=401823496
2025-12-12,401823328,Missouri State Bears,Xavier Musketeers,N,https://www.espn.com/mens-college-basketball/matchup?gameId=401823328
2025-12-12,401823042,Maryland Eastern Shore Hawks,North Carolina A&T Aggies,N,https://www.espn.com/mens-college-basketball/matchup?gameId=401823042
2025-12-12,401822353,Vermont State - Johnson Badgers,Stonehill Skyhawks,N,https://www.espn.com/mens-college-basketball/matchup?gameId=401822353
2025-12-12,401829476,Dakota Wesleyan Tigers,South Dakota State Jackrabbits,N,https://www.espn.com/mens-college-basketball/matchup?gameId=401829476
2025-12-12,401824893,East Tennessee State Buccaneers,Austin Peay Governors,N,https://www.espn.com/mens-college-basketball/matchup?gameId=401824893
2025-12-12,401820489,Dallas Christian Crusaders,Texas A&M-Corpus Christi Islanders,N,https://www.espn.com/mens-college-basketball/matchup?gameId=401820489
2025-12-12,401808702,East Texas A&M Lions,McNeese Cowboys,N,https://www.espn.com/mens-college-basketball/matchup?gameId=401808702
2025-12-12,401823506,California Baptist Lancers,Eastern Washington Eagles,N,https://www.espn.com/mens-college-basketball/matchup?gameId=401823506
2025-12-13,401812266,Arizona Wildcats,Alabama Crimson Tide,N,https://www.espn.com/mens-college-basketball/matchup?gameId=401812266
2025-12-13,401825408,Michigan Wolverines,Maryland Terrapins,N,https://www.espn.com/mens-college-basketball/matchup?gameId=401825408
2025-12-13,401823028,Marquette Golden Eagles,Purdue Boilermakers,N,https://www.espn.com/mens-college-basketball/matchup?gameId=401823028
2025-12-13,401808901,New Orleans Privateers,Houston Cougars,N,https://www.espn.com/mens-college-basketball/matchup?gameId=401808901
2025-12-13,401813763,UCLA Bruins,Gonzaga Bulldogs,N,https://www.espn.com/mens-college-basketball/matchup?gameId=401813763
2025-12-13,401825409,Michigan State Spartans,Penn State Nittany Lions,N,https://www.espn.com/mens-college-basketball/matchup?gameId=401825409
2025-12-13,401819838,UC Riverside Highlanders,BYU Cougars,N,https://www.espn.com/mens-college-basketball/matchup?gameId=401819838
2025-12-13,401817247,Memphis Tigers,Louisville Cardinals,N,https://www.espn.com/mens-college-basketball/matchup?gameId=401817247
2025-12-13,401825407,Nebraska Cornhuskers,Illinois Fighting Illini,N,https://www.espn.com/mens-college-basketball/matchup?gameId=401825407
2025-12-13,401817269,South Carolina Upstate Spartans,North Carolina Tar Heels,N,https://www.espn.com/mens-college-basketball/matchup?gameId=401817269
2025-12-13,401824940,Central Arkansas Bears,Vanderbilt Commodores,N,https://www.espn.com/mens-college-basketball/matchup?gameId=401824940
2025-12-13,401826789,Texas Tech Red Raiders,Arkansas Razorbacks,N,https://www.espn.com/mens-college-basketball/matchup?gameId=401826789
2025-12-13,401817151,George Washington Revolutionaries,Florida Gators,N,https://www.espn.com/mens-college-basketball/matchup?gameId=401817151
2025-12-13,401817259,Kansas Jayhawks,NC State Wolfpack,N,https://www.espn.com/mens-college-basketball/matchup?gameId=401817259
2025-12-13,401823481,Chattanooga Mocs,Auburn Tigers,N,https://www.espn.com/mens-college-basketball/matchup?gameId=401823481
2025-12-13,401824309,Iona Gaels,St. John's Red Storm,N,https://www.espn.com/mens-college-basketball/matchup?gameId=401824309
2025-12-13,401826795,UAlbany Great Danes,Florida Atlantic Owls,N,https://www.espn.com/mens-college-basketball/matchup?gameId=401826795
2025-12-13,401826711,Massachusetts Minutemen,Florida State Seminoles,N,https://www.espn.com/mens-college-basketball/matchup?gameId=401826711
2025-12-13,401825575,DePaul Blue Demons,Wichita State Shockers,N,https://www.espn.com/mens-college-basketball/matchup?gameId=401825575
2025-12-13,401823457,Central Michigan Chippewas,Stony Brook Seawolves,N,https://www.espn.com/mens-college-basketball/matchup?gameId=401823457
2025-12-13,401809421,UL Monroe Warhawks,Miami Hurricanes,N,https://www.espn.com/mens-college-basketball/matchup?gameId=401809421
2025-12-13,401826704,Old Dominion Monarchs,George Mason Patriots,N,https://www.espn.com/mens-college-basketball/matchup?gameId=401826704
2025-12-13,401823466,Northern Illinois Huskies,Elon Phoenix,N,https://www.espn.com/mens-college-basketball/matchup?gameId=401823466
2025-12-13,401823406,Toledo Rockets,Robert Morris Colonials,N,https://www.espn.com/mens-college-basketball/matchup?gameId=401823406
2025-12-13,401813294,Oklahoma Sooners,Oklahoma State Cowboys,N,https://www.espn.com/mens-college-basketball/matchup?gameId=401813294
2025-12-13,401812631,Cal State Northridge Matadors,Delaware Blue Hens,N,https://www.espn.com/mens-college-basketball/matchup?gameId=401812631
2025-12-13,401829480,St. Thomas-Minnesota Tommies,UNC Asheville Bulldogs,N,https://www.espn.com/mens-college-basketball/matchup?gameId=401829480
2025-12-13,401829459,Western Illinois Leathernecks,North Dakota Fighting Hawks,N,https://www.espn.com/mens-college-basketball/matchup?gameId=401829459
2025-12-13,401828910,North Dakota State Bison,Drake Bulldogs,N,https://www.espn.com/mens-college-basketball/matchup?gameId=401828910
2025-12-13,401828313,Jacksonville State Gamecocks,Georgia State Panthers,N,https://www.espn.com/mens-college-basketball/matchup?gameId=401828313
2025-12-13,401826952,UC Santa Barbara Gauchos,Utah Valley Wolverines,N,https://www.espn.com/mens-college-basketball/matchup?gameId=401826952
2025-12-13,401826935,Jackson State Tigers,Northwestern Wildcats,N,https://www.espn.com/mens-college-basketball/matchup?gameId=401826935
2025-12-13,401824362,Boston University Terriers,Dartmouth Big Green,N,https://www.espn.com/mens-college-basketball/matchup?gameId=401824362
2025-12-13,401823727,Sacred Heart Pioneers,NJIT Highlanders,N,https://www.espn.com/mens-college-basketball/matchup?gameId=401823727
2025-12-13,401823221,Northern Kentucky Norse,Bellarmine Knights,N,https://www.espn.com/mens-college-basketball/matchup?gameId=401823221
2025-12-13,401822867,Providence Friars,Butler Bulldogs,N,https://www.espn.com/mens-college-basketball/matchup?gameId=401822867
2025-12-13,401822170,Manhattan Jaspers,Fordham Rams,N,https://www.espn.com/mens-college-basketball/matchup?gameId=401822170
2025-12-13,401820584,UMass Lowell River Hawks,Quinnipiac Bobcats,N,https://www.espn.com/mens-college-basketball/matchup?gameId=401820584
2025-12-13,401820215,Mercyhurst Lakers,Davidson Wildcats,N,https://www.espn.com/mens-college-basketball/matchup?gameId=401820215
2025-12-13,401819848,Cincinnati Bearcats,Georgia Bulldogs,N,https://www.espn.com/mens-college-basketball/matchup?gameId=401819848
2025-12-13,401817439,Evansville Purple Aces,Notre Dame Fighting Irish,N,https://www.espn.com/mens-college-basketball/matchup?gameId=401817439
2025-12-13,401813355,Canisius Golden Griffins,Maine Black Bears,N,https://www.espn.com/mens-college-basketball/matchup?gameId=401813355
2025-12-13,401811112,Prairie View A&M Panthers,South Dakota Coyotes,N,https://www.espn.com/mens-college-basketball/matchup?gameId=401811112
2025-12-13,401822727,Saint Peter's Peacocks,Georgetown Hoyas,N,https://www.espn.com/mens-college-basketball/matchup?gameId=401822727
2025-12-13,401828548,Miami (OH) RedHawks,Eastern Kentucky Colonels,N,https://www.espn.com/mens-college-basketball/matchup?gameId=401828548
2025-12-13,401828286,Tulsa Golden Hurricane,New Mexico State Aggies,N,https://www.espn.com/mens-college-basketball/matchup?gameId=401828286
2025-12-13,401827524,Hampton Pirates,Howard Bison,N,https://www.espn.com/mens-college-basketball/matchup?gameId=401827524
2025-12-13,401827259,Southern Miss Golden Eagles,Ole Miss Rebels,N,https://www.espn.com/mens-college-basketball/matchup?gameId=401827259
2025-12-13,401827055,Delaware State Hornets,Longwood Lancers,N,https://www.espn.com/mens-college-basketball/matchup?gameId=401827055
2025-12-13,401826903,Louisiana Ragin' Cajuns,Louisiana Tech Bulldogs,N,https://www.espn.com/mens-college-basketball/matchup?gameId=401826903
2025-12-13,401826810,Arkansas State Red Wolves,Rice Owls,N,https://www.espn.com/mens-college-basketball/matchup?gameId=401826810
2025-12-13,401822337,UNC Wilmington Seahawks,Valparaiso Beacons,N,https://www.espn.com/mens-college-basketball/matchup?gameId=401822337
2025-12-13,401819896,Kansas State Wildcats,Creighton Bluejays,N,https://www.espn.com/mens-college-basketball/matchup?gameId=401819896
2025-12-13,401812924,Mercer Bears,Clemson Tigers,N,https://www.espn.com/mens-college-basketball/matchup?gameId=401812924
2025-12-13,401830198,UIC Flames,Belmont Bruins,N,https://www.espn.com/mens-college-basketball/matchup?gameId=401830198
2025-12-13,401826834,Bethel (TN) Wildcats,Tennessee Tech Golden Eagles,N,https://www.espn.com/mens-college-basketball/matchup?gameId=401826834
2025-12-13,401826090,UC Davis Aggies,Oregon Ducks,N,https://www.espn.com/mens-college-basketball/matchup?gameId=401826090
2025-12-13,401823412,Wright State Raiders,Marshall Thundering Herd,N,https://www.espn.com/mens-college-basketball/matchup?gameId=401823412
2025-12-13,401823176,Cal State Fullerton Titans,Denver Pioneers,N,https://www.espn.com/mens-college-basketball/matchup?gameId=401823176
2025-12-13,401820602,Murray State Racers,Akron Zips,N,https://www.espn.com/mens-college-basketball/matchup?gameId=401820602
2025-12-13,401819868,UTSA Roadrunners,Colorado Buffaloes,N,https://www.espn.com/mens-college-basketball/matchup?gameId=401819868
2025-12-13,401817483,Hofstra Pride,Syracuse Orange,N,https://www.espn.com/mens-college-basketball/matchup?gameId=401817483
2025-12-13,401813325,Marist Red Foxes,Bryant Bulldogs,N,https://www.espn.com/mens-college-basketball/matchup?gameId=401813325
2025-12-13,401813281,Niagara Purple Eagles,Morgan State Bears,N,https://www.espn.com/mens-college-basketball/matchup?gameId=401813281
2025-12-13,401812651,Central Connecticut Blue Devils,Binghamton Bearcats,N,https://www.espn.com/mens-college-basketball/matchup?gameId=401812651
2025-12-13,401812361,La Salle Explorers,Long Island University Sharks,N,https://www.espn.com/mens-college-basketball/matchup?gameId=401812361
2025-12-13,401817449,Pittsburgh Panthers,Villanova Wildcats,N,https://www.espn.com/mens-college-basketball/matchup?gameId=401817449
2025-12-13,401808953,SE Louisiana Lions,Houston Christian Huskies,N,https://www.espn.com/mens-college-basketball/matchup?gameId=401808953
2025-12-13,401827196,Arkansas Baptist Buffaloes,Alabama A&M Bulldogs,N,https://www.espn.com/mens-college-basketball/matchup?gameId=401827196
2025-12-13,401826925,George Fox Bruins,Portland State Vikings,N,https://www.espn.com/mens-college-basketball/matchup?gameId=401826925
2025-12-13,401824060,Montana State Bobcats,Oregon State Beavers,N,https://www.espn.com/mens-college-basketball/matchup?gameId=401824060
2025-12-13,401817226,Northwestern State Demons,California Golden Bears,N,https://www.espn.com/mens-college-basketball/matchup?gameId=401817226
2025-12-13,401817204,St. Bonaventure Bonnies,Ohio Bobcats,N,https://www.espn.com/mens-college-basketball/matchup?gameId=401817204
2025-12-13,401813261,Illinois State Redbirds,Utah State Aggies,N,https://www.espn.com/mens-college-basketball/matchup?gameId=401813261
2025-12-13,401824115,Northern Arizona Lumberjacks,San Diego Toreros,N,https://www.espn.com/mens-college-basketball/matchup?gameId=401824115
2025-12-13,401823548,Southern Utah Thunderbirds,Washington Huskies,N,https://www.espn.com/mens-college-basketball/matchup?gameId=401823548
2025-12-13,401820548,Oakland Golden Grizzlies,Northern Iowa Panthers,N,https://www.espn.com/mens-college-basketball/matchup?gameId=401820548
2025-12-13,401817178,Southern Illinois Salukis,Richmond Spiders,N,https://www.espn.com/mens-college-basketball/matchup?gameId=401817178
2025-12-13,401813404,Mount St. Mary's Mountaineers,Loyola Maryland Greyhounds,N,https://www.espn.com/mens-college-basketball/matchup?gameId=401813404
2025-12-13,401827072,Bob Jones Bruins,Winthrop Eagles,N,https://www.espn.com/mens-college-basketball/matchup?gameId=401827072
2025-12-13,401829424,The Citadel Bulldogs,South Carolina Gamecocks,N,https://www.espn.com/mens-college-basketball/matchup?gameId=401829424
2025-12-13,401825389,Georgia Southern Eagles,West Georgia Wolves,N,https://www.espn.com/mens-college-basketball/matchup?gameId=401825389
2025-12-13,401824066,Simpson University (CA) Red Hawks,Pacific Tigers,N,https://www.espn.com/mens-college-basketball/matchup?gameId=401824066
2025-12-13,401819821,Arizona State Sun Devils,Santa Clara Broncos,N,https://www.espn.com/mens-college-basketball/matchup?gameId=401819821
2025-12-13,401817472,Stanford Cardinal,San José State Spartans,N,https://www.espn.com/mens-college-basketball/matchup?gameId=401817472
2025-12-13,401813442,North Florida Ospreys,Dayton Flyers,N,https://www.espn.com/mens-college-basketball/matchup?gameId=401813442
2025-12-13,401827208,Indiana Hoosiers,Kentucky Wildcats,N,https://www.espn.com/mens-college-basketball/matchup?gameId=401827208
2025-12-13,401829452,Spurgeon College Knights,Kansas City Roos,N,https://www.espn.com/mens-college-basketball/matchup?gameId=401829452
2025-12-13,401828528,Ecclesia Royals,Oral Roberts Golden Eagles,N,https://www.espn.com/mens-college-basketball/matchup?gameId=401828528
2025-12-13,401826894,Rutgers Scarlet Knights,Seton Hall Pirates,N,https://www.espn.com/mens-college-basketball/matchup?gameId=401826894
2025-12-13,401824130,Warner Pacific Knights,Seattle U Redhawks,N,https://www.espn.com/mens-college-basketball/matchup?gameId=401824130
2025-12-13,401823790,Coastal Carolina Chanticleers,Grand Canyon Lopes,N,https://www.espn.com/mens-college-basketball/matchup?gameId=401823790
2025-12-13,401819921,West Virginia Mountaineers,Ohio State Buckeyes,N,https://www.espn.com/mens-college-basketball/matchup?gameId=401819921
2025-12-13,401817190,San Francisco Dons,Saint Louis Billikens,N,https://www.espn.com/mens-college-basketball/matchup?gameId=401817190
2025-12-13,401817461,SMU Mustangs,LSU Tigers,N,https://www.espn.com/mens-college-basketball/matchup?gameId=401817461
2025-12-13,401824029,Justice College Lions,Utah Tech Trailblazers,N,https://www.espn.com/mens-college-basketball/matchup?gameId=401824029
2025-12-13,401823739,Pepperdine Waves,Cal State Bakersfield Roadrunners,N,https://www.espn.com/mens-college-basketball/matchup?gameId=401823739
2025-12-13,401820401,Tennessee State Tigers,UNLV Rebels,N,https://www.espn.com/mens-college-basketball/matchup?gameId=401820401
2025-12-13,401819912,Mississippi State Bulldogs,Utah Utes,N,https://www.espn.com/mens-college-basketball/matchup?gameId=401819912
2025-12-13,401813454,Duquesne Dukes,Nevada Wolf Pack,N,https://www.espn.com/mens-college-basketball/matchup?gameId=401813454
2025-12-13,401826847,Tulane Green Wave,UC San Diego Tritons,N,https://www.espn.com/mens-college-basketball/matchup?gameId=401826847
2025-12-13,401824902,UTEP Miners,Hawai'i Rainbow Warriors,N,https://www.espn.com/mens-college-basketball/matchup?gameId=401824902
2025-12-14,401819879,Eastern Illinois Panthers,Iowa State Cyclones,N,https://www.espn.com/mens-college-basketball/matchup?gameId=401819879
2025-12-14,401817525,Maryland Eastern Shore Hawks,Virginia Tech Hokies,N,https://www.espn.com/mens-college-basketball/matchup?gameId=401817525
2025-12-14,401812386,Saint Francis Red Flash,Temple Owls,N,https://www.espn.com/mens-college-basketball/matchup?gameId=401812386
2025-12-14,401827008,Texas Southern Tigers,Minnesota Golden Gophers,N,https://www.espn.com/mens-college-basketball/matchup?gameId=401827008
2025-12-14,401820814,Buffalo Bulls,East Carolina Pirates,N,https://www.espn.com/mens-college-basketball/matchup?gameId=401820814
2025-12-14,401832162,North Central College Cardinals,Bradley Braves,N,https://www.espn.com/mens-college-basketball/matchup?gameId=401832162
2025-12-14,401829344,Eureka Red Devils,SIU Edwardsville Cougars,N,https://www.espn.com/mens-college-basketball/matchup?gameId=401829344
2025-12-14,401827487,Oakland City Mighty Oaks,Cleveland State Vikings,N,https://www.espn.com/mens-college-basketball/matchup?gameId=401827487
2025-12-14,401827113,Bethune-Cookman Wildcats,Missouri Tigers,N,https://www.espn.com/mens-college-basketball/matchup?gameId=401827113
2025-12-14,401826769,Merrimack Warriors,Vermont Catamounts,N,https://www.espn.com/mens-college-basketball/matchup?gameId=401826769
2025-12-14,401826737,High Point Panthers,App State Mountaineers,N,https://www.espn.com/mens-college-basketball/matchup?gameId=401826737
2025-12-14,401823313,Monmouth Hawks,Fairfield Stags,N,https://www.espn.com/mens-college-basketball/matchup?gameId=401823313
2025-12-14,401823005,Thiel Tomcats,Youngstown State Penguins,N,https://www.espn.com/mens-college-basketball/matchup?gameId=401823005
2025-12-14,401822327,Ball State Cardinals,Campbell Fighting Camels,N,https://www.espn.com/mens-college-basketball/matchup?gameId=401822327
2025-12-14,401822314,Indiana State Sycamores,Milwaukee Panthers,N,https://www.espn.com/mens-college-basketball/matchup?gameId=401822314
2025-12-14,401822764,Coppin State Eagles,Radford Highlanders,N,https://www.espn.com/mens-college-basketball/matchup?gameId=401822764
2025-12-14,401829351,St. Xavier  (IL) Cougars,Southeast Missouri State Redhawks,N,https://www.espn.com/mens-college-basketball/matchup?gameId=401829351
2025-12-14,401826876,Troy Trojans,UAB Blazers,N,https://www.espn.com/mens-college-basketball/matchup?gameId=401826876
2025-12-14,401823812,Northern New Mexico Eagles,Colorado State Rams,N,https://www.espn.com/mens-college-basketball/matchup?gameId=401823812
2025-12-14,401823650,Western Michigan Broncos,Iowa Hawkeyes,N,https://www.espn.com/mens-college-basketball/matchup?gameId=401823650
2025-12-14,401823234,Florida Gulf Coast Eagles,New Mexico Lobos,N,https://www.espn.com/mens-college-basketball/matchup?gameId=401823234
2025-12-14,401820803,Charlotte 49ers,Charleston Cougars,N,https://www.espn.com/mens-college-basketball/matchup?gameId=401820803
2025-12-14,401823570,Evergreen State Geoducks,Idaho Vandals,N,https://www.espn.com/mens-college-basketball/matchup?gameId=401823570
2025-12-14,401823018,Kent State Golden Flashes,Portland Pilots,N,https://www.espn.com/mens-college-basketball/matchup?gameId=401823018
2025-12-14,401817535,Queens University Royals,Wake Forest Demon Deacons,N,https://www.espn.com/mens-college-basketball/matchup?gameId=401817535
2025-12-14,401817512,Detroit Mercy Titans,Purdue Fort Wayne Mastodons,N,https://www.espn.com/mens-college-basketball/matchup?gameId=401817512
2025-12-14,401817161,Chicago State Cougars,Loyola Chicago Ramblers,N,https://www.espn.com/mens-college-basketball/matchup?gameId=401817161
2025-12-14,401829394,Champion Christian Tigers,UT Martin Skyhawks,N,https://www.espn.com/mens-college-basketball/matchup?gameId=401829394
2025-12-14,401828279,North Texas Mean Green,South Alabama Jaguars,N,https://www.espn.com/mens-college-basketball/matchup?gameId=401828279
2025-12-14,401823819,Saint Mary's Gaels,Boise State Broncos,N,https://www.espn.com/mens-college-basketball/matchup?gameId=401823819
2025-12-14,401823348,Jacksonville Dolphins,Texas A&M Aggies,N,https://www.espn.com/mens-college-basketball/matchup?gameId=401823348
2025-12-14,401824140,Washington State Cougars,USC Trojans,N,https://www.espn.com/mens-college-basketball/matchup?gameId=401824140
2025-12-15,401829435,Bryan (TN) Lions,Samford Bulldogs,N,https://www.espn.com/mens-college-basketball/matchup?gameId=401829435
2025-12-15,401842404,Albany St (GA) Golden Rams,Florida A&M Rattlers,N,https://www.espn.com/mens-college-basketball/matchup?gameId=401842404
2025-12-15,401827134,Ecclesia Royals,Arkansas-Pine Bluff Golden Lions,N,https://www.espn.com/mens-college-basketball/matchup?gameId=401827134
2025-12-15,401826972,Wofford Terriers,Gardner-Webb Runnin' Bulldogs,N,https://www.espn.com/mens-college-basketball/matchup?gameId=401826972
2025-12-15,401825208,Rhodes Lynx,Stetson Hatters,N,https://www.espn.com/mens-college-basketball/matchup?gameId=401825208
2025-12-15,401813382,Niagara Purple Eagles,VCU Rams,N,https://www.espn.com/mens-college-basketball/matchup?gameId=401813382
2025-12-15,401808703,East Texas A&M Lions,SE Louisiana Lions,N,https://www.espn.com/mens-college-basketball/matchup?gameId=401808703
2025-12-15,401823365,Campbellsville Tigers,Western Kentucky Hilltoppers,N,https://www.espn.com/mens-college-basketball/matchup?gameId=401823365
2025-12-15,401829464,Minnesota Crookston Golden Eagles,North Dakota State Bison,N,https://www.espn.com/mens-college-basketball/matchup?gameId=401829464
2025-12-15,401823762,Wyoming Cowboys,South Dakota State Jackrabbits,N,https://www.espn.com/mens-college-basketball/matchup?gameId=401823762
2025-12-15,401823439,North Alabama Lions,Alabama A&M Bulldogs,N,https://www.espn.com/mens-college-basketball/matchup?gameId=401823439
2025-12-15,401820475,McNeese Cowboys,Houston Christian Huskies,N,https://www.espn.com/mens-college-basketball/matchup?gameId=401820475
2025-12-15,401812256,Incarnate Word Cardinals,TCU Horned Frogs,N,https://www.espn.com/mens-college-basketball/matchup?gameId=401812256
2025-12-15,401829375,East-West University Phantoms,Southern Indiana Screaming Eagles,N,https://www.espn.com/mens-college-basketball/matchup?gameId=401829375
2025-12-16,401823529,Abilene Christian Wildcats,Arizona Wildcats,N,https://www.espn.com/mens-college-basketball/matchup?gameId=401823529
2025-12-16,401817236,Lipscomb Bisons,Duke Blue Devils,N,https://www.espn.com/mens-college-basketball/matchup?gameId=401817236
2025-12-16,401822868,Butler Bulldogs,UConn Huskies,N,https://www.espn.com/mens-college-basketball/matchup?gameId=401822868
2025-12-16,401823472,Toledo Rockets,Michigan State Spartans,N,https://www.espn.com/mens-college-basketball/matchup?gameId=401823472
2025-12-16,401819839,Pacific Tigers,BYU Cougars,N,https://www.espn.com/mens-college-basketball/matchup?gameId=401819839
2025-12-16,401817248,Louisville Cardinals,Tennessee Volunteers,N,https://www.espn.com/mens-college-basketball/matchup?gameId=401817248
2025-12-16,401817270,East Tennessee State Buccaneers,North Carolina Tar Heels,N,https://www.espn.com/mens-college-basketball/matchup?gameId=401817270
2025-12-16,401823497,Queens University Royals,Arkansas Razorbacks,N,https://www.espn.com/mens-college-basketball/matchup?gameId=401823497
2025-12-16,401819886,Towson Tigers,Kansas Jayhawks,N,https://www.espn.com/mens-college-basketball/matchup?gameId=401819886
2025-12-16,401819903,Northern Colorado Bears,Texas Tech Red Raiders,N,https://www.espn.com/mens-college-basketball/matchup?gameId=401819903
2025-12-16,401822869,DePaul Blue Demons,St. John's Red Storm,N,https://www.espn.com/mens-college-basketball/matchup?gameId=401822869
2025-12-16,401827516,Howard Bison,Drexel Dragons,N,https://www.espn.com/mens-college-basketball/matchup?gameId=401827516
2025-12-16,401828471,Midway University Eagles,Liberty Flames,N,https://www.espn.com/mens-college-basketball/matchup?gameId=401828471
2025-12-16,401827064,South Carolina Upstate Spartans,South Carolina State Bulldogs,N,https://www.espn.com/mens-college-basketball/matchup?gameId=401827064
2025-12-16,401823728,Sacred Heart Pioneers,UMass Lowell River Hawks,N,https://www.espn.com/mens-college-basketball/matchup?gameId=401823728
2025-12-16,401812670,Dartmouth Big Green,Holy Cross Crusaders,N,https://www.espn.com/mens-college-basketball/matchup?gameId=401812670
2025-12-16,401830423,Kentucky Christian Knights,UNC Asheville Bulldogs,N,https://www.espn.com/mens-college-basketball/matchup?gameId=401830423
2025-12-16,401823379,Miami (OH)-Middletown ThunderHawks,IU Indianapolis Jaguars,N,https://www.espn.com/mens-college-basketball/matchup?gameId=401823379
2025-12-16,401830199,Belmont Bruins,Evansville Purple Aces,N,https://www.espn.com/mens-college-basketball/matchup?gameId=401830199
2025-12-16,401829050,Ohio Wesleyan Battling Bishops,Ohio Bobcats,N,https://www.espn.com/mens-college-basketball/matchup?gameId=401829050
2025-12-16,401827530,North Carolina A&T Aggies,UNC Greensboro Spartans,N,https://www.espn.com/mens-college-basketball/matchup?gameId=401827530
2025-12-16,401827001,Tarleton State Texans,Mississippi Valley State Delta Devils,N,https://www.espn.com/mens-college-basketball/matchup?gameId=401827001
2025-12-16,401826980,Mary Baldwin Fighting Squirrels,High Point Panthers,N,https://www.espn.com/mens-college-basketball/matchup?gameId=401826980
2025-12-16,401826781,Kansas City Roos,Oklahoma Sooners,N,https://www.espn.com/mens-college-basketball/matchup?gameId=401826781
2025-12-16,401823853,Rider Broncs,Delaware Blue Hens,N,https://www.espn.com/mens-college-basketball/matchup?gameId=401823853
2025-12-16,401823413,Miami (OH) RedHawks,Wright State Raiders,N,https://www.espn.com/mens-college-basketball/matchup?gameId=401823413
2025-12-16,401822346,Chicago State Cougars,Bowling Green Falcons,N,https://www.espn.com/mens-college-basketball/matchup?gameId=401822346
2025-12-16,401813443,Florida State Seminoles,Dayton Flyers,N,https://www.espn.com/mens-college-basketball/matchup?gameId=401813443
2025-12-16,401813356,Canisius Golden Griffins,Rhode Island Rams,N,https://www.espn.com/mens-college-basketball/matchup?gameId=401813356
2025-12-16,401812925,South Carolina Gamecocks,Clemson Tigers,N,https://www.espn.com/mens-college-basketball/matchup?gameId=401812925
2025-12-16,401809422,Florida International Panthers,Miami Hurricanes,N,https://www.espn.com/mens-college-basketball/matchup?gameId=401809422
2025-12-16,401808976,UT Rio Grande Valley Vaqueros,Lamar Cardinals,N,https://www.espn.com/mens-college-basketball/matchup?gameId=401808976
2025-12-16,401813326,Marist Red Foxes,Georgia Tech Yellow Jackets,N,https://www.espn.com/mens-college-basketball/matchup?gameId=401813326
2025-12-16,401812362,Long Island University Sharks,Mississippi State Bulldogs,N,https://www.espn.com/mens-college-basketball/matchup?gameId=401812362
2025-12-16,401806344,Little Rock Trojans,Morehead State Eagles,N,https://www.espn.com/mens-college-basketball/matchup?gameId=401806344
2025-12-16,401829470,York College Nebraska Panthers,Omaha Mavericks,N,https://www.espn.com/mens-college-basketball/matchup?gameId=401829470
2025-12-16,401826858,Le Moyne Dolphins,Texas Longhorns,N,https://www.espn.com/mens-college-basketball/matchup?gameId=401826858
2025-12-16,401823467,East-West University Phantoms,Northern Illinois Huskies,N,https://www.espn.com/mens-college-basketball/matchup?gameId=401823467
2025-12-16,401823329,Oral Roberts Golden Eagles,Missouri State Bears,N,https://www.espn.com/mens-college-basketball/matchup?gameId=401823329
2025-12-16,401822338,Valparaiso Beacons,Northwestern Wildcats,N,https://www.espn.com/mens-college-basketball/matchup?gameId=401822338
2025-12-16,401826743,Colorado-Colorado Springs Mountain Lions,Denver Pioneers,N,https://www.espn.com/mens-college-basketball/matchup?gameId=401826743
2025-12-16,401826046,Stanton Elks,UC Riverside Highlanders,N,https://www.espn.com/mens-college-basketball/matchup?gameId=401826046
2025-12-16,401825582,Montana State Bobcats,Cal Poly Mustangs,N,https://www.espn.com/mens-college-basketball/matchup?gameId=401825582
2025-12-16,401823537,Southern Jaguars,California Baptist Lancers,N,https://www.espn.com/mens-college-basketball/matchup?gameId=401823537
2025-12-16,401824044,UC San Diego Tritons,Loyola Marymount Lions,N,https://www.espn.com/mens-college-basketball/matchup?gameId=401824044
2025-12-17,401824035,Campbell Fighting Camels,Gonzaga Bulldogs,N,https://www.espn.com/mens-college-basketball/matchup?gameId=401824035
2025-12-17,401826799,Vanderbilt Commodores,Memphis Tigers,N,https://www.espn.com/mens-college-basketball/matchup?gameId=401826799
2025-12-17,401812267,South Florida Bulls,Alabama Crimson Tide,N,https://www.espn.com/mens-college-basketball/matchup?gameId=401812267
2025-12-17,401812387,Saint Francis Red Flash,Florida Gators,N,https://www.espn.com/mens-college-basketball/matchup?gameId=401812387
2025-12-17,401824941,Kansas Christian Falcons,Central Arkansas Bears,N,https://www.espn.com/mens-college-basketball/matchup?gameId=401824941
2025-12-17,401826811,Southwestern Christian Eagles,Rice Owls,N,https://www.espn.com/mens-college-basketball/matchup?gameId=401826811
2025-12-17,401827135,Champion Christian Tigers,Arkansas-Pine Bluff Golden Lions,N,https://www.espn.com/mens-college-basketball/matchup?gameId=401827135
2025-12-17,401830246,Northern Iowa Panthers,UIC Flames,N,https://www.espn.com/mens-college-basketball/matchup?gameId=401830246
2025-12-17,401822354,Stonehill Skyhawks,New Hampshire Wildcats,N,https://www.espn.com/mens-college-basketball/matchup?gameId=401822354
2025-12-17,401822871,Creighton Bluejays,Xavier Musketeers,N,https://www.espn.com/mens-college-basketball/matchup?gameId=401822871
2025-12-17,401828739,Mid-Atlantic Christian Mustangs,North Carolina Central Eagles,N,https://www.espn.com/mens-college-basketball/matchup?gameId=401828739
2025-12-17,401828479,UC Santa Barbara Gauchos,Green Bay Phoenix,N,https://www.espn.com/mens-college-basketball/matchup?gameId=401828479
2025-12-17,401828314,Eastern Kentucky Colonels,Jacksonville State Gamecocks,N,https://www.espn.com/mens-college-basketball/matchup?gameId=401828314
2025-12-17,401827496,UAlbany Great Danes,Stony Brook Seawolves,N,https://www.espn.com/mens-college-basketball/matchup?gameId=401827496
2025-12-17,401827453,The Citadel Bulldogs,Charleston Cougars,N,https://www.espn.com/mens-college-basketball/matchup?gameId=401827453
2025-12-17,401827065,Southern Wesleyan Warriors,South Carolina Upstate Spartans,N,https://www.espn.com/mens-college-basketball/matchup?gameId=401827065
2025-12-17,401825390,Brewton-Parker Wildcats,West Georgia Wolves,N,https://www.espn.com/mens-college-basketball/matchup?gameId=401825390
2025-12-17,401823491,Mercer Bears,UCF Knights,N,https://www.espn.com/mens-college-basketball/matchup?gameId=401823491
2025-12-17,401823458,Olivet Comets,Central Michigan Chippewas,N,https://www.espn.com/mens-college-basketball/matchup?gameId=401823458
2025-12-17,401823349,Jacksonville Dolphins,Florida A&M Rattlers,N,https://www.espn.com/mens-college-basketball/matchup?gameId=401823349
2025-12-17,401823222,Chattanooga Mocs,Bellarmine Knights,N,https://www.espn.com/mens-college-basketball/matchup?gameId=401823222
2025-12-17,401823043,Maryland Eastern Shore Hawks,Wagner Seahawks,N,https://www.espn.com/mens-college-basketball/matchup?gameId=401823043
2025-12-17,401822837,Siena Saints,Vermont Catamounts,N,https://www.espn.com/mens-college-basketball/matchup?gameId=401822837
2025-12-17,401820815,Presbyterian Blue Hose,East Carolina Pirates,N,https://www.espn.com/mens-college-basketball/matchup?gameId=401820815
2025-12-17,401820585,Quinnipiac Bobcats,Monmouth Hawks,N,https://www.espn.com/mens-college-basketball/matchup?gameId=401820585
2025-12-17,401819849,Alabama State Hornets,Cincinnati Bearcats,N,https://www.espn.com/mens-college-basketball/matchup?gameId=401819849
2025-12-17,401817594,Youngstown State Penguins,Robert Morris Colonials,N,https://www.espn.com/mens-college-basketball/matchup?gameId=401817594
2025-12-17,401817593,Oakland Golden Grizzlies,Northern Kentucky Norse,N,https://www.espn.com/mens-college-basketball/matchup?gameId=401817593
2025-12-17,401817536,Longwood Lancers,Wake Forest Demon Deacons,N,https://www.espn.com/mens-college-basketball/matchup?gameId=401817536
2025-12-17,401817484,Mercyhurst Lakers,Syracuse Orange,N,https://www.espn.com/mens-college-basketball/matchup?gameId=401817484
2025-12-17,401817450,Binghamton Bearcats,Pittsburgh Panthers,N,https://www.espn.com/mens-college-basketball/matchup?gameId=401817450
2025-12-17,401817260,Texas Southern Tigers,NC State Wolfpack,N,https://www.espn.com/mens-college-basketball/matchup?gameId=401817260
2025-12-17,401817179,Richmond Spiders,Elon Phoenix,N,https://www.espn.com/mens-college-basketball/matchup?gameId=401817179
2025-12-17,401826883,Wofford Terriers,Wichita State Shockers,N,https://www.espn.com/mens-college-basketball/matchup?gameId=401826883
2025-12-17,401826877,Cleveland State Vikings,UAB Blazers,N,https://www.espn.com/mens-college-basketball/matchup?gameId=401826877
2025-12-17,401826848,Louisiana Tech Bulldogs,Tulane Green Wave,N,https://www.espn.com/mens-college-basketball/matchup?gameId=401826848
2025-12-17,401822999,Kennesaw State Owls,Middle Tennessee Blue Raiders,N,https://www.espn.com/mens-college-basketball/matchup?gameId=401822999
2025-12-17,401808919,Houston Christian Huskies,Nicholls Colonels,N,https://www.espn.com/mens-college-basketball/matchup?gameId=401808919
2025-12-17,401808578,South Alabama Jaguars,UL Monroe Warhawks,N,https://www.espn.com/mens-college-basketball/matchup?gameId=401808578
2025-12-17,401827197,Alabama A&M Bulldogs,Ole Miss Rebels,N,https://www.espn.com/mens-college-basketball/matchup?gameId=401827197
2025-12-17,401826953,Weber State Wildcats,Utah Valley Wolverines,N,https://www.espn.com/mens-college-basketball/matchup?gameId=401826953
2025-12-17,401817191,Bethune-Cookman Wildcats,Saint Louis Billikens,N,https://www.espn.com/mens-college-basketball/matchup?gameId=401817191
2025-12-17,401811113,Dakota State Trojans,South Dakota Coyotes,N,https://www.espn.com/mens-college-basketball/matchup?gameId=401811113
2025-12-17,401808577,James Madison Dukes,Old Dominion Monarchs,N,https://www.espn.com/mens-college-basketball/matchup?gameId=401808577
2025-12-17,401822870,Georgetown Hoyas,Marquette Golden Eagles,N,https://www.espn.com/mens-college-basketball/matchup?gameId=401822870
2025-12-17,401808575,Arkansas State Red Wolves,Texas State Bobcats,N,https://www.espn.com/mens-college-basketball/matchup?gameId=401808575
2025-12-17,401828295,Montana Tech Orediggers,Montana Grizzlies,N,https://www.espn.com/mens-college-basketball/matchup?gameId=401828295
2025-12-17,401827440,UTSA Roadrunners,USC Trojans,N,https://www.espn.com/mens-college-basketball/matchup?gameId=401827440
2025-12-17,401824131,Seattle U Redhawks,UC Davis Aggies,N,https://www.espn.com/mens-college-basketball/matchup?gameId=401824131
2025-12-17,401824123,North Texas Mean Green,Santa Clara Broncos,N,https://www.espn.com/mens-college-basketball/matchup?gameId=401824123
2025-12-17,401819869,Portland State Vikings,Colorado Buffaloes,N,https://www.espn.com/mens-college-basketball/matchup?gameId=401819869
2025-12-17,401808967,Texas A&M-Corpus Christi Islanders,Stephen F. Austin Lumberjacks,N,https://www.espn.com/mens-college-basketball/matchup?gameId=401808967
2025-12-17,401823356,Sam Houston Bearkats,Oregon State Beavers,N,https://www.espn.com/mens-college-basketball/matchup?gameId=401823356
2025-12-17,401823507,Washington State Cougars,Eastern Washington Eagles,N,https://www.espn.com/mens-college-basketball/matchup?gameId=401823507
2025-12-17,401820557,Air Force Falcons,San Diego State Aztecs,N,https://www.espn.com/mens-college-basketball/matchup?gameId=401820557
2025-12-17,401817473,UT Arlington Mavericks,Stanford Cardinal,N,https://www.espn.com/mens-college-basketball/matchup?gameId=401817473
2025-12-17,401817162,Loyola Chicago Ramblers,San Francisco Dons,N,https://www.espn.com/mens-college-basketball/matchup?gameId=401817162
2025-12-17,401813764,Arizona State Sun Devils,UCLA Bruins,N,https://www.espn.com/mens-college-basketball/matchup?gameId=401813764
2025-12-17,401824093,Portland Pilots,Oregon Ducks,N,https://www.espn.com/mens-college-basketball/matchup?gameId=401824093
2025-12-18,401826775,Western Carolina Catamounts,Georgia Bulldogs,N,https://www.espn.com/mens-college-basketball/matchup?gameId=401826775
2025-12-18,401826973,Toccoa Falls Eagles,Gardner-Webb Runnin' Bulldogs,N,https://www.espn.com/mens-college-basketball/matchup?gameId=401826973
2025-12-18,401820847,North Florida Ospreys,Charleston Southern Buccaneers,N,https://www.espn.com/mens-college-basketball/matchup?gameId=401820847
2025-12-18,401828300,Hampton Pirates,Jackson State Tigers,N,https://www.espn.com/mens-college-basketball/matchup?gameId=401828300
2025-12-18,401830424,Morris College Hornets,UNC Asheville Bulldogs,N,https://www.espn.com/mens-college-basketball/matchup?gameId=401830424
2025-12-18,401808579,Coastal Carolina Chanticleers,App State Mountaineers,N,https://www.espn.com/mens-college-basketball/matchup?gameId=401808579
2025-12-18,401806345,SIU Edwardsville Cougars,Eastern Illinois Panthers,N,https://www.espn.com/mens-college-basketball/matchup?gameId=401806345
2025-12-18,401830220,Bradley Braves,Indiana State Sycamores,N,https://www.espn.com/mens-college-basketball/matchup?gameId=401830220
2025-12-18,401829416,Penn State Hazleton Nittany Lions,Lehigh Mountain Hawks,N,https://www.espn.com/mens-college-basketball/matchup?gameId=401829416
2025-12-18,401826840,Temple Owls,Davidson Wildcats,N,https://www.espn.com/mens-college-basketball/matchup?gameId=401826840
2025-12-18,401826074,Radford Highlanders,William & Mary Tribe,N,https://www.espn.com/mens-college-basketball/matchup?gameId=401826074
2025-12-18,401823862,Furman Paladins,Manhattan Jaspers,N,https://www.espn.com/mens-college-basketball/matchup?gameId=401823862
2025-12-18,401823549,Southern Utah Thunderbirds,Northern Arizona Lumberjacks,N,https://www.espn.com/mens-college-basketball/matchup?gameId=401823549
2025-12-18,401822741,American University Eagles,VCU Rams,N,https://www.espn.com/mens-college-basketball/matchup?gameId=401822741
2025-12-18,401822671,Delaware State Hornets,Saint Joseph's Hawks,N,https://www.espn.com/mens-college-basketball/matchup?gameId=401822671
2025-12-18,401820804,Lafayette Leopards,Charlotte 49ers,N,https://www.espn.com/mens-college-basketball/matchup?gameId=401820804
2025-12-18,401812652,Fairfield Stags,Central Connecticut Blue Devils,N,https://www.espn.com/mens-college-basketball/matchup?gameId=401812652
2025-12-18,401827092,Norfolk State Spartans,Grambling Tigers,N,https://www.espn.com/mens-college-basketball/matchup?gameId=401827092
2025-12-18,401830247,Drake Bulldogs,Murray State Racers,N,https://www.espn.com/mens-college-basketball/matchup?gameId=401830247
2025-12-18,401827073,Winthrop Eagles,North Dakota Fighting Hawks,N,https://www.espn.com/mens-college-basketball/matchup?gameId=401827073
2025-12-18,401813295,Kansas City Roos,Oklahoma State Cowboys,N,https://www.espn.com/mens-college-basketball/matchup?gameId=401813295
2025-12-18,401812257,Oral Roberts Golden Eagles,TCU Horned Frogs,N,https://www.espn.com/mens-college-basketball/matchup?gameId=401812257
2025-12-18,401808576,Georgia State Panthers,Georgia Southern Eagles,N,https://www.espn.com/mens-college-basketball/matchup?gameId=401808576
2025-12-18,401808580,Louisiana Ragin' Cajuns,Southern Miss Golden Eagles,N,https://www.espn.com/mens-college-basketball/matchup?gameId=401808580
2025-12-18,401806349,UT Martin Skyhawks,Tennessee State Tigers,N,https://www.espn.com/mens-college-basketball/matchup?gameId=401806349
2025-12-18,401806347,Little Rock Trojans,Southern Indiana Screaming Eagles,N,https://www.espn.com/mens-college-basketball/matchup?gameId=401806347
2025-12-18,401806346,Western Illinois Leathernecks,Lindenwood Lions,N,https://www.espn.com/mens-college-basketball/matchup?gameId=401806346
2025-12-18,401830248,Illinois State Redbirds,Southern Illinois Salukis,N,https://www.espn.com/mens-college-basketball/matchup?gameId=401830248
2025-12-18,401824858,Montana-Western Bulldogs,Idaho State Bengals,N,https://www.espn.com/mens-college-basketball/matchup?gameId=401824858
2025-12-18,401806348,Southeast Missouri State Redhawks,Tennessee Tech Golden Eagles,N,https://www.espn.com/mens-college-basketball/matchup?gameId=401806348
2025-12-18,401823740,Nobel Knights,Cal State Bakersfield Roadrunners,N,https://www.espn.com/mens-college-basketball/matchup?gameId=401823740
2025-12-18,401823333,Pepperdine Waves,Long Beach State Beach,N,https://www.espn.com/mens-college-basketball/matchup?gameId=401823333
2025-12-19,401819840,Abilene Christian Wildcats,BYU Cougars,N,https://www.espn.com/mens-college-basketball/matchup?gameId=401819840
2025-12-19,401823729,Dartmouth Big Green,Sacred Heart Pioneers,N,https://www.espn.com/mens-college-basketball/matchup?gameId=401823729
2025-12-19,401829281,Brewton-Parker Wildcats,South Carolina State Bulldogs,N,https://www.espn.com/mens-college-basketball/matchup?gameId=401829281
2025-12-19,401829436,Reinhardt Eagles,Samford Bulldogs,N,https://www.espn.com/mens-college-basketball/matchup?gameId=401829436
2025-12-19,401812292,Lehman College Bridges,Fairleigh Dickinson Knights,N,https://www.espn.com/mens-college-basketball/matchup?gameId=401812292
2025-12-19,401827091,Grambling Tigers,Hampton Pirates,N,https://www.espn.com/mens-college-basketball/matchup?gameId=401827091
2025-12-19,401823263,La Sierra Golden Eagles,Cal State Northridge Matadors,N,https://www.espn.com/mens-college-basketball/matchup?gameId=401823263
2025-12-19,401822315,South Dakota State Jackrabbits,Milwaukee Panthers,N,https://www.espn.com/mens-college-basketball/matchup?gameId=401822315
2025-12-19,401820158,Coppin State Eagles,Navy Midshipmen,N,https://www.espn.com/mens-college-basketball/matchup?gameId=401820158
2025-12-19,401827501,Notre Dame (MD) Gators,Towson Tigers,N,https://www.espn.com/mens-college-basketball/matchup?gameId=401827501
2025-12-19,401822872,Seton Hall Pirates,Providence Friars,N,https://www.espn.com/mens-college-basketball/matchup?gameId=401822872
2025-12-19,401826712,Mississippi Valley State Delta Devils,Florida State Seminoles,N,https://www.espn.com/mens-college-basketball/matchup?gameId=401826712
2025-12-19,401822184,La Salle Explorers,High Point Panthers,N,https://www.espn.com/mens-college-basketball/matchup?gameId=401822184
2025-12-19,401813767,Eastern Michigan Eagles,Akron Zips,N,https://www.espn.com/mens-college-basketball/matchup?gameId=401813767
2025-12-19,401813405,Mount St. Mary's Mountaineers,Drexel Dragons,N,https://www.espn.com/mens-college-basketball/matchup?gameId=401813405
2025-12-19,401828733,Norfolk State Spartans,Jackson State Tigers,N,https://www.espn.com/mens-college-basketball/matchup?gameId=401828733
2025-12-19,401823366,Tulsa Golden Hurricane,Western Kentucky Hilltoppers,N,https://www.espn.com/mens-college-basketball/matchup?gameId=401823366
2025-12-19,401827002,Florida A&M Rattlers,Tarleton State Texans,N,https://www.espn.com/mens-college-basketball/matchup?gameId=401827002
2025-12-19,401823567,Wisconsin Badgers,Villanova Wildcats,N,https://www.espn.com/mens-college-basketball/matchup?gameId=401823567
2025-12-19,401819831,Alcorn State Braves,Baylor Bears,N,https://www.espn.com/mens-college-basketball/matchup?gameId=401819831
2025-12-19,401808954,SE Louisiana Lions,LSU Tigers,N,https://www.espn.com/mens-college-basketball/matchup?gameId=401808954
2025-12-19,401811973,Belmont Bruins,UC Irvine Anteaters,N,https://www.espn.com/mens-college-basketball/matchup?gameId=401811973
2025-12-19,401826796,Florida Atlantic Owls,Saint Mary's Gaels,N,https://www.espn.com/mens-college-basketball/matchup?gameId=401826796
2025-12-19,401824116,San Diego Toreros,UC San Diego Tritons,N,https://www.espn.com/mens-college-basketball/matchup?gameId=401824116
2025-12-19,401823440,North Alabama Lions,Loyola Marymount Lions,N,https://www.espn.com/mens-college-basketball/matchup?gameId=401823440
2025-12-19,401813765,Cal Poly Mustangs,UCLA Bruins,N,https://www.espn.com/mens-college-basketball/matchup?gameId=401813765
2025-12-19,401813282,Morgan State Bears,California Golden Bears,N,https://www.espn.com/mens-college-basketball/matchup?gameId=401813282
2025-12-19,401824132,Washington Huskies,Seattle U Redhawks,N,https://www.espn.com/mens-college-basketball/matchup?gameId=401824132
2025-12-20,401823768,San Diego State Aztecs,Arizona Wildcats,N,https://www.espn.com/mens-college-basketball/matchup?gameId=401823768
2025-12-20,401817237,Texas Tech Red Raiders,Duke Blue Devils,N,https://www.espn.com/mens-college-basketball/matchup?gameId=401817237
2025-12-20,401823482,Auburn Tigers,Purdue Boilermakers,N,https://www.espn.com/mens-college-basketball/matchup?gameId=401823482
2025-12-20,401820294,Houston Cougars,Arkansas Razorbacks,N,https://www.espn.com/mens-college-basketball/matchup?gameId=401820294
2025-12-20,401826874,Oakland Golden Grizzlies,Michigan State Spartans,N,https://www.espn.com/mens-college-basketball/matchup?gameId=401826874
2025-12-20,401817249,Montana Grizzlies,Louisville Cardinals,N,https://www.espn.com/mens-college-basketball/matchup?gameId=401817249
2025-12-20,401809307,North Carolina Tar Heels,Ohio State Buckeyes,N,https://www.espn.com/mens-college-basketball/matchup?gameId=401809307
2025-12-20,401809306,St. John's Red Storm,Kentucky Wildcats,N,https://www.espn.com/mens-college-basketball/matchup?gameId=401809306
2025-12-20,401817514,Maryland Terrapins,Virginia Cavaliers,N,https://www.espn.com/mens-college-basketball/matchup?gameId=401817514
2025-12-20,401823473,Lourdes University Gray Wolves,Toledo Rockets,N,https://www.espn.com/mens-college-basketball/matchup?gameId=401823473
2025-12-20,401811114,South Dakota Coyotes,Kansas State Wildcats,N,https://www.espn.com/mens-college-basketball/matchup?gameId=401811114
2025-12-20,401813444,Liberty Flames,Dayton Flyers,N,https://www.espn.com/mens-college-basketball/matchup?gameId=401813444
2025-12-20,401823373,Siena Heights Saints,Detroit Mercy Titans,N,https://www.espn.com/mens-college-basketball/matchup?gameId=401823373
2025-12-20,401823006,South Carolina Upstate Spartans,Youngstown State Penguins,N,https://www.espn.com/mens-college-basketball/matchup?gameId=401823006
2025-12-20,401822347,Chicago State Cougars,Indiana Hoosiers,N,https://www.espn.com/mens-college-basketball/matchup?gameId=401822347
2025-12-20,401817205,Le Moyne Dolphins,St. Bonaventure Bonnies,N,https://www.espn.com/mens-college-basketball/matchup?gameId=401817205
2025-12-20,401813769,Buffalo Bulls,Western Michigan Broncos,N,https://www.espn.com/mens-college-basketball/matchup?gameId=401813769
2025-12-20,401813383,Houghton Highlanders,Niagara Purple Eagles,N,https://www.espn.com/mens-college-basketball/matchup?gameId=401813383
2025-12-20,401812388,Robert Morris Colonials,Saint Francis Red Flash,N,https://www.espn.com/mens-college-basketball/matchup?gameId=401812388
2025-12-20,401808581,Georgia State Panthers,App State Mountaineers,N,https://www.espn.com/mens-college-basketball/matchup?gameId=401808581
2025-12-20,401829446,Southern-New Orleans Knights,Northwestern State Demons,N,https://www.espn.com/mens-college-basketball/matchup?gameId=401829446
2025-12-20,401827913,Colorado State Rams,Utah State Aggies,N,https://www.espn.com/mens-college-basketball/matchup?gameId=401827913
2025-12-20,401827502,Howard Bison,UNC Wilmington Seahawks,N,https://www.espn.com/mens-college-basketball/matchup?gameId=401827502
2025-12-20,401827056,Longwood Lancers,North Carolina Central Eagles,N,https://www.espn.com/mens-college-basketball/matchup?gameId=401827056
2025-12-20,401827044,Paul Quinn Tigers,Prairie View A&M Panthers,N,https://www.espn.com/mens-college-basketball/matchup?gameId=401827044
2025-12-20,401826755,Lafayette Leopards,Georgia Tech Yellow Jackets,N,https://www.espn.com/mens-college-basketball/matchup?gameId=401826755
2025-12-20,401824954,Blue Mountain Toppers,Lipscomb Bisons,N,https://www.espn.com/mens-college-basketball/matchup?gameId=401824954
2025-12-20,401824310,Iona Gaels,Vermont Catamounts,N,https://www.espn.com/mens-college-basketball/matchup?gameId=401824310
2025-12-20,401822396,Harris-Stowe State Hornets,Lindenwood Lions,N,https://www.espn.com/mens-college-basketball/matchup?gameId=401822396
2025-12-20,401820216,Binghamton Bearcats,Mercyhurst Lakers,N,https://www.espn.com/mens-college-basketball/matchup?gameId=401820216
2025-12-20,401817526,Elon Phoenix,Virginia Tech Hokies,N,https://www.espn.com/mens-college-basketball/matchup?gameId=401817526
2025-12-20,401813772,Miami (OH) RedHawks,Ball State Cardinals,N,https://www.espn.com/mens-college-basketball/matchup?gameId=401813772
2025-12-20,401813771,Kent State Golden Flashes,Massachusetts Minutemen,N,https://www.espn.com/mens-college-basketball/matchup?gameId=401813771
2025-12-20,401812610,Holy Cross Crusaders,Harvard Crimson,N,https://www.espn.com/mens-college-basketball/matchup?gameId=401812610
2025-12-20,401808587,Marshall Thundering Herd,Troy Trojans,N,https://www.espn.com/mens-college-basketball/matchup?gameId=401808587
2025-12-20,401808583,Coastal Carolina Chanticleers,Old Dominion Monarchs,N,https://www.espn.com/mens-college-basketball/matchup?gameId=401808583
2025-12-20,401830123,College Of Biblical Studies Ambassadors,UT Rio Grande Valley Vaqueros,N,https://www.espn.com/mens-college-basketball/matchup?gameId=401830123
2025-12-20,401826744,Denver Pioneers,Northern Colorado Bears,N,https://www.espn.com/mens-college-basketball/matchup?gameId=401826744
2025-12-20,401813770,Central Michigan Chippewas,Northern Illinois Huskies,N,https://www.espn.com/mens-college-basketball/matchup?gameId=401813770
2025-12-20,401808585,Louisiana Ragin' Cajuns,UL Monroe Warhawks,N,https://www.espn.com/mens-college-basketball/matchup?gameId=401808585
2025-12-20,401808586,South Alabama Jaguars,Texas State Bobcats,N,https://www.espn.com/mens-college-basketball/matchup?gameId=401808586
2025-12-20,401826800,Memphis Tigers,Mississippi State Bulldogs,N,https://www.espn.com/mens-college-basketball/matchup?gameId=401826800
2025-12-20,401824894,Jacksonville State Gamecocks,East Tennessee State Buccaneers,N,https://www.espn.com/mens-college-basketball/matchup?gameId=401824894
2025-12-20,401823791,Grand Canyon Lopes,Wyoming Cowboys,N,https://www.espn.com/mens-college-basketball/matchup?gameId=401823791
2025-12-20,401820829,Northwestern Wildcats,Butler Bulldogs,N,https://www.espn.com/mens-college-basketball/matchup?gameId=401820829
2025-12-20,401817485,Northeastern Huskies,Syracuse Orange,N,https://www.espn.com/mens-college-basketball/matchup?gameId=401817485
2025-12-20,401813768,Bowling Green Falcons,Ohio Bobcats,N,https://www.espn.com/mens-college-basketball/matchup?gameId=401813768
2025-12-20,401806352,UT Martin Skyhawks,Tennessee Tech Golden Eagles,N,https://www.espn.com/mens-college-basketball/matchup?gameId=401806352
2025-12-20,401827531,Mid-Atlantic Christian Mustangs,North Carolina A&T Aggies,N,https://www.espn.com/mens-college-basketball/matchup?gameId=401827531
2025-12-20,401808584,Arkansas State Red Wolves,Southern Miss Golden Eagles,N,https://www.espn.com/mens-college-basketball/matchup?gameId=401808584
2025-12-20,401806351,Southeast Missouri State Redhawks,Tennessee State Tigers,N,https://www.espn.com/mens-college-basketball/matchup?gameId=401806351
2025-12-20,401806350,Morehead State Eagles,Southern Indiana Screaming Eagles,N,https://www.espn.com/mens-college-basketball/matchup?gameId=401806350
2025-12-20,401826954,Bethesda University Flames,Utah Valley Wolverines,N,https://www.espn.com/mens-college-basketball/matchup?gameId=401826954
2025-12-20,401824829,Florida Gulf Coast Eagles,UCF Knights,N,https://www.espn.com/mens-college-basketball/matchup?gameId=401824829
2025-12-20,401824124,Loyola Chicago Ramblers,Santa Clara Broncos,N,https://www.espn.com/mens-college-basketball/matchup?gameId=401824124
2025-12-20,401823492,Mercer Bears,Washington State Cougars,N,https://www.espn.com/mens-college-basketball/matchup?gameId=401823492
2025-12-20,401812363,Long Island University Sharks,Florida International Panthers,N,https://www.espn.com/mens-college-basketball/matchup?gameId=401812363
2025-12-20,401808582,James Madison Dukes,Georgia Southern Eagles,N,https://www.espn.com/mens-college-basketball/matchup?gameId=401808582
2025-12-20,401817180,The Citadel Bulldogs,Richmond Spiders,N,https://www.espn.com/mens-college-basketball/matchup?gameId=401817180
2025-12-20,401809083,Bucknell Bison,Iowa Hawkeyes,N,https://www.espn.com/mens-college-basketball/matchup?gameId=401809083
2025-12-20,401828924,Fresno State Bulldogs,UNLV Rebels,N,https://www.espn.com/mens-college-basketball/matchup?gameId=401828924
2025-12-20,401828515,Omaha Mavericks,Lamar Cardinals,N,https://www.espn.com/mens-college-basketball/matchup?gameId=401828515
2025-12-20,401819913,Eastern Washington Eagles,Utah Utes,N,https://www.espn.com/mens-college-basketball/matchup?gameId=401819913
2025-12-20,401826849,Portland State Vikings,Tulane Green Wave,N,https://www.espn.com/mens-college-basketball/matchup?gameId=401826849
2025-12-20,401826047,UC Riverside Highlanders,St. Thomas-Minnesota Tommies,N,https://www.espn.com/mens-college-basketball/matchup?gameId=401826047
2025-12-20,401823538,Sacramento State Hornets,California Baptist Lancers,N,https://www.espn.com/mens-college-basketball/matchup?gameId=401823538
2025-12-20,401817474,Stanford Cardinal,Colorado Buffaloes,N,https://www.espn.com/mens-college-basketball/matchup?gameId=401817474
2025-12-20,401812582,Pennsylvania Quakers,Rutgers Scarlet Knights,N,https://www.espn.com/mens-college-basketball/matchup?gameId=401812582
2025-12-20,401822874,Xavier Musketeers,Georgetown Hoyas,N,https://www.espn.com/mens-college-basketball/matchup?gameId=401822874
2025-12-20,401822873,Marquette Golden Eagles,Creighton Bluejays,N,https://www.espn.com/mens-college-basketball/matchup?gameId=401822873
2025-12-20,401820490,Southwestern Adventist Knights,Texas A&M-Corpus Christi Islanders,N,https://www.espn.com/mens-college-basketball/matchup?gameId=401820490
2025-12-20,401829327,San José State Spartans,New Mexico Lobos,N,https://www.espn.com/mens-college-basketball/matchup?gameId=401829327
2025-12-20,401824074,Rice Owls,Pepperdine Waves,N,https://www.espn.com/mens-college-basketball/matchup?gameId=401824074
2025-12-20,401824030,Utah Tech Trailblazers,Weber State Wildcats,N,https://www.espn.com/mens-college-basketball/matchup?gameId=401824030
2025-12-20,401823820,Boise State Broncos,Nevada Wolf Pack,N,https://www.espn.com/mens-college-basketball/matchup?gameId=401823820
2025-12-21,401822185,La Salle Explorers,Michigan Wolverines,N,https://www.espn.com/mens-college-basketball/matchup?gameId=401822185
2025-12-21,401819880,Long Beach State Beach,Iowa State Cyclones,N,https://www.espn.com/mens-college-basketball/matchup?gameId=401819880
2025-12-21,401822875,UConn Huskies,DePaul Blue Demons,N,https://www.espn.com/mens-college-basketball/matchup?gameId=401822875
2025-12-21,401824036,Gonzaga Bulldogs,Oregon Ducks,N,https://www.espn.com/mens-college-basketball/matchup?gameId=401824036
2025-12-21,401817537,Vanderbilt Commodores,Wake Forest Demon Deacons,N,https://www.espn.com/mens-college-basketball/matchup?gameId=401817537
2025-12-21,401827239,North Dakota Fighting Hawks,Nebraska Cornhuskers,N,https://www.espn.com/mens-college-basketball/matchup?gameId=401827239
2025-12-21,401812268,Kennesaw State Owls,Alabama Crimson Tide,N,https://www.espn.com/mens-college-basketball/matchup?gameId=401812268
2025-12-21,401826974,Gardner-Webb Runnin' Bulldogs,Tennessee Volunteers,N,https://www.espn.com/mens-college-basketball/matchup?gameId=401826974
2025-12-21,401829406,Colgate Raiders,Florida Gators,N,https://www.espn.com/mens-college-basketball/matchup?gameId=401829406
2025-12-21,401827074,Clinton College Golden Bears,Winthrop Eagles,N,https://www.espn.com/mens-college-basketball/matchup?gameId=401827074
2025-12-21,401824363,UMass Lowell River Hawks,Boston University Terriers,N,https://www.espn.com/mens-college-basketball/matchup?gameId=401824363
2025-12-21,401823390,Charleston Cougars,Northern Kentucky Norse,N,https://www.espn.com/mens-college-basketball/matchup?gameId=401823390
2025-12-21,401820159,Rosemont Ravens,Navy Midshipmen,N,https://www.espn.com/mens-college-basketball/matchup?gameId=401820159
2025-12-21,401817451,Pittsburgh Panthers,Penn State Nittany Lions,N,https://www.espn.com/mens-college-basketball/matchup?gameId=401817451
2025-12-21,401813421,Penn State (Brandywine) Lions,Mount St. Mary's Mountaineers,N,https://www.espn.com/mens-college-basketball/matchup?gameId=401813421
2025-12-21,401824866,Lehigh Mountain Hawks,Monmouth Hawks,N,https://www.espn.com/mens-college-basketball/matchup?gameId=401824866
2025-12-21,401820586,Quinnipiac Bobcats,Hofstra Pride,N,https://www.espn.com/mens-college-basketball/matchup?gameId=401820586
2025-12-21,401819832,Southern Jaguars,Baylor Bears,N,https://www.espn.com/mens-college-basketball/matchup?gameId=401819832
2025-12-21,401817261,Ole Miss Rebels,NC State Wolfpack,N,https://www.espn.com/mens-college-basketball/matchup?gameId=401817261
2025-12-21,401813327,Stony Brook Seawolves,Marist Red Foxes,N,https://www.espn.com/mens-college-basketball/matchup?gameId=401813327
2025-12-21,401830836,Holy Family University Tigers,Delaware State Hornets,N,https://www.espn.com/mens-college-basketball/matchup?gameId=401830836
2025-12-21,401830251,Murray State Racers,Valparaiso Beacons,N,https://www.espn.com/mens-college-basketball/matchup?gameId=401830251
2025-12-21,401830219,Southern Illinois Salukis,Bradley Braves,N,https://www.espn.com/mens-college-basketball/matchup?gameId=401830219
2025-12-21,401830120,Virginia-Lynchburg Dragons,UNC Greensboro Spartans,N,https://www.espn.com/mens-college-basketball/matchup?gameId=401830120
2025-12-21,401829450,Dallas Crusaders,Stephen F. Austin Lumberjacks,N,https://www.espn.com/mens-college-basketball/matchup?gameId=401829450
2025-12-21,401823863,Presbyterian Blue Hose,Manhattan Jaspers,N,https://www.espn.com/mens-college-basketball/matchup?gameId=401823863
2025-12-21,401823000,Cumberland (TN) Phoenix,Middle Tennessee Blue Raiders,N,https://www.espn.com/mens-college-basketball/matchup?gameId=401823000
2025-12-21,401820848,Charleston Southern Buccaneers,Furman Paladins,N,https://www.espn.com/mens-college-basketball/matchup?gameId=401820848
2025-12-21,401820805,UIC Flames,Charlotte 49ers,N,https://www.espn.com/mens-college-basketball/matchup?gameId=401820805
2025-12-21,401820631,Maine Black Bears,Drexel Dragons,N,https://www.espn.com/mens-college-basketball/matchup?gameId=401820631
2025-12-21,401820192,Loyola Maryland Greyhounds,George Mason Patriots,N,https://www.espn.com/mens-college-basketball/matchup?gameId=401820192
2025-12-21,401817462,Central Arkansas Bears,SMU Mustangs,N,https://www.espn.com/mens-college-basketball/matchup?gameId=401817462
2025-12-21,401817440,Purdue Fort Wayne Mastodons,Notre Dame Fighting Irish,N,https://www.espn.com/mens-college-basketball/matchup?gameId=401817440
2025-12-21,401813296,Cal State Fullerton Titans,Oklahoma State Cowboys,N,https://www.espn.com/mens-college-basketball/matchup?gameId=401813296
2025-12-21,401823520,VMI Keydets,Radford Highlanders,N,https://www.espn.com/mens-college-basketball/matchup?gameId=401823520
2025-12-21,401828272,Cornell Big Red,UAlbany Great Danes,N,https://www.espn.com/mens-college-basketball/matchup?gameId=401828272
2025-12-21,401827198,Chattanooga Mocs,Alabama A&M Bulldogs,N,https://www.espn.com/mens-college-basketball/matchup?gameId=401827198
2025-12-21,401826878,UNC Asheville Bulldogs,UAB Blazers,N,https://www.espn.com/mens-college-basketball/matchup?gameId=401826878
2025-12-21,401826057,UMBC Retrievers,South Florida Bulls,N,https://www.espn.com/mens-college-basketball/matchup?gameId=401826057
2025-12-21,401820494,Northern Arizona Lumberjacks,Incarnate Word Cardinals,N,https://www.espn.com/mens-college-basketball/matchup?gameId=401820494
2025-12-21,401819822,Oregon State Beavers,Arizona State Sun Devils,N,https://www.espn.com/mens-college-basketball/matchup?gameId=401819822
2025-12-21,401817192,New Hampshire Wildcats,Saint Louis Billikens,N,https://www.espn.com/mens-college-basketball/matchup?gameId=401817192
2025-12-21,401812926,Cincinnati Bearcats,Clemson Tigers,N,https://www.espn.com/mens-college-basketball/matchup?gameId=401812926
2025-12-21,401842364,UC Santa Cruz Banana Slugs,USC Trojans,N,https://www.espn.com/mens-college-basketball/matchup?gameId=401842364
2025-12-21,401830249,Drake Bulldogs,Evansville Purple Aces,N,https://www.espn.com/mens-college-basketball/matchup?gameId=401830249
2025-12-21,401829428,East Texas A&M Lions,Texas A&M Aggies,N,https://www.espn.com/mens-college-basketball/matchup?gameId=401829428
2025-12-21,401812258,Florida A&M Rattlers,TCU Horned Frogs,N,https://www.espn.com/mens-college-basketball/matchup?gameId=401812258
2025-12-21,401809423,North Florida Ospreys,Miami Hurricanes,N,https://www.espn.com/mens-college-basketball/matchup?gameId=401809423
2025-12-21,401804830,Sam Houston Bearkats,New Mexico State Aggies,N,https://www.espn.com/mens-college-basketball/matchup?gameId=401804830
2025-12-21,401830250,Indiana State Sycamores,Illinois State Redbirds,N,https://www.espn.com/mens-college-basketball/matchup?gameId=401830250
2025-12-21,401826884,Eastern Kentucky Colonels,Wichita State Shockers,N,https://www.espn.com/mens-college-basketball/matchup?gameId=401826884
2025-12-21,401817595,Milwaukee Panthers,Cleveland State Vikings,N,https://www.espn.com/mens-college-basketball/matchup?gameId=401817595
2025-12-21,401817227,Columbia Lions,California Golden Bears,N,https://www.espn.com/mens-college-basketball/matchup?gameId=401817227
2025-12-21,401827236,Campbell Fighting Camels,Minnesota Golden Gophers,N,https://www.espn.com/mens-college-basketball/matchup?gameId=401827236
2025-12-21,401824859,UC Davis Aggies,Idaho State Bengals,N,https://www.espn.com/mens-college-basketball/matchup?gameId=401824859
2025-12-21,401813283,Morgan State Bears,San Francisco Dons,N,https://www.espn.com/mens-college-basketball/matchup?gameId=401813283
2025-12-21,401829465,UC Irvine Anteaters,North Dakota State Bison,N,https://www.espn.com/mens-college-basketball/matchup?gameId=401829465
2025-12-21,401824067,Nicholls Colonels,Pacific Tigers,N,https://www.espn.com/mens-college-basketball/matchup?gameId=401824067
2025-12-21,401823571,Idaho Vandals,Cal Poly Mustangs,N,https://www.espn.com/mens-college-basketball/matchup?gameId=401823571
2025-12-21,401828475,Norfolk State Spartans,UTEP Miners,N,https://www.espn.com/mens-college-basketball/matchup?gameId=401828475
2025-12-21,401829453,Austin Peay Governors,Kansas City Roos,N,https://www.espn.com/mens-college-basketball/matchup?gameId=401829453
2025-12-22,401826887,Bethune-Cookman Wildcats,Arizona Wildcats,N,https://www.espn.com/mens-college-basketball/matchup?gameId=401826887
2025-12-22,401819841,Eastern Washington Eagles,BYU Cougars,N,https://www.espn.com/mens-college-basketball/matchup?gameId=401819841
2025-12-22,401817271,East Carolina Pirates,North Carolina Tar Heels,N,https://www.espn.com/mens-college-basketball/matchup?gameId=401817271
2025-12-22,401819887,Davidson Wildcats,Kansas Jayhawks,N,https://www.espn.com/mens-college-basketball/matchup?gameId=401819887
2025-12-22,401811100,Missouri Tigers,Illinois Fighting Illini,N,https://www.espn.com/mens-college-basketball/matchup?gameId=401811100
2025-12-22,401817515,American University Eagles,Virginia Cavaliers,N,https://www.espn.com/mens-college-basketball/matchup?gameId=401817515
2025-12-22,401825391,West Georgia Wolves,Georgia Bulldogs,N,https://www.espn.com/mens-college-basketball/matchup?gameId=401825391
2025-12-22,401822171,New Haven Chargers,Fordham Rams,N,https://www.espn.com/mens-college-basketball/matchup?gameId=401822171
2025-12-22,401831531,Manor College Blue Jays,Wagner Seahawks,N,https://www.espn.com/mens-college-basketball/matchup?gameId=401831531
2025-12-22,401831279,Centenary (NJ) Cyclones,Saint Peter's Peacocks,N,https://www.espn.com/mens-college-basketball/matchup?gameId=401831279
2025-12-22,401829051,Miami (OH)-Hamilton Harriers,Ohio Bobcats,N,https://www.espn.com/mens-college-basketball/matchup?gameId=401829051
2025-12-22,401829047,Trinity College of Jacksonville Eagles,Florida International Panthers,N,https://www.espn.com/mens-college-basketball/matchup?gameId=401829047
2025-12-22,401827758,Massachusetts-Boston Beacons,Massachusetts Minutemen,N,https://www.espn.com/mens-college-basketball/matchup?gameId=401827758
2025-12-22,401817152,St. Mary's (MD) Seahawks,George Washington Revolutionaries,N,https://www.espn.com/mens-college-basketball/matchup?gameId=401817152
2025-12-22,401831073,Milligan Buffaloes,Miami (OH) RedHawks,N,https://www.espn.com/mens-college-basketball/matchup?gameId=401831073
2025-12-22,401829276,Defiance Yellow Jackets,Western Michigan Broncos,N,https://www.espn.com/mens-college-basketball/matchup?gameId=401829276
2025-12-22,401828280,Science & Arts (OK) Drovers,North Texas Mean Green,N,https://www.espn.com/mens-college-basketball/matchup?gameId=401828280
2025-12-22,401826904,Dallas Christian Crusaders,Louisiana Tech Bulldogs,N,https://www.espn.com/mens-college-basketball/matchup?gameId=401826904
2025-12-22,401823730,Sacred Heart Pioneers,Towson Tigers,N,https://www.espn.com/mens-college-basketball/matchup?gameId=401823730
2025-12-22,401823424,Siena Heights Saints,Bowling Green Falcons,N,https://www.espn.com/mens-college-basketball/matchup?gameId=401823424
2025-12-22,401820830,NJIT Highlanders,Butler Bulldogs,N,https://www.espn.com/mens-college-basketball/matchup?gameId=401820830
2025-12-22,401826745,Denver Pioneers,Tulsa Golden Hurricane,N,https://www.espn.com/mens-college-basketball/matchup?gameId=401826745
2025-12-22,401825583,Northwest University Eagles,Montana State Bobcats,N,https://www.espn.com/mens-college-basketball/matchup?gameId=401825583
2025-12-22,401824133,Seattle U Redhawks,UTSA Roadrunners,N,https://www.espn.com/mens-college-basketball/matchup?gameId=401824133
2025-12-22,401822362,East-West University Phantoms,Eastern Illinois Panthers,N,https://www.espn.com/mens-college-basketball/matchup?gameId=401822362
2025-12-22,401829282,South Carolina State Bulldogs,South Carolina Gamecocks,N,https://www.espn.com/mens-college-basketball/matchup?gameId=401829282
2025-12-22,401827520,Greensboro College Pride,Elon Phoenix,N,https://www.espn.com/mens-college-basketball/matchup?gameId=401827520
2025-12-22,401826958,Lincoln University (CA) Oaklanders,Weber State Wildcats,N,https://www.espn.com/mens-college-basketball/matchup?gameId=401826958
2025-12-22,401823769,Whittier Poets,San Diego State Aztecs,N,https://www.espn.com/mens-college-basketball/matchup?gameId=401823769
2025-12-22,401806413,SIU Edwardsville Cougars,Western Illinois Leathernecks,N,https://www.espn.com/mens-college-basketball/matchup?gameId=401806413
2025-12-22,401827009,Abilene Christian Wildcats,Texas Southern Tigers,N,https://www.espn.com/mens-college-basketball/matchup?gameId=401827009
2025-12-22,401824094,Portland Pilots,UC Santa Barbara Gauchos,N,https://www.espn.com/mens-college-basketball/matchup?gameId=401824094
2025-12-22,401822838,Siena Saints,Indiana Hoosiers,N,https://www.espn.com/mens-college-basketball/matchup?gameId=401822838
2025-12-22,401823453,Penn State-Behrend Lions,Buffalo Bulls,N,https://www.espn.com/mens-college-basketball/matchup?gameId=401823453
2025-12-22,401822765,Coppin State Eagles,Georgetown Hoyas,N,https://www.espn.com/mens-college-basketball/matchup?gameId=401822765
2025-12-22,401831232,North Dakota State Bison,UTEP Miners,N,https://www.espn.com/mens-college-basketball/matchup?gameId=401831232
2025-12-22,401827045,Prairie View A&M Panthers,LSU Tigers,N,https://www.espn.com/mens-college-basketball/matchup?gameId=401827045
2025-12-22,401826841,Princeton Tigers,Temple Owls,N,https://www.espn.com/mens-college-basketball/matchup?gameId=401826841
2025-12-22,401823414,Eastern Michigan Eagles,Wright State Raiders,N,https://www.espn.com/mens-college-basketball/matchup?gameId=401823414
2025-12-22,401823350,Jacksonville Dolphins,Florida State Seminoles,N,https://www.espn.com/mens-college-basketball/matchup?gameId=401823350
2025-12-22,401823314,City College NY Beavers,Fairfield Stags,N,https://www.espn.com/mens-college-basketball/matchup?gameId=401823314
2025-12-22,401822672,Coastal Carolina Chanticleers,Saint Joseph's Hawks,N,https://www.espn.com/mens-college-basketball/matchup?gameId=401822672
2025-12-22,401820620,Bryant Bulldogs,High Point Panthers,N,https://www.espn.com/mens-college-basketball/matchup?gameId=401820620
2025-12-22,401819922,Mississippi Valley State Delta Devils,West Virginia Mountaineers,N,https://www.espn.com/mens-college-basketball/matchup?gameId=401819922
2025-12-22,401817486,Stonehill Skyhawks,Syracuse Orange,N,https://www.espn.com/mens-college-basketball/matchup?gameId=401817486
2025-12-22,401817171,Northeastern Huskies,Rhode Island Rams,N,https://www.espn.com/mens-college-basketball/matchup?gameId=401817171
2025-12-22,401813357,Canisius Golden Griffins,Duquesne Dukes,N,https://www.espn.com/mens-college-basketball/matchup?gameId=401813357
2025-12-22,401812632,Rider Broncs,VCU Rams,N,https://www.espn.com/mens-college-basketball/matchup?gameId=401812632
2025-12-22,401812313,Fairleigh Dickinson Knights,Boston College Eagles,N,https://www.espn.com/mens-college-basketball/matchup?gameId=401812313
2025-12-22,401826801,Alabama State Hornets,Memphis Tigers,N,https://www.espn.com/mens-college-basketball/matchup?gameId=401826801
2025-12-22,401825190,Williams Baptist Eagles,Little Rock Trojans,N,https://www.espn.com/mens-college-basketball/matchup?gameId=401825190
2025-12-22,401823873,UT Arlington Mavericks,Oral Roberts Golden Eagles,N,https://www.espn.com/mens-college-basketball/matchup?gameId=401823873
2025-12-22,401823459,Central Michigan Chippewas,Wisconsin Badgers,N,https://www.espn.com/mens-college-basketball/matchup?gameId=401823459
2025-12-22,401823380,IU Indianapolis Jaguars,Grand Canyon Lopes,N,https://www.espn.com/mens-college-basketball/matchup?gameId=401823380
2025-12-22,401823044,Maryland Eastern Shore Hawks,Texas Longhorns,N,https://www.espn.com/mens-college-basketball/matchup?gameId=401823044
2025-12-22,401820836,Utah Tech Trailblazers,Creighton Bluejays,N,https://www.espn.com/mens-college-basketball/matchup?gameId=401820836
2025-12-22,401831233,UC Irvine Anteaters,Norfolk State Spartans,N,https://www.espn.com/mens-college-basketball/matchup?gameId=401831233
2025-12-22,401825209,Stetson Hatters,Oklahoma Sooners,N,https://www.espn.com/mens-college-basketball/matchup?gameId=401825209
2025-12-22,401824117,San Diego Toreros,Washington Huskies,N,https://www.espn.com/mens-college-basketball/matchup?gameId=401824117
2025-12-22,401823264,Sacramento State Hornets,Cal State Northridge Matadors,N,https://www.espn.com/mens-college-basketball/matchup?gameId=401823264
2025-12-22,401820549,Northern Iowa Panthers,Saint Mary's Gaels,N,https://www.espn.com/mens-college-basketball/matchup?gameId=401820549
2025-12-23,401828299,Green Bay Phoenix,Campbell Fighting Camels,N,https://www.espn.com/mens-college-basketball/matchup?gameId=401828299
2025-12-23,401820611,Binghamton Bearcats,Army Black Knights,N,https://www.espn.com/mens-college-basketball/matchup?gameId=401820611
2025-12-23,401823223,Bellarmine Knights,Kentucky Wildcats,N,https://www.espn.com/mens-college-basketball/matchup?gameId=401823223
2025-12-23,401827093,Grambling Tigers,Ohio State Buckeyes,N,https://www.espn.com/mens-college-basketball/matchup?gameId=401827093
2025-12-23,401824830,Florida Atlantic Owls,UCF Knights,N,https://www.espn.com/mens-college-basketball/matchup?gameId=401824830
2025-12-23,401822397,Lindenwood Lions,Missouri State Bears,N,https://www.espn.com/mens-college-basketball/matchup?gameId=401822397
2025-12-23,401813766,UC Riverside Highlanders,UCLA Bruins,N,https://www.espn.com/mens-college-basketball/matchup?gameId=401813766
2025-12-23,401823572,Idaho Vandals,Cal State Bakersfield Roadrunners,N,https://www.espn.com/mens-college-basketball/matchup?gameId=401823572
2025-12-23,401813284,Morgan State Bears,Loyola Marymount Lions,N,https://www.espn.com/mens-college-basketball/matchup?gameId=401813284
2025-12-23,401812611,Harvard Crimson,St. John's Red Storm,N,https://www.espn.com/mens-college-basketball/matchup?gameId=401812611
2025-12-23,401827264,WVU Tech Golden Bears,Marshall Thundering Herd,N,https://www.espn.com/mens-college-basketball/matchup?gameId=401827264
2025-12-23,401822876,Villanova Wildcats,Seton Hall Pirates,N,https://www.espn.com/mens-college-basketball/matchup?gameId=401822876
2025-12-27,401823596,Columbia College (SC) Fighting Koalas,UNC Wilmington Seahawks,N,https://www.espn.com/mens-college-basketball/matchup?gameId=401823596
2025-12-27,401813455,Cleary University Cougars,Duquesne Dukes,N,https://www.espn.com/mens-college-basketball/matchup?gameId=401813455
2025-12-27,401817475,Cal State Northridge Matadors,Stanford Cardinal,N,https://www.espn.com/mens-college-basketball/matchup?gameId=401817475
2025-12-28,401829163,Gonzaga Bulldogs,Pepperdine Waves,N,https://www.espn.com/mens-college-basketball/matchup?gameId=401829163
2025-12-28,401819904,Winthrop Eagles,Texas Tech Red Raiders,N,https://www.espn.com/mens-college-basketball/matchup?gameId=401819904
2025-12-28,401822733,Arcadia ARCADIA,Saint Joseph's Hawks,N,https://www.espn.com/mens-college-basketball/matchup?gameId=401822733
2025-12-28,401820621,Worcester State Lancers,Bryant Bulldogs,N,https://www.espn.com/mens-college-basketball/matchup?gameId=401820621
2025-12-28,401832544,Baptist (Fl) Eagles,Mercer Bears,N,https://www.espn.com/mens-college-basketball/matchup?gameId=401832544
2025-12-28,401831190,Alice Lloyd College Eagles,Morehead State Eagles,N,https://www.espn.com/mens-college-basketball/matchup?gameId=401831190
2025-12-28,401829481,North Central (MN) Rams,St. Thomas-Minnesota Tommies,N,https://www.espn.com/mens-college-basketball/matchup?gameId=401829481
2025-12-28,401829460,Dakota State Trojans,North Dakota Fighting Hawks,N,https://www.espn.com/mens-college-basketball/matchup?gameId=401829460
2025-12-28,401829441,Union (KY) Bulldogs,Wofford Terriers,N,https://www.espn.com/mens-college-basketball/matchup?gameId=401829441
2025-12-28,401826981,Pfeiffer Falcons,High Point Panthers,N,https://www.espn.com/mens-college-basketball/matchup?gameId=401826981
2025-12-28,401823235,Fort Lauderdale Eagles,Florida Gulf Coast Eagles,N,https://www.espn.com/mens-college-basketball/matchup?gameId=401823235
2025-12-28,401819897,UL Monroe Warhawks,Kansas State Wildcats,N,https://www.espn.com/mens-college-basketball/matchup?gameId=401819897
2025-12-28,401818537,Columbia Lions,North Florida Ospreys,N,https://www.espn.com/mens-college-basketball/matchup?gameId=401818537
2025-12-28,401817217,Le Moyne Dolphins,Boston College Eagles,N,https://www.espn.com/mens-college-basketball/matchup?gameId=401817217
2025-12-28,401812612,Harvard Crimson,Colgate Raiders,N,https://www.espn.com/mens-college-basketball/matchup?gameId=401812612
2025-12-28,401811115,Mount Marty College Lancers,South Dakota Coyotes,N,https://www.espn.com/mens-college-basketball/matchup?gameId=401811115
2025-12-28,401804831,Liberty Flames,Florida International Panthers,N,https://www.espn.com/mens-college-basketball/matchup?gameId=401804831
2025-12-28,401826756,Florida A&M Rattlers,Georgia Tech Yellow Jackets,N,https://www.espn.com/mens-college-basketball/matchup?gameId=401826756
2025-12-28,401826075,Shenandoah Hornets,Radford Highlanders,N,https://www.espn.com/mens-college-basketball/matchup?gameId=401826075
2025-12-28,401828723,Norfolk State Spartans,Louisiana Ragin' Cajuns,N,https://www.espn.com/mens-college-basketball/matchup?gameId=401828723
2025-12-28,401827057,Averett Cougars,Longwood Lancers,N,https://www.espn.com/mens-college-basketball/matchup?gameId=401827057
2025-12-28,401819870,Northern Colorado Bears,Colorado Buffaloes,N,https://www.espn.com/mens-college-basketball/matchup?gameId=401819870
2025-12-28,401817463,Cal State Fullerton Titans,SMU Mustangs,N,https://www.espn.com/mens-college-basketball/matchup?gameId=401817463
2025-12-28,401817193,Principia College PRINCIPIA,Saint Louis Billikens,N,https://www.espn.com/mens-college-basketball/matchup?gameId=401817193
2025-12-28,401823357,College Of Biblical Studies Ambassadors,Sam Houston Bearkats,N,https://www.espn.com/mens-college-basketball/matchup?gameId=401823357
2025-12-28,401830632,University of The Southwest Mustangs,New Mexico State Aggies,N,https://www.espn.com/mens-college-basketball/matchup?gameId=401830632
2025-12-28,401826945,Truett-McConnell Bears,Presbyterian Blue Hose,N,https://www.espn.com/mens-college-basketball/matchup?gameId=401826945
2025-12-28,401817181,Charleston Southern Buccaneers,Richmond Spiders,N,https://www.espn.com/mens-college-basketball/matchup?gameId=401817181
2025-12-28,401829494,Columbia College (SC) Fighting Koalas,Georgia State Panthers,N,https://www.espn.com/mens-college-basketball/matchup?gameId=401829494
2025-12-28,401829168,Washington State Cougars,Portland Pilots,N,https://www.espn.com/mens-college-basketball/matchup?gameId=401829168
2025-12-28,401826091,Pacific Union PACIFIC UNION,UC Davis Aggies,N,https://www.espn.com/mens-college-basketball/matchup?gameId=401826091
2025-12-28,401812583,Pennsylvania Quakers,George Mason Patriots,N,https://www.espn.com/mens-college-basketball/matchup?gameId=401812583
2025-12-28,401830628,Fisk Bulldogs,Austin Peay Governors,N,https://www.espn.com/mens-college-basketball/matchup?gameId=401830628
2025-12-28,401829454,McPherson Mcpherson,Kansas City Roos,N,https://www.espn.com/mens-college-basketball/matchup?gameId=401829454
2025-12-28,401829167,Santa Clara Broncos,Oregon State Beavers,N,https://www.espn.com/mens-college-basketball/matchup?gameId=401829167
2025-12-28,401829164,Pacific Tigers,San Diego Toreros,N,https://www.espn.com/mens-college-basketball/matchup?gameId=401829164
2025-12-28,401827218,Old Dominion Monarchs,Maryland Terrapins,N,https://www.espn.com/mens-college-basketball/matchup?gameId=401827218
2025-12-28,401829165,Saint Mary's Gaels,Loyola Marymount Lions,N,https://www.espn.com/mens-college-basketball/matchup?gameId=401829165
2025-12-28,401826910,Stanton Elks,UC San Diego Tritons,N,https://www.espn.com/mens-college-basketball/matchup?gameId=401826910
2025-12-28,401829166,San Francisco Dons,Seattle U Redhawks,N,https://www.espn.com/mens-college-basketball/matchup?gameId=401829166
2025-12-28,401827266,Omaha Mavericks,Oregon Ducks,N,https://www.espn.com/mens-college-basketball/matchup?gameId=401827266
2025-12-29,401826888,South Dakota State Jackrabbits,Arizona Wildcats,N,https://www.espn.com/mens-college-basketball/matchup?gameId=401826888
2025-12-29,401826084,McNeese Cowboys,Michigan Wolverines,N,https://www.espn.com/mens-college-basketball/matchup?gameId=401826084
2025-12-29,401819881,Houston Christian Huskies,Iowa State Cyclones,N,https://www.espn.com/mens-college-basketball/matchup?gameId=401819881
2025-12-29,401823019,Kent State Golden Flashes,Purdue Boilermakers,N,https://www.espn.com/mens-college-basketball/matchup?gameId=401823019
2025-12-29,401823001,Middle Tennessee Blue Raiders,Houston Cougars,N,https://www.espn.com/mens-college-basketball/matchup?gameId=401823001
2025-12-29,401827222,Cornell Big Red,Michigan State Spartans,N,https://www.espn.com/mens-college-basketball/matchup?gameId=401827222
2025-12-29,401828686,New Haven Chargers,Vanderbilt Commodores,N,https://www.espn.com/mens-college-basketball/matchup?gameId=401828686
2025-12-29,401812269,Yale Bulldogs,Alabama Crimson Tide,N,https://www.espn.com/mens-college-basketball/matchup?gameId=401812269
2025-12-29,401826790,James Madison Dukes,Arkansas Razorbacks,N,https://www.espn.com/mens-college-basketball/matchup?gameId=401826790
2025-12-29,401827020,Southern Jaguars,Illinois Fighting Illini,N,https://www.espn.com/mens-college-basketball/matchup?gameId=401827020
2025-12-29,401829419,Dartmouth Big Green,Florida Gators,N,https://www.espn.com/mens-college-basketball/matchup?gameId=401829419
2025-12-29,401812364,Long Island University Sharks,Georgia Bulldogs,N,https://www.espn.com/mens-college-basketball/matchup?gameId=401812364
2025-12-29,401823651,UMass Lowell River Hawks,Iowa Hawkeyes,N,https://www.espn.com/mens-college-basketball/matchup?gameId=401823651
2025-12-29,401827279,North Carolina Central Eagles,Penn State Nittany Lions,N,https://www.espn.com/mens-college-basketball/matchup?gameId=401827279
2025-12-29,401823731,Merrimack Warriors,Sacred Heart Pioneers,N,https://www.espn.com/mens-college-basketball/matchup?gameId=401823731
2025-12-29,401804854,Missouri State Bears,Delaware Blue Hens,N,https://www.espn.com/mens-college-basketball/matchup?gameId=401804854
2025-12-29,401830112,SUNY-Canton Roos,NJIT Highlanders,N,https://www.espn.com/mens-college-basketball/matchup?gameId=401830112
2025-12-29,401828921,Illinois Tech Scarlet Hawks,UIC Flames,N,https://www.espn.com/mens-college-basketball/matchup?gameId=401828921
2025-12-29,401820612,Elmira Soaring Eagles,Binghamton Bearcats,N,https://www.espn.com/mens-college-basketball/matchup?gameId=401820612
2025-12-29,401819833,Arlington Baptist Patriots,Baylor Bears,N,https://www.espn.com/mens-college-basketball/matchup?gameId=401819833
2025-12-29,401813328,Marist Red Foxes,Quinnipiac Bobcats,N,https://www.espn.com/mens-college-basketball/matchup?gameId=401813328
2025-12-29,401826814,Georgia College Bobcats,South Florida Bulls,N,https://www.espn.com/mens-college-basketball/matchup?gameId=401826814
2025-12-29,401811987,Towson Tigers,William & Mary Tribe,N,https://www.espn.com/mens-college-basketball/matchup?gameId=401811987
2025-12-29,401822766,UMBC Retrievers,Coppin State Eagles,N,https://www.espn.com/mens-college-basketball/matchup?gameId=401822766
2025-12-29,401817599,Detroit Mercy Titans,Youngstown State Penguins,N,https://www.espn.com/mens-college-basketball/matchup?gameId=401817599
2025-12-29,401830253,Southern Illinois Salukis,Murray State Racers,N,https://www.espn.com/mens-college-basketball/matchup?gameId=401830253
2025-12-29,401830200,Belmont Bruins,Indiana State Sycamores,N,https://www.espn.com/mens-college-basketball/matchup?gameId=401830200
2025-12-29,401827436,Delaware State Hornets,Rutgers Scarlet Knights,N,https://www.espn.com/mens-college-basketball/matchup?gameId=401827436
2025-12-29,401823315,Saint Peter's Peacocks,Fairfield Stags,N,https://www.espn.com/mens-college-basketball/matchup?gameId=401823315
2025-12-29,401822328,Earlham College Quakers,Ball State Cardinals,N,https://www.espn.com/mens-college-basketball/matchup?gameId=401822328
2025-12-29,401820603,Concord Mountain Lions,Akron Zips,N,https://www.espn.com/mens-college-basketball/matchup?gameId=401820603
2025-12-29,401819850,Lipscomb Bisons,Cincinnati Bearcats,N,https://www.espn.com/mens-college-basketball/matchup?gameId=401819850
2025-12-29,401817600,Oakland Golden Grizzlies,Wright State Raiders,N,https://www.espn.com/mens-college-basketball/matchup?gameId=401817600
2025-12-29,401817598,Northern Kentucky Norse,Robert Morris Colonials,N,https://www.espn.com/mens-college-basketball/matchup?gameId=401817598
2025-12-29,401817596,IU Indianapolis Jaguars,Cleveland State Vikings,N,https://www.espn.com/mens-college-basketball/matchup?gameId=401817596
2025-12-29,401813407,Iona Gaels,Mount St. Mary's Mountaineers,N,https://www.espn.com/mens-college-basketball/matchup?gameId=401813407
2025-12-29,401813310,Manhattan Jaspers,Rider Broncs,N,https://www.espn.com/mens-college-basketball/matchup?gameId=401813310
2025-12-29,401811988,UNC Wilmington Seahawks,North Carolina A&T Aggies,N,https://www.espn.com/mens-college-basketball/matchup?gameId=401811988
2025-12-29,401811986,Drexel Dragons,Charleston Cougars,N,https://www.espn.com/mens-college-basketball/matchup?gameId=401811986
2025-12-29,401811985,Campbell Fighting Camels,Hofstra Pride,N,https://www.espn.com/mens-college-basketball/matchup?gameId=401811985
2025-12-29,401811984,Stony Brook Seawolves,Hampton Pirates,N,https://www.espn.com/mens-college-basketball/matchup?gameId=401811984
2025-12-29,401811983,Northeastern Huskies,Elon Phoenix,N,https://www.espn.com/mens-college-basketball/matchup?gameId=401811983
2025-12-29,401804832,Western Kentucky Hilltoppers,Jacksonville State Gamecocks,N,https://www.espn.com/mens-college-basketball/matchup?gameId=401804832
2025-12-29,401827158,Alabama State Hornets,Mississippi State Bulldogs,N,https://www.espn.com/mens-college-basketball/matchup?gameId=401827158
2025-12-29,401808935,Lamar Cardinals,Northwestern State Demons,N,https://www.espn.com/mens-college-basketball/matchup?gameId=401808935
2025-12-29,401808704,Stephen F. Austin Lumberjacks,East Texas A&M Lions,N,https://www.espn.com/mens-college-basketball/matchup?gameId=401808704
2025-12-29,401804853,UTEP Miners,Louisiana Tech Bulldogs,N,https://www.espn.com/mens-college-basketball/matchup?gameId=401804853
2025-12-29,401831555,Mobile Rams,South Alabama Jaguars,N,https://www.espn.com/mens-college-basketball/matchup?gameId=401831555
2025-12-29,401830254,Valparaiso Beacons,Northern Iowa Panthers,N,https://www.espn.com/mens-college-basketball/matchup?gameId=401830254
2025-12-29,401830218,Evansville Purple Aces,Bradley Braves,N,https://www.espn.com/mens-college-basketball/matchup?gameId=401830218
2025-12-29,401828494,Alcorn State Braves,Ole Miss Rebels,N,https://www.espn.com/mens-college-basketball/matchup?gameId=401828494
2025-12-29,401827260,Southern Miss Golden Eagles,LSU Tigers,N,https://www.espn.com/mens-college-basketball/matchup?gameId=401827260
2025-12-29,401827046,Prairie View A&M Panthers,Texas A&M Aggies,N,https://www.espn.com/mens-college-basketball/matchup?gameId=401827046
2025-12-29,401826782,Mississippi Valley State Delta Devils,Oklahoma Sooners,N,https://www.espn.com/mens-college-basketball/matchup?gameId=401826782
2025-12-29,401825594,Benedictine (AZ) Redhawks,Northern Arizona Lumberjacks,N,https://www.espn.com/mens-college-basketball/matchup?gameId=401825594
2025-12-29,401817597,Purdue Fort Wayne Mastodons,Milwaukee Panthers,N,https://www.espn.com/mens-college-basketball/matchup?gameId=401817597
2025-12-29,401813297,Bethune-Cookman Wildcats,Oklahoma State Cowboys,N,https://www.espn.com/mens-college-basketball/matchup?gameId=401813297
2025-12-29,401812259,Jackson State Tigers,TCU Horned Frogs,N,https://www.espn.com/mens-college-basketball/matchup?gameId=401812259
2025-12-29,401805156,California Baptist Lancers,Utah Valley Wolverines,N,https://www.espn.com/mens-college-basketball/matchup?gameId=401805156
2025-12-29,401805154,Tarleton State Texans,UT Arlington Mavericks,N,https://www.espn.com/mens-college-basketball/matchup?gameId=401805154
2025-12-29,401808902,New Orleans Privateers,UT Rio Grande Valley Vaqueros,N,https://www.espn.com/mens-college-basketball/matchup?gameId=401808902
2025-12-29,401808920,Nicholls Colonels,Texas A&M-Corpus Christi Islanders,N,https://www.espn.com/mens-college-basketball/matchup?gameId=401808920
2025-12-29,401830252,Illinois State Redbirds,Drake Bulldogs,N,https://www.espn.com/mens-college-basketball/matchup?gameId=401830252
2025-12-29,401812314,Fairleigh Dickinson Knights,Minnesota Golden Gophers,N,https://www.espn.com/mens-college-basketball/matchup?gameId=401812314
2025-12-29,401805155,Southern Utah Thunderbirds,Utah Tech Trailblazers,N,https://www.espn.com/mens-college-basketball/matchup?gameId=401805155
2025-12-29,401823498,Queens University Royals,Auburn Tigers,N,https://www.espn.com/mens-college-basketball/matchup?gameId=401823498
2025-12-29,401820402,La Sierra Golden Eagles,UNLV Rebels,N,https://www.espn.com/mens-college-basketball/matchup?gameId=401820402
2025-12-29,401819914,Utah Utes,Washington Huskies,N,https://www.espn.com/mens-college-basketball/matchup?gameId=401819914
2025-12-30,401829169,Gonzaga Bulldogs,San Diego Toreros,N,https://www.espn.com/mens-college-basketball/matchup?gameId=401829169
2025-12-30,401820639,Florida State Seminoles,North Carolina Tar Heels,N,https://www.espn.com/mens-college-basketball/matchup?gameId=401820639
2025-12-30,401826776,New Hampshire Wildcats,Nebraska Cornhuskers,N,https://www.espn.com/mens-college-basketball/matchup?gameId=401826776
2025-12-30,401820634,Louisville Cardinals,California Golden Bears,N,https://www.espn.com/mens-college-basketball/matchup?gameId=401820634
2025-12-30,401829283,South Carolina State Bulldogs,Tennessee Volunteers,N,https://www.espn.com/mens-college-basketball/matchup?gameId=401829283
2025-12-30,401827094,Centenary (LA) Gentlemen,Grambling Tigers,N,https://www.espn.com/mens-college-basketball/matchup?gameId=401827094
2025-12-30,401826770,Vermont Catamounts,Princeton Tigers,N,https://www.espn.com/mens-college-basketball/matchup?gameId=401826770
2025-12-30,401820632,Maine-Fort Kent Bengals,Maine Black Bears,N,https://www.espn.com/mens-college-basketball/matchup?gameId=401820632
2025-12-30,401820495,SE Louisiana Lions,Incarnate Word Cardinals,N,https://www.espn.com/mens-college-basketball/matchup?gameId=401820495
2025-12-30,401814495,Ohio Bobcats,Central Michigan Chippewas,N,https://www.espn.com/mens-college-basketball/matchup?gameId=401814495
2025-12-30,401820558,Wyoming Cowboys,Air Force Falcons,N,https://www.espn.com/mens-college-basketball/matchup?gameId=401820558
2025-12-30,401826936,Howard Bison,Northwestern Wildcats,N,https://www.espn.com/mens-college-basketball/matchup?gameId=401826936
2025-12-30,401828273,UAlbany Great Danes,South Carolina Gamecocks,N,https://www.espn.com/mens-college-basketball/matchup?gameId=401828273
2025-12-30,401827199,Fisk Bulldogs,Alabama A&M Bulldogs,N,https://www.espn.com/mens-college-basketball/matchup?gameId=401827199
2025-12-30,401813285,Penn State (Brandywine) Lions,Morgan State Bears,N,https://www.espn.com/mens-college-basketball/matchup?gameId=401813285
2025-12-30,401809224,East Tennessee State Buccaneers,The Citadel Bulldogs,N,https://www.espn.com/mens-college-basketball/matchup?gameId=401809224
2025-12-30,401814497,Western Michigan Broncos,Toledo Rockets,N,https://www.espn.com/mens-college-basketball/matchup?gameId=401814497
2025-12-30,401828343,Duquesne Dukes,Davidson Wildcats,N,https://www.espn.com/mens-college-basketball/matchup?gameId=401828343
2025-12-30,401828151,Temple Owls,Charlotte 49ers,N,https://www.espn.com/mens-college-basketball/matchup?gameId=401828151
2025-12-30,401822877,Seton Hall Pirates,Marquette Golden Eagles,N,https://www.espn.com/mens-college-basketball/matchup?gameId=401822877
2025-12-30,401822316,Milwaukee Panthers,Wisconsin Badgers,N,https://www.espn.com/mens-college-basketball/matchup?gameId=401822316
2025-12-30,401820637,Pittsburgh Panthers,Miami Hurricanes,N,https://www.espn.com/mens-college-basketball/matchup?gameId=401820637
2025-12-30,401814494,Miami (OH) RedHawks,Bowling Green Falcons,N,https://www.espn.com/mens-college-basketball/matchup?gameId=401814494
2025-12-30,401827010,Huston-Tillotson Rams,Texas Southern Tigers,N,https://www.espn.com/mens-college-basketball/matchup?gameId=401827010
2025-12-30,401829485,Arkansas Tech Wonder Boys,Arkansas State Red Wolves,N,https://www.espn.com/mens-college-basketball/matchup?gameId=401829485
2025-12-30,401814496,Massachusetts Minutemen,Eastern Michigan Eagles,N,https://www.espn.com/mens-college-basketball/matchup?gameId=401814496
2025-12-30,401806414,Tennessee State Tigers,Tennessee Tech Golden Eagles,N,https://www.espn.com/mens-college-basketball/matchup?gameId=401806414
2025-12-30,401829292,Nevada Wolf Pack,Colorado State Rams,N,https://www.espn.com/mens-college-basketball/matchup?gameId=401829292
2025-12-30,401829171,Saint Mary's Gaels,Pepperdine Waves,N,https://www.espn.com/mens-college-basketball/matchup?gameId=401829171
2025-12-30,401827914,Utah State Aggies,Fresno State Bulldogs,N,https://www.espn.com/mens-college-basketball/matchup?gameId=401827914
2025-12-30,401820635,Notre Dame Fighting Irish,Stanford Cardinal,N,https://www.espn.com/mens-college-basketball/matchup?gameId=401820635
2025-12-30,401822878,Butler Bulldogs,Creighton Bluejays,N,https://www.espn.com/mens-college-basketball/matchup?gameId=401822878
2025-12-30,401829174,Washington State Cougars,Seattle U Redhawks,N,https://www.espn.com/mens-college-basketball/matchup?gameId=401829174
2025-12-30,401829173,Santa Clara Broncos,Portland Pilots,N,https://www.espn.com/mens-college-basketball/matchup?gameId=401829173
2025-12-30,401829172,San Francisco Dons,Oregon State Beavers,N,https://www.espn.com/mens-college-basketball/matchup?gameId=401829172
2025-12-30,401829170,Pacific Tigers,Loyola Marymount Lions,N,https://www.espn.com/mens-college-basketball/matchup?gameId=401829170
2025-12-30,401823770,San Diego State Aztecs,San José State Spartans,N,https://www.espn.com/mens-college-basketball/matchup?gameId=401823770
2025-12-30,401823334,Lincoln University (CA) Oaklanders,Long Beach State Beach,N,https://www.espn.com/mens-college-basketball/matchup?gameId=401823334
2025-12-30,401823821,New Mexico Lobos,Boise State Broncos,N,https://www.espn.com/mens-college-basketball/matchup?gameId=401823821
2025-12-31,401822880,UConn Huskies,Xavier Musketeers,N,https://www.espn.com/mens-college-basketball/matchup?gameId=401822880
2025-12-31,401820636,Georgia Tech Yellow Jackets,Duke Blue Devils,N,https://www.espn.com/mens-college-basketball/matchup?gameId=401820636
2025-12-31,401820641,Virginia Cavaliers,Virginia Tech Hokies,N,https://www.espn.com/mens-college-basketball/matchup?gameId=401820641
2025-12-31,401828347,Loyola Chicago Ramblers,Rhode Island Rams,N,https://www.espn.com/mens-college-basketball/matchup?gameId=401828347
2025-12-31,401828152,Tulane Green Wave,East Carolina Pirates,N,https://www.espn.com/mens-college-basketball/matchup?gameId=401828152
2025-12-31,401826817,Army Black Knights,Lehigh Mountain Hawks,N,https://www.espn.com/mens-college-basketball/matchup?gameId=401826817
2025-12-31,401820638,Wake Forest Demon Deacons,NC State Wolfpack,N,https://www.espn.com/mens-college-basketball/matchup?gameId=401820638
2025-12-31,401818558,Johnson & Wales (RI) Griffins,Brown Bears,N,https://www.espn.com/mens-college-basketball/matchup?gameId=401818558
2025-12-31,401809223,Mercer Bears,Furman Paladins,N,https://www.espn.com/mens-college-basketball/matchup?gameId=401809223
2025-12-31,401808705,Lamar Cardinals,East Texas A&M Lions,N,https://www.espn.com/mens-college-basketball/matchup?gameId=401808705
2025-12-31,401828153,UTSA Roadrunners,Florida Atlantic Owls,N,https://www.espn.com/mens-college-basketball/matchup?gameId=401828153
2025-12-31,401820193,Loyola Maryland Greyhounds,American University Eagles,N,https://www.espn.com/mens-college-basketball/matchup?gameId=401820193
2025-12-31,401820160,Boston University Terriers,Navy Midshipmen,N,https://www.espn.com/mens-college-basketball/matchup?gameId=401820160
2025-12-31,401814493,Buffalo Bulls,Northern Illinois Huskies,N,https://www.espn.com/mens-college-basketball/matchup?gameId=401814493
2025-12-31,401809225,Wofford Terriers,Western Carolina Catamounts,N,https://www.espn.com/mens-college-basketball/matchup?gameId=401809225
2025-12-31,401808590,South Alabama Jaguars,Louisiana Ragin' Cajuns,N,https://www.espn.com/mens-college-basketball/matchup?gameId=401808590
2025-12-31,401828348,St. Bonaventure Bonnies,VCU Rams,N,https://www.espn.com/mens-college-basketball/matchup?gameId=401828348
2025-12-31,401828345,George Mason Patriots,La Salle Explorers,N,https://www.espn.com/mens-college-basketball/matchup?gameId=401828345
2025-12-31,401828344,Fordham Rams,Dayton Flyers,N,https://www.espn.com/mens-college-basketball/matchup?gameId=401828344
2025-12-31,401828155,Rice Owls,Tulsa Golden Hurricane,N,https://www.espn.com/mens-college-basketball/matchup?gameId=401828155
2025-12-31,401824384,Bucknell Bison,Holy Cross Crusaders,N,https://www.espn.com/mens-college-basketball/matchup?gameId=401824384
2025-12-31,401823896,Radford Highlanders,South Carolina Upstate Spartans,N,https://www.espn.com/mens-college-basketball/matchup?gameId=401823896
2025-12-31,401823895,High Point Panthers,UNC Asheville Bulldogs,N,https://www.espn.com/mens-college-basketball/matchup?gameId=401823895
2025-12-31,401823874,Charleston Southern Buccaneers,Gardner-Webb Runnin' Bulldogs,N,https://www.espn.com/mens-college-basketball/matchup?gameId=401823874
2025-12-31,401820640,Clemson Tigers,Syracuse Orange,N,https://www.espn.com/mens-college-basketball/matchup?gameId=401820640
2025-12-31,401818538,Penn St Abington Nittany Lions,Columbia Lions,N,https://www.espn.com/mens-college-basketball/matchup?gameId=401818538
2025-12-31,401812584,NJIT Highlanders,Pennsylvania Quakers,N,https://www.espn.com/mens-college-basketball/matchup?gameId=401812584
2025-12-31,401811994,Charleston Cougars,Elon Phoenix,N,https://www.espn.com/mens-college-basketball/matchup?gameId=401811994
2025-12-31,401811993,Campbell Fighting Camels,Monmouth Hawks,N,https://www.espn.com/mens-college-basketball/matchup?gameId=401811993
2025-12-31,401811990,Stony Brook Seawolves,William & Mary Tribe,N,https://www.espn.com/mens-college-basketball/matchup?gameId=401811990
2025-12-31,401808591,Texas State Bobcats,Troy Trojans,N,https://www.espn.com/mens-college-basketball/matchup?gameId=401808591
2025-12-31,401808588,App State Mountaineers,Old Dominion Monarchs,N,https://www.espn.com/mens-college-basketball/matchup?gameId=401808588
2025-12-31,401811992,Towson Tigers,Hampton Pirates,N,https://www.espn.com/mens-college-basketball/matchup?gameId=401811992
2025-12-31,401829407,Colgate Raiders,Lafayette Leopards,N,https://www.espn.com/mens-college-basketball/matchup?gameId=401829407
2025-12-31,401823897,Winthrop Eagles,Longwood Lancers,N,https://www.espn.com/mens-college-basketball/matchup?gameId=401823897
2025-12-31,401811989,Northeastern Huskies,North Carolina A&T Aggies,N,https://www.espn.com/mens-college-basketball/matchup?gameId=401811989
2025-12-31,401828349,Saint Joseph's Hawks,Saint Louis Billikens,N,https://www.espn.com/mens-college-basketball/matchup?gameId=401828349
2025-12-31,401828346,George Washington Revolutionaries,Richmond Spiders,N,https://www.espn.com/mens-college-basketball/matchup?gameId=401828346
2025-12-31,401828154,North Texas Mean Green,Memphis Tigers,N,https://www.espn.com/mens-college-basketball/matchup?gameId=401828154
2025-12-31,401828150,Wichita State Shockers,UAB Blazers,N,https://www.espn.com/mens-college-basketball/matchup?gameId=401828150
2025-12-31,401818330,Kansas City Roos,Denver Pioneers,N,https://www.espn.com/mens-college-basketball/matchup?gameId=401818330
2025-12-31,401808589,Georgia State Panthers,Marshall Thundering Herd,N,https://www.espn.com/mens-college-basketball/matchup?gameId=401808589
2025-12-31,401808936,Stephen F. Austin Lumberjacks,Northwestern State Demons,N,https://www.espn.com/mens-college-basketball/matchup?gameId=401808936
2025-12-31,401808903,New Orleans Privateers,Texas A&M-Corpus Christi Islanders,N,https://www.espn.com/mens-college-basketball/matchup?gameId=401808903
2025-12-31,401818329,South Dakota Coyotes,North Dakota State Bison,N,https://www.espn.com/mens-college-basketball/matchup?gameId=401818329
2025-12-31,401808921,Nicholls Colonels,UT Rio Grande Valley Vaqueros,N,https://www.espn.com/mens-college-basketball/matchup?gameId=401808921
2025-12-31,401822881,DePaul Blue Demons,Villanova Wildcats,N,https://www.espn.com/mens-college-basketball/matchup?gameId=401822881
2025-12-31,401811991,Drexel Dragons,UNC Wilmington Seahawks,N,https://www.espn.com/mens-college-basketball/matchup?gameId=401811991
2025-12-31,401822879,St. John's Red Storm,Georgetown Hoyas,N,https://www.espn.com/mens-college-basketball/matchup?gameId=401822879
2026-01-01,401831278,Elms College Blazers,Dartmouth Big Green,N,https://www.espn.com/mens-college-basketball/matchup?gameId=401831278
2026-01-01,401817604,Oakland Golden Grizzlies,Youngstown State Penguins,N,https://www.espn.com/mens-college-basketball/matchup?gameId=401817604
2026-01-01,401809227,Samford Bulldogs,VMI Keydets,N,https://www.espn.com/mens-college-basketball/matchup?gameId=401809227
2026-01-01,401808592,Georgia Southern Eagles,Coastal Carolina Chanticleers,N,https://www.espn.com/mens-college-basketball/matchup?gameId=401808592
2026-01-01,401807666,Stetson Hatters,North Alabama Lions,N,https://www.espn.com/mens-college-basketball/matchup?gameId=401807666
2026-01-01,401818331,Oral Roberts Golden Eagles,North Dakota Fighting Hawks,N,https://www.espn.com/mens-college-basketball/matchup?gameId=401818331
2026-01-01,401817603,IU Indianapolis Jaguars,Northern Kentucky Norse,N,https://www.espn.com/mens-college-basketball/matchup?gameId=401817603
2026-01-01,401817602,Milwaukee Panthers,Wright State Raiders,N,https://www.espn.com/mens-college-basketball/matchup?gameId=401817602
2026-01-01,401817601,Green Bay Phoenix,Purdue Fort Wayne Mastodons,N,https://www.espn.com/mens-college-basketball/matchup?gameId=401817601
2026-01-01,401807664,Jacksonville Dolphins,Lipscomb Bisons,N,https://www.espn.com/mens-college-basketball/matchup?gameId=401807664
2026-01-01,401807663,Florida Gulf Coast Eagles,Central Arkansas Bears,N,https://www.espn.com/mens-college-basketball/matchup?gameId=401807663
2026-01-01,401830258,Valparaiso Beacons,Southern Illinois Salukis,N,https://www.espn.com/mens-college-basketball/matchup?gameId=401830258
2026-01-01,401830255,Evansville Purple Aces,Illinois State Redbirds,N,https://www.espn.com/mens-college-basketball/matchup?gameId=401830255
2026-01-01,401805159,California Baptist Lancers,UT Arlington Mavericks,N,https://www.espn.com/mens-college-basketball/matchup?gameId=401805159
2026-01-01,401809226,Chattanooga Mocs,UNC Greensboro Spartans,N,https://www.espn.com/mens-college-basketball/matchup?gameId=401809226
2026-01-01,401808537,Portland State Vikings,Weber State Wildcats,N,https://www.espn.com/mens-college-basketball/matchup?gameId=401808537
2026-01-01,401806419,Western Illinois Leathernecks,UT Martin Skyhawks,N,https://www.espn.com/mens-college-basketball/matchup?gameId=401806419
2026-01-01,401806418,Southern Indiana Screaming Eagles,SIU Edwardsville Cougars,N,https://www.espn.com/mens-college-basketball/matchup?gameId=401806418
2026-01-01,401806416,Morehead State Eagles,Lindenwood Lions,N,https://www.espn.com/mens-college-basketball/matchup?gameId=401806416
2026-01-01,401809124,Cal State Northridge Matadors,UC Davis Aggies,N,https://www.espn.com/mens-college-basketball/matchup?gameId=401809124
2026-01-01,401809107,UC Irvine Anteaters,Cal State Bakersfield Roadrunners,N,https://www.espn.com/mens-college-basketball/matchup?gameId=401809107
2026-01-01,401808593,Southern Miss Golden Eagles,UL Monroe Warhawks,N,https://www.espn.com/mens-college-basketball/matchup?gameId=401808593
2026-01-01,401818332,Omaha Mavericks,South Dakota State Jackrabbits,N,https://www.espn.com/mens-college-basketball/matchup?gameId=401818332
2026-01-01,401808501,Northern Arizona Lumberjacks,Montana Grizzlies,N,https://www.espn.com/mens-college-basketball/matchup?gameId=401808501
2026-01-01,401806417,Tennessee Tech Golden Eagles,Little Rock Trojans,N,https://www.espn.com/mens-college-basketball/matchup?gameId=401806417
2026-01-01,401830201,Bradley Braves,Belmont Bruins,N,https://www.espn.com/mens-college-basketball/matchup?gameId=401830201
2026-01-01,401807662,Eastern Kentucky Colonels,Queens University Royals,N,https://www.espn.com/mens-college-basketball/matchup?gameId=401807662
2026-01-01,401807661,Bellarmine Knights,West Georgia Wolves,N,https://www.espn.com/mens-college-basketball/matchup?gameId=401807661
2026-01-01,401830257,Indiana State Sycamores,Northern Iowa Panthers,N,https://www.espn.com/mens-college-basketball/matchup?gameId=401830257
2026-01-01,401809140,Hawai'i Rainbow Warriors,UC Riverside Highlanders,N,https://www.espn.com/mens-college-basketball/matchup?gameId=401809140
2026-01-01,401807665,North Florida Ospreys,Austin Peay Governors,N,https://www.espn.com/mens-college-basketball/matchup?gameId=401807665
2026-01-01,401805158,Utah Valley Wolverines,Tarleton State Texans,N,https://www.espn.com/mens-college-basketball/matchup?gameId=401805158
2026-01-01,401805157,Utah Tech Trailblazers,Abilene Christian Wildcats,N,https://www.espn.com/mens-college-basketball/matchup?gameId=401805157
2026-01-01,401806415,Eastern Illinois Panthers,Southeast Missouri State Redhawks,N,https://www.espn.com/mens-college-basketball/matchup?gameId=401806415
2026-01-01,401830256,Murray State Racers,UIC Flames,N,https://www.espn.com/mens-college-basketball/matchup?gameId=401830256
2026-01-01,401808513,Northern Colorado Bears,Montana State Bobcats,N,https://www.espn.com/mens-college-basketball/matchup?gameId=401808513
2026-01-01,401808487,Sacramento State Hornets,Idaho State Bengals,N,https://www.espn.com/mens-college-basketball/matchup?gameId=401808487
2026-01-01,401823177,UC Santa Barbara Gauchos,Cal State Fullerton Titans,N,https://www.espn.com/mens-college-basketball/matchup?gameId=401823177
2026-01-01,401809086,UC San Diego Tritons,Cal Poly Mustangs,N,https://www.espn.com/mens-college-basketball/matchup?gameId=401809086
2026-01-02,401825411,USC Trojans,Michigan Wolverines,N,https://www.espn.com/mens-college-basketball/matchup?gameId=401825411
2026-01-02,401827592,West Virginia Mountaineers,Iowa State Cyclones,N,https://www.espn.com/mens-college-basketball/matchup?gameId=401827592
2026-01-02,401829180,Seattle U Redhawks,Gonzaga Bulldogs,N,https://www.espn.com/mens-college-basketball/matchup?gameId=401829180
2026-01-02,401825412,Michigan State Spartans,Nebraska Cornhuskers,N,https://www.espn.com/mens-college-basketball/matchup?gameId=401825412
2026-01-02,401820643,Louisville Cardinals,Stanford Cardinal,N,https://www.espn.com/mens-college-basketball/matchup?gameId=401820643
2026-01-02,401804855,New Mexico State Aggies,Florida International Panthers,N,https://www.espn.com/mens-college-basketball/matchup?gameId=401804855
2026-01-02,401830010,Alfred State Pioneers,Cornell Big Red,N,https://www.espn.com/mens-college-basketball/matchup?gameId=401830010
2026-01-02,401813408,Mount St. Mary's Mountaineers,Merrimack Warriors,N,https://www.espn.com/mens-college-basketball/matchup?gameId=401813408
2026-01-02,401813384,Sacred Heart Pioneers,Niagara Purple Eagles,N,https://www.espn.com/mens-college-basketball/matchup?gameId=401813384
2026-01-02,401813358,Fairfield Stags,Canisius Golden Griffins,N,https://www.espn.com/mens-college-basketball/matchup?gameId=401813358
2026-01-02,401804857,Sam Houston Bearkats,Western Kentucky Hilltoppers,N,https://www.espn.com/mens-college-basketball/matchup?gameId=401804857
2026-01-02,401817605,Robert Morris Colonials,Detroit Mercy Titans,N,https://www.espn.com/mens-college-basketball/matchup?gameId=401817605
2026-01-02,401813422,Siena Saints,Iona Gaels,N,https://www.espn.com/mens-college-basketball/matchup?gameId=401813422
2026-01-02,401813329,Marist Red Foxes,Saint Peter's Peacocks,N,https://www.espn.com/mens-college-basketball/matchup?gameId=401813329
2026-01-02,401813300,Quinnipiac Bobcats,Manhattan Jaspers,N,https://www.espn.com/mens-college-basketball/matchup?gameId=401813300
2026-01-02,401812411,Wagner Seahawks,Chicago State Cougars,N,https://www.espn.com/mens-college-basketball/matchup?gameId=401812411
2026-01-02,401812401,New Haven Chargers,Stonehill Skyhawks,N,https://www.espn.com/mens-college-basketball/matchup?gameId=401812401
2026-01-02,401812365,Central Connecticut Blue Devils,Long Island University Sharks,N,https://www.espn.com/mens-college-basketball/matchup?gameId=401812365
2026-01-02,401812334,Le Moyne Dolphins,Saint Francis Red Flash,N,https://www.espn.com/mens-college-basketball/matchup?gameId=401812334
2026-01-02,401808873,Lamar Cardinals,McNeese Cowboys,N,https://www.espn.com/mens-college-basketball/matchup?gameId=401808873
2026-01-02,401804860,Kennesaw State Owls,Liberty Flames,N,https://www.espn.com/mens-college-basketball/matchup?gameId=401804860
2026-01-02,401804859,Jacksonville State Gamecocks,Delaware Blue Hens,N,https://www.espn.com/mens-college-basketball/matchup?gameId=401804859
2026-01-02,401825410,Oregon Ducks,Maryland Terrapins,N,https://www.espn.com/mens-college-basketball/matchup?gameId=401825410
2026-01-02,401812315,Fairleigh Dickinson Knights,Mercyhurst Lakers,N,https://www.espn.com/mens-college-basketball/matchup?gameId=401812315
2026-01-02,401804858,Louisiana Tech Bulldogs,Middle Tennessee Blue Raiders,N,https://www.espn.com/mens-college-basketball/matchup?gameId=401804858
2026-01-02,401825413,Ohio State Buckeyes,Rutgers Scarlet Knights,N,https://www.espn.com/mens-college-basketball/matchup?gameId=401825413
2026-01-02,401804856,UTEP Miners,Missouri State Bears,N,https://www.espn.com/mens-college-basketball/matchup?gameId=401804856
2026-01-02,401829175,Loyola Marymount Lions,Washington State Cougars,N,https://www.espn.com/mens-college-basketball/matchup?gameId=401829175
2026-01-02,401829179,San Diego Toreros,San Francisco Dons,N,https://www.espn.com/mens-college-basketball/matchup?gameId=401829179
2026-01-02,401829178,Portland Pilots,Saint Mary's Gaels,N,https://www.espn.com/mens-college-basketball/matchup?gameId=401829178
2026-01-02,401829177,Pepperdine Waves,Santa Clara Broncos,N,https://www.espn.com/mens-college-basketball/matchup?gameId=401829177
2026-01-02,401829176,Oregon State Beavers,Pacific Tigers,N,https://www.espn.com/mens-college-basketball/matchup?gameId=401829176
2026-01-02,401820642,Notre Dame Fighting Irish,California Golden Bears,N,https://www.espn.com/mens-college-basketball/matchup?gameId=401820642
2026-01-03,401827599,Arizona Wildcats,Utah Utes,N,https://www.espn.com/mens-college-basketball/matchup?gameId=401827599
2026-01-03,401825417,Purdue Boilermakers,Wisconsin Badgers,N,https://www.espn.com/mens-college-basketball/matchup?gameId=401825417
2026-01-03,401820644,Duke Blue Devils,Florida State Seminoles,N,https://www.espn.com/mens-college-basketball/matchup?gameId=401820644
2026-01-03,401827595,Houston Cougars,Cincinnati Bearcats,N,https://www.espn.com/mens-college-basketball/matchup?gameId=401827595
2026-01-03,401827596,BYU Cougars,Kansas State Wildcats,N,https://www.espn.com/mens-college-basketball/matchup?gameId=401827596
2026-01-03,401808148,Vanderbilt Commodores,South Carolina Gamecocks,N,https://www.espn.com/mens-college-basketball/matchup?gameId=401808148
2026-01-03,401820648,North Carolina Tar Heels,SMU Mustangs,N,https://www.espn.com/mens-college-basketball/matchup?gameId=401820648
2026-01-03,401808152,Kentucky Wildcats,Alabama Crimson Tide,N,https://www.espn.com/mens-college-basketball/matchup?gameId=401808152
2026-01-03,401827598,Oklahoma State Cowboys,Texas Tech Red Raiders,N,https://www.espn.com/mens-college-basketball/matchup?gameId=401827598
2026-01-03,401827594,Kansas Jayhawks,UCF Knights,N,https://www.espn.com/mens-college-basketball/matchup?gameId=401827594
2026-01-03,401808145,Tennessee Volunteers,Arkansas Razorbacks,N,https://www.espn.com/mens-college-basketball/matchup?gameId=401808145
2026-01-03,401825416,Illinois Fighting Illini,Penn State Nittany Lions,N,https://www.espn.com/mens-college-basketball/matchup?gameId=401825416
2026-01-03,401820646,Virginia Cavaliers,NC State Wolfpack,N,https://www.espn.com/mens-college-basketball/matchup?gameId=401820646
2026-01-03,401808147,Florida Gators,Missouri Tigers,N,https://www.espn.com/mens-college-basketball/matchup?gameId=401808147
2026-01-03,401808146,Auburn Tigers,Georgia Bulldogs,N,https://www.espn.com/mens-college-basketball/matchup?gameId=401808146
2026-01-03,401825414,UCLA Bruins,Iowa Hawkeyes,N,https://www.espn.com/mens-college-basketball/matchup?gameId=401825414
2026-01-03,401828352,VCU Rams,Duquesne Dukes,N,https://www.espn.com/mens-college-basketball/matchup?gameId=401828352
2026-01-03,401828158,UTSA Roadrunners,Temple Owls,N,https://www.espn.com/mens-college-basketball/matchup?gameId=401828158
2026-01-03,401822883,Villanova Wildcats,Butler Bulldogs,N,https://www.espn.com/mens-college-basketball/matchup?gameId=401822883
2026-01-03,401822882,Providence Friars,St. John's Red Storm,N,https://www.espn.com/mens-college-basketball/matchup?gameId=401822882
2026-01-03,401820649,Virginia Tech Hokies,Wake Forest Demon Deacons,N,https://www.espn.com/mens-college-basketball/matchup?gameId=401820649
2026-01-03,401820647,Clemson Tigers,Pittsburgh Panthers,N,https://www.espn.com/mens-college-basketball/matchup?gameId=401820647
2026-01-03,401811995,Northeastern Huskies,Campbell Fighting Camels,N,https://www.espn.com/mens-college-basketball/matchup?gameId=401811995
2026-01-03,401826818,Colgate Raiders,Army Black Knights,N,https://www.espn.com/mens-college-basketball/matchup?gameId=401826818
2026-01-03,401824364,American University Eagles,Boston University Terriers,N,https://www.espn.com/mens-college-basketball/matchup?gameId=401824364
2026-01-03,401814501,Northern Illinois Huskies,Kent State Golden Flashes,N,https://www.espn.com/mens-college-basketball/matchup?gameId=401814501
2026-01-03,401812109,Vermont Catamounts,New Hampshire Wildcats,N,https://www.espn.com/mens-college-basketball/matchup?gameId=401812109
2026-01-03,401809232,Chattanooga Mocs,VMI Keydets,N,https://www.espn.com/mens-college-basketball/matchup?gameId=401809232
2026-01-03,401809230,Wofford Terriers,The Citadel Bulldogs,N,https://www.espn.com/mens-college-basketball/matchup?gameId=401809230
2026-01-03,401808598,Southern Miss Golden Eagles,Louisiana Ragin' Cajuns,N,https://www.espn.com/mens-college-basketball/matchup?gameId=401808598
2026-01-03,401808596,Georgia State Panthers,Coastal Carolina Chanticleers,N,https://www.espn.com/mens-college-basketball/matchup?gameId=401808596
2026-01-03,401828354,La Salle Explorers,George Washington Revolutionaries,N,https://www.espn.com/mens-college-basketball/matchup?gameId=401828354
2026-01-03,401828351,Dayton Flyers,Loyola Chicago Ramblers,N,https://www.espn.com/mens-college-basketball/matchup?gameId=401828351
2026-01-03,401827597,Baylor Bears,TCU Horned Frogs,N,https://www.espn.com/mens-college-basketball/matchup?gameId=401827597
2026-01-03,401823901,South Carolina Upstate Spartans,Presbyterian Blue Hose,N,https://www.espn.com/mens-college-basketball/matchup?gameId=401823901
2026-01-03,401823900,UNC Asheville Bulldogs,Charleston Southern Buccaneers,N,https://www.espn.com/mens-college-basketball/matchup?gameId=401823900
2026-01-03,401823899,Longwood Lancers,High Point Panthers,N,https://www.espn.com/mens-college-basketball/matchup?gameId=401823899
2026-01-03,401822884,Xavier Musketeers,DePaul Blue Demons,N,https://www.espn.com/mens-college-basketball/matchup?gameId=401822884
2026-01-03,401820161,Navy Midshipmen,Holy Cross Crusaders,N,https://www.espn.com/mens-college-basketball/matchup?gameId=401820161
2026-01-03,401818373,South Dakota State Jackrabbits,North Dakota Fighting Hawks,N,https://www.espn.com/mens-college-basketball/matchup?gameId=401818373
2026-01-03,401814502,Ohio Bobcats,Eastern Michigan Eagles,N,https://www.espn.com/mens-college-basketball/matchup?gameId=401814502
2026-01-03,401814500,Bowling Green Falcons,Massachusetts Minutemen,N,https://www.espn.com/mens-college-basketball/matchup?gameId=401814500
2026-01-03,401814499,Ball State Cardinals,Buffalo Bulls,N,https://www.espn.com/mens-college-basketball/matchup?gameId=401814499
2026-01-03,401812108,NJIT Highlanders,Binghamton Bearcats,N,https://www.espn.com/mens-college-basketball/matchup?gameId=401812108
2026-01-03,401812107,Bryant Bulldogs,Maine Black Bears,N,https://www.espn.com/mens-college-basketball/matchup?gameId=401812107
2026-01-03,401812106,UAlbany Great Danes,UMass Lowell River Hawks,N,https://www.espn.com/mens-college-basketball/matchup?gameId=401812106
2026-01-03,401811996,Hofstra Pride,Drexel Dragons,N,https://www.espn.com/mens-college-basketball/matchup?gameId=401811996
2026-01-03,401807672,Stetson Hatters,Central Arkansas Bears,N,https://www.espn.com/mens-college-basketball/matchup?gameId=401807672
2026-01-03,401807668,Eastern Kentucky Colonels,West Georgia Wolves,N,https://www.espn.com/mens-college-basketball/matchup?gameId=401807668
2026-01-03,401820645,Boston College Eagles,Georgia Tech Yellow Jackets,N,https://www.espn.com/mens-college-basketball/matchup?gameId=401820645
2026-01-03,401828157,Memphis Tigers,Rice Owls,N,https://www.espn.com/mens-college-basketball/matchup?gameId=401828157
2026-01-03,401814503,Toledo Rockets,Central Michigan Chippewas,N,https://www.espn.com/mens-college-basketball/matchup?gameId=401814503
2026-01-03,401808597,James Madison Dukes,Arkansas State Red Wolves,N,https://www.espn.com/mens-college-basketball/matchup?gameId=401808597
2026-01-03,401807669,Florida Gulf Coast Eagles,North Alabama Lions,N,https://www.espn.com/mens-college-basketball/matchup?gameId=401807669
2026-01-03,401807667,Bellarmine Knights,Queens University Royals,N,https://www.espn.com/mens-college-basketball/matchup?gameId=401807667
2026-01-03,401827114,Florida A&M Rattlers,Bethune-Cookman Wildcats,N,https://www.espn.com/mens-college-basketball/matchup?gameId=401827114
2026-01-03,401814498,Akron Zips,Miami (OH) RedHawks,N,https://www.espn.com/mens-college-basketball/matchup?gameId=401814498
2026-01-03,401808595,Georgia Southern Eagles,Old Dominion Monarchs,N,https://www.espn.com/mens-college-basketball/matchup?gameId=401808595
2026-01-03,401808151,Ole Miss Rebels,Oklahoma Sooners,N,https://www.espn.com/mens-college-basketball/matchup?gameId=401808151
2026-01-03,401808600,Texas State Bobcats,UL Monroe Warhawks,N,https://www.espn.com/mens-college-basketball/matchup?gameId=401808600
2026-01-03,401828353,Rhode Island Rams,George Mason Patriots,N,https://www.espn.com/mens-college-basketball/matchup?gameId=401828353
2026-01-03,401827935,San José State Spartans,Utah State Aggies,N,https://www.espn.com/mens-college-basketball/matchup?gameId=401827935
2026-01-03,401823898,Gardner-Webb Runnin' Bulldogs,Winthrop Eagles,N,https://www.espn.com/mens-college-basketball/matchup?gameId=401823898
2026-01-03,401823265,UC Santa Barbara Gauchos,Cal State Northridge Matadors,N,https://www.espn.com/mens-college-basketball/matchup?gameId=401823265
2026-01-03,401818374,Oral Roberts Golden Eagles,North Dakota State Bison,N,https://www.espn.com/mens-college-basketball/matchup?gameId=401818374
2026-01-03,401812000,North Carolina A&T Aggies,Stony Brook Seawolves,N,https://www.espn.com/mens-college-basketball/matchup?gameId=401812000
2026-01-03,401809231,Samford Bulldogs,UNC Greensboro Spartans,N,https://www.espn.com/mens-college-basketball/matchup?gameId=401809231
2026-01-03,401809229,Western Carolina Catamounts,Furman Paladins,N,https://www.espn.com/mens-college-basketball/matchup?gameId=401809229
2026-01-03,401809228,Mercer Bears,East Tennessee State Buccaneers,N,https://www.espn.com/mens-college-basketball/matchup?gameId=401809228
2026-01-03,401808594,App State Mountaineers,Marshall Thundering Herd,N,https://www.espn.com/mens-college-basketball/matchup?gameId=401808594
2026-01-03,401808149,LSU Tigers,Texas A&M Aggies,N,https://www.espn.com/mens-college-basketball/matchup?gameId=401808149
2026-01-03,401805160,Utah Valley Wolverines,Abilene Christian Wildcats,N,https://www.espn.com/mens-college-basketball/matchup?gameId=401805160
2026-01-03,401829284,Howard Bison,South Carolina State Bulldogs,N,https://www.espn.com/mens-college-basketball/matchup?gameId=401829284
2026-01-03,401828724,Norfolk State Spartans,North Carolina Central Eagles,N,https://www.espn.com/mens-college-basketball/matchup?gameId=401828724
2026-01-03,401828663,Alcorn State Braves,Jackson State Tigers,N,https://www.espn.com/mens-college-basketball/matchup?gameId=401828663
2026-01-03,401823045,Morgan State Bears,Maryland Eastern Shore Hawks,N,https://www.espn.com/mens-college-basketball/matchup?gameId=401823045
2026-01-03,401822767,Coppin State Eagles,Delaware State Hornets,N,https://www.espn.com/mens-college-basketball/matchup?gameId=401822767
2026-01-03,401808956,Stephen F. Austin Lumberjacks,SE Louisiana Lions,N,https://www.espn.com/mens-college-basketball/matchup?gameId=401808956
2026-01-03,401808904,New Orleans Privateers,Northwestern State Demons,N,https://www.espn.com/mens-college-basketball/matchup?gameId=401808904
2026-01-03,401808706,East Texas A&M Lions,Nicholls Colonels,N,https://www.espn.com/mens-college-basketball/matchup?gameId=401808706
2026-01-03,401808599,South Alabama Jaguars,Troy Trojans,N,https://www.espn.com/mens-college-basketball/matchup?gameId=401808599
2026-01-03,401806423,Morehead State Eagles,SIU Edwardsville Cougars,N,https://www.espn.com/mens-college-basketball/matchup?gameId=401806423
2026-01-03,401806422,Tennessee State Tigers,Little Rock Trojans,N,https://www.espn.com/mens-college-basketball/matchup?gameId=401806422
2026-01-03,401806421,Southern Indiana Screaming Eagles,Lindenwood Lions,N,https://www.espn.com/mens-college-basketball/matchup?gameId=401806421
2026-01-03,401806420,Eastern Illinois Panthers,UT Martin Skyhawks,N,https://www.espn.com/mens-college-basketball/matchup?gameId=401806420
2026-01-03,401806424,Western Illinois Leathernecks,Southeast Missouri State Redhawks,N,https://www.espn.com/mens-college-basketball/matchup?gameId=401806424
2026-01-03,401829396,Lehigh Mountain Hawks,Bucknell Bison,N,https://www.espn.com/mens-college-basketball/matchup?gameId=401829396
2026-01-03,401825415,Minnesota Golden Gophers,Northwestern Wildcats,N,https://www.espn.com/mens-college-basketball/matchup?gameId=401825415
2026-01-03,401820559,Air Force Falcons,UNLV Rebels,N,https://www.espn.com/mens-college-basketball/matchup?gameId=401820559
2026-01-03,401820476,Houston Christian Huskies,Incarnate Word Cardinals,N,https://www.espn.com/mens-college-basketball/matchup?gameId=401820476
2026-01-03,401820194,Lafayette Leopards,Loyola Maryland Greyhounds,N,https://www.espn.com/mens-college-basketball/matchup?gameId=401820194
2026-01-03,401809125,Cal State Bakersfield Roadrunners,UC Davis Aggies,N,https://www.espn.com/mens-college-basketball/matchup?gameId=401809125
2026-01-03,401808453,Eastern Washington Eagles,Idaho Vandals,N,https://www.espn.com/mens-college-basketball/matchup?gameId=401808453
2026-01-03,401807671,North Florida Ospreys,Lipscomb Bisons,N,https://www.espn.com/mens-college-basketball/matchup?gameId=401807671
2026-01-03,401807670,Jacksonville Dolphins,Austin Peay Governors,N,https://www.espn.com/mens-college-basketball/matchup?gameId=401807670
2026-01-03,401805161,California Baptist Lancers,Tarleton State Texans,N,https://www.espn.com/mens-college-basketball/matchup?gameId=401805161
2026-01-03,401827593,Colorado Buffaloes,Arizona State Sun Devils,N,https://www.espn.com/mens-college-basketball/matchup?gameId=401827593
2026-01-03,401827047,Prairie View A&M Panthers,Grambling Tigers,N,https://www.espn.com/mens-college-basketball/matchup?gameId=401827047
2026-01-03,401808977,Texas A&M-Corpus Christi Islanders,UT Rio Grande Valley Vaqueros,N,https://www.espn.com/mens-college-basketball/matchup?gameId=401808977
2026-01-03,401828350,Davidson Wildcats,Saint Joseph's Hawks,N,https://www.espn.com/mens-college-basketball/matchup?gameId=401828350
2026-01-03,401827021,Texas Southern Tigers,Southern Jaguars,N,https://www.espn.com/mens-college-basketball/matchup?gameId=401827021
2026-01-03,401811997,Monmouth Hawks,Towson Tigers,N,https://www.espn.com/mens-college-basketball/matchup?gameId=401811997
2026-01-03,401808502,Northern Colorado Bears,Montana Grizzlies,N,https://www.espn.com/mens-college-basketball/matchup?gameId=401808502
2026-01-03,401808488,Portland State Vikings,Idaho State Bengals,N,https://www.espn.com/mens-college-basketball/matchup?gameId=401808488
2026-01-03,401808150,Mississippi State Bulldogs,Texas Longhorns,N,https://www.espn.com/mens-college-basketball/matchup?gameId=401808150
2026-01-03,401828156,Wichita State Shockers,Charlotte 49ers,N,https://www.espn.com/mens-college-basketball/matchup?gameId=401828156
2026-01-03,401827159,Alabama State Hornets,Mississippi Valley State Delta Devils,N,https://www.espn.com/mens-college-basketball/matchup?gameId=401827159
2026-01-03,401827136,Alabama A&M Bulldogs,Arkansas-Pine Bluff Golden Lions,N,https://www.espn.com/mens-college-basketball/matchup?gameId=401827136
2026-01-03,401828925,Nevada Wolf Pack,Fresno State Bulldogs,N,https://www.espn.com/mens-college-basketball/matchup?gameId=401828925
2026-01-03,401811999,Hampton Pirates,UNC Wilmington Seahawks,N,https://www.espn.com/mens-college-basketball/matchup?gameId=401811999
2026-01-03,401809108,UC Irvine Anteaters,Cal State Fullerton Titans,N,https://www.espn.com/mens-college-basketball/matchup?gameId=401809108
2026-01-03,401830320,Wyoming Cowboys,New Mexico Lobos,N,https://www.espn.com/mens-college-basketball/matchup?gameId=401830320
2026-01-03,401823792,Colorado State Rams,Grand Canyon Lopes,N,https://www.espn.com/mens-college-basketball/matchup?gameId=401823792
2026-01-03,401818375,Kansas City Roos,Omaha Mavericks,N,https://www.espn.com/mens-college-basketball/matchup?gameId=401818375
2026-01-03,401808514,Northern Arizona Lumberjacks,Montana State Bobcats,N,https://www.espn.com/mens-college-basketball/matchup?gameId=401808514
2026-01-03,401805162,UT Arlington Mavericks,Southern Utah Thunderbirds,N,https://www.espn.com/mens-college-basketball/matchup?gameId=401805162
2026-01-03,401809155,Cal Poly Mustangs,Long Beach State Beach,N,https://www.espn.com/mens-college-basketball/matchup?gameId=401809155
2026-01-03,401808541,Sacramento State Hornets,Weber State Wildcats,N,https://www.espn.com/mens-college-basketball/matchup?gameId=401808541
2026-01-03,401823771,Boise State Broncos,San Diego State Aztecs,N,https://www.espn.com/mens-college-basketball/matchup?gameId=401823771
2026-01-03,401809087,Hawai'i Rainbow Warriors,UC San Diego Tritons,N,https://www.espn.com/mens-college-basketball/matchup?gameId=401809087
2026-01-04,401822885,Marquette Golden Eagles,UConn Huskies,N,https://www.espn.com/mens-college-basketball/matchup?gameId=401822885
2026-01-04,401829181,Loyola Marymount Lions,Gonzaga Bulldogs,N,https://www.espn.com/mens-college-basketball/matchup?gameId=401829181
2026-01-04,401828355,Richmond Spiders,Fordham Rams,N,https://www.espn.com/mens-college-basketball/matchup?gameId=401828355
2026-01-04,401822886,Creighton Bluejays,Seton Hall Pirates,N,https://www.espn.com/mens-college-basketball/matchup?gameId=401822886
2026-01-04,401813359,Sacred Heart Pioneers,Canisius Golden Griffins,N,https://www.espn.com/mens-college-basketball/matchup?gameId=401813359
2026-01-04,401813311,Manhattan Jaspers,Merrimack Warriors,N,https://www.espn.com/mens-college-basketball/matchup?gameId=401813311
2026-01-04,401828160,Florida Atlantic Owls,Tulane Green Wave,N,https://www.espn.com/mens-college-basketball/matchup?gameId=401828160
2026-01-04,401828159,UAB Blazers,South Florida Bulls,N,https://www.espn.com/mens-college-basketball/matchup?gameId=401828159
2026-01-04,401818376,Denver Pioneers,St. Thomas-Minnesota Tommies,N,https://www.espn.com/mens-college-basketball/matchup?gameId=401818376
2026-01-04,401812653,New Haven Chargers,Central Connecticut Blue Devils,N,https://www.espn.com/mens-college-basketball/matchup?gameId=401812653
2026-01-04,401817607,Cleveland State Vikings,Purdue Fort Wayne Mastodons,N,https://www.espn.com/mens-college-basketball/matchup?gameId=401817607
2026-01-04,401817606,Wright State Raiders,IU Indianapolis Jaguars,N,https://www.espn.com/mens-college-basketball/matchup?gameId=401817606
2026-01-04,401813423,Siena Saints,Rider Broncs,N,https://www.espn.com/mens-college-basketball/matchup?gameId=401813423
2026-01-04,401813409,Mount St. Mary's Mountaineers,Quinnipiac Bobcats,N,https://www.espn.com/mens-college-basketball/matchup?gameId=401813409
2026-01-04,401813385,Fairfield Stags,Niagara Purple Eagles,N,https://www.espn.com/mens-college-basketball/matchup?gameId=401813385
2026-01-04,401813330,Iona Gaels,Marist Red Foxes,N,https://www.espn.com/mens-college-basketball/matchup?gameId=401813330
2026-01-04,401812366,Long Island University Sharks,Chicago State Cougars,N,https://www.espn.com/mens-college-basketball/matchup?gameId=401812366
2026-01-04,401812335,Le Moyne Dolphins,Mercyhurst Lakers,N,https://www.espn.com/mens-college-basketball/matchup?gameId=401812335
2026-01-04,401804866,Kennesaw State Owls,Delaware Blue Hens,N,https://www.espn.com/mens-college-basketball/matchup?gameId=401804866
2026-01-04,401804865,Jacksonville State Gamecocks,Liberty Flames,N,https://www.espn.com/mens-college-basketball/matchup?gameId=401804865
2026-01-04,401804863,Sam Houston Bearkats,Middle Tennessee Blue Raiders,N,https://www.espn.com/mens-college-basketball/matchup?gameId=401804863
2026-01-04,401830261,UIC Flames,Valparaiso Beacons,N,https://www.espn.com/mens-college-basketball/matchup?gameId=401830261
2026-01-04,401830259,Indiana State Sycamores,Drake Bulldogs,N,https://www.espn.com/mens-college-basketball/matchup?gameId=401830259
2026-01-04,401817609,Robert Morris Colonials,Oakland Golden Grizzlies,N,https://www.espn.com/mens-college-basketball/matchup?gameId=401817609
2026-01-04,401804864,Louisiana Tech Bulldogs,Western Kentucky Hilltoppers,N,https://www.espn.com/mens-college-basketball/matchup?gameId=401804864
2026-01-04,401804861,New Mexico State Aggies,Missouri State Bears,N,https://www.espn.com/mens-college-basketball/matchup?gameId=401804861
2026-01-04,401830260,Northern Iowa Panthers,Evansville Purple Aces,N,https://www.espn.com/mens-college-basketball/matchup?gameId=401830260
2026-01-04,401828161,Tulsa Golden Hurricane,North Texas Mean Green,N,https://www.espn.com/mens-college-basketball/matchup?gameId=401828161
2026-01-04,401817608,Youngstown State Penguins,Northern Kentucky Norse,N,https://www.espn.com/mens-college-basketball/matchup?gameId=401817608
2026-01-04,401812402,Stonehill Skyhawks,Wagner Seahawks,N,https://www.espn.com/mens-college-basketball/matchup?gameId=401812402
2026-01-04,401812316,Fairleigh Dickinson Knights,Saint Francis Red Flash,N,https://www.espn.com/mens-college-basketball/matchup?gameId=401812316
2026-01-04,401804862,UTEP Miners,Florida International Panthers,N,https://www.espn.com/mens-college-basketball/matchup?gameId=401804862
2026-01-04,401830235,Bradley Braves,Murray State Racers,N,https://www.espn.com/mens-college-basketball/matchup?gameId=401830235
2026-01-04,401830202,Southern Illinois Salukis,Belmont Bruins,N,https://www.espn.com/mens-college-basketball/matchup?gameId=401830202
2026-01-04,401829185,San Diego Toreros,Santa Clara Broncos,N,https://www.espn.com/mens-college-basketball/matchup?gameId=401829185
2026-01-04,401829184,Portland Pilots,San Francisco Dons,N,https://www.espn.com/mens-college-basketball/matchup?gameId=401829184
2026-01-04,401829183,Pepperdine Waves,Pacific Tigers,N,https://www.espn.com/mens-college-basketball/matchup?gameId=401829183
2026-01-04,401829182,Oregon State Beavers,Washington State Cougars,N,https://www.espn.com/mens-college-basketball/matchup?gameId=401829182
2026-01-04,401829186,Seattle U Redhawks,Saint Mary's Gaels,N,https://www.espn.com/mens-college-basketball/matchup?gameId=401829186
2026-01-04,401825418,Washington Huskies,Indiana Hoosiers,N,https://www.espn.com/mens-college-basketball/matchup?gameId=401825418
2026-01-05,401825420,Nebraska Cornhuskers,Ohio State Buckeyes,N,https://www.espn.com/mens-college-basketball/matchup?gameId=401825420
2026-01-05,401825419,USC Trojans,Michigan State Spartans,N,https://www.espn.com/mens-college-basketball/matchup?gameId=401825419
2026-01-05,401818539,Columbia Lions,Cornell Big Red,N,https://www.espn.com/mens-college-basketball/matchup?gameId=401818539
2026-01-05,401827137,Alabama State Hornets,Arkansas-Pine Bluff Golden Lions,N,https://www.espn.com/mens-college-basketball/matchup?gameId=401827137
2026-01-05,401827022,Prairie View A&M Panthers,Southern Jaguars,N,https://www.espn.com/mens-college-basketball/matchup?gameId=401827022
2026-01-05,401825421,Oregon Ducks,Rutgers Scarlet Knights,N,https://www.espn.com/mens-college-basketball/matchup?gameId=401825421
2026-01-05,401818307,Yale Bulldogs,Brown Bears,N,https://www.espn.com/mens-college-basketball/matchup?gameId=401818307
2026-01-05,401817610,Milwaukee Panthers,Green Bay Phoenix,N,https://www.espn.com/mens-college-basketball/matchup?gameId=401817610
2026-01-05,401812613,Dartmouth Big Green,Harvard Crimson,N,https://www.espn.com/mens-college-basketball/matchup?gameId=401812613
2026-01-05,401812585,Pennsylvania Quakers,Princeton Tigers,N,https://www.espn.com/mens-college-basketball/matchup?gameId=401812585
2026-01-05,401811998,William & Mary Tribe,Charleston Cougars,N,https://www.espn.com/mens-college-basketball/matchup?gameId=401811998
2026-01-05,401808957,Lamar Cardinals,SE Louisiana Lions,N,https://www.espn.com/mens-college-basketball/matchup?gameId=401808957
2026-01-05,401827095,Texas Southern Tigers,Grambling Tigers,N,https://www.espn.com/mens-college-basketball/matchup?gameId=401827095
2026-01-05,401808978,Incarnate Word Cardinals,UT Rio Grande Valley Vaqueros,N,https://www.espn.com/mens-college-basketball/matchup?gameId=401808978
2026-01-05,401808922,Northwestern State Demons,Nicholls Colonels,N,https://www.espn.com/mens-college-basketball/matchup?gameId=401808922
2026-01-05,401808874,Stephen F. Austin Lumberjacks,McNeese Cowboys,N,https://www.espn.com/mens-college-basketball/matchup?gameId=401808874
2026-01-05,401827201,Alabama A&M Bulldogs,Mississippi Valley State Delta Devils,N,https://www.espn.com/mens-college-basketball/matchup?gameId=401827201
2026-01-05,401820477,Texas A&M-Corpus Christi Islanders,Houston Christian Huskies,N,https://www.espn.com/mens-college-basketball/matchup?gameId=401820477
2026-01-05,401808707,East Texas A&M Lions,New Orleans Privateers,N,https://www.espn.com/mens-college-basketball/matchup?gameId=401808707
2026-01-06,401825423,Michigan Wolverines,Penn State Nittany Lions,N,https://www.espn.com/mens-college-basketball/matchup?gameId=401825423
2026-01-06,401820650,Duke Blue Devils,Louisville Cardinals,N,https://www.espn.com/mens-college-basketball/matchup?gameId=401820650
2026-01-06,401827600,Texas Tech Red Raiders,Houston Cougars,N,https://www.espn.com/mens-college-basketball/matchup?gameId=401827600
2026-01-06,401808153,Georgia Bulldogs,Florida Gators,N,https://www.espn.com/mens-college-basketball/matchup?gameId=401808153
2026-01-06,401825422,Iowa Hawkeyes,Minnesota Golden Gophers,N,https://www.espn.com/mens-college-basketball/matchup?gameId=401825422
2026-01-06,401808160,Texas Longhorns,Tennessee Volunteers,N,https://www.espn.com/mens-college-basketball/matchup?gameId=401808160
2026-01-06,401827601,TCU Horned Frogs,Kansas Jayhawks,N,https://www.espn.com/mens-college-basketball/matchup?gameId=401827601
2026-01-06,401827602,UCF Knights,Oklahoma State Cowboys,N,https://www.espn.com/mens-college-basketball/matchup?gameId=401827602
2026-01-06,401814507,Massachusetts Minutemen,Ohio Bobcats,N,https://www.espn.com/mens-college-basketball/matchup?gameId=401814507
2026-01-06,401827603,Cincinnati Bearcats,West Virginia Mountaineers,N,https://www.espn.com/mens-college-basketball/matchup?gameId=401827603
2026-01-06,401822888,St. John's Red Storm,Butler Bulldogs,N,https://www.espn.com/mens-college-basketball/matchup?gameId=401822888
2026-01-06,401820653,Syracuse Orange,Georgia Tech Yellow Jackets,N,https://www.espn.com/mens-college-basketball/matchup?gameId=401820653
2026-01-06,401814509,Western Michigan Broncos,Miami (OH) RedHawks,N,https://www.espn.com/mens-college-basketball/matchup?gameId=401814509
2026-01-06,401814506,Eastern Michigan Eagles,Ball State Cardinals,N,https://www.espn.com/mens-college-basketball/matchup?gameId=401814506
2026-01-06,401814505,Central Michigan Chippewas,Akron Zips,N,https://www.espn.com/mens-college-basketball/matchup?gameId=401814505
2026-01-06,401814504,Bowling Green Falcons,Kent State Golden Flashes,N,https://www.espn.com/mens-college-basketball/matchup?gameId=401814504
2026-01-06,401808158,South Carolina Gamecocks,LSU Tigers,N,https://www.espn.com/mens-college-basketball/matchup?gameId=401808158
2026-01-06,401828356,George Washington Revolutionaries,Dayton Flyers,N,https://www.espn.com/mens-college-basketball/matchup?gameId=401828356
2026-01-06,401822887,Georgetown Hoyas,DePaul Blue Demons,N,https://www.espn.com/mens-college-basketball/matchup?gameId=401822887
2026-01-06,401814508,Toledo Rockets,Northern Illinois Huskies,N,https://www.espn.com/mens-college-basketball/matchup?gameId=401814508
2026-01-06,401806425,Lindenwood Lions,SIU Edwardsville Cougars,N,https://www.espn.com/mens-college-basketball/matchup?gameId=401806425
2026-01-06,401830321,New Mexico Lobos,Colorado State Rams,N,https://www.espn.com/mens-college-basketball/matchup?gameId=401830321
2026-01-06,401825424,UCLA Bruins,Wisconsin Badgers,N,https://www.espn.com/mens-college-basketball/matchup?gameId=401825424
2026-01-06,401820651,NC State Wolfpack,Boston College Eagles,N,https://www.espn.com/mens-college-basketball/matchup?gameId=401820651
2026-01-06,401820560,Utah State Aggies,Air Force Falcons,N,https://www.espn.com/mens-college-basketball/matchup?gameId=401820560
2026-01-06,401808156,Texas A&M Aggies,Auburn Tigers,N,https://www.espn.com/mens-college-basketball/matchup?gameId=401808156
2026-01-06,401830822,UNLV Rebels,Wyoming Cowboys,N,https://www.espn.com/mens-college-basketball/matchup?gameId=401830822
2026-01-06,401828926,Fresno State Bulldogs,San José State Spartans,N,https://www.espn.com/mens-college-basketball/matchup?gameId=401828926
2026-01-06,401823772,San Diego State Aztecs,Nevada Wolf Pack,N,https://www.espn.com/mens-college-basketball/matchup?gameId=401823772
2026-01-07,401827604,Kansas State Wildcats,Arizona Wildcats,N,https://www.espn.com/mens-college-basketball/matchup?gameId=401827604
2026-01-07,401827605,Iowa State Cyclones,Baylor Bears,N,https://www.espn.com/mens-college-basketball/matchup?gameId=401827605
2026-01-07,401822889,UConn Huskies,Providence Friars,N,https://www.espn.com/mens-college-basketball/matchup?gameId=401822889
2026-01-07,401825426,Washington Huskies,Purdue Boilermakers,N,https://www.espn.com/mens-college-basketball/matchup?gameId=401825426
2026-01-07,401827606,Arizona State Sun Devils,BYU Cougars,N,https://www.espn.com/mens-college-basketball/matchup?gameId=401827606
2026-01-07,401808155,Alabama Crimson Tide,Vanderbilt Commodores,N,https://www.espn.com/mens-college-basketball/matchup?gameId=401808155
2026-01-07,401808159,Arkansas Razorbacks,Ole Miss Rebels,N,https://www.espn.com/mens-college-basketball/matchup?gameId=401808159
2026-01-07,401820654,California Golden Bears,Virginia Cavaliers,N,https://www.espn.com/mens-college-basketball/matchup?gameId=401820654
2026-01-07,401820652,SMU Mustangs,Clemson Tigers,N,https://www.espn.com/mens-college-basketball/matchup?gameId=401820652
2026-01-07,401809313,Furman Paladins,Chattanooga Mocs,N,https://www.espn.com/mens-college-basketball/matchup?gameId=401809313
2026-01-07,401824385,Holy Cross Crusaders,Lehigh Mountain Hawks,N,https://www.espn.com/mens-college-basketball/matchup?gameId=401824385
2026-01-07,401820195,Loyola Maryland Greyhounds,Army Black Knights,N,https://www.espn.com/mens-college-basketball/matchup?gameId=401820195
2026-01-07,401809317,UNC Greensboro Spartans,Wofford Terriers,N,https://www.espn.com/mens-college-basketball/matchup?gameId=401809317
2026-01-07,401825425,Indiana Hoosiers,Maryland Terrapins,N,https://www.espn.com/mens-college-basketball/matchup?gameId=401825425
2026-01-07,401823904,Longwood Lancers,UNC Asheville Bulldogs,N,https://www.espn.com/mens-college-basketball/matchup?gameId=401823904
2026-01-07,401823902,Charleston Southern Buccaneers,Winthrop Eagles,N,https://www.espn.com/mens-college-basketball/matchup?gameId=401823902
2026-01-07,401830203,Belmont Bruins,Northern Iowa Panthers,N,https://www.espn.com/mens-college-basketball/matchup?gameId=401830203
2026-01-07,401828673,American University Eagles,Colgate Raiders,N,https://www.espn.com/mens-college-basketball/matchup?gameId=401828673
2026-01-07,401828362,Saint Louis Billikens,VCU Rams,N,https://www.espn.com/mens-college-basketball/matchup?gameId=401828362
2026-01-07,401828361,Richmond Spiders,St. Bonaventure Bonnies,N,https://www.espn.com/mens-college-basketball/matchup?gameId=401828361
2026-01-07,401828360,La Salle Explorers,Rhode Island Rams,N,https://www.espn.com/mens-college-basketball/matchup?gameId=401828360
2026-01-07,401828359,George Mason Patriots,Fordham Rams,N,https://www.espn.com/mens-college-basketball/matchup?gameId=401828359
2026-01-07,401828358,Duquesne Dukes,Saint Joseph's Hawks,N,https://www.espn.com/mens-college-basketball/matchup?gameId=401828358
2026-01-07,401828164,East Carolina Pirates,Temple Owls,N,https://www.espn.com/mens-college-basketball/matchup?gameId=401828164
2026-01-07,401824365,Boston University Terriers,Lafayette Leopards,N,https://www.espn.com/mens-college-basketball/matchup?gameId=401824365
2026-01-07,401823905,Presbyterian Blue Hose,Radford Highlanders,N,https://www.espn.com/mens-college-basketball/matchup?gameId=401823905
2026-01-07,401823903,Gardner-Webb Runnin' Bulldogs,High Point Panthers,N,https://www.espn.com/mens-college-basketball/matchup?gameId=401823903
2026-01-07,401822890,Xavier Musketeers,Marquette Golden Eagles,N,https://www.espn.com/mens-college-basketball/matchup?gameId=401822890
2026-01-07,401820656,Miami Hurricanes,Wake Forest Demon Deacons,N,https://www.espn.com/mens-college-basketball/matchup?gameId=401820656
2026-01-07,401820655,Stanford Cardinal,Virginia Tech Hokies,N,https://www.espn.com/mens-college-basketball/matchup?gameId=401820655
2026-01-07,401820162,Bucknell Bison,Navy Midshipmen,N,https://www.espn.com/mens-college-basketball/matchup?gameId=401820162
2026-01-07,401809316,Western Carolina Catamounts,Samford Bulldogs,N,https://www.espn.com/mens-college-basketball/matchup?gameId=401809316
2026-01-07,401809315,The Citadel Bulldogs,Mercer Bears,N,https://www.espn.com/mens-college-basketball/matchup?gameId=401809315
2026-01-07,401809314,VMI Keydets,East Tennessee State Buccaneers,N,https://www.espn.com/mens-college-basketball/matchup?gameId=401809314
2026-01-07,401808601,Marshall Thundering Herd,James Madison Dukes,N,https://www.espn.com/mens-college-basketball/matchup?gameId=401808601
2026-01-07,401808157,Missouri Tigers,Kentucky Wildcats,N,https://www.espn.com/mens-college-basketball/matchup?gameId=401808157
2026-01-07,401808154,Oklahoma Sooners,Mississippi State Bulldogs,N,https://www.espn.com/mens-college-basketball/matchup?gameId=401808154
2026-01-07,401804868,Missouri State Bears,Kennesaw State Owls,N,https://www.espn.com/mens-college-basketball/matchup?gameId=401804868
2026-01-07,401804867,Florida International Panthers,Jacksonville State Gamecocks,N,https://www.espn.com/mens-college-basketball/matchup?gameId=401804867
2026-01-07,401817611,Purdue Fort Wayne Mastodons,Youngstown State Penguins,N,https://www.espn.com/mens-college-basketball/matchup?gameId=401817611
2026-01-07,401828165,Rice Owls,Wichita State Shockers,N,https://www.espn.com/mens-college-basketball/matchup?gameId=401828165
2026-01-07,401828162,Florida Atlantic Owls,UAB Blazers,N,https://www.espn.com/mens-college-basketball/matchup?gameId=401828162
2026-01-07,401822891,Creighton Bluejays,Villanova Wildcats,N,https://www.espn.com/mens-college-basketball/matchup?gameId=401822891
2026-01-07,401830264,Illinois State Redbirds,Valparaiso Beacons,N,https://www.espn.com/mens-college-basketball/matchup?gameId=401830264
2026-01-07,401830263,Southern Illinois Salukis,UIC Flames,N,https://www.espn.com/mens-college-basketball/matchup?gameId=401830263
2026-01-07,401830262,Murray State Racers,Evansville Purple Aces,N,https://www.espn.com/mens-college-basketball/matchup?gameId=401830262
2026-01-07,401828166,South Florida Bulls,North Texas Mean Green,N,https://www.espn.com/mens-college-basketball/matchup?gameId=401828166
2026-01-07,401828163,Charlotte 49ers,UTSA Roadrunners,N,https://www.espn.com/mens-college-basketball/matchup?gameId=401828163
2026-01-07,401808602,Troy Trojans,Arkansas State Red Wolves,N,https://www.espn.com/mens-college-basketball/matchup?gameId=401808602
2026-01-07,401830234,Drake Bulldogs,Bradley Braves,N,https://www.espn.com/mens-college-basketball/matchup?gameId=401830234
2026-01-07,401828357,Davidson Wildcats,Loyola Chicago Ramblers,N,https://www.espn.com/mens-college-basketball/matchup?gameId=401828357
2026-01-07,401827607,Utah Utes,Colorado Buffaloes,N,https://www.espn.com/mens-college-basketball/matchup?gameId=401827607
2026-01-07,401818377,South Dakota Coyotes,St. Thomas-Minnesota Tommies,N,https://www.espn.com/mens-college-basketball/matchup?gameId=401818377
2026-01-07,401823793,Grand Canyon Lopes,Boise State Broncos,N,https://www.espn.com/mens-college-basketball/matchup?gameId=401823793
2026-01-08,401829190,Santa Clara Broncos,Gonzaga Bulldogs,N,https://www.espn.com/mens-college-basketball/matchup?gameId=401829190
2026-01-08,401825428,Northwestern Wildcats,Michigan State Spartans,N,https://www.espn.com/mens-college-basketball/matchup?gameId=401825428
2026-01-08,401825427,Rutgers Scarlet Knights,Illinois Fighting Illini,N,https://www.espn.com/mens-college-basketball/matchup?gameId=401825427
2026-01-08,401812002,Hofstra Pride,Towson Tigers,N,https://www.espn.com/mens-college-basketball/matchup?gameId=401812002
2026-01-08,401812317,Chicago State Cougars,Fairleigh Dickinson Knights,N,https://www.espn.com/mens-college-basketball/matchup?gameId=401812317
2026-01-08,401812112,UMass Lowell River Hawks,Bryant Bulldogs,N,https://www.espn.com/mens-college-basketball/matchup?gameId=401812112
2026-01-08,401812111,Maine Black Bears,UMBC Retrievers,N,https://www.espn.com/mens-college-basketball/matchup?gameId=401812111
2026-01-08,401812403,Stonehill Skyhawks,Central Connecticut Blue Devils,N,https://www.espn.com/mens-college-basketball/matchup?gameId=401812403
2026-01-08,401812389,Saint Francis Red Flash,Wagner Seahawks,N,https://www.espn.com/mens-college-basketball/matchup?gameId=401812389
2026-01-08,401812367,Mercyhurst Lakers,Long Island University Sharks,N,https://www.espn.com/mens-college-basketball/matchup?gameId=401812367
2026-01-08,401812336,New Haven Chargers,Le Moyne Dolphins,N,https://www.espn.com/mens-college-basketball/matchup?gameId=401812336
2026-01-08,401812113,New Hampshire Wildcats,NJIT Highlanders,N,https://www.espn.com/mens-college-basketball/matchup?gameId=401812113
2026-01-08,401812110,Binghamton Bearcats,Vermont Catamounts,N,https://www.espn.com/mens-college-basketball/matchup?gameId=401812110
2026-01-08,401812006,UNC Wilmington Seahawks,Northeastern Huskies,N,https://www.espn.com/mens-college-basketball/matchup?gameId=401812006
2026-01-08,401812005,Elon Phoenix,North Carolina A&T Aggies,N,https://www.espn.com/mens-college-basketball/matchup?gameId=401812005
2026-01-08,401812004,Hampton Pirates,Campbell Fighting Camels,N,https://www.espn.com/mens-college-basketball/matchup?gameId=401812004
2026-01-08,401812003,William & Mary Tribe,Monmouth Hawks,N,https://www.espn.com/mens-college-basketball/matchup?gameId=401812003
2026-01-08,401812001,Stony Brook Seawolves,Drexel Dragons,N,https://www.espn.com/mens-college-basketball/matchup?gameId=401812001
2026-01-08,401808604,App State Mountaineers,Georgia State Panthers,N,https://www.espn.com/mens-college-basketball/matchup?gameId=401808604
2026-01-08,401808603,Old Dominion Monarchs,Coastal Carolina Chanticleers,N,https://www.espn.com/mens-college-basketball/matchup?gameId=401808603
2026-01-08,401807678,West Georgia Wolves,North Florida Ospreys,N,https://www.espn.com/mens-college-basketball/matchup?gameId=401807678
2026-01-08,401807677,Queens University Royals,Jacksonville Dolphins,N,https://www.espn.com/mens-college-basketball/matchup?gameId=401807677
2026-01-08,401807676,North Alabama Lions,Eastern Kentucky Colonels,N,https://www.espn.com/mens-college-basketball/matchup?gameId=401807676
2026-01-08,401807675,Lipscomb Bisons,Stetson Hatters,N,https://www.espn.com/mens-college-basketball/matchup?gameId=401807675
2026-01-08,401807674,Central Arkansas Bears,Bellarmine Knights,N,https://www.espn.com/mens-college-basketball/matchup?gameId=401807674
2026-01-08,401807673,Austin Peay Governors,Florida Gulf Coast Eagles,N,https://www.espn.com/mens-college-basketball/matchup?gameId=401807673
2026-01-08,401804871,Liberty Flames,Louisiana Tech Bulldogs,N,https://www.espn.com/mens-college-basketball/matchup?gameId=401804871
2026-01-08,401806428,UT Martin Skyhawks,Morehead State Eagles,N,https://www.espn.com/mens-college-basketball/matchup?gameId=401806428
2026-01-08,401804872,Delaware Blue Hens,Sam Houston Bearkats,N,https://www.espn.com/mens-college-basketball/matchup?gameId=401804872
2026-01-08,401818380,Denver Pioneers,South Dakota State Jackrabbits,N,https://www.espn.com/mens-college-basketball/matchup?gameId=401818380
2026-01-08,401818379,North Dakota State Bison,Kansas City Roos,N,https://www.espn.com/mens-college-basketball/matchup?gameId=401818379
2026-01-08,401818378,North Dakota Fighting Hawks,Omaha Mavericks,N,https://www.espn.com/mens-college-basketball/matchup?gameId=401818378
2026-01-08,401808606,Texas State Bobcats,Southern Miss Golden Eagles,N,https://www.espn.com/mens-college-basketball/matchup?gameId=401808606
2026-01-08,401808523,Weber State Wildcats,Northern Arizona Lumberjacks,N,https://www.espn.com/mens-college-basketball/matchup?gameId=401808523
2026-01-08,401808489,Idaho State Bengals,Northern Colorado Bears,N,https://www.espn.com/mens-college-basketball/matchup?gameId=401808489
2026-01-08,401805165,Southern Utah Thunderbirds,Utah Valley Wolverines,N,https://www.espn.com/mens-college-basketball/matchup?gameId=401805165
2026-01-08,401805163,Abilene Christian Wildcats,Tarleton State Texans,N,https://www.espn.com/mens-college-basketball/matchup?gameId=401805163
2026-01-08,401806430,Tennessee State Tigers,Western Illinois Leathernecks,N,https://www.espn.com/mens-college-basketball/matchup?gameId=401806430
2026-01-08,401806429,Southeast Missouri State Redhawks,Southern Indiana Screaming Eagles,N,https://www.espn.com/mens-college-basketball/matchup?gameId=401806429
2026-01-08,401806427,Little Rock Trojans,SIU Edwardsville Cougars,N,https://www.espn.com/mens-college-basketball/matchup?gameId=401806427
2026-01-08,401806426,Tennessee Tech Golden Eagles,Eastern Illinois Panthers,N,https://www.espn.com/mens-college-basketball/matchup?gameId=401806426
2026-01-08,401808605,UL Monroe Warhawks,Louisiana Ragin' Cajuns,N,https://www.espn.com/mens-college-basketball/matchup?gameId=401808605
2026-01-08,401809126,UC Davis Aggies,UC Santa Barbara Gauchos,N,https://www.espn.com/mens-college-basketball/matchup?gameId=401809126
2026-01-08,401808471,Montana Grizzlies,Idaho Vandals,N,https://www.espn.com/mens-college-basketball/matchup?gameId=401808471
2026-01-08,401808454,Montana State Bobcats,Eastern Washington Eagles,N,https://www.espn.com/mens-college-basketball/matchup?gameId=401808454
2026-01-08,401804870,Middle Tennessee Blue Raiders,UTEP Miners,N,https://www.espn.com/mens-college-basketball/matchup?gameId=401804870
2026-01-08,401804869,Western Kentucky Hilltoppers,New Mexico State Aggies,N,https://www.espn.com/mens-college-basketball/matchup?gameId=401804869
2026-01-08,401829188,Pepperdine Waves,San Diego Toreros,N,https://www.espn.com/mens-college-basketball/matchup?gameId=401829188
2026-01-08,401823741,UC Riverside Highlanders,Cal State Bakersfield Roadrunners,N,https://www.espn.com/mens-college-basketball/matchup?gameId=401823741
2026-01-08,401829191,Seattle U Redhawks,Oregon State Beavers,N,https://www.espn.com/mens-college-basketball/matchup?gameId=401829191
2026-01-08,401829187,Pacific Tigers,Portland Pilots,N,https://www.espn.com/mens-college-basketball/matchup?gameId=401829187
2026-01-08,401809156,Cal Poly Mustangs,Cal State Northridge Matadors,N,https://www.espn.com/mens-college-basketball/matchup?gameId=401809156
2026-01-08,401809109,Long Beach State Beach,UC Irvine Anteaters,N,https://www.espn.com/mens-college-basketball/matchup?gameId=401809109
2026-01-08,401809088,Cal State Fullerton Titans,UC San Diego Tritons,N,https://www.espn.com/mens-college-basketball/matchup?gameId=401809088
2026-01-08,401805164,Utah Tech Trailblazers,California Baptist Lancers,N,https://www.espn.com/mens-college-basketball/matchup?gameId=401805164
2026-01-08,401825429,Ohio State Buckeyes,Oregon Ducks,N,https://www.espn.com/mens-college-basketball/matchup?gameId=401825429
2026-01-08,401829189,San Francisco Dons,Loyola Marymount Lions,N,https://www.espn.com/mens-college-basketball/matchup?gameId=401829189
2026-01-09,401823007,Bryant & Stratton (Ohio) Bobcats,Youngstown State Penguins,N,https://www.espn.com/mens-college-basketball/matchup?gameId=401823007
2026-01-09,401814515,Miami (OH) RedHawks,Toledo Rockets,N,https://www.espn.com/mens-college-basketball/matchup?gameId=401814515
2026-01-09,401823316,Rider Broncs,Fairfield Stags,N,https://www.espn.com/mens-college-basketball/matchup?gameId=401823316
2026-01-09,401817615,Cleveland State Vikings,Oakland Golden Grizzlies,N,https://www.espn.com/mens-college-basketball/matchup?gameId=401817615
2026-01-09,401817614,Wright State Raiders,Detroit Mercy Titans,N,https://www.espn.com/mens-college-basketball/matchup?gameId=401817614
2026-01-09,401817612,IU Indianapolis Jaguars,Green Bay Phoenix,N,https://www.espn.com/mens-college-basketball/matchup?gameId=401817612
2026-01-09,401813424,Merrimack Warriors,Siena Saints,N,https://www.espn.com/mens-college-basketball/matchup?gameId=401813424
2026-01-09,401813410,Saint Peter's Peacocks,Mount St. Mary's Mountaineers,N,https://www.espn.com/mens-college-basketball/matchup?gameId=401813410
2026-01-09,401813386,Niagara Purple Eagles,Iona Gaels,N,https://www.espn.com/mens-college-basketball/matchup?gameId=401813386
2026-01-09,401813331,Marist Red Foxes,Sacred Heart Pioneers,N,https://www.espn.com/mens-college-basketball/matchup?gameId=401813331
2026-01-09,401813301,Canisius Golden Griffins,Manhattan Jaspers,N,https://www.espn.com/mens-college-basketball/matchup?gameId=401813301
2026-01-09,401817613,Northern Kentucky Norse,Milwaukee Panthers,N,https://www.espn.com/mens-college-basketball/matchup?gameId=401817613
2026-01-09,401814510,Akron Zips,Bowling Green Falcons,N,https://www.espn.com/mens-college-basketball/matchup?gameId=401814510
2026-01-09,401825430,USC Trojans,Minnesota Golden Gophers,N,https://www.espn.com/mens-college-basketball/matchup?gameId=401825430
2026-01-09,401830827,UNLV Rebels,Colorado State Rams,N,https://www.espn.com/mens-college-basketball/matchup?gameId=401830827
2026-01-10,401827612,Arizona Wildcats,TCU Horned Frogs,N,https://www.espn.com/mens-college-basketball/matchup?gameId=401827612
2026-01-10,401825432,Wisconsin Badgers,Michigan Wolverines,N,https://www.espn.com/mens-college-basketball/matchup?gameId=401825432
2026-01-10,401827611,Oklahoma State Cowboys,Iowa State Cyclones,N,https://www.espn.com/mens-college-basketball/matchup?gameId=401827611
2026-01-10,401822893,DePaul Blue Demons,UConn Huskies,N,https://www.espn.com/mens-college-basketball/matchup?gameId=401822893
2026-01-10,401825433,Penn State Nittany Lions,Purdue Boilermakers,N,https://www.espn.com/mens-college-basketball/matchup?gameId=401825433
2026-01-10,401820657,SMU Mustangs,Duke Blue Devils,N,https://www.espn.com/mens-college-basketball/matchup?gameId=401820657
2026-01-10,401827609,Houston Cougars,Baylor Bears,N,https://www.espn.com/mens-college-basketball/matchup?gameId=401827609
2026-01-10,401827613,BYU Cougars,Utah Utes,N,https://www.espn.com/mens-college-basketball/matchup?gameId=401827613
2026-01-10,401825431,Nebraska Cornhuskers,Indiana Hoosiers,N,https://www.espn.com/mens-college-basketball/matchup?gameId=401825431
2026-01-10,401808167,LSU Tigers,Vanderbilt Commodores,N,https://www.espn.com/mens-college-basketball/matchup?gameId=401808167
2026-01-10,401808168,Texas Longhorns,Alabama Crimson Tide,N,https://www.espn.com/mens-college-basketball/matchup?gameId=401808168
2026-01-10,401827610,Texas Tech Red Raiders,Colorado Buffaloes,N,https://www.espn.com/mens-college-basketball/matchup?gameId=401827610
2026-01-10,401808161,Arkansas Razorbacks,Auburn Tigers,N,https://www.espn.com/mens-college-basketball/matchup?gameId=401808161
2026-01-10,401820661,Wake Forest Demon Deacons,North Carolina Tar Heels,N,https://www.espn.com/mens-college-basketball/matchup?gameId=401820661
2026-01-10,401808165,Georgia Bulldogs,South Carolina Gamecocks,N,https://www.espn.com/mens-college-basketball/matchup?gameId=401808165
2026-01-10,401820659,Boston College Eagles,Louisville Cardinals,N,https://www.espn.com/mens-college-basketball/matchup?gameId=401820659
2026-01-10,401808162,Tennessee Volunteers,Florida Gators,N,https://www.espn.com/mens-college-basketball/matchup?gameId=401808162
2026-01-10,401827614,Kansas Jayhawks,West Virginia Mountaineers,N,https://www.espn.com/mens-college-basketball/matchup?gameId=401827614
2026-01-10,401820664,Stanford Cardinal,Virginia Cavaliers,N,https://www.espn.com/mens-college-basketball/matchup?gameId=401820664
2026-01-10,401828365,VCU Rams,George Mason Patriots,N,https://www.espn.com/mens-college-basketball/matchup?gameId=401828365
2026-01-10,401828364,Fordham Rams,St. Bonaventure Bonnies,N,https://www.espn.com/mens-college-basketball/matchup?gameId=401828364
2026-01-10,401820660,Georgia Tech Yellow Jackets,Miami Hurricanes,N,https://www.espn.com/mens-college-basketball/matchup?gameId=401820660
2026-01-10,401820658,NC State Wolfpack,Florida State Seminoles,N,https://www.espn.com/mens-college-basketball/matchup?gameId=401820658
2026-01-10,401830266,Evansville Purple Aces,Indiana State Sycamores,N,https://www.espn.com/mens-college-basketball/matchup?gameId=401830266
2026-01-10,401824366,Army Black Knights,Boston University Terriers,N,https://www.espn.com/mens-college-basketball/matchup?gameId=401824366
2026-01-10,401814513,Eastern Michigan Eagles,Western Michigan Broncos,N,https://www.espn.com/mens-college-basketball/matchup?gameId=401814513
2026-01-10,401812412,Mercyhurst Lakers,Wagner Seahawks,N,https://www.espn.com/mens-college-basketball/matchup?gameId=401812412
2026-01-10,401812337,Central Connecticut Blue Devils,Le Moyne Dolphins,N,https://www.espn.com/mens-college-basketball/matchup?gameId=401812337
2026-01-10,401812318,Fairleigh Dickinson Knights,New Haven Chargers,N,https://www.espn.com/mens-college-basketball/matchup?gameId=401812318
2026-01-10,401812117,New Hampshire Wildcats,UMBC Retrievers,N,https://www.espn.com/mens-college-basketball/matchup?gameId=401812117
2026-01-10,401809322,Western Carolina Catamounts,The Citadel Bulldogs,N,https://www.espn.com/mens-college-basketball/matchup?gameId=401809322
2026-01-10,401808613,Troy Trojans,Louisiana Ragin' Cajuns,N,https://www.espn.com/mens-college-basketball/matchup?gameId=401808613
2026-01-10,401808607,App State Mountaineers,Coastal Carolina Chanticleers,N,https://www.espn.com/mens-college-basketball/matchup?gameId=401808607
2026-01-10,401830011,Dartmouth Big Green,Cornell Big Red,N,https://www.espn.com/mens-college-basketball/matchup?gameId=401830011
2026-01-10,401829408,Lehigh Mountain Hawks,Colgate Raiders,N,https://www.espn.com/mens-college-basketball/matchup?gameId=401829408
2026-01-10,401828363,Rhode Island Rams,Davidson Wildcats,N,https://www.espn.com/mens-college-basketball/matchup?gameId=401828363
2026-01-10,401823909,Winthrop Eagles,South Carolina Upstate Spartans,N,https://www.espn.com/mens-college-basketball/matchup?gameId=401823909
2026-01-10,401823906,High Point Panthers,Charleston Southern Buccaneers,N,https://www.espn.com/mens-college-basketball/matchup?gameId=401823906
2026-01-10,401822892,St. John's Red Storm,Creighton Bluejays,N,https://www.espn.com/mens-college-basketball/matchup?gameId=401822892
2026-01-10,401820663,Syracuse Orange,Pittsburgh Panthers,N,https://www.espn.com/mens-college-basketball/matchup?gameId=401820663
2026-01-10,401820163,Lafayette Leopards,Navy Midshipmen,N,https://www.espn.com/mens-college-basketball/matchup?gameId=401820163
2026-01-10,401818383,Denver Pioneers,South Dakota Coyotes,N,https://www.espn.com/mens-college-basketball/matchup?gameId=401818383
2026-01-10,401818382,North Dakota State Bison,Omaha Mavericks,N,https://www.espn.com/mens-college-basketball/matchup?gameId=401818382
2026-01-10,401818308,Yale Bulldogs,Princeton Tigers,N,https://www.espn.com/mens-college-basketball/matchup?gameId=401818308
2026-01-10,401814512,Buffalo Bulls,Ohio Bobcats,N,https://www.espn.com/mens-college-basketball/matchup?gameId=401814512
2026-01-10,401812614,Harvard Crimson,Columbia Lions,N,https://www.espn.com/mens-college-basketball/matchup?gameId=401812614
2026-01-10,401812586,Brown Bears,Pennsylvania Quakers,N,https://www.espn.com/mens-college-basketball/matchup?gameId=401812586
2026-01-10,401812404,Chicago State Cougars,Stonehill Skyhawks,N,https://www.espn.com/mens-college-basketball/matchup?gameId=401812404
2026-01-10,401812116,UMass Lowell River Hawks,Binghamton Bearcats,N,https://www.espn.com/mens-college-basketball/matchup?gameId=401812116
2026-01-10,401812115,Maine Black Bears,NJIT Highlanders,N,https://www.espn.com/mens-college-basketball/matchup?gameId=401812115
2026-01-10,401812114,Bryant Bulldogs,UAlbany Great Danes,N,https://www.espn.com/mens-college-basketball/matchup?gameId=401812114
2026-01-10,401812009,William & Mary Tribe,Drexel Dragons,N,https://www.espn.com/mens-college-basketball/matchup?gameId=401812009
2026-01-10,401812008,Towson Tigers,Northeastern Huskies,N,https://www.espn.com/mens-college-basketball/matchup?gameId=401812008
2026-01-10,401812007,Monmouth Hawks,Hofstra Pride,N,https://www.espn.com/mens-college-basketball/matchup?gameId=401812007
2026-01-10,401809321,Wofford Terriers,Mercer Bears,N,https://www.espn.com/mens-college-basketball/matchup?gameId=401809321
2026-01-10,401809320,VMI Keydets,Furman Paladins,N,https://www.espn.com/mens-college-basketball/matchup?gameId=401809320
2026-01-10,401808610,Georgia Southern Eagles,South Alabama Jaguars,N,https://www.espn.com/mens-college-basketball/matchup?gameId=401808610
2026-01-10,401807683,Queens University Royals,North Florida Ospreys,N,https://www.espn.com/mens-college-basketball/matchup?gameId=401807683
2026-01-10,401807682,North Alabama Lions,Bellarmine Knights,N,https://www.espn.com/mens-college-basketball/matchup?gameId=401807682
2026-01-10,401807679,Austin Peay Governors,Stetson Hatters,N,https://www.espn.com/mens-college-basketball/matchup?gameId=401807679
2026-01-10,401823908,UNC Asheville Bulldogs,Radford Highlanders,N,https://www.espn.com/mens-college-basketball/matchup?gameId=401823908
2026-01-10,401822895,Villanova Wildcats,Marquette Golden Eagles,N,https://www.espn.com/mens-college-basketball/matchup?gameId=401822895
2026-01-10,401828366,Loyola Chicago Ramblers,George Washington Revolutionaries,N,https://www.espn.com/mens-college-basketball/matchup?gameId=401828366
2026-01-10,401828167,South Florida Bulls,Tulsa Golden Hurricane,N,https://www.espn.com/mens-college-basketball/matchup?gameId=401828167
2026-01-10,401827608,Kansas State Wildcats,Arizona State Sun Devils,N,https://www.espn.com/mens-college-basketball/matchup?gameId=401827608
2026-01-10,401823907,Presbyterian Blue Hose,Longwood Lancers,N,https://www.espn.com/mens-college-basketball/matchup?gameId=401823907
2026-01-10,401820561,New Mexico Lobos,Air Force Falcons,N,https://www.espn.com/mens-college-basketball/matchup?gameId=401820561
2026-01-10,401814514,Kent State Golden Flashes,Central Michigan Chippewas,N,https://www.espn.com/mens-college-basketball/matchup?gameId=401814514
2026-01-10,401808612,UL Monroe Warhawks,Southern Miss Golden Eagles,N,https://www.espn.com/mens-college-basketball/matchup?gameId=401808612
2026-01-10,401808611,Texas State Bobcats,Arkansas State Red Wolves,N,https://www.espn.com/mens-college-basketball/matchup?gameId=401808611
2026-01-10,401807684,West Georgia Wolves,Jacksonville Dolphins,N,https://www.espn.com/mens-college-basketball/matchup?gameId=401807684
2026-01-10,401805166,Abilene Christian Wildcats,UT Arlington Mavericks,N,https://www.espn.com/mens-college-basketball/matchup?gameId=401805166
2026-01-10,401804878,Delaware Blue Hens,Louisiana Tech Bulldogs,N,https://www.espn.com/mens-college-basketball/matchup?gameId=401804878
2026-01-10,401814511,Ball State Cardinals,Massachusetts Minutemen,N,https://www.espn.com/mens-college-basketball/matchup?gameId=401814511
2026-01-10,401808166,Oklahoma Sooners,Texas A&M Aggies,N,https://www.espn.com/mens-college-basketball/matchup?gameId=401808166
2026-01-10,401806433,Southeast Missouri State Redhawks,Morehead State Eagles,N,https://www.espn.com/mens-college-basketball/matchup?gameId=401806433
2026-01-10,401804877,Liberty Flames,Sam Houston Bearkats,N,https://www.espn.com/mens-college-basketball/matchup?gameId=401804877
2026-01-10,401830267,Valparaiso Beacons,Murray State Racers,N,https://www.espn.com/mens-college-basketball/matchup?gameId=401830267
2026-01-10,401828367,Saint Louis Billikens,La Salle Explorers,N,https://www.espn.com/mens-college-basketball/matchup?gameId=401828367
2026-01-10,401827161,Jackson State Tigers,Alabama State Hornets,N,https://www.espn.com/mens-college-basketball/matchup?gameId=401827161
2026-01-10,401824386,Holy Cross Crusaders,American University Eagles,N,https://www.espn.com/mens-college-basketball/matchup?gameId=401824386
2026-01-10,401822896,Providence Friars,Xavier Musketeers,N,https://www.espn.com/mens-college-basketball/matchup?gameId=401822896
2026-01-10,401820665,California Golden Bears,Virginia Tech Hokies,N,https://www.espn.com/mens-college-basketball/matchup?gameId=401820665
2026-01-10,401812368,Saint Francis Red Flash,Long Island University Sharks,N,https://www.espn.com/mens-college-basketball/matchup?gameId=401812368
2026-01-10,401809319,UNC Greensboro Spartans,East Tennessee State Buccaneers,N,https://www.espn.com/mens-college-basketball/matchup?gameId=401809319
2026-01-10,401808609,Old Dominion Monarchs,James Madison Dukes,N,https://www.espn.com/mens-college-basketball/matchup?gameId=401808609
2026-01-10,401808608,Marshall Thundering Herd,Georgia State Panthers,N,https://www.espn.com/mens-college-basketball/matchup?gameId=401808608
2026-01-10,401807681,Lipscomb Bisons,Florida Gulf Coast Eagles,N,https://www.espn.com/mens-college-basketball/matchup?gameId=401807681
2026-01-10,401807680,Central Arkansas Bears,Eastern Kentucky Colonels,N,https://www.espn.com/mens-college-basketball/matchup?gameId=401807680
2026-01-10,401805167,Utah Tech Trailblazers,Utah Valley Wolverines,N,https://www.espn.com/mens-college-basketball/matchup?gameId=401805167
2026-01-10,401804874,Western Kentucky Hilltoppers,UTEP Miners,N,https://www.espn.com/mens-college-basketball/matchup?gameId=401804874
2026-01-10,401828725,Norfolk State Spartans,Delaware State Hornets,N,https://www.espn.com/mens-college-basketball/matchup?gameId=401828725
2026-01-10,401823046,Howard Bison,Maryland Eastern Shore Hawks,N,https://www.espn.com/mens-college-basketball/matchup?gameId=401823046
2026-01-10,401809318,Samford Bulldogs,Chattanooga Mocs,N,https://www.espn.com/mens-college-basketball/matchup?gameId=401809318
2026-01-10,401808937,Texas A&M-Corpus Christi Islanders,Northwestern State Demons,N,https://www.espn.com/mens-college-basketball/matchup?gameId=401808937
2026-01-10,401806435,Tennessee Tech Golden Eagles,Western Illinois Leathernecks,N,https://www.espn.com/mens-college-basketball/matchup?gameId=401806435
2026-01-10,401806432,Little Rock Trojans,Lindenwood Lions,N,https://www.espn.com/mens-college-basketball/matchup?gameId=401806432
2026-01-10,401806431,Tennessee State Tigers,Eastern Illinois Panthers,N,https://www.espn.com/mens-college-basketball/matchup?gameId=401806431
2026-01-10,401828688,South Carolina State Bulldogs,Morgan State Bears,N,https://www.espn.com/mens-college-basketball/matchup?gameId=401828688
2026-01-10,401830265,UIC Flames,Illinois State Redbirds,N,https://www.espn.com/mens-college-basketball/matchup?gameId=401830265
2026-01-10,401829196,Washington State Cougars,Saint Mary's Gaels,N,https://www.espn.com/mens-college-basketball/matchup?gameId=401829196
2026-01-10,401828168,Tulane Green Wave,UTSA Roadrunners,N,https://www.espn.com/mens-college-basketball/matchup?gameId=401828168
2026-01-10,401822768,North Carolina Central Eagles,Coppin State Eagles,N,https://www.espn.com/mens-college-basketball/matchup?gameId=401822768
2026-01-10,401820196,Loyola Maryland Greyhounds,Bucknell Bison,N,https://www.espn.com/mens-college-basketball/matchup?gameId=401820196
2026-01-10,401812010,Hampton Pirates,Charleston Cougars,N,https://www.espn.com/mens-college-basketball/matchup?gameId=401812010
2026-01-10,401809127,UC Davis Aggies,Cal Poly Mustangs,N,https://www.espn.com/mens-college-basketball/matchup?gameId=401809127
2026-01-10,401808875,SE Louisiana Lions,McNeese Cowboys,N,https://www.espn.com/mens-college-basketball/matchup?gameId=401808875
2026-01-10,401808538,Sacramento State Hornets,Portland State Vikings,N,https://www.espn.com/mens-college-basketball/matchup?gameId=401808538
2026-01-10,401808472,Montana State Bobcats,Idaho Vandals,N,https://www.espn.com/mens-college-basketball/matchup?gameId=401808472
2026-01-10,401808455,Montana Grizzlies,Eastern Washington Eagles,N,https://www.espn.com/mens-college-basketball/matchup?gameId=401808455
2026-01-10,401804876,Florida International Panthers,Missouri State Bears,N,https://www.espn.com/mens-college-basketball/matchup?gameId=401804876
2026-01-10,401804873,Jacksonville State Gamecocks,Kennesaw State Owls,N,https://www.espn.com/mens-college-basketball/matchup?gameId=401804873
2026-01-10,401827202,Alcorn State Braves,Alabama A&M Bulldogs,N,https://www.espn.com/mens-college-basketball/matchup?gameId=401827202
2026-01-10,401827138,Arkansas-Pine Bluff Golden Lions,Texas Southern Tigers,N,https://www.espn.com/mens-college-basketball/matchup?gameId=401827138
2026-01-10,401827096,Grambling Tigers,Bethune-Cookman Wildcats,N,https://www.espn.com/mens-college-basketball/matchup?gameId=401827096
2026-01-10,401830233,Northern Iowa Panthers,Bradley Braves,N,https://www.espn.com/mens-college-basketball/matchup?gameId=401830233
2026-01-10,401830204,Belmont Bruins,Drake Bulldogs,N,https://www.espn.com/mens-college-basketball/matchup?gameId=401830204
2026-01-10,401827048,Mississippi Valley State Delta Devils,Prairie View A&M Panthers,N,https://www.espn.com/mens-college-basketball/matchup?gameId=401827048
2026-01-10,401820662,Clemson Tigers,Notre Dame Fighting Irish,N,https://www.espn.com/mens-college-basketball/matchup?gameId=401820662
2026-01-10,401812012,UNC Wilmington Seahawks,Stony Brook Seawolves,N,https://www.espn.com/mens-college-basketball/matchup?gameId=401812012
2026-01-10,401808968,Houston Christian Huskies,Stephen F. Austin Lumberjacks,N,https://www.espn.com/mens-college-basketball/matchup?gameId=401808968
2026-01-10,401808905,Nicholls Colonels,New Orleans Privateers,N,https://www.espn.com/mens-college-basketball/matchup?gameId=401808905
2026-01-10,401808708,UT Rio Grande Valley Vaqueros,East Texas A&M Lions,N,https://www.espn.com/mens-college-basketball/matchup?gameId=401808708
2026-01-10,401808164,Missouri Tigers,Ole Miss Rebels,N,https://www.espn.com/mens-college-basketball/matchup?gameId=401808164
2026-01-10,401822894,Seton Hall Pirates,Georgetown Hoyas,N,https://www.espn.com/mens-college-basketball/matchup?gameId=401822894
2026-01-10,401829194,San Diego Toreros,Pacific Tigers,N,https://www.espn.com/mens-college-basketball/matchup?gameId=401829194
2026-01-10,401827023,Southern Jaguars,Florida A&M Rattlers,N,https://www.espn.com/mens-college-basketball/matchup?gameId=401827023
2026-01-10,401823335,Cal State Bakersfield Roadrunners,Long Beach State Beach,N,https://www.espn.com/mens-college-basketball/matchup?gameId=401823335
2026-01-10,401823178,Cal State Northridge Matadors,Cal State Fullerton Titans,N,https://www.espn.com/mens-college-basketball/matchup?gameId=401823178
2026-01-10,401820496,Incarnate Word Cardinals,Lamar Cardinals,N,https://www.espn.com/mens-college-basketball/matchup?gameId=401820496
2026-01-10,401812011,Campbell Fighting Camels,Elon Phoenix,N,https://www.espn.com/mens-college-basketball/matchup?gameId=401812011
2026-01-10,401829195,San Francisco Dons,Pepperdine Waves,N,https://www.espn.com/mens-college-basketball/matchup?gameId=401829195
2026-01-10,401829193,Oregon State Beavers,Portland Pilots,N,https://www.espn.com/mens-college-basketball/matchup?gameId=401829193
2026-01-10,401825434,Maryland Terrapins,UCLA Bruins,N,https://www.espn.com/mens-college-basketball/matchup?gameId=401825434
2026-01-10,401823794,San José State Spartans,Grand Canyon Lopes,N,https://www.espn.com/mens-college-basketball/matchup?gameId=401823794
2026-01-10,401818384,St. Thomas-Minnesota Tommies,Oral Roberts Golden Eagles,N,https://www.espn.com/mens-college-basketball/matchup?gameId=401818384
2026-01-10,401818381,North Dakota Fighting Hawks,Kansas City Roos,N,https://www.espn.com/mens-college-basketball/matchup?gameId=401818381
2026-01-10,401809089,UC San Diego Tritons,UC Riverside Highlanders,N,https://www.espn.com/mens-college-basketball/matchup?gameId=401809089
2026-01-10,401808531,Weber State Wildcats,Northern Colorado Bears,N,https://www.espn.com/mens-college-basketball/matchup?gameId=401808531
2026-01-10,401808490,Idaho State Bengals,Northern Arizona Lumberjacks,N,https://www.espn.com/mens-college-basketball/matchup?gameId=401808490
2026-01-10,401805168,Southern Utah Thunderbirds,California Baptist Lancers,N,https://www.espn.com/mens-college-basketball/matchup?gameId=401805168
2026-01-10,401804875,Middle Tennessee Blue Raiders,New Mexico State Aggies,N,https://www.espn.com/mens-college-basketball/matchup?gameId=401804875
2026-01-10,401808163,Mississippi State Bulldogs,Kentucky Wildcats,N,https://www.espn.com/mens-college-basketball/matchup?gameId=401808163
2026-01-10,401806434,UT Martin Skyhawks,Southern Indiana Screaming Eagles,N,https://www.espn.com/mens-college-basketball/matchup?gameId=401806434
2026-01-10,401823822,Utah State Aggies,Boise State Broncos,N,https://www.espn.com/mens-college-basketball/matchup?gameId=401823822
2026-01-10,401829293,Wyoming Cowboys,Nevada Wolf Pack,N,https://www.espn.com/mens-college-basketball/matchup?gameId=401829293
2026-01-10,401829192,Loyola Marymount Lions,Santa Clara Broncos,N,https://www.espn.com/mens-college-basketball/matchup?gameId=401829192
2026-01-10,401823773,Fresno State Bulldogs,San Diego State Aztecs,N,https://www.espn.com/mens-college-basketball/matchup?gameId=401823773
2026-01-10,401809110,UC Irvine Anteaters,Hawai'i Rainbow Warriors,N,https://www.espn.com/mens-college-basketball/matchup?gameId=401809110
2026-01-11,401825435,Illinois Fighting Illini,Iowa Hawkeyes,N,https://www.espn.com/mens-college-basketball/matchup?gameId=401825435
2026-01-11,401827615,Cincinnati Bearcats,UCF Knights,N,https://www.espn.com/mens-college-basketball/matchup?gameId=401827615
2026-01-11,401828368,Saint Joseph's Hawks,Richmond Spiders,N,https://www.espn.com/mens-college-basketball/matchup?gameId=401828368
2026-01-11,401828171,Memphis Tigers,Florida Atlantic Owls,N,https://www.espn.com/mens-college-basketball/matchup?gameId=401828171
2026-01-11,401817620,Cleveland State Vikings,Detroit Mercy Titans,N,https://www.espn.com/mens-college-basketball/matchup?gameId=401817620
2026-01-11,401813360,Canisius Golden Griffins,Iona Gaels,N,https://www.espn.com/mens-college-basketball/matchup?gameId=401813360
2026-01-11,401828170,Charlotte 49ers,Rice Owls,N,https://www.espn.com/mens-college-basketball/matchup?gameId=401828170
2026-01-11,401828169,UAB Blazers,East Carolina Pirates,N,https://www.espn.com/mens-college-basketball/matchup?gameId=401828169
2026-01-11,401823846,Merrimack Warriors,Saint Peter's Peacocks,N,https://www.espn.com/mens-college-basketball/matchup?gameId=401823846
2026-01-11,401820587,Quinnipiac Bobcats,Sacred Heart Pioneers,N,https://www.espn.com/mens-college-basketball/matchup?gameId=401820587
2026-01-11,401817618,Northern Kentucky Norse,Green Bay Phoenix,N,https://www.espn.com/mens-college-basketball/matchup?gameId=401817618
2026-01-11,401817617,Purdue Fort Wayne Mastodons,Robert Morris Colonials,N,https://www.espn.com/mens-college-basketball/matchup?gameId=401817617
2026-01-11,401813411,Siena Saints,Mount St. Mary's Mountaineers,N,https://www.espn.com/mens-college-basketball/matchup?gameId=401813411
2026-01-11,401813332,Marist Red Foxes,Rider Broncs,N,https://www.espn.com/mens-college-basketball/matchup?gameId=401813332
2026-01-11,401813302,Niagara Purple Eagles,Manhattan Jaspers,N,https://www.espn.com/mens-college-basketball/matchup?gameId=401813302
2026-01-11,401828172,North Texas Mean Green,Wichita State Shockers,N,https://www.espn.com/mens-college-basketball/matchup?gameId=401828172
2026-01-11,401817619,Wright State Raiders,Oakland Golden Grizzlies,N,https://www.espn.com/mens-college-basketball/matchup?gameId=401817619
2026-01-11,401817616,IU Indianapolis Jaguars,Milwaukee Panthers,N,https://www.espn.com/mens-college-basketball/matchup?gameId=401817616
2026-01-11,401825436,Northwestern Wildcats,Rutgers Scarlet Knights,N,https://www.espn.com/mens-college-basketball/matchup?gameId=401825436
2026-01-11,401825437,Ohio State Buckeyes,Washington Huskies,N,https://www.espn.com/mens-college-basketball/matchup?gameId=401825437
