Team,AdjRank,TotalGames,TotalWins,Q1_Record,Q1_Games,Q1_WinPct,Q1_NetEff,Q2_Record,Q2_Games,Q2_WinPct,Q2_NetEff,Q3_Record,Q3_Games,Q3_WinPct,Q3_NetEff,Q4_Record,Q4_Games,Q4_WinPct,Q4_NetEff
Iowa State Cyclones,1.0,8,8,1-0,1,1.0,31.3,1-0,1,1.0,15.3,0-0,0,0.0,0.0,6-0,6,1.0,28.3
Saint Louis Billikens,2.0,7,6,0-0,0,0.0,0.0,1-0,1,1.0,11.2,1-0,1,1.0,13.4,4-1,5,0.8,38.3
Georgia Bulldogs,3.0,9,9,1-0,1,1.0,6.6,0-0,0,0.0,0.0,1-0,1,1.0,5.5,7-0,7,1.0,34.6
Gonzaga Bulldogs,4.0,14,13,0-0,0,0.0,0.0,2-0,2,1.0,17.7,1-0,1,1.0,10.8,10-1,11,0.91,34.8
Michigan Wolverines,5.0,10,9,1-0,1,1.0,6.6,0-0,0,0.0,0.0,2-0,2,1.0,19.5,6-1,7,0.86,29.7
High Point Panthers,6.0,13,11,0-0,0,0.0,0.0,0-1,1,0.0,-22.2,0-0,0,0.0,0.0,11-1,12,0.92,32.7
Arizona Wildcats,7.0,14,14,1-0,1,1.0,16.4,0-0,0,0.0,0.0,2-0,2,1.0,26.7,11-0,11,1.0,29.8
Houston Cougars,8.0,11,10,0-0,0,0.0,0.0,0-0,0,0.0,0.0,0-0,0,0.0,0.0,10-1,11,0.91,26.2
Vanderbilt Commodores,9.0,2,2,0-0,0,0.0,0.0,0-0,0,0.0,0.0,1-0,1,1.0,36.6,1-0,1,1.0,6.5
Louisville Cardinals,10.0,7,5,0-0,0,0.0,0.0,0-0,0,0.0,0.0,0-1,1,0.0,-6.2,5-1,6,0.83,38.5
Iowa Hawkeyes,11.0,12,9,0-1,1,0.0,-4.4,1-0,1,1.0,21.5,0-0,0,0.0,0.0,8-2,10,0.8,22.4
Virginia Cavaliers,12.0,2,1,0-1,1,0.0,-11.1,0-0,0,0.0,0.0,0-0,0,0.0,0.0,1-0,1,1.0,36.5
Hawai'i Rainbow Warriors,13.0,12,10,0-0,0,0.0,0.0,0-1,1,0.0,-16.9,1-1,2,0.5,0.0,9-0,9,1.0,34.3
BYU Cougars,14.0,14,13,0-0,0,0.0,0.0,0-0,0,0.0,0.0,4-0,4,1.0,27.4,9-1,10,0.9,23.8
Miami Hurricanes,15.0,7,7,0-0,0,0.0,0.0,1-0,1,1.0,16.0,1-0,1,1.0,5.4,5-0,5,1.0,32.3
Utah State Aggies,16.0,3,3,0-0,0,0.0,0.0,0-0,0,0.0,0.0,1-0,1,1.0,11.9,2-0,2,1.0,36.1
Duke Blue Devils,17.0,14,13,0-0,0,0.0,0.0,0-0,0,0.0,0.0,2-0,2,1.0,6.8,11-1,12,0.92,28.1
Illinois Fighting Illini,18.0,13,11,1-0,1,1.0,11.7,0-0,0,0.0,0.0,1-0,1,1.0,12.1,9-2,11,0.82,29.3
Purdue Boilermakers,19.0,4,4,0-0,0,0.0,0.0,0-0,0,0.0,0.0,1-0,1,1.0,11.2,3-0,3,1.0,28.9
Texas A&M Aggies,20.0,2,1,0-0,0,0.0,0.0,0-1,1,0.0,-14.8,0-0,0,0.0,0.0,1-0,1,1.0,32.8
Miami (OH) RedHawks,21.0,9,9,0-0,0,0.0,0.0,1-0,1,1.0,10.1,1-0,1,1.0,19.5,7-0,7,1.0,36.3
West Virginia Mountaineers,22.0,1,0,0-0,0,0.0,0.0,0-0,0,0.0,0.0,0-0,0,0.0,0.0,0-1,1,0.0,-14.6
Stephen F. Austin Lumberjacks,23.0,6,5,0-0,0,0.0,0.0,0-0,0,0.0,0.0,0-1,1,0.0,-7.4,5-0,5,1.0,28.5
NC State Wolfpack,24.0,11,8,0-0,0,0.0,0.0,0-0,0,0.0,0.0,2-0,2,1.0,20.2,6-3,9,0.67,19.6
Indiana Hoosiers,25.0,12,8,0-2,2,0.0,-15.3,1-0,1,1.0,32.2,2-0,2,1.0,18.1,5-2,7,0.71,22.4
UConn Huskies,26.0,2,2,0-0,0,0.0,0.0,0-0,0,0.0,0.0,0-0,0,0.0,0.0,2-0,2,1.0,50.8
LSU Tigers,27.0,11,7,0-1,1,0.0,-4.5,0-1,1,0.0,-17.1,0-0,0,0.0,0.0,7-2,9,0.78,19.9
Illinois State Redbirds,28.0,9,4,0-0,0,0.0,0.0,0-0,0,0.0,0.0,1-1,2,0.5,0.7,3-4,7,0.43,6.6
Marist Red Foxes,29.0,8,5,0-0,0,0.0,0.0,0-0,0,0.0,0.0,0-2,2,0.0,-11.7,5-1,6,0.83,19.2
New Mexico Lobos,30.0,8,7,0-0,0,0.0,0.0,3-1,4,0.75,15.3,1-0,1,1.0,19.4,3-0,3,1.0,35.1
Buffalo Bulls,31.0,14,11,0-0,0,0.0,0.0,0-0,0,0.0,0.0,3-1,4,0.75,4.4,8-2,10,0.8,14.5
East Tennessee State Buccaneers,32.0,14,11,0-0,0,0.0,0.0,0-0,0,0.0,0.0,2-0,2,1.0,25.1,9-3,12,0.75,18.7
TCU Horned Frogs,33.0,1,1,0-0,0,0.0,0.0,0-0,0,0.0,0.0,0-0,0,0.0,0.0,1-0,1,1.0,13.6
North Carolina Tar Heels,34.0,6,5,0-0,0,0.0,0.0,0-1,1,0.0,-20.3,0-0,0,0.0,0.0,5-0,5,1.0,14.3
Navy Midshipmen,35.0,8,3,0-1,1,0.0,-43.4,0-0,0,0.0,0.0,0-2,2,0.0,-27.7,3-2,5,0.6,23.2
Nebraska Cornhuskers,36.0,9,9,1-0,1,1.0,4.6,0-0,0,0.0,0.0,1-0,1,1.0,9.5,7-0,7,1.0,27.2
Saint Mary's Gaels,37.0,7,6,0-0,0,0.0,0.0,0-0,0,0.0,0.0,2-0,2,1.0,33.6,4-1,5,0.8,13.0
Belmont Bruins,38.0,17,14,1-0,1,1.0,22.4,0-1,1,0.0,-11.9,4-1,5,0.8,16.2,9-1,10,0.9,21.3
George Mason Patriots,39.0,14,13,0-1,1,0.0,-18.2,1-0,1,1.0,16.8,4-0,4,1.0,14.2,8-0,8,1.0,22.5
Murray State Racers,40.0,7,6,0-0,0,0.0,0.0,0-1,1,0.0,-13.3,1-0,1,1.0,8.4,5-0,5,1.0,12.2
Missouri Tigers,41.0,7,5,0-0,0,0.0,0.0,0-2,2,0.0,-8.4,0-0,0,0.0,0.0,5-0,5,1.0,31.4
Tennessee Volunteers,42.0,1,1,0-0,0,0.0,0.0,1-0,1,1.0,17.3,0-0,0,0.0,0.0,0-0,0,0.0,0.0
Michigan State Spartans,43.0,8,7,0-0,0,0.0,0.0,0-0,0,0.0,0.0,3-0,3,1.0,21.9,4-1,5,0.8,19.8
UNC Wilmington Seahawks,44.0,3,3,0-0,0,0.0,0.0,0-0,0,0.0,0.0,1-0,1,1.0,4.6,2-0,2,1.0,41.0
Wyoming Cowboys,45.0,1,1,0-0,0,0.0,0.0,0-0,0,0.0,0.0,0-0,0,0.0,0.0,1-0,1,1.0,30.3
Seton Hall Pirates,46.0,4,2,0-0,0,0.0,0.0,0-0,0,0.0,0.0,0-1,1,0.0,-10.3,2-1,3,0.67,9.2
Tulsa Golden Hurricane,47.0,3,3,0-0,0,0.0,0.0,0-0,0,0.0,0.0,1-0,1,1.0,1.3,2-0,2,1.0,57.8
Oklahoma Sooners,48.0,7,6,0-1,1,0.0,-11.4,0-0,0,0.0,0.0,2-0,2,1.0,23.8,4-0,4,1.0,36.7
Bowling Green Falcons,49.0,16,11,0-1,1,0.0,-11.8,1-2,3,0.33,-5.4,1-2,3,0.33,1.6,9-0,9,1.0,39.1
UCF Knights,50.0,2,1,0-1,1,0.0,-18.4,0-0,0,0.0,0.0,0-0,0,0.0,0.0,1-0,1,1.0,31.6
Clemson Tigers,51.0,13,12,0-0,0,0.0,0.0,3-0,3,1.0,11.5,1-1,2,0.5,0.0,8-0,8,1.0,26.1
Kentucky Wildcats,52.0,11,7,0-0,0,0.0,0.0,0-1,1,0.0,-7.6,0-0,0,0.0,0.0,7-3,10,0.7,26.8
Wichita State Shockers,53.0,2,2,0-0,0,0.0,0.0,0-0,0,0.0,0.0,1-0,1,1.0,14.6,1-0,1,1.0,41.5
Richmond Spiders,54.0,7,6,0-0,0,0.0,0.0,0-0,0,0.0,0.0,2-0,2,1.0,8.8,4-1,5,0.8,22.4
George Washington Revolutionaries,55.0,12,10,1-0,1,1.0,19.7,0-0,0,0.0,0.0,2-0,2,1.0,31.8,7-2,9,0.78,23.9
Texas Longhorns,56.0,3,1,0-1,1,0.0,-26.4,0-0,0,0.0,0.0,0-0,0,0.0,0.0,1-1,2,0.5,22.5
Siena Saints,57.0,3,1,0-0,0,0.0,0.0,0-0,0,0.0,0.0,0-2,2,0.0,-17.1,1-0,1,1.0,15.3
UCLA Bruins,58.0,3,2,0-0,0,0.0,0.0,1-0,1,1.0,2.6,0-0,0,0.0,0.0,1-1,2,0.5,8.7
St. John's Red Storm,59.0,1,1,0-0,0,0.0,0.0,0-0,0,0.0,0.0,1-0,1,1.0,33.5,0-0,0,0.0,0.0
Utah Valley Wolverines,60.0,4,4,0-0,0,0.0,0.0,0-0,0,0.0,0.0,1-0,1,1.0,23.8,3-0,3,1.0,66.1
Minnesota Golden Gophers,61.0,8,2,0-1,1,0.0,-38.9,1-0,1,1.0,10.1,0-1,1,0.0,-1.7,1-4,5,0.2,-5.5
Arkansas Razorbacks,62.0,16,12,0-0,0,0.0,0.0,1-0,1,1.0,9.1,2-1,3,0.67,-8.2,9-3,12,0.75,21.6
Ohio State Buckeyes,63.0,7,5,0-0,0,0.0,0.0,0-1,1,0.0,-11.3,1-1,2,0.5,7.4,4-0,4,1.0,22.0
North Dakota State Bison,64.0,12,8,0-0,0,0.0,0.0,0-0,0,0.0,0.0,0-2,2,0.0,-9.0,8-2,10,0.8,18.7
Akron Zips,65.0,16,12,1-1,2,0.5,4.9,1-0,1,1.0,28.3,0-0,0,0.0,0.0,10-3,13,0.77,23.8
Colorado Buffaloes,66.0,13,9,0-0,0,0.0,0.0,0-0,0,0.0,0.0,1-2,3,0.33,-0.4,8-2,10,0.8,11.7
Virginia Tech Hokies,67.0,2,1,0-0,0,0.0,0.0,0-0,0,0.0,0.0,0-1,1,0.0,-4.2,1-0,1,1.0,30.2
Rhode Island Rams,68.0,8,6,0-0,0,0.0,0.0,1-0,1,1.0,11.5,0-0,0,0.0,0.0,5-2,7,0.71,15.8
Santa Clara Broncos,69.0,3,3,0-0,0,0.0,0.0,0-0,0,0.0,0.0,0-0,0,0.0,0.0,3-0,3,1.0,23.4
Dayton Flyers,70.0,12,10,0-0,0,0.0,0.0,2-0,2,1.0,13.7,3-1,4,0.75,5.7,5-1,6,0.83,13.8
Grand Canyon Lopes,71.0,12,8,1-1,2,0.5,-1.3,0-0,0,0.0,0.0,0-1,1,0.0,-13.3,7-2,9,0.78,15.8
UT Martin Skyhawks,72.0,5,5,0-0,0,0.0,0.0,0-0,0,0.0,0.0,0-0,0,0.0,0.0,5-0,5,1.0,39.5
Northern Iowa Panthers,73.0,9,6,0-1,1,0.0,-7.5,0-1,1,0.0,-6.5,1-0,1,1.0,1.4,5-1,6,0.83,23.8
South Carolina Gamecocks,74.0,7,5,0-0,0,0.0,0.0,0-1,1,0.0,-3.8,0-0,0,0.0,0.0,5-1,6,0.83,22.4
Oklahoma State Cowboys,75.0,8,7,1-0,1,1.0,26.2,0-0,0,0.0,0.0,1-0,1,1.0,9.5,5-1,6,0.83,13.6
St. Thomas-Minnesota Tommies,76.0,7,6,0-0,0,0.0,0.0,0-0,0,0.0,0.0,1-1,2,0.5,7.9,5-0,5,1.0,34.6
SIU Edwardsville Cougars,77.0,9,7,0-0,0,0.0,0.0,0-0,0,0.0,0.0,0-0,0,0.0,0.0,7-2,9,0.78,20.1
Northwestern Wildcats,78.0,7,2,0-0,0,0.0,0.0,0-2,2,0.0,-6.4,0-0,0,0.0,0.0,2-3,5,0.4,-0.3
Fordham Rams,79.0,14,9,0-0,0,0.0,0.0,0-2,2,0.0,-14.4,1-1,2,0.5,-0.7,8-2,10,0.8,24.3
Yale Bulldogs,80.0,2,2,0-0,0,0.0,0.0,0-0,0,0.0,0.0,0-0,0,0.0,0.0,2-0,2,1.0,46.9
South Florida Bulls,81.0,7,5,2-0,2,1.0,19.6,0-0,0,0.0,0.0,1-1,2,0.5,11.9,2-1,3,0.67,20.5
Temple Owls,82.0,4,2,0-0,0,0.0,0.0,0-1,1,0.0,-31.3,0-0,0,0.0,0.0,2-1,3,0.67,21.5
UC San Diego Tritons,83.0,2,2,0-0,0,0.0,0.0,0-0,0,0.0,0.0,0-0,0,0.0,0.0,2-0,2,1.0,34.0
Villanova Wildcats,84.0,2,2,0-0,0,0.0,0.0,0-0,0,0.0,0.0,0-0,0,0.0,0.0,2-0,2,1.0,18.6
Syracuse Orange,85.0,1,1,0-0,0,0.0,0.0,0-0,0,0.0,0.0,0-0,0,0.0,0.0,1-0,1,1.0,2.6
McNeese Cowboys,86.0,10,8,2-1,3,0.67,-3.8,0-0,0,0.0,0.0,0-0,0,0.0,0.0,6-1,7,0.86,28.0
California Golden Bears,87.0,15,11,0-1,1,0.0,-4.7,0-0,0,0.0,0.0,4-1,5,0.8,8.9,7-2,9,0.78,12.3
Butler Bulldogs,88.0,15,10,0-0,0,0.0,0.0,0-2,2,0.0,-11.9,2-2,4,0.5,1.9,8-1,9,0.89,22.7
Baylor Bears,89.0,14,9,0-1,1,0.0,-9.3,0-0,0,0.0,0.0,1-1,2,0.5,1.4,8-3,11,0.73,19.0
Florida Gators,90.0,12,9,0-1,1,0.0,-2.8,0-0,0,0.0,0.0,0-0,0,0.0,0.0,9-2,11,0.82,21.9
Washington Huskies,91.0,1,1,0-0,0,0.0,0.0,0-0,0,0.0,0.0,1-0,1,1.0,17.9,0-0,0,0.0,0.0
Pacific Tigers,92.0,8,6,0-0,0,0.0,0.0,0-0,0,0.0,0.0,0-0,0,0.0,0.0,6-2,8,0.75,22.6
Hofstra Pride,93.0,13,10,0-1,1,0.0,-4.9,1-1,2,0.5,-2.9,4-1,5,0.8,8.0,5-0,5,1.0,37.5
California Baptist Lancers,94.0,17,12,0-2,2,0.0,-12.2,0-0,0,0.0,0.0,2-3,5,0.4,-2.8,10-0,10,1.0,14.9
Kennesaw State Owls,95.0,9,5,0-0,0,0.0,0.0,0-1,1,0.0,-11.1,0-1,1,0.0,-26.2,5-2,7,0.71,32.0
San Francisco Dons,96.0,2,2,0-0,0,0.0,0.0,1-0,1,1.0,11.9,0-0,0,0.0,0.0,1-0,1,1.0,57.2
VCU Rams,97.0,3,2,0-0,0,0.0,0.0,0-0,0,0.0,0.0,0-0,0,0.0,0.0,2-1,3,0.67,13.6
SMU Mustangs,98.0,4,3,0-0,0,0.0,0.0,0-0,0,0.0,0.0,0-0,0,0.0,0.0,3-1,4,0.75,8.3
Florida Atlantic Owls,99.0,15,9,0-2,2,0.0,-11.3,1-2,3,0.33,-9.0,1-1,2,0.5,13.4,7-1,8,0.88,26.7
Massachusetts Minutemen,100.0,5,4,0-0,0,0.0,0.0,0-0,0,0.0,0.0,0-0,0,0.0,0.0,4-1,5,0.8,25.0
South Alabama Jaguars,101.0,8,5,0-0,0,0.0,0.0,0-1,1,0.0,-11.5,1-2,3,0.33,-5.5,4-0,4,1.0,31.8
Liberty Flames,102.0,8,6,0-1,1,0.0,-70.4,0-0,0,0.0,0.0,2-0,2,1.0,16.7,4-1,5,0.8,37.2
San Diego State Aztecs,103.0,4,3,0-0,0,0.0,0.0,1-0,1,1.0,14.0,0-1,1,0.0,-1.2,2-0,2,1.0,45.9
Columbia Lions,104.0,14,11,0-0,0,0.0,0.0,1-0,1,1.0,38.4,2-1,3,0.67,-8.7,8-2,10,0.8,25.5
Austin Peay Governors,105.0,14,9,0-2,2,0.0,-14.6,1-2,3,0.33,-8.0,0-1,1,0.0,-16.0,8-0,8,1.0,28.3
UAB Blazers,106.0,4,3,0-0,0,0.0,0.0,0-1,1,0.0,-7.5,0-0,0,0.0,0.0,3-0,3,1.0,37.3
Cincinnati Bearcats,107.0,15,7,0-1,1,0.0,-2.7,1-0,1,1.0,18.9,0-0,0,0.0,0.0,6-7,13,0.46,7.7
Georgia Southern Eagles,108.0,13,9,0-0,0,0.0,0.0,0-2,2,0.0,-12.0,0-0,0,0.0,0.0,9-2,11,0.82,12.2
Winthrop Eagles,109.0,4,4,0-0,0,0.0,0.0,0-0,0,0.0,0.0,0-0,0,0.0,0.0,4-0,4,1.0,49.9
Bradley Braves,110.0,17,12,0-1,1,0.0,-27.2,1-2,3,0.33,-7.2,1-0,1,1.0,8.8,10-2,12,0.83,17.8
Notre Dame Fighting Irish,111.0,5,3,1-1,2,0.5,0.7,0-0,0,0.0,0.0,1-0,1,1.0,13.8,1-1,2,0.5,1.6
North Carolina A&T Aggies,112.0,9,5,0-1,1,0.0,-24.5,0-1,1,0.0,-11.1,0-0,0,0.0,0.0,5-2,7,0.71,15.8
Georgia Tech Yellow Jackets,113.0,9,6,1-1,2,0.5,0.7,0-0,0,0.0,0.0,1-1,2,0.5,1.4,4-1,5,0.8,8.5
Northern Kentucky Norse,114.0,9,6,0-0,0,0.0,0.0,0-0,0,0.0,0.0,3-0,3,1.0,11.7,3-3,6,0.5,16.1
Duquesne Dukes,115.0,13,7,0-0,0,0.0,0.0,0-2,2,0.0,-9.7,0-3,3,0.0,-10.3,7-1,8,0.88,20.0
Northern Colorado Bears,116.0,10,7,0-0,0,0.0,0.0,0-0,0,0.0,0.0,0-1,1,0.0,-7.8,7-2,9,0.78,17.3
Wright State Raiders,117.0,3,2,0-0,0,0.0,0.0,0-1,1,0.0,-1.2,0-0,0,0.0,0.0,2-0,2,1.0,58.0
Harvard Crimson,118.0,8,4,1-1,2,0.5,-18.4,0-1,1,0.0,-8.6,0-1,1,0.0,-7.2,3-1,4,0.75,19.3
Drexel Dragons,119.0,15,8,0-1,1,0.0,-21.8,0-0,0,0.0,0.0,1-3,4,0.25,-9.1,7-3,10,0.7,10.9
Fairfield Stags,120.0,14,9,0-1,1,0.0,-45.2,0-0,0,0.0,0.0,2-2,4,0.5,1.1,7-2,9,0.78,14.6
Nevada Wolf Pack,121.0,11,7,0-1,1,0.0,-23.7,1-0,1,1.0,15.4,4-1,5,0.8,8.2,2-2,4,0.5,0.0
Youngstown State Penguins,122.0,2,2,0-0,0,0.0,0.0,0-0,0,0.0,0.0,0-0,0,0.0,0.0,2-0,2,1.0,57.8
Kansas Jayhawks,123.0,13,9,1-2,3,0.33,-7.6,1-0,1,1.0,4.3,0-0,0,0.0,0.0,7-2,9,0.78,16.9
Seattle U Redhawks,124.0,10,9,0-0,0,0.0,0.0,0-0,0,0.0,0.0,3-0,3,1.0,6.0,6-1,7,0.86,27.0
USC Trojans,125.0,4,3,0-0,0,0.0,0.0,0-0,0,0.0,0.0,0-1,1,0.0,-11.2,3-0,3,1.0,30.8
Elon Phoenix,126.0,14,9,0-2,2,0.0,-20.9,2-0,2,1.0,5.0,1-1,2,0.5,9.5,6-2,8,0.75,15.4
Weber State Wildcats,127.0,2,2,0-0,0,0.0,0.0,0-0,0,0.0,0.0,0-0,0,0.0,0.0,2-0,2,1.0,68.4
Kent State Golden Flashes,128.0,9,6,0-0,0,0.0,0.0,2-0,2,1.0,13.4,0-1,1,0.0,-6.8,4-2,6,0.67,13.3
Charleston Southern Buccaneers,129.0,18,11,1-4,5,0.2,-16.1,0-1,1,0.0,-5.3,0-1,1,0.0,-10.0,10-1,11,0.91,25.3
Ole Miss Rebels,130.0,5,3,0-0,0,0.0,0.0,0-0,0,0.0,0.0,0-0,0,0.0,0.0,3-2,5,0.6,13.8
Tulane Green Wave,132.0,4,2,0-0,0,0.0,0.0,0-0,0,0.0,0.0,0-0,0,0.0,0.0,2-2,4,0.5,-0.6
New Mexico State Aggies,133.0,9,7,0-0,0,0.0,0.0,0-0,0,0.0,0.0,1-0,1,1.0,14.9,6-2,8,0.75,19.4
Texas Tech Red Raiders,134.0,4,4,0-0,0,0.0,0.0,1-0,1,1.0,5.7,1-0,1,1.0,39.3,2-0,2,1.0,23.9
William & Mary Tribe,135.0,2,2,0-0,0,0.0,0.0,0-0,0,0.0,0.0,0-0,0,0.0,0.0,2-0,2,1.0,51.5
Iona Gaels,136.0,11,7,0-1,1,0.0,-86.4,1-0,1,1.0,4.9,1-1,2,0.5,-11.3,5-2,7,0.71,6.9
UC Irvine Anteaters,137.0,5,4,0-1,1,0.0,-9.9,0-0,0,0.0,0.0,1-0,1,1.0,11.7,3-0,3,1.0,56.5
UMBC Retrievers,138.0,3,3,0-0,0,0.0,0.0,0-0,0,0.0,0.0,0-0,0,0.0,0.0,3-0,3,1.0,31.7
Georgetown Hoyas,139.0,11,6,0-0,0,0.0,0.0,0-2,2,0.0,-15.5,2-0,2,1.0,12.8,4-3,7,0.57,2.9
Providence Friars,140.0,7,2,1-0,1,1.0,8.0,1-1,2,0.5,9.1,0-0,0,0.0,0.0,0-4,4,0.0,-12.9
Auburn Tigers,141.0,14,9,1-1,2,0.5,5.6,0-0,0,0.0,0.0,1-0,1,1.0,43.4,7-4,11,0.64,12.1
UC Santa Barbara Gauchos,142.0,3,2,0-0,0,0.0,0.0,0-0,0,0.0,0.0,0-0,0,0.0,0.0,2-1,3,0.67,21.9
UT Arlington Mavericks,143.0,4,4,0-0,0,0.0,0.0,1-0,1,1.0,1.4,1-0,1,1.0,16.3,2-0,2,1.0,57.2
Quinnipiac Bobcats,144.0,8,5,0-1,1,0.0,-14.0,0-0,0,0.0,0.0,0-1,1,0.0,-53.5,5-1,6,0.83,13.8
Alabama Crimson Tide,145.0,16,11,0-0,0,0.0,0.0,2-1,3,0.67,7.6,2-0,2,1.0,21.8,7-4,11,0.64,13.5
Kansas State Wildcats,146.0,8,6,0-0,0,0.0,0.0,1-1,2,0.5,-6.9,0-0,0,0.0,0.0,5-1,6,0.83,30.0
Idaho Vandals,147.0,12,7,0-0,0,0.0,0.0,0-2,2,0.0,-17.7,2-0,2,1.0,3.7,5-3,8,0.62,21.0
Vermont Catamounts,148.0,3,2,0-0,0,0.0,0.0,0-0,0,0.0,0.0,0-1,1,0.0,-5.8,2-0,2,1.0,39.1
Pennsylvania Quakers,149.0,6,2,0-0,0,0.0,0.0,0-1,1,0.0,-46.8,0-1,1,0.0,-30.7,2-2,4,0.5,17.4
DePaul Blue Demons,150.0,14,8,1-0,1,1.0,5.9,0-1,1,0.0,-8.1,1-1,2,0.5,3.1,6-4,10,0.6,6.4
Monmouth Hawks,151.0,8,5,0-1,1,0.0,-20.1,0-1,1,0.0,-6.5,1-1,2,0.5,0.7,4-0,4,1.0,16.0
UNLV Rebels,152.0,3,1,0-1,1,0.0,-43.6,0-1,1,0.0,-6.7,0-0,0,0.0,0.0,1-0,1,1.0,43.7
St. Bonaventure Bonnies,153.0,3,2,0-0,0,0.0,0.0,0-1,1,0.0,-9.8,1-0,1,1.0,6.0,1-0,1,1.0,49.9
Samford Bulldogs,154.0,10,6,0-0,0,0.0,0.0,0-2,2,0.0,-30.7,0-0,0,0.0,0.0,6-2,8,0.75,12.9
Colorado State Rams,155.0,14,9,1-2,3,0.33,-22.9,0-0,0,0.0,0.0,1-1,2,0.5,-3.8,7-2,9,0.78,25.5
Oregon Ducks,156.0,9,5,0-1,1,0.0,-18.8,0-0,0,0.0,0.0,0-0,0,0.0,0.0,5-3,8,0.62,12.2
Troy Trojans,157.0,5,3,0-0,0,0.0,0.0,1-1,2,0.5,0.0,0-0,0,0.0,0.0,2-1,3,0.67,40.6
Stanford Cardinal,158.0,4,2,1-0,1,1.0,1.6,0-0,0,0.0,0.0,1-1,2,0.5,10.2,0-1,1,0.0,-22.7
Wofford Terriers,159.0,2,2,0-0,0,0.0,0.0,0-0,0,0.0,0.0,0-0,0,0.0,0.0,2-0,2,1.0,39.6
Arkansas State Red Wolves,160.0,16,11,0-2,2,0.0,-25.7,1-1,2,0.5,-20.5,5-0,5,1.0,15.7,5-2,7,0.71,17.4
Charleston Cougars,161.0,16,11,0-0,0,0.0,0.0,2-2,4,0.5,-2.2,2-0,2,1.0,12.6,7-3,10,0.7,6.6
Louisiana Tech Bulldogs,162.0,8,4,0-0,0,0.0,0.0,0-2,2,0.0,-31.6,0-1,1,0.0,-7.7,4-1,5,0.8,39.7
Idaho State Bengals,163.0,15,7,0-2,2,0.0,-10.4,0-3,3,0.0,-20.0,0-0,0,0.0,0.0,7-3,10,0.7,10.4
Robert Morris Colonials,164.0,9,8,0-0,0,0.0,0.0,0-0,0,0.0,0.0,1-1,2,0.5,-7.5,7-0,7,1.0,24.0
Creighton Bluejays,165.0,15,9,0-2,2,0.0,-19.5,1-1,2,0.5,-10.7,0-1,1,0.0,-11.5,8-2,10,0.8,18.8
Marshall Thundering Herd,166.0,10,6,0-2,2,0.0,-20.2,1-0,1,1.0,8.0,2-1,3,0.67,3.5,3-1,4,0.75,23.2
James Madison Dukes,167.0,10,6,0-0,0,0.0,0.0,0-0,0,0.0,0.0,0-2,2,0.0,-13.9,6-2,8,0.75,5.2
App State Mountaineers,168.0,18,10,0-1,1,0.0,-40.1,0-0,0,0.0,0.0,1-4,5,0.2,-14.1,9-3,12,0.75,20.5
Furman Paladins,169.0,14,9,0-1,1,0.0,-24.9,0-0,0,0.0,0.0,1-1,2,0.5,5.8,8-3,11,0.73,14.8
Wake Forest Demon Deacons,170.0,2,2,0-0,0,0.0,0.0,0-0,0,0.0,0.0,0-0,0,0.0,0.0,2-0,2,1.0,32.5
Texas State Bobcats,171.0,6,4,0-0,0,0.0,0.0,0-1,1,0.0,-10.9,0-1,1,0.0,-31.4,4-0,4,1.0,37.8
Radford Highlanders,172.0,14,7,0-1,1,0.0,-40.3,0-3,3,0.0,-16.0,1-0,1,1.0,10.1,6-3,9,0.67,13.7
Hampton Pirates,173.0,13,7,0-2,2,0.0,-33.2,0-0,0,0.0,0.0,0-1,1,0.0,-5.2,7-3,10,0.7,17.4
Sam Houston Bearkats,174.0,8,5,0-0,0,0.0,0.0,1-0,1,1.0,10.3,0-2,2,0.0,-10.2,4-1,5,0.8,35.3
Tarleton State Texans,175.0,7,6,0-0,0,0.0,0.0,0-1,1,0.0,-6.4,1-0,1,1.0,7.0,5-0,5,1.0,31.0
Montana State Bobcats,176.0,10,6,0-1,1,0.0,-4.0,0-0,0,0.0,0.0,2-2,4,0.5,1.0,4-1,5,0.8,40.0
Portland State Vikings,177.0,10,7,0-0,0,0.0,0.0,1-2,3,0.33,-3.4,1-1,2,0.5,-2.4,5-0,5,1.0,39.1
Eastern Michigan Eagles,178.0,12,5,0-0,0,0.0,0.0,0-1,1,0.0,-8.0,1-1,2,0.5,-4.3,4-5,9,0.44,0.5
Mississippi State Bulldogs,179.0,9,6,1-0,1,1.0,3.4,1-0,1,1.0,27.4,0-1,1,0.0,-7.2,4-2,6,0.67,8.6
Saint Peter's Peacocks,180.0,4,2,0-1,1,0.0,-52.4,0-1,1,0.0,-25.0,0-0,0,0.0,0.0,2-0,2,1.0,34.6
Long Island University Sharks,181.0,6,3,0-0,0,0.0,0.0,0-1,1,0.0,-31.6,1-2,3,0.33,3.9,2-0,2,1.0,4.8
Pittsburgh Panthers,182.0,7,1,0-2,2,0.0,-23.6,0-1,1,0.0,-34.2,1-2,3,0.33,-1.9,0-1,1,0.0,-15.2
Loyola Marymount Lions,183.0,15,9,0-2,2,0.0,-36.2,0-1,1,0.0,-7.7,4-2,6,0.67,3.1,5-1,6,0.83,38.3
North Texas Mean Green,184.0,12,6,0-2,2,0.0,-28.3,2-1,3,0.67,-2.1,0-2,2,0.0,-4.6,4-1,5,0.8,29.8
Lamar Cardinals,185.0,14,6,0-1,1,0.0,-17.9,0-2,2,0.0,-24.2,1-0,1,1.0,7.1,5-5,10,0.5,10.5
Central Connecticut Blue Devils,186.0,13,7,0-1,1,0.0,-27.3,0-1,1,0.0,-8.1,1-4,5,0.2,-15.2,6-0,6,1.0,34.7
Chattanooga Mocs,187.0,14,6,0-1,1,0.0,-30.9,0-0,0,0.0,0.0,1-1,2,0.5,-15.4,5-6,11,0.45,16.7
Missouri State Bears,188.0,11,8,0-1,1,0.0,-40.7,0-0,0,0.0,0.0,1-1,2,0.5,-8.3,7-1,8,0.88,19.1
Mercer Bears,189.0,9,5,0-1,1,0.0,-25.6,0-1,1,0.0,-49.8,1-1,2,0.5,3.6,4-1,5,0.8,39.0
Brown Bears,190.0,14,6,0-1,1,0.0,-14.9,0-1,1,0.0,-27.2,0-4,4,0.0,-12.9,6-2,8,0.75,28.6
Charlotte 49ers,191.0,15,9,0-2,2,0.0,-29.3,1-0,1,1.0,4.6,1-1,2,0.5,10.3,7-3,10,0.7,6.8
Tennessee State Tigers,192.0,10,8,0-0,0,0.0,0.0,1-0,1,1.0,9.0,1-1,2,0.5,-7.3,6-1,7,0.86,19.8
Davidson Wildcats,193.0,13,7,0-0,0,0.0,0.0,0-2,2,0.0,-26.8,2-2,4,0.5,4.0,5-2,7,0.71,9.9
Cornell Big Red,194.0,11,4,0-2,2,0.0,-20.1,0-1,1,0.0,-10.7,0-1,1,0.0,-3.7,4-3,7,0.57,17.5
Penn State Nittany Lions,195.0,4,1,0-0,0,0.0,0.0,0-0,0,0.0,0.0,0-0,0,0.0,0.0,1-3,4,0.25,-8.3
Lipscomb Bisons,196.0,11,7,0-1,1,0.0,-71.5,0-0,0,0.0,0.0,2-1,3,0.67,7.7,5-2,7,0.71,21.6
Southeast Missouri State Redhawks,197.0,8,6,0-0,0,0.0,0.0,0-0,0,0.0,0.0,1-1,2,0.5,-2.0,5-1,6,0.83,24.3
Boston College Eagles,198.0,16,7,0-2,2,0.0,-13.9,1-2,3,0.33,-5.7,1-0,1,1.0,18.6,5-5,10,0.5,5.0
Grambling Tigers,199.0,14,8,0-1,1,0.0,-40.1,0-1,1,0.0,-3.5,1-1,2,0.5,-3.9,7-3,10,0.7,8.5
Dartmouth Big Green,200.0,10,6,0-2,2,0.0,-25.6,1-0,1,1.0,13.4,1-0,1,1.0,37.5,4-2,6,0.67,21.5
Washington State Cougars,201.0,1,1,0-0,0,0.0,0.0,0-0,0,0.0,0.0,0-0,0,0.0,0.0,1-0,1,1.0,6.9
Western Kentucky Hilltoppers,202.0,3,3,0-0,0,0.0,0.0,0-0,0,0.0,0.0,0-0,0,0.0,0.0,3-0,3,1.0,30.4
Utah Utes,203.0,2,1,0-0,0,0.0,0.0,0-1,1,0.0,-12.9,1-0,1,1.0,3.4,0-0,0,0.0,0.0
Longwood Lancers,204.0,13,8,0-0,0,0.0,0.0,0-0,0,0.0,0.0,1-2,3,0.33,-4.1,7-3,10,0.7,16.2
Fresno State Bulldogs,205.0,13,7,1-1,2,0.5,-4.6,1-1,2,0.5,-13.2,0-3,3,0.0,-8.3,5-1,6,0.83,22.4
Nicholls Colonels,206.0,8,4,0-1,1,0.0,-17.5,0-2,2,0.0,-15.1,1-1,2,0.5,-2.3,3-0,3,1.0,30.1
Arizona State Sun Devils,207.0,16,10,1-1,2,0.5,-3.8,0-1,1,0.0,-7.3,1-0,1,1.0,4.0,8-4,12,0.67,4.4
Valparaiso Beacons,208.0,3,2,0-0,0,0.0,0.0,0-0,0,0.0,0.0,0-0,0,0.0,0.0,2-1,3,0.67,26.1
Coastal Carolina Chanticleers,209.0,15,7,0-2,2,0.0,-57.4,1-0,1,1.0,5.5,2-3,5,0.4,-0.8,4-3,7,0.57,16.8
South Dakota State Jackrabbits,210.0,6,3,0-0,0,0.0,0.0,0-0,0,0.0,0.0,0-0,0,0.0,0.0,3-3,6,0.5,8.6
Toledo Rockets,211.0,6,6,0-0,0,0.0,0.0,1-0,1,1.0,14.5,1-0,1,1.0,18.4,4-0,4,1.0,28.2
UC Davis Aggies,212.0,3,3,0-0,0,0.0,0.0,0-0,0,0.0,0.0,1-0,1,1.0,10.2,2-0,2,1.0,41.5
Le Moyne Dolphins,213.0,10,5,0-1,1,0.0,-61.0,0-1,1,0.0,-17.4,0-1,1,0.0,-15.9,5-2,7,0.71,17.6
Jacksonville State Gamecocks,214.0,9,4,0-0,0,0.0,0.0,0-2,2,0.0,-11.8,0-1,1,0.0,-9.7,4-2,6,0.67,34.0
Boston University Terriers,215.0,15,6,0-1,1,0.0,-7.4,0-3,3,0.0,-22.2,1-2,3,0.33,-10.4,5-3,8,0.62,11.2
Wagner Seahawks,216.0,3,3,0-0,0,0.0,0.0,0-0,0,0.0,0.0,0-0,0,0.0,0.0,3-0,3,1.0,30.5
Memphis Tigers,217.0,11,5,0-0,0,0.0,0.0,0-1,1,0.0,-8.6,1-2,3,0.33,-5.9,4-3,7,0.57,6.0
UT Rio Grande Valley Vaqueros,218.0,2,2,0-0,0,0.0,0.0,0-0,0,0.0,0.0,0-0,0,0.0,0.0,2-0,2,1.0,67.9
Southern Illinois Salukis,219.0,5,3,0-0,0,0.0,0.0,1-0,1,1.0,34.5,0-0,0,0.0,0.0,2-2,4,0.5,8.7
Oregon State Beavers,220.0,10,5,0-0,0,0.0,0.0,0-2,2,0.0,-54.8,3-1,4,0.75,11.3,2-2,4,0.5,-0.7
Southern Miss Golden Eagles,221.0,6,6,0-0,0,0.0,0.0,0-0,0,0.0,0.0,0-0,0,0.0,0.0,6-0,6,1.0,23.2
Loyola Maryland Greyhounds,222.0,7,3,0-0,0,0.0,0.0,0-0,0,0.0,0.0,0-0,0,0.0,0.0,3-4,7,0.43,12.3
Indiana State Sycamores,223.0,8,6,0-1,1,0.0,-14.8,1-0,1,1.0,13.2,1-1,2,0.5,0.0,4-0,4,1.0,33.2
Central Arkansas Bears,224.0,15,7,0-1,1,0.0,-35.5,0-1,1,0.0,-20.5,0-2,2,0.0,-18.5,7-4,11,0.64,16.4
Saint Joseph's Hawks,225.0,7,3,0-2,2,0.0,-46.8,0-1,1,0.0,-12.3,0-1,1,0.0,-18.4,3-0,3,1.0,29.6
Howard Bison,226.0,12,6,1-0,1,1.0,1.4,0-2,2,0.0,-32.3,0-0,0,0.0,0.0,5-4,9,0.56,12.8
South Carolina Upstate Spartans,227.0,9,4,0-1,1,0.0,-20.2,0-1,1,0.0,-14.1,0-1,1,0.0,-30.1,4-2,6,0.67,30.0
American University Eagles,228.0,17,9,0-1,1,0.0,-52.1,0-2,2,0.0,-17.7,3-2,5,0.6,-1.7,6-3,9,0.67,19.5
South Dakota Coyotes,229.0,8,5,0-1,1,0.0,-39.3,0-1,1,0.0,-18.3,0-0,0,0.0,0.0,5-1,6,0.83,21.9
Northeastern Huskies,230.0,7,0,0-1,1,0.0,-11.6,0-2,2,0.0,-11.4,0-2,2,0.0,-18.7,0-2,2,0.0,-13.5
Florida State Seminoles,231.0,10,4,0-2,2,0.0,-52.2,1-0,1,1.0,13.9,1-0,1,1.0,29.6,2-4,6,0.33,-0.2
Drake Bulldogs,232.0,14,7,0-2,2,0.0,-18.0,0-1,1,0.0,-8.1,0-2,2,0.0,-5.4,7-2,9,0.78,21.4
Marquette Golden Eagles,233.0,11,4,0-0,0,0.0,0.0,0-1,1,0.0,-8.1,0-1,1,0.0,-4.3,4-5,9,0.44,-2.2
Incarnate Word Cardinals,234.0,13,7,0-2,2,0.0,-9.3,0-0,0,0.0,0.0,1-3,4,0.25,-10.7,6-1,7,0.86,32.4
Merrimack Warriors,235.0,10,5,1-0,1,1.0,7.5,0-0,0,0.0,0.0,0-4,4,0.0,-17.0,4-1,5,0.8,3.9
Milwaukee Panthers,236.0,10,4,0-1,1,0.0,-26.7,0-1,1,0.0,-8.7,0-2,2,0.0,-18.8,4-2,6,0.67,9.6
Florida International Panthers,237.0,15,8,0-3,3,0.0,-27.6,0-0,0,0.0,0.0,1-3,4,0.25,-1.0,7-1,8,0.88,25.5
Montana Grizzlies,238.0,12,7,0-1,1,0.0,-7.3,0-1,1,0.0,-13.0,2-1,3,0.67,-2.3,5-2,7,0.71,30.0
Colgate Raiders,239.0,15,7,1-0,1,1.0,4.9,0-0,0,0.0,0.0,1-3,4,0.25,-3.5,5-5,10,0.5,5.1
Delaware Blue Hens,240.0,13,5,1-0,1,1.0,19.0,0-0,0,0.0,0.0,1-3,4,0.25,-9.1,3-5,8,0.38,-4.3
Cal State Northridge Matadors,241.0,15,8,0-2,2,0.0,-39.1,0-0,0,0.0,0.0,3-3,6,0.5,2.0,5-2,7,0.71,9.2
Cal Poly Mustangs,242.0,18,7,0-1,1,0.0,-31.6,1-1,2,0.5,-18.5,2-3,5,0.4,-4.1,4-6,10,0.4,-0.6
Detroit Mercy Titans,243.0,13,5,0-0,0,0.0,0.0,1-1,2,0.5,-19.8,0-2,2,0.0,-5.8,4-5,9,0.44,2.6
Sacred Heart Pioneers,244.0,5,1,0-0,0,0.0,0.0,0-1,1,0.0,-56.3,0-0,0,0.0,0.0,1-3,4,0.25,3.6
UIC Flames,245.0,5,3,0-0,0,0.0,0.0,0-1,1,0.0,-23.7,0-1,1,0.0,-11.1,3-0,3,1.0,37.8
Cal State Bakersfield Roadrunners,246.0,18,8,0-0,0,0.0,0.0,0-3,3,0.0,-29.8,3-4,7,0.43,-12.5,5-3,8,0.62,8.0
Utah Tech Trailblazers,248.0,5,4,0-1,1,0.0,-22.1,1-0,1,1.0,2.7,0-0,0,0.0,0.0,3-0,3,1.0,49.6
Green Bay Phoenix,249.0,16,10,0-1,1,0.0,-10.2,0-2,2,0.0,-39.1,2-0,2,1.0,4.3,8-3,11,0.73,8.6
Boise State Broncos,250.0,16,9,1-1,2,0.5,-12.2,3-3,6,0.5,0.2,1-0,1,1.0,31.2,4-3,7,0.57,7.4
Florida Gulf Coast Eagles,251.0,13,6,0-2,2,0.0,-26.9,0-0,0,0.0,0.0,1-3,4,0.25,1.9,5-2,7,0.71,11.7
Texas A&M-Corpus Christi Islanders,252.0,6,5,0-0,0,0.0,0.0,0-0,0,0.0,0.0,1-0,1,1.0,6.8,4-1,5,0.8,36.9
San Diego Toreros,253.0,8,2,0-1,1,0.0,-35.4,1-2,3,0.33,-18.6,0-1,1,0.0,-14.4,1-2,3,0.33,-0.8
Purdue Fort Wayne Mastodons,254.0,8,5,0-1,1,0.0,-38.4,1-0,1,1.0,2.9,1-1,2,0.5,-2.2,3-1,4,0.75,38.7
Princeton Tigers,255.0,7,3,0-0,0,0.0,0.0,0-1,1,0.0,-6.9,2-0,2,1.0,18.2,1-3,4,0.25,11.1
Mercyhurst Lakers,256.0,8,4,0-2,2,0.0,-31.9,0-2,2,0.0,-24.5,1-0,1,1.0,1.3,3-0,3,1.0,37.5
Alabama A&M Bulldogs,257.0,16,8,0-2,2,0.0,-61.0,0-0,0,0.0,0.0,1-2,3,0.33,-18.8,7-4,11,0.64,11.6
Presbyterian Blue Hose,258.0,10,5,0-1,1,0.0,-34.2,0-0,0,0.0,0.0,0-2,2,0.0,-21.8,5-2,7,0.71,20.1
Towson Tigers,259.0,5,2,0-1,1,0.0,-44.5,0-1,1,0.0,-20.4,0-0,0,0.0,0.0,2-1,3,0.67,29.9
Ohio Bobcats,260.0,4,3,0-1,1,0.0,-45.9,0-0,0,0.0,0.0,0-0,0,0.0,0.0,3-0,3,1.0,31.0
Abilene Christian Wildcats,261.0,17,10,0-1,1,0.0,-16.1,1-0,1,1.0,20.9,2-2,4,0.5,-4.7,7-4,11,0.64,4.6
North Dakota Fighting Hawks,262.0,11,8,0-0,0,0.0,0.0,0-0,0,0.0,0.0,1-0,1,1.0,2.6,7-3,10,0.7,18.7
Maryland Terrapins,263.0,8,4,0-1,1,0.0,-19.3,0-0,0,0.0,0.0,0-1,1,0.0,-16.5,4-2,6,0.67,6.2
Stony Brook Seawolves,264.0,6,2,0-0,0,0.0,0.0,0-3,3,0.0,-15.3,0-0,0,0.0,0.0,2-1,3,0.67,22.5
Omaha Mavericks,265.0,8,6,0-0,0,0.0,0.0,0-0,0,0.0,0.0,1-2,3,0.33,-17.6,5-0,5,1.0,26.5
Cal State Fullerton Titans,266.0,17,8,0-3,3,0.0,-10.1,1-2,3,0.33,-26.0,1-2,3,0.33,-8.3,6-2,8,0.75,18.4
Portland Pilots,267.0,11,3,0-2,2,0.0,-46.8,0-2,2,0.0,-8.7,0-3,3,0.0,-27.3,3-1,4,0.75,16.5
Old Dominion Monarchs,268.0,5,1,0-1,1,0.0,-11.9,0-2,2,0.0,-19.2,0-0,0,0.0,0.0,1-1,2,0.5,6.6
Army Black Knights,269.0,17,7,0-1,1,0.0,-17.1,0-2,2,0.0,-16.2,1-3,4,0.25,-14.6,6-4,10,0.6,3.1
Norfolk State Spartans,270.0,10,4,0-1,1,0.0,-13.2,0-0,0,0.0,0.0,0-1,1,0.0,-4.2,4-4,8,0.5,17.8
Western Michigan Broncos,271.0,3,2,0-0,0,0.0,0.0,0-0,0,0.0,0.0,0-0,0,0.0,0.0,2-1,3,0.67,19.2
Denver Pioneers,272.0,16,7,0-2,2,0.0,-32.7,1-3,4,0.25,-7.6,1-3,4,0.25,-10.8,5-1,6,0.83,25.8
UNC Asheville Bulldogs,273.0,6,4,0-1,1,0.0,-27.8,0-0,0,0.0,0.0,0-0,0,0.0,0.0,4-1,5,0.8,21.8
Middle Tennessee Blue Raiders,274.0,8,7,0-0,0,0.0,0.0,1-0,1,1.0,6.0,1-0,1,1.0,19.8,5-1,6,0.83,25.1
Loyola Chicago Ramblers,275.0,10,3,1-1,2,0.5,-15.8,0-1,1,0.0,-23.9,0-0,0,0.0,0.0,2-5,7,0.29,-12.6
North Alabama Lions,276.0,5,4,0-0,0,0.0,0.0,1-0,1,1.0,3.1,0-0,0,0.0,0.0,3-1,4,0.75,12.5
Lehigh Mountain Hawks,277.0,10,4,0-2,2,0.0,-34.7,0-0,0,0.0,0.0,0-1,1,0.0,-24.6,4-3,7,0.57,9.6
New Orleans Privateers,278.0,8,3,1-0,1,1.0,6.0,1-0,1,1.0,37.7,1-0,1,1.0,20.4,0-5,5,0.0,-23.9
Bellarmine Knights,279.0,16,6,0-3,3,0.0,-35.9,0-1,1,0.0,-9.5,0-3,3,0.0,-17.4,6-3,9,0.67,12.9
UMass Lowell River Hawks,280.0,4,3,0-0,0,0.0,0.0,0-0,0,0.0,0.0,0-1,1,0.0,-51.9,3-0,3,1.0,49.1
Oakland Golden Grizzlies,281.0,9,5,0-1,1,0.0,-5.1,1-1,2,0.5,-9.6,0-1,1,0.0,-10.6,4-1,5,0.8,20.5
Tennessee Tech Golden Eagles,282.0,8,5,0-0,0,0.0,0.0,0-1,1,0.0,-46.4,0-1,1,0.0,-17.5,5-1,6,0.83,30.6
Rutgers Scarlet Knights,283.0,3,1,0-1,1,0.0,-37.0,0-0,0,0.0,0.0,0-0,0,0.0,0.0,1-1,2,0.5,-6.9
Rice Owls,284.0,8,4,1-2,3,0.33,-30.3,0-0,0,0.0,0.0,0-0,0,0.0,0.0,3-2,5,0.6,20.5
SE Louisiana Lions,285.0,3,1,0-2,2,0.0,-17.2,0-0,0,0.0,0.0,0-0,0,0.0,0.0,1-0,1,1.0,41.8
Campbell Fighting Camels,286.0,17,8,0-2,2,0.0,-29.5,0-3,3,0.0,-9.3,1-2,3,0.33,-29.1,7-2,9,0.78,19.5
IU Indianapolis Jaguars,287.0,9,3,0-1,1,0.0,-17.3,0-1,1,0.0,-12.9,0-3,3,0.0,-16.7,3-1,4,0.75,22.3
Manhattan Jaspers,288.0,12,7,0-2,2,0.0,-37.5,0-1,1,0.0,-37.3,1-1,2,0.5,-4.3,6-1,7,0.86,18.1
Long Beach State Beach,289.0,12,4,0-0,0,0.0,0.0,0-2,2,0.0,-25.8,0-3,3,0.0,-10.5,4-3,7,0.57,9.9
Maine Black Bears,290.0,10,2,0-1,1,0.0,-49.8,0-0,0,0.0,0.0,0-3,3,0.0,-11.1,2-4,6,0.33,-1.7
Northern Arizona Lumberjacks,291.0,8,5,0-0,0,0.0,0.0,0-0,0,0.0,0.0,0-1,1,0.0,-22.8,5-2,7,0.71,19.7
Houston Christian Huskies,292.0,14,5,0-1,1,0.0,-32.7,0-1,1,0.0,-27.4,0-4,4,0.0,-17.2,5-3,8,0.62,0.4
Stonehill Skyhawks,293.0,5,3,0-0,0,0.0,0.0,0-1,1,0.0,-57.9,1-0,1,1.0,14.3,2-1,3,0.67,33.6
Eastern Washington Eagles,294.0,11,3,0-0,0,0.0,0.0,0-1,1,0.0,-37.4,0-4,4,0.0,-14.9,3-3,6,0.5,4.0
Louisiana Ragin' Cajuns,295.0,15,4,0-1,1,0.0,-67.4,0-2,2,0.0,-25.8,0-7,7,0.0,-23.1,4-1,5,0.8,8.4
San José State Spartans,296.0,8,2,0-1,1,0.0,-26.3,0-0,0,0.0,0.0,0-4,4,0.0,-11.3,2-1,3,0.67,19.9
Jacksonville Dolphins,297.0,9,4,0-2,2,0.0,-34.9,0-0,0,0.0,0.0,0-1,1,0.0,-40.7,4-2,6,0.67,34.4
Lafayette Leopards,298.0,11,3,0-3,3,0.0,-48.6,0-0,0,0.0,0.0,1-3,4,0.25,-3.6,2-2,4,0.5,9.0
Eastern Kentucky Colonels,299.0,15,4,0-4,4,0.0,-29.0,0-2,2,0.0,-17.9,1-1,2,0.5,-2.5,3-4,7,0.43,15.4
Little Rock Trojans,300.0,14,6,0-2,2,0.0,-43.4,1-0,1,1.0,4.2,0-4,4,0.0,-31.6,5-2,7,0.71,11.7
Central Michigan Chippewas,301.0,14,4,0-1,1,0.0,-64.7,0-0,0,0.0,0.0,1-2,3,0.33,-17.3,3-7,10,0.3,0.7
West Georgia Wolves,302.0,2,2,0-0,0,0.0,0.0,0-0,0,0.0,0.0,0-0,0,0.0,0.0,2-0,2,1.0,37.5
Georgia State Panthers,303.0,11,4,0-0,0,0.0,0.0,0-1,1,0.0,-25.1,0-3,3,0.0,-28.7,4-3,7,0.57,9.0
Binghamton Bearcats,304.0,17,4,0-0,0,0.0,0.0,0-1,1,0.0,-72.4,0-4,4,0.0,-24.7,4-8,12,0.33,-3.0
Northwestern State Demons,305.0,8,4,0-2,2,0.0,-30.1,0-1,1,0.0,-32.6,0-0,0,0.0,0.0,4-1,5,0.8,21.2
Holy Cross Crusaders,306.0,9,3,0-0,0,0.0,0.0,0-2,2,0.0,-8.6,0-2,2,0.0,-17.9,3-2,5,0.6,11.4
Mount St. Mary's Mountaineers,307.0,9,3,0-2,2,0.0,-51.7,0-1,1,0.0,-33.0,0-1,1,0.0,-16.2,3-2,5,0.6,4.1
Ball State Cardinals,308.0,16,4,0-2,2,0.0,-14.7,0-1,1,0.0,-11.7,0-1,1,0.0,-30.8,4-8,12,0.33,1.2
Southern Jaguars,309.0,7,4,0-1,1,0.0,-34.7,0-1,1,0.0,-6.4,0-1,1,0.0,-4.1,4-0,4,1.0,45.8
Alabama State Hornets,310.0,15,4,0-4,4,0.0,-19.5,1-1,2,0.5,-26.3,0-3,3,0.0,-43.7,3-3,6,0.5,11.7
UNC Greensboro Spartans,311.0,5,3,0-0,0,0.0,0.0,0-0,0,0.0,0.0,0-1,1,0.0,-18.2,3-1,4,0.75,33.0
Cleveland State Vikings,312.0,18,5,0-1,1,0.0,-43.4,0-4,4,0.0,-38.4,0-0,0,0.0,0.0,5-8,13,0.38,3.4
East Carolina Pirates,313.0,13,4,0-2,2,0.0,-29.3,0-1,1,0.0,-13.6,1-2,3,0.33,-3.4,3-4,7,0.43,-13.1
UAlbany Great Danes,314.0,5,3,0-0,0,0.0,0.0,0-0,0,0.0,0.0,0-0,0,0.0,0.0,3-2,5,0.6,28.9
Pepperdine Waves,315.0,10,3,0-2,2,0.0,-17.7,0-1,1,0.0,-46.6,0-2,2,0.0,-22.4,3-2,5,0.6,10.1
UL Monroe Warhawks,316.0,2,2,0-0,0,0.0,0.0,0-0,0,0.0,0.0,0-0,0,0.0,0.0,2-0,2,1.0,26.9
Morehead State Eagles,317.0,12,7,0-1,1,0.0,-51.0,1-1,2,0.5,-5.7,0-1,1,0.0,-19.0,6-2,8,0.75,18.0
La Salle Explorers,318.0,11,3,1-1,2,0.5,-3.6,0-1,1,0.0,-42.6,1-3,4,0.25,-5.4,1-3,4,0.25,-17.0
Prairie View A&M Panthers,319.0,9,5,0-2,2,0.0,-47.4,0-0,0,0.0,0.0,0-1,1,0.0,-15.9,5-1,6,0.83,31.6
East Texas A&M Lions,320.0,15,5,0-4,4,0.0,-41.7,0-1,1,0.0,-51.7,0-1,1,0.0,-34.3,5-4,9,0.56,13.9
Fairleigh Dickinson Knights,321.0,13,4,0-2,2,0.0,-41.3,0-1,1,0.0,-35.4,0-2,2,0.0,-31.1,4-4,8,0.5,11.9
Bucknell Bison,322.0,15,5,0-2,2,0.0,-73.4,0-0,0,0.0,0.0,0-3,3,0.0,-23.9,5-5,10,0.5,-7.7
UTEP Miners,323.0,6,3,0-1,1,0.0,-38.1,0-0,0,0.0,0.0,0-0,0,0.0,0.0,3-2,5,0.6,14.4
Stetson Hatters,324.0,5,3,0-0,0,0.0,0.0,0-0,0,0.0,0.0,0-1,1,0.0,-25.6,3-1,4,0.75,18.2
Oral Roberts Golden Eagles,325.0,9,3,0-1,1,0.0,-33.5,0-2,2,0.0,-18.2,0-2,2,0.0,-17.6,3-1,4,0.75,25.6
Northern Illinois Huskies,326.0,7,3,0-1,1,0.0,-19.2,0-0,0,0.0,0.0,0-0,0,0.0,0.0,3-3,6,0.5,10.7
Niagara Purple Eagles,327.0,5,2,0-1,1,0.0,-40.7,0-1,1,0.0,-45.8,0-1,1,0.0,-60.1,2-0,2,1.0,20.0
Canisius Golden Griffins,328.0,15,7,0-4,4,0.0,-60.5,0-1,1,0.0,-72.7,1-3,4,0.25,-20.8,6-0,6,1.0,20.7
Evansville Purple Aces,329.0,12,4,0-1,1,0.0,-41.8,0-3,3,0.0,-24.8,1-2,3,0.33,-2.7,3-2,5,0.6,11.1
UC Riverside Highlanders,330.0,5,2,0-1,1,0.0,-52.5,0-0,0,0.0,0.0,0-1,1,0.0,-4.7,2-1,3,0.67,26.3
Morgan State Bears,331.0,9,4,0-0,0,0.0,0.0,0-1,1,0.0,-45.5,0-2,2,0.0,-4.9,4-2,6,0.67,7.1
New Haven Chargers,332.0,9,5,0-1,1,0.0,-39.8,0-0,0,0.0,0.0,0-0,0,0.0,0.0,5-3,8,0.62,6.0
Maryland Eastern Shore Hawks,333.0,9,3,0-3,3,0.0,-40.3,0-1,1,0.0,-3.9,0-1,1,0.0,-26.6,3-1,4,0.75,22.1
Sacramento State Hornets,334.0,7,3,0-0,0,0.0,0.0,0-1,1,0.0,-17.0,0-2,2,0.0,-6.1,3-1,4,0.75,16.0
Eastern Illinois Panthers,335.0,15,6,0-1,1,0.0,-5.1,0-1,1,0.0,-33.5,1-2,3,0.33,-3.9,5-5,10,0.5,-6.5
Western Carolina Catamounts,336.0,3,2,0-0,0,0.0,0.0,0-0,0,0.0,0.0,0-1,1,0.0,-7.1,2-0,2,1.0,62.5
Arkansas-Pine Bluff Golden Lions,337.0,14,4,0-4,4,0.0,-40.3,0-2,2,0.0,-63.3,0-3,3,0.0,-27.2,4-1,5,0.8,25.5
NJIT Highlanders,338.0,6,3,0-1,1,0.0,-22.9,0-0,0,0.0,0.0,0-1,1,0.0,-26.1,3-1,4,0.75,9.8
Western Illinois Leathernecks,339.0,4,3,0-0,0,0.0,0.0,0-0,0,0.0,0.0,0-0,0,0.0,0.0,3-1,4,0.75,14.7
Delaware State Hornets,340.0,15,4,0-1,1,0.0,-96.4,0-3,3,0.0,-31.2,1-2,3,0.33,-12.1,3-5,8,0.38,-2.3
The Citadel Bulldogs,341.0,6,4,0-0,0,0.0,0.0,0-0,0,0.0,0.0,0-1,1,0.0,-13.9,4-1,5,0.8,19.5
New Hampshire Wildcats,342.0,7,3,0-1,1,0.0,-18.3,0-0,0,0.0,0.0,0-3,3,0.0,-29.2,3-0,3,1.0,44.4
Bethune-Cookman Wildcats,343.0,13,5,0-5,5,0.0,-44.6,0-0,0,0.0,0.0,0-0,0,0.0,0.0,5-3,8,0.62,3.7
Kansas City Roos,344.0,14,4,0-4,4,0.0,-31.4,0-2,2,0.0,-33.9,0-2,2,0.0,-18.8,4-2,6,0.67,8.8
Southern Utah Thunderbirds,345.0,10,4,0-1,1,0.0,-22.7,0-1,1,0.0,-60.2,0-2,2,0.0,-23.5,4-2,6,0.67,26.3
Bryant Bulldogs,346.0,16,5,0-4,4,0.0,-39.0,0-2,2,0.0,-25.8,0-2,2,0.0,-19.0,5-3,8,0.62,4.4
VMI Keydets,347.0,4,4,0-0,0,0.0,0.0,0-0,0,0.0,0.0,0-0,0,0.0,0.0,4-0,4,1.0,46.6
Florida A&M Rattlers,348.0,12,4,0-3,3,0.0,-45.7,0-2,2,0.0,-36.4,0-2,2,0.0,-27.1,4-1,5,0.8,8.4
Saint Francis Red Flash,349.0,7,3,0-1,1,0.0,-57.9,0-1,1,0.0,-40.5,1-0,1,1.0,3.0,2-2,4,0.5,17.7
Rider Broncs,350.0,6,1,0-2,2,0.0,-55.2,0-2,2,0.0,-22.0,0-0,0,0.0,0.0,1-1,2,0.5,2.9
North Carolina Central Eagles,351.0,8,4,0-1,1,0.0,-28.6,0-0,0,0.0,0.0,0-2,2,0.0,-26.9,4-1,5,0.8,22.0
UTSA Roadrunners,352.0,2,2,0-0,0,0.0,0.0,0-0,0,0.0,0.0,0-0,0,0.0,0.0,2-0,2,1.0,53.7
Air Force Falcons,353.0,16,3,0-5,5,0.0,-38.9,0-2,2,0.0,-28.0,1-4,5,0.2,-21.4,2-2,4,0.5,-2.1
Chicago State Cougars,354.0,15,2,0-5,5,0.0,-41.2,0-1,1,0.0,-33.8,0-1,1,0.0,-46.9,2-6,8,0.25,-3.5
North Florida Ospreys,355.0,9,2,0-0,0,0.0,0.0,0-0,0,0.0,0.0,0-2,2,0.0,-12.9,2-5,7,0.29,6.0
South Carolina State Bulldogs,356.0,6,1,0-0,0,0.0,0.0,0-1,1,0.0,-30.7,0-1,1,0.0,-1.2,1-3,4,0.25,-25.2
Alcorn State Braves,357.0,13,1,0-3,3,0.0,-47.8,0-3,3,0.0,-45.9,0-3,3,0.0,-34.3,1-3,4,0.25,-28.0
Coppin State Eagles,358.0,18,3,0-2,2,0.0,-62.4,0-3,3,0.0,-72.7,0-6,6,0.0,-34.2,3-4,7,0.43,-4.9
Texas Southern Tigers,359.0,4,2,0-1,1,0.0,-49.4,0-0,0,0.0,0.0,0-1,1,0.0,-15.0,2-0,2,1.0,50.2
Jackson State Tigers,360.0,8,1,0-1,1,0.0,-82.1,0-2,2,0.0,-41.1,0-2,2,0.0,-26.5,1-2,3,0.33,-18.6
Mississippi Valley State Delta Devils,361.0,10,1,0-4,4,0.0,-58.3,0-1,1,0.0,-71.8,0-0,0,0.0,0.0,1-4,5,0.2,-2.5
Gardner-Webb Runnin' Bulldogs,362.0,14,2,0-4,4,0.0,-53.7,0-1,1,0.0,-15.9,0-2,2,0.0,-23.4,2-5,7,0.29,-14.7
Bryant & Stratton (Ohio),999.0,1,0,0-0,0,0.0,0.0,0-1,1,0.0,-55.6,0-0,0,0.0,0.0,0-0,0,0.0,0.0
Thiel,999.0,1,0,0-0,0,0.0,0.0,0-1,1,0.0,-81.2,0-0,0,0.0,0.0,0-0,0,0.0,0.0
Brandeis,999.0,1,0,0-0,0,0.0,0.0,0-1,1,0.0,-28.2,0-0,0,0.0,0.0,0-0,0,0.0,0.0
Northern State,999.0,1,0,0-1,1,0.0,-32.8,0-0,0,0.0,0.0,0-0,0,0.0,0.0,0-0,0,0.0,0.0
Franklin,999.0,1,0,0-0,0,0.0,0.0,0-1,1,0.0,-89.7,0-0,0,0.0,0.0,0-0,0,0.0,0.0
Clinton College,999.0,1,0,0-0,0,0.0,0.0,0-1,1,0.0,-79.7,0-0,0,0.0,0.0,0-0,0,0.0,0.0
Queens University*,999.0,1,0,0-0,0,0.0,0.0,0-1,1,0.0,-10.5,0-0,0,0.0,0.0,0-0,0,0.0,0.0
Northwood (MI),999.0,1,1,0-0,0,0.0,0.0,0-0,0,0.0,0.0,0-0,0,0.0,0.0,1-0,1,1.0,4.4
Tarleton State,999.0,10,5,0-1,1,0.0,-51.1,0-3,3,0.0,-23.4,1-0,1,1.0,5.8,4-1,5,0.8,17.2
Utah Valley,999.0,11,7,1-0,1,1.0,16.4,0-1,1,0.0,-15.9,3-1,4,0.75,6.2,3-2,5,0.6,-1.1
Utah Tech,999.0,11,4,0-3,3,0.0,-19.4,0-1,1,0.0,-19.2,1-2,3,0.33,-16.4,3-1,4,0.75,10.7
Texas Southern,999.0,10,0,0-4,4,0.0,-65.5,0-0,0,0.0,0.0,0-2,2,0.0,-13.4,0-4,4,0.0,-12.7
10BYU,999.0,1,1,0-0,0,0.0,0.0,0-0,0,0.0,0.0,0-0,0,0.0,0.0,1-0,1,1.0,25.4
1Arizona,999.0,1,1,0-0,0,0.0,0.0,0-0,0,0.0,0.0,0-0,0,0.0,0.0,1-0,1,1.0,41.5
New Mexico State,999.0,5,1,1-0,1,1.0,11.9,0-0,0,0.0,0.0,0-2,2,0.0,-15.1,0-2,2,0.0,-10.0
Pepperdine,999.0,8,2,0-1,1,0.0,-60.2,0-1,1,0.0,-6.7,0-1,1,0.0,-7.8,2-3,5,0.4,-1.7
Jarvis Christian,999.0,2,0,0-0,0,0.0,0.0,0-0,0,0.0,0.0,0-1,1,0.0,-67.2,0-1,1,0.0,-51.8
William & Mary*,999.0,2,2,0-0,0,0.0,0.0,0-0,0,0.0,0.0,0-0,0,0.0,0.0,2-0,2,1.0,28.9
UTSA*,999.0,2,1,0-0,0,0.0,0.0,1-0,1,1.0,17.4,0-0,0,0.0,0.0,0-1,1,0.0,-17.5
Texas State,999.0,9,5,0-1,1,0.0,-61.1,0-0,0,0.0,0.0,1-2,3,0.33,-12.5,4-1,5,0.8,9.2
Stephen F. Austin,999.0,10,8,0-0,0,0.0,0.0,0-1,1,0.0,-3.6,1-1,2,0.5,14.3,7-0,7,1.0,18.4
Southwestern Adventist,999.0,3,0,0-0,0,0.0,0.0,0-0,0,0.0,0.0,0-1,1,0.0,-98.6,0-2,2,0.0,-75.7
Omaha,999.0,9,2,0-1,1,0.0,-31.0,0-1,1,0.0,-3.4,1-3,4,0.25,-14.4,1-2,3,0.33,1.0
McMurry,999.0,1,0,0-0,0,0.0,0.0,0-0,0,0.0,0.0,0-0,0,0.0,0.0,0-1,1,0.0,-55.1
Mount St. Mary's,999.0,9,3,0-1,1,0.0,-12.3,0-2,2,0.0,-19.2,2-1,3,0.67,2.3,1-2,3,0.33,-6.4
UAlbany,999.0,10,2,0-3,3,0.0,-32.6,0-3,3,0.0,-32.7,0-1,1,0.0,-45.3,2-1,3,0.67,18.3
Worcester State,999.0,2,0,0-0,0,0.0,0.0,0-0,0,0.0,0.0,0-0,0,0.0,0.0,0-2,2,0.0,-45.8
High Point,999.0,4,4,0-0,0,0.0,0.0,1-0,1,1.0,2.2,0-0,0,0.0,0.0,3-0,3,1.0,51.9
Iona,999.0,5,5,0-0,0,0.0,0.0,0-0,0,0.0,0.0,3-0,3,1.0,15.0,2-0,2,1.0,23.5
Stonehill,999.0,11,2,0-2,2,0.0,-53.9,0-1,1,0.0,-2.7,0-3,3,0.0,-14.9,2-3,5,0.4,-6.7
Mercy,999.0,1,0,0-0,0,0.0,0.0,0-0,0,0.0,0.0,0-0,0,0.0,0.0,0-1,1,0.0,-34.9
Virginia Tech,999.0,11,10,2-0,2,1.0,7.5,1-0,1,1.0,14.4,3-1,4,0.75,11.3,4-0,4,1.0,28.1
Valparaiso,999.0,14,6,1-3,4,0.25,-24.0,0-3,3,0.0,-12.4,0-2,2,0.0,-5.8,5-0,5,1.0,13.7
Johnson & Wales (RI),999.0,2,0,0-0,0,0.0,0.0,0-0,0,0.0,0.0,0-2,2,0.0,-90.6,0-0,0,0.0,0.0
Providence,999.0,7,5,0-1,1,0.0,-11.9,0-1,1,0.0,-3.2,1-0,1,1.0,33.8,4-0,4,1.0,24.6
Elms College,999.0,2,0,0-0,0,0.0,0.0,0-0,0,0.0,0.0,0-2,2,0.0,-120.9,0-0,0,0.0,0.0
Bryant,999.0,1,0,0-0,0,0.0,0.0,0-0,0,0.0,0.0,0-1,1,0.0,-32.0,0-0,0,0.0,0.0
Rhode Island,999.0,9,4,0-1,1,0.0,-19.9,0-0,0,0.0,0.0,1-2,3,0.33,2.1,3-2,5,0.6,6.7
5UConn,999.0,5,5,0-0,0,0.0,0.0,2-0,2,1.0,10.5,2-0,2,1.0,28.7,1-0,1,1.0,30.9
Wright State,999.0,13,8,0-1,1,0.0,-9.8,0-2,2,0.0,-22.9,0-1,1,0.0,-2.9,8-1,9,0.89,12.8
Virginia*,999.0,3,2,1-0,1,1.0,14.9,1-1,2,0.5,-1.3,0-0,0,0.0,0.0,0-0,0,0.0,0.0
South Carolina*,999.0,2,0,0-0,0,0.0,0.0,0-2,2,0.0,-6.6,0-0,0,0.0,0.0,0-0,0,0.0,0.0
Southern Indiana,999.0,11,1,0-0,0,0.0,0.0,0-3,3,0.0,-25.4,1-2,3,0.33,-13.4,0-5,5,0.0,-13.3
Penn State-Behrend,999.0,1,0,0-1,1,0.0,-47.1,0-0,0,0.0,0.0,0-0,0,0.0,0.0,0-0,0,0.0,0.0
Western Michigan,999.0,13,5,0-3,3,0.0,-41.8,1-1,2,0.5,-5.8,0-3,3,0.0,-20.7,4-1,5,0.8,12.5
St. Bonaventure,999.0,9,7,1-0,1,1.0,11.3,2-1,3,0.67,2.3,0-1,1,0.0,-5.8,4-0,4,1.0,19.1
Green Bay,999.0,2,0,0-1,1,0.0,-11.1,0-0,0,0.0,0.0,0-0,0,0.0,0.0,0-1,1,0.0,-36.0
Iowa,999.0,2,2,0-0,0,0.0,0.0,0-0,0,0.0,0.0,0-0,0,0.0,0.0,2-0,2,1.0,54.1
Rider,999.0,9,0,0-2,2,0.0,-59.5,0-1,1,0.0,-10.1,0-3,3,0.0,-13.7,0-3,3,0.0,-10.2
Buffalo*,999.0,1,1,0-0,0,0.0,0.0,0-0,0,0.0,0.0,0-0,0,0.0,0.0,1-0,1,1.0,2.9
14St. John's,999.0,1,1,0-0,0,0.0,0.0,0-0,0,0.0,0.0,0-0,0,0.0,0.0,1-0,1,1.0,49.3
Hofstra,999.0,4,3,0-0,0,0.0,0.0,1-1,2,0.5,0.9,0-0,0,0.0,0.0,2-0,2,1.0,13.6
Long Beach State,999.0,5,2,0-2,2,0.0,-22.0,0-0,0,0.0,0.0,0-1,1,0.0,-34.0,2-0,2,1.0,9.2
UC San Diego,999.0,11,7,1-0,1,1.0,13.9,0-1,1,0.0,-8.2,3-0,3,1.0,11.3,3-3,6,0.5,1.5
Idaho,999.0,3,2,0-0,0,0.0,0.0,0-0,0,0.0,0.0,0-0,0,0.0,0.0,2-1,3,0.67,2.2
Cal State Fullerton,999.0,1,0,0-0,0,0.0,0.0,0-0,0,0.0,0.0,0-0,0,0.0,0.0,0-1,1,0.0,-3.4
Redlands,999.0,1,0,0-0,0,0.0,0.0,0-0,0,0.0,0.0,0-0,0,0.0,0.0,0-1,1,0.0,-6.7
Southeast Missouri State*,999.0,1,1,0-0,0,0.0,0.0,0-0,0,0.0,0.0,0-0,0,0.0,0.0,1-0,1,1.0,18.6
Montana,999.0,5,2,0-1,1,0.0,-56.3,0-0,0,0.0,0.0,1-0,1,1.0,9.8,1-2,3,0.33,0.9
Colorado State,999.0,2,2,0-0,0,0.0,0.0,1-0,1,1.0,7.5,0-0,0,0.0,0.0,1-0,1,1.0,19.3
Seattle U,999.0,8,3,0-2,2,0.0,-17.4,0-0,0,0.0,0.0,0-2,2,0.0,-14.4,3-1,4,0.75,14.3
Pacific Lutheran,999.0,1,0,0-0,0,0.0,0.0,0-0,0,0.0,0.0,0-0,0,0.0,0.0,0-1,1,0.0,-31.6
USC,999.0,6,5,1-1,2,0.5,-22.5,0-0,0,0.0,0.0,1-0,1,1.0,0.9,3-0,3,1.0,28.6
St. John's,999.0,5,4,0-0,0,0.0,0.0,1-0,1,1.0,15.0,3-1,4,0.75,16.5,0-0,0,0.0,0.0
Villanova,999.0,13,11,1-1,2,0.5,-15.5,1-0,1,1.0,23.8,5-0,5,1.0,18.4,4-1,5,0.8,21.0
Creighton,999.0,1,1,0-0,0,0.0,0.0,0-0,0,0.0,0.0,1-0,1,1.0,5.9,0-0,0,0.0,0.0
Northwestern*,999.0,1,0,0-0,0,0.0,0.0,0-1,1,0.0,-4.1,0-0,0,0.0,0.0,0-0,0,0.0,0.0
Bethesda University,999.0,6,0,0-1,1,0.0,-95.6,0-0,0,0.0,0.0,0-1,1,0.0,-100.4,0-4,4,0.0,-64.9
Northern Colorado*,999.0,1,1,0-0,0,0.0,0.0,0-0,0,0.0,0.0,0-0,0,0.0,0.0,1-0,1,1.0,4.4
St. Thomas-Minnesota*,999.0,2,1,0-0,0,0.0,0.0,1-0,1,1.0,1.5,0-0,0,0.0,0.0,0-1,1,0.0,-9.9
Caltech,999.0,1,0,0-0,0,0.0,0.0,0-0,0,0.0,0.0,0-0,0,0.0,0.0,0-1,1,0.0,-65.9
Nobel,999.0,6,0,0-0,0,0.0,0.0,0-0,0,0.0,0.0,0-1,1,0.0,-51.9,0-5,5,0.0,-57.1
UC Santa Barbara,999.0,11,5,0-0,0,0.0,0.0,0-1,1,0.0,-21.7,0-0,0,0.0,0.0,5-5,10,0.5,4.5
Fresno State,999.0,2,0,0-0,0,0.0,0.0,0-0,0,0.0,0.0,0-0,0,0.0,0.0,0-2,2,0.0,-4.9
Portland State,999.0,4,2,0-1,1,0.0,-16.3,0-0,0,0.0,0.0,1-0,1,1.0,7.3,1-1,2,0.5,5.8
Western Illinois,999.0,13,1,0-2,2,0.0,-22.1,0-1,1,0.0,-15.9,0-4,4,0.0,-31.9,1-5,6,0.17,-17.6
Whittier,999.0,2,0,0-0,0,0.0,0.0,0-1,1,0.0,-90.5,0-0,0,0.0,0.0,0-1,1,0.0,-31.2
California,999.0,2,2,0-0,0,0.0,0.0,0-0,0,0.0,0.0,0-0,0,0.0,0.0,2-0,2,1.0,32.0
UC Davis,999.0,13,6,0-2,2,0.0,-15.0,2-0,2,1.0,11.2,1-2,3,0.33,-14.9,3-3,6,0.5,5.2
Cal State Northridge,999.0,3,2,0-0,0,0.0,0.0,0-0,0,0.0,0.0,0-0,0,0.0,0.0,2-1,3,0.67,7.5
23Virginia,999.0,3,3,0-0,0,0.0,0.0,0-0,0,0.0,0.0,2-0,2,1.0,27.1,1-0,1,1.0,9.8
16Louisville,999.0,1,1,0-0,0,0.0,0.0,1-0,1,1.0,27.9,0-0,0,0.0,0.0,0-0,0,0.0,0.0
Morgan State,999.0,8,0,0-0,0,0.0,0.0,0-1,1,0.0,-75.8,0-4,4,0.0,-34.8,0-3,3,0.0,-17.6
Northwestern State,999.0,8,1,0-1,1,0.0,-18.0,0-2,2,0.0,-36.6,0-2,2,0.0,-23.4,1-2,3,0.33,-6.0
Dominican (CA),999.0,2,0,0-0,0,0.0,0.0,0-1,1,0.0,-37.2,0-0,0,0.0,0.0,0-1,1,0.0,-30.0
18UCLA*,999.0,1,0,0-0,0,0.0,0.0,0-1,1,0.0,-11.1,0-0,0,0.0,0.0,0-0,0,0.0,0.0
Presbyterian,999.0,8,3,0-0,0,0.0,0.0,1-2,3,0.33,-15.9,0-1,1,0.0,-10.7,2-2,4,0.5,-6.3
San Diego*,999.0,1,0,0-0,0,0.0,0.0,0-1,1,0.0,-19.9,0-0,0,0.0,0.0,0-0,0,0.0,0.0
South Carolina Upstate,999.0,9,4,0-2,2,0.0,-21.1,0-1,1,0.0,-18.0,1-0,1,1.0,1.6,3-2,5,0.6,3.2
Stanford,999.0,10,8,1-0,1,1.0,6.0,0-0,0,0.0,0.0,0-2,2,0.0,-10.6,7-0,7,1.0,17.6
La Sierra,999.0,3,0,0-0,0,0.0,0.0,0-0,0,0.0,0.0,0-1,1,0.0,-77.8,0-2,2,0.0,-67.7
Idaho State*,999.0,1,1,0-0,0,0.0,0.0,0-0,0,0.0,0.0,0-0,0,0.0,0.0,1-0,1,1.0,44.4
Idaho*,999.0,1,1,0-0,0,0.0,0.0,0-0,0,0.0,0.0,0-0,0,0.0,0.0,1-0,1,1.0,19.5
East Texas A&M,999.0,1,1,0-0,0,0.0,0.0,0-0,0,0.0,0.0,0-0,0,0.0,0.0,1-0,1,1.0,9.7
Eastern Illinois,999.0,1,0,0-0,0,0.0,0.0,0-0,0,0.0,0.0,0-1,1,0.0,-32.5,0-0,0,0.0,0.0
North Texas,999.0,4,3,0-0,0,0.0,0.0,0-0,0,0.0,0.0,0-1,1,0.0,-14.8,3-0,3,1.0,14.1
25North Carolina,999.0,2,2,0-0,0,0.0,0.0,0-0,0,0.0,0.0,1-0,1,1.0,18.0,1-0,1,1.0,48.5
Sacred Heart,999.0,13,4,0-1,1,0.0,-6.8,0-1,1,0.0,-16.7,0-4,4,0.0,-19.9,4-3,7,0.57,8.9
Fairfield,999.0,3,1,0-0,0,0.0,0.0,0-0,0,0.0,0.0,1-1,2,0.5,-10.3,0-1,1,0.0,-6.1
Saint Peter's,999.0,10,6,1-0,1,1.0,14.0,1-0,1,1.0,5.3,0-2,2,0.0,-13.1,4-2,6,0.67,7.6
Allegheny,999.0,1,0,0-0,0,0.0,0.0,0-0,0,0.0,0.0,0-0,0,0.0,0.0,0-1,1,0.0,-70.6
Monmouth,999.0,7,2,0-0,0,0.0,0.0,0-3,3,0.0,-10.6,0-0,0,0.0,0.0,2-2,4,0.5,4.1
7Gonzaga,999.0,1,1,0-0,0,0.0,0.0,0-0,0,0.0,0.0,0-0,0,0.0,0.0,1-0,1,1.0,28.5
UT Arlington*,999.0,1,0,0-0,0,0.0,0.0,0-0,0,0.0,0.0,0-0,0,0.0,0.0,0-1,1,0.0,-5.3
Weber State,999.0,15,7,0-2,2,0.0,-19.1,1-1,2,0.5,-13.5,0-3,3,0.0,-5.9,6-2,8,0.75,12.4
Mid-Atlantic Christian,999.0,4,0,0-0,0,0.0,0.0,0-1,1,0.0,-55.9,0-1,1,0.0,-81.4,0-2,2,0.0,-58.0
West Virginia,999.0,12,11,0-1,1,0.0,-33.5,0-0,0,0.0,0.0,2-0,2,1.0,10.7,9-0,9,1.0,34.9
Stony Brook,999.0,10,6,0-1,1,0.0,-30.9,0-2,2,0.0,-21.6,3-1,4,0.75,1.7,3-0,3,1.0,22.2
North Central College,999.0,1,0,0-0,0,0.0,0.0,0-1,1,0.0,-58.2,0-0,0,0.0,0.0,0-0,0,0.0,0.0
Washington State,999.0,14,6,0-1,1,0.0,-7.7,0-3,3,0.0,-14.4,1-4,5,0.2,-10.0,5-0,5,1.0,15.2
Liberty*,999.0,1,0,0-0,0,0.0,0.0,0-1,1,0.0,-14.7,0-0,0,0.0,0.0,0-0,0,0.0,0.0
UC San Diego*,999.0,4,4,0-0,0,0.0,0.0,3-0,3,1.0,22.9,0-0,0,0.0,0.0,1-0,1,1.0,21.5
Princeton*,999.0,1,0,0-0,0,0.0,0.0,0-1,1,0.0,-49.0,0-0,0,0.0,0.0,0-0,0,0.0,0.0
San Francisco,999.0,13,8,0-1,1,0.0,-13.7,0-0,0,0.0,0.0,1-3,4,0.25,-1.8,7-1,8,0.88,19.3
St. Bonaventure*,999.0,4,2,0-1,1,0.0,-20.6,1-0,1,1.0,8.4,0-0,0,0.0,0.0,1-1,2,0.5,2.5
Siena Heights,999.0,2,0,0-1,1,0.0,-100.9,0-0,0,0.0,0.0,0-0,0,0.0,0.0,0-1,1,0.0,-42.2
Chicago State,999.0,2,0,0-1,1,0.0,-33.4,0-1,1,0.0,-44.9,0-0,0,0.0,0.0,0-0,0,0.0,0.0
Aquinas,999.0,1,0,0-1,1,0.0,-137.8,0-0,0,0.0,0.0,0-0,0,0.0,0.0,0-0,0,0.0,0.0
VMI*,999.0,2,0,0-2,2,0.0,-30.7,0-0,0,0.0,0.0,0-0,0,0.0,0.0,0-0,0,0.0,0.0
Bucknell*,999.0,1,0,0-1,1,0.0,-8.1,0-0,0,0.0,0.0,0-0,0,0.0,0.0,0-0,0,0.0,0.0
William & Mary,999.0,13,7,1-3,4,0.25,-13.6,1-1,2,0.5,-1.3,0-2,2,0.0,-11.8,5-0,5,1.0,16.0
Toledo,999.0,9,3,0-2,2,0.0,-24.7,0-0,0,0.0,0.0,0-2,2,0.0,-5.2,3-2,5,0.6,2.8
Wisconsin,999.0,8,6,1-2,3,0.33,-21.4,1-0,1,1.0,11.0,1-0,1,1.0,14.5,3-0,3,1.0,28.6
Olivet,999.0,1,0,0-0,0,0.0,0.0,0-0,0,0.0,0.0,0-0,0,0.0,0.0,0-1,1,0.0,-26.8
Loyola Chicago,999.0,7,2,0-1,1,0.0,-59.6,0-1,1,0.0,-3.4,0-1,1,0.0,-25.7,2-2,4,0.5,-3.4
Adrian,999.0,1,0,0-0,0,0.0,0.0,0-0,0,0.0,0.0,0-0,0,0.0,0.0,0-1,1,0.0,-57.3
Marquette,999.0,5,2,0-0,0,0.0,0.0,0-1,1,0.0,-7.2,0-2,2,0.0,-21.6,2-0,2,1.0,31.9
Coppin State*,999.0,1,0,0-0,0,0.0,0.0,0-0,0,0.0,0.0,0-0,0,0.0,0.0,0-1,1,0.0,-32.3
South Alabama*,999.0,3,3,0-0,0,0.0,0.0,1-0,1,1.0,2.9,0-0,0,0.0,0.0,2-0,2,1.0,9.0
Seton Hall,999.0,11,11,0-0,0,0.0,0.0,0-0,0,0.0,0.0,6-0,6,1.0,14.5,5-0,5,1.0,24.3
Quinnipiac,999.0,9,7,1-0,1,1.0,9.0,0-1,1,0.0,-11.0,3-0,3,1.0,16.7,3-1,4,0.75,13.1
Eastern Kentucky,999.0,2,2,0-0,0,0.0,0.0,0-0,0,0.0,0.0,0-0,0,0.0,0.0,2-0,2,1.0,9.0
Kansas Christian,999.0,1,0,0-0,0,0.0,0.0,0-0,0,0.0,0.0,0-1,1,0.0,-82.3,0-0,0,0.0,0.0
15Vanderbilt,999.0,1,1,0-0,0,0.0,0.0,0-0,0,0.0,0.0,0-0,0,0.0,0.0,1-0,1,1.0,14.2
Illinois State*,999.0,2,2,0-0,0,0.0,0.0,0-0,0,0.0,0.0,2-0,2,1.0,12.9,0-0,0,0.0,0.0
Shaw,999.0,1,0,0-0,0,0.0,0.0,0-0,0,0.0,0.0,0-1,1,0.0,-5.2,0-0,0,0.0,0.0
Tennessee Tech,999.0,9,2,0-2,2,0.0,-59.6,0-0,0,0.0,0.0,1-2,3,0.33,-1.9,1-3,4,0.25,-11.5
UNC Asheville,999.0,11,3,0-3,3,0.0,-15.8,0-3,3,0.0,-15.3,1-1,2,0.5,-1.4,2-1,3,0.67,7.3
Gardner-Webb,999.0,4,0,0-1,1,0.0,-65.1,0-1,1,0.0,-13.1,0-2,2,0.0,-27.9,0-0,0,0.0,0.0
Furman,999.0,3,3,0-0,0,0.0,0.0,1-0,1,1.0,12.2,2-0,2,1.0,12.9,0-0,0,0.0,0.0
Warren Wilson,999.0,1,0,0-0,0,0.0,0.0,0-1,1,0.0,-71.9,0-0,0,0.0,0.0,0-0,0,0.0,0.0
South Carolina,999.0,7,5,1-2,3,0.33,-1.0,0-0,0,0.0,0.0,2-0,2,1.0,21.4,2-0,2,1.0,32.8
Piedmont,999.0,1,0,0-0,0,0.0,0.0,0-1,1,0.0,-12.7,0-0,0,0.0,0.0,0-0,0,0.0,0.0
Lindenwood*,999.0,1,1,0-0,0,0.0,0.0,1-0,1,1.0,7.4,0-0,0,0.0,0.0,0-0,0,0.0,0.0
Toccoa Falls,999.0,4,0,0-0,0,0.0,0.0,0-2,2,0.0,-58.9,0-0,0,0.0,0.0,0-2,2,0.0,-68.6
Florida Atlantic*,999.0,1,1,0-0,0,0.0,0.0,0-0,0,0.0,0.0,1-0,1,1.0,23.8,0-0,0,0.0,0.0
Liberty,999.0,7,7,1-0,1,1.0,4.7,0-0,0,0.0,0.0,3-0,3,1.0,13.6,3-0,3,1.0,30.3
Tusculum,999.0,2,0,0-1,1,0.0,-22.3,0-0,0,0.0,0.0,0-1,1,0.0,-33.8,0-0,0,0.0,0.0
Western Carolina,999.0,12,3,0-4,4,0.0,-39.8,0-1,1,0.0,-44.5,1-3,4,0.25,-11.8,2-1,3,0.67,7.3
Wagner,999.0,12,3,0-1,1,0.0,-12.3,0-2,2,0.0,-24.7,0-2,2,0.0,-13.2,3-4,7,0.43,-3.2
Illinois State,999.0,6,6,0-0,0,0.0,0.0,0-0,0,0.0,0.0,1-0,1,1.0,34.9,5-0,5,1.0,36.8
St. Xavier  (IL),999.0,2,0,0-0,0,0.0,0.0,0-0,0,0.0,0.0,0-1,1,0.0,-30.3,0-1,1,0.0,-32.3
Youngstown State,999.0,13,5,1-0,1,1.0,11.2,0-1,1,0.0,-17.3,1-4,5,0.2,-11.4,3-3,6,0.5,11.1
Purdue Fort Wayne,999.0,11,6,0-2,2,0.0,-28.7,1-0,1,1.0,3.9,1-1,2,0.5,-12.4,4-2,6,0.67,1.7
VMI,999.0,11,2,0-4,4,0.0,-42.0,0-0,0,0.0,0.0,0-3,3,0.0,-22.1,2-2,4,0.5,1.1
Oakwood,999.0,3,0,0-0,0,0.0,0.0,0-0,0,0.0,0.0,0-3,3,0.0,-68.2,0-0,0,0.0,0.0
Southeast Missouri State,999.0,8,2,0-3,3,0.0,-26.4,0-0,0,0.0,0.0,1-0,1,1.0,5.6,1-3,4,0.25,-3.7
Tennessee Wesleyan,999.0,1,0,0-0,0,0.0,0.0,0-0,0,0.0,0.0,0-1,1,0.0,-70.7,0-0,0,0.0,0.0
Union (KY),999.0,2,0,0-0,0,0.0,0.0,0-0,0,0.0,0.0,0-2,2,0.0,-71.0,0-0,0,0.0,0.0
North Carolina A&T,999.0,5,2,0-0,0,0.0,0.0,0-0,0,0.0,0.0,0-3,3,0.0,-19.4,2-0,2,1.0,6.9
Richmond*,999.0,2,1,0-0,0,0.0,0.0,0-0,0,0.0,0.0,1-1,2,0.5,3.2,0-0,0,0.0,0.0
Oakland City,999.0,2,0,0-0,0,0.0,0.0,0-0,0,0.0,0.0,0-0,0,0.0,0.0,0-2,2,0.0,-53.4
Detroit Mercy,999.0,3,2,0-0,0,0.0,0.0,0-0,0,0.0,0.0,0-1,1,0.0,-32.8,2-0,2,1.0,14.2
Waynesburg,999.0,1,0,0-0,0,0.0,0.0,0-0,0,0.0,0.0,0-0,0,0.0,0.0,0-1,1,0.0,-69.4
Radford*,999.0,1,0,0-0,0,0.0,0.0,0-0,0,0.0,0.0,0-0,0,0.0,0.0,0-1,1,0.0,-5.8
Kent State*,999.0,1,1,0-0,0,0.0,0.0,0-0,0,0.0,0.0,0-0,0,0.0,0.0,1-0,1,1.0,8.4
Capital,999.0,1,0,0-0,0,0.0,0.0,0-0,0,0.0,0.0,0-0,0,0.0,0.0,0-1,1,0.0,-1.5
24SMU,999.0,2,0,0-2,2,0.0,-8.7,0-0,0,0.0,0.0,0-0,0,0.0,0.0,0-0,0,0.0,0.0
West Virginia*,999.0,3,0,0-2,2,0.0,-2.6,0-0,0,0.0,0.0,0-1,1,0.0,-12.3,0-0,0,0.0,0.0
Morehead State,999.0,5,1,0-3,3,0.0,-46.3,0-0,0,0.0,0.0,0-0,0,0.0,0.0,1-1,2,0.5,6.2
25UCF,999.0,2,1,0-1,1,0.0,-12.1,0-0,0,0.0,0.0,1-0,1,1.0,1.7,0-0,0,0.0,0.0
8Houston,999.0,1,1,0-0,0,0.0,0.0,1-0,1,1.0,9.5,0-0,0,0.0,0.0,0-0,0,0.0,0.0
Georgia*,999.0,2,1,0-1,1,0.0,-3.4,1-0,1,1.0,26.4,0-0,0,0.0,0.0,0-0,0,0.0,0.0
Xavier,999.0,15,9,1-2,3,0.33,-17.6,0-1,1,0.0,-25.6,3-2,5,0.6,2.9,5-1,6,0.83,11.2
6Louisville*,999.0,2,2,1-0,1,1.0,11.4,1-0,1,1.0,13.3,0-0,0,0.0,0.0,0-0,0,0.0,0.0
Stanford*,999.0,3,3,3-0,3,1.0,5.7,0-0,0,0.0,0.0,0-0,0,0.0,0.0,0-0,0,0.0,0.0
Washington*,999.0,2,1,0-1,1,0.0,-18.3,1-0,1,1.0,22.1,0-0,0,0.0,0.0,0-0,0,0.0,0.0
San Francisco*,999.0,4,2,1-1,2,0.5,1.5,0-1,1,0.0,-30.2,1-0,1,1.0,4.7,0-0,0,0.0,0.0
23Florida,999.0,1,1,0-0,0,0.0,0.0,0-0,0,0.0,0.0,0-0,0,0.0,0.0,1-0,1,1.0,41.8
St. John Fisher,999.0,1,0,0-0,0,0.0,0.0,0-0,0,0.0,0.0,0-1,1,0.0,-69.1,0-0,0,0.0,0.0
Fordham*,999.0,1,0,0-0,0,0.0,0.0,0-0,0,0.0,0.0,0-1,1,0.0,-16.1,0-0,0,0.0,0.0
SUNY-Oneonta*,999.0,2,0,0-0,0,0.0,0.0,0-0,0,0.0,0.0,0-1,1,0.0,-58.5,0-1,1,0.0,-37.0
UAlbany*,999.0,2,0,0-0,0,0.0,0.0,0-1,1,0.0,-27.0,0-1,1,0.0,-3.0,0-0,0,0.0,0.0
14Illinois,999.0,1,1,0-0,0,0.0,0.0,0-0,0,0.0,0.0,0-0,0,0.0,0.0,1-0,1,1.0,27.8
Georgia Southern,999.0,5,3,0-0,0,0.0,0.0,0-0,0,0.0,0.0,1-1,2,0.5,-16.3,2-1,3,0.67,0.8
Saint Joseph's,999.0,9,6,1-0,1,1.0,2.9,0-0,0,0.0,0.0,2-1,3,0.67,3.7,3-2,5,0.6,10.1
North Dakota*,999.0,1,0,0-0,0,0.0,0.0,0-0,0,0.0,0.0,0-1,1,0.0,-24.8,0-0,0,0.0,0.0
Oakland,999.0,7,3,0-3,3,0.0,-47.3,1-0,1,1.0,6.7,1-1,2,0.5,1.2,1-0,1,1.0,27.4
Davidson,999.0,2,2,0-0,0,0.0,0.0,1-0,1,1.0,5.7,1-0,1,1.0,12.6,0-0,0,0.0,0.0
Bethany (WV),999.0,2,0,0-1,1,0.0,-68.6,0-0,0,0.0,0.0,0-0,0,0.0,0.0,0-1,1,0.0,-50.6
New Hampshire,999.0,9,1,0-3,3,0.0,-57.7,0-2,2,0.0,-11.3,0-1,1,0.0,-1.3,1-2,3,0.33,-4.9
Vermont State - Johnson,999.0,3,0,0-0,0,0.0,0.0,0-0,0,0.0,0.0,0-2,2,0.0,-81.3,0-1,1,0.0,-62.0
Penn State,999.0,11,7,0-3,3,0.0,-23.3,1-1,2,0.5,3.1,2-0,2,1.0,8.2,4-0,4,1.0,25.8
Harvard*,999.0,1,0,0-0,0,0.0,0.0,0-0,0,0.0,0.0,0-1,1,0.0,-1.3,0-0,0,0.0,0.0
Columbia,999.0,2,1,0-0,0,0.0,0.0,0-1,1,0.0,-30.2,0-0,0,0.0,0.0,1-0,1,1.0,8.9
Brown,999.0,1,0,0-0,0,0.0,0.0,0-0,0,0.0,0.0,0-1,1,0.0,-19.4,0-0,0,0.0,0.0
Northwestern,999.0,8,6,0-1,1,0.0,-13.1,0-1,1,0.0,-7.9,1-0,1,1.0,2.8,5-0,5,1.0,38.3
Northeastern,999.0,8,4,0-0,0,0.0,0.0,2-1,3,0.67,7.0,1-0,1,1.0,3.8,1-3,4,0.25,-5.3
20Louisville,999.0,2,1,0-1,1,0.0,-16.5,0-0,0,0.0,0.0,0-0,0,0.0,0.0,1-0,1,1.0,19.7
Georgia Tech,999.0,6,4,0-2,2,0.0,-7.1,0-0,0,0.0,0.0,1-0,1,1.0,3.1,3-0,3,1.0,30.8
Massachusetts*,999.0,4,2,0-0,0,0.0,0.0,0-0,0,0.0,0.0,2-1,3,0.67,2.9,0-1,1,0.0,-6.3
New Haven,999.0,8,2,0-0,0,0.0,0.0,0-1,1,0.0,-31.0,0-4,4,0.0,-24.1,2-1,3,0.67,9.0
George Mason,999.0,2,2,0-0,0,0.0,0.0,1-0,1,1.0,13.2,0-0,0,0.0,0.0,1-0,1,1.0,21.5
Delaware State,999.0,2,1,0-0,0,0.0,0.0,0-0,0,0.0,0.0,0-0,0,0.0,0.0,1-1,2,0.5,0.6
Radford,999.0,3,2,0-1,1,0.0,-18.1,0-0,0,0.0,0.0,0-0,0,0.0,0.0,2-0,2,1.0,29.2
La Salle,999.0,5,2,0-2,2,0.0,-26.7,0-1,1,0.0,-8.2,1-0,1,1.0,7.6,1-0,1,1.0,36.6
Penn St Abington,999.0,2,0,0-0,0,0.0,0.0,0-1,1,0.0,-76.6,0-1,1,0.0,-48.0,0-0,0,0.0,0.0
Sarah Lawrence,999.0,1,0,0-0,0,0.0,0.0,0-1,1,0.0,-64.4,0-0,0,0.0,0.0,0-0,0,0.0,0.0
Northern New Mexico,999.0,1,0,0-0,0,0.0,0.0,0-0,0,0.0,0.0,0-1,1,0.0,-78.5,0-0,0,0.0,0.0
South Florida*,999.0,2,0,0-1,1,0.0,-3.9,0-0,0,0.0,0.0,0-1,1,0.0,-22.5,0-0,0,0.0,0.0
Wichita State*,999.0,3,0,0-1,1,0.0,-6.9,0-0,0,0.0,0.0,0-2,2,0.0,-9.4,0-0,0,0.0,0.0
Virginia Tech*,999.0,4,2,0-1,1,0.0,-17.7,0-1,1,0.0,-24.7,2-0,2,1.0,5.2,0-0,0,0.0,0.0
Incarnate Word,999.0,2,1,0-0,0,0.0,0.0,0-0,0,0.0,0.0,0-1,1,0.0,-44.2,1-0,1,1.0,23.4
14Texas Tech,999.0,2,1,1-1,2,0.5,-1.5,0-0,0,0.0,0.0,0-0,0,0.0,0.0,0-0,0,0.0,0.0
17Kansas,999.0,1,1,0-0,0,0.0,0.0,0-0,0,0.0,0.0,0-0,0,0.0,0.0,1-0,1,1.0,34.0
Utah State*,999.0,3,3,1-0,1,1.0,7.0,1-0,1,1.0,25.8,1-0,1,1.0,40.6,0-0,0,0.0,0.0
DeSales,999.0,1,0,0-0,0,0.0,0.0,0-0,0,0.0,0.0,0-1,1,0.0,-58.1,0-0,0,0.0,0.0
22Florida,999.0,1,1,0-0,0,0.0,0.0,0-0,0,0.0,0.0,0-0,0,0.0,0.0,1-0,1,1.0,30.6
Maine-Augusta,999.0,1,0,0-0,0,0.0,0.0,0-0,0,0.0,0.0,0-1,1,0.0,-53.7,0-0,0,0.0,0.0
Nebraska,999.0,3,3,0-0,0,0.0,0.0,0-0,0,0.0,0.0,0-0,0,0.0,0.0,3-0,3,1.0,30.6
Nicholls,999.0,8,4,0-2,2,0.0,-29.5,0-0,0,0.0,0.0,0-1,1,0.0,-25.4,4-1,5,0.8,11.9
15Iowa State*,999.0,1,1,0-0,0,0.0,0.0,0-0,0,0.0,0.0,1-0,1,1.0,29.9,0-0,0,0.0,0.0
South Dakota,999.0,9,3,0-2,2,0.0,-44.5,0-1,1,0.0,-2.6,0-2,2,0.0,-30.4,3-1,4,0.75,5.8
Alfred State,999.0,1,0,0-0,0,0.0,0.0,0-0,0,0.0,0.0,0-1,1,0.0,-81.5,0-0,0,0.0,0.0
9Michigan State,999.0,1,1,0-0,0,0.0,0.0,0-0,0,0.0,0.0,0-0,0,0.0,0.0,1-0,1,1.0,20.1
Towson,999.0,10,4,0-1,1,0.0,-29.0,0-1,1,0.0,-40.9,1-4,5,0.2,-7.2,3-0,3,1.0,23.7
Kean,999.0,1,0,0-0,0,0.0,0.0,0-0,0,0.0,0.0,0-0,0,0.0,0.0,0-1,1,0.0,-2.9
Cheyney (PA),999.0,2,0,0-0,0,0.0,0.0,0-0,0,0.0,0.0,0-0,0,0.0,0.0,0-2,2,0.0,-46.5
Sam Houston,999.0,6,2,0-1,1,0.0,-13.9,0-1,1,0.0,-13.0,1-1,2,0.5,1.4,1-1,2,0.5,8.4
Kennesaw State,999.0,6,5,0-0,0,0.0,0.0,0-0,0,0.0,0.0,0-1,1,0.0,-25.1,5-0,5,1.0,17.0
UNC Greensboro*,999.0,3,0,0-1,1,0.0,-12.4,0-0,0,0.0,0.0,0-1,1,0.0,-20.5,0-1,1,0.0,-8.5
Southern Illinois*,999.0,1,1,0-0,0,0.0,0.0,0-0,0,0.0,0.0,1-0,1,1.0,24.4,0-0,0,0.0,0.0
Wilmington (DE),999.0,1,1,0-0,0,0.0,0.0,0-0,0,0.0,0.0,1-0,1,1.0,10.6,0-0,0,0.0,0.0
4UConn,999.0,4,4,0-0,0,0.0,0.0,0-0,0,0.0,0.0,2-0,2,1.0,10.2,2-0,2,1.0,32.1
22St. John's,999.0,2,2,0-0,0,0.0,0.0,0-0,0,0.0,0.0,2-0,2,1.0,27.6,0-0,0,0.0,0.0
LSU*,999.0,2,2,0-0,0,0.0,0.0,0-0,0,0.0,0.0,2-0,2,1.0,31.0,0-0,0,0.0,0.0
Georgia Tech*,999.0,2,0,0-0,0,0.0,0.0,0-0,0,0.0,0.0,0-2,2,0.0,-18.6,0-0,0,0.0,0.0
Fordham,999.0,2,1,0-1,1,0.0,-13.5,0-0,0,0.0,0.0,0-0,0,0.0,0.0,1-0,1,1.0,30.3
Georgetown*,999.0,1,0,0-1,1,0.0,-6.0,0-0,0,0.0,0.0,0-0,0,0.0,0.0,0-0,0,0.0,0.0
Buena Vista,999.0,1,0,0-0,0,0.0,0.0,0-0,0,0.0,0.0,0-1,1,0.0,-80.3,0-0,0,0.0,0.0
Simpson College (IA),999.0,1,0,0-0,0,0.0,0.0,0-0,0,0.0,0.0,0-1,1,0.0,-56.9,0-0,0,0.0,0.0
Northern Arizona*,999.0,1,0,0-0,0,0.0,0.0,0-0,0,0.0,0.0,0-1,1,0.0,-8.1,0-0,0,0.0,0.0
Robert Morris,999.0,9,3,0-1,1,0.0,-61.0,0-0,0,0.0,0.0,1-3,4,0.25,-1.1,2-2,4,0.5,-6.8
17Michigan State,999.0,1,1,0-0,0,0.0,0.0,0-0,0,0.0,0.0,0-0,0,0.0,0.0,1-0,1,1.0,37.2
Cleary University,999.0,3,0,0-0,0,0.0,0.0,0-1,1,0.0,-64.8,0-1,1,0.0,-57.1,0-1,1,0.0,-53.2
Kansas City,999.0,4,0,0-0,0,0.0,0.0,0-0,0,0.0,0.0,0-1,1,0.0,-14.6,0-3,3,0.0,-23.2
Colorado-Colorado Springs,999.0,1,0,0-0,0,0.0,0.0,0-0,0,0.0,0.0,0-0,0,0.0,0.0,0-1,1,0.0,-47.3
Alaska Anchorage,999.0,1,0,0-0,0,0.0,0.0,0-0,0,0.0,0.0,0-0,0,0.0,0.0,0-1,1,0.0,-56.4
Colorado Christian,999.0,2,0,0-0,0,0.0,0.0,0-1,1,0.0,-54.1,0-0,0,0.0,0.0,0-1,1,0.0,-53.3
Idaho State,999.0,1,1,0-0,0,0.0,0.0,0-0,0,0.0,0.0,0-0,0,0.0,0.0,1-0,1,1.0,17.8
Holy Family University,999.0,1,0,0-0,0,0.0,0.0,0-0,0,0.0,0.0,0-0,0,0.0,0.0,0-1,1,0.0,-18.5
Virginia St*,999.0,1,1,0-0,0,0.0,0.0,0-0,0,0.0,0.0,0-0,0,0.0,0.0,1-0,1,1.0,6.6
Tulane*,999.0,1,1,0-0,0,0.0,0.0,0-0,0,0.0,0.0,1-0,1,1.0,3.4,0-0,0,0.0,0.0
Davidson*,999.0,1,1,0-0,0,0.0,0.0,0-0,0,0.0,0.0,1-0,1,1.0,15.1,0-0,0,0.0,0.0
Hampton,999.0,4,1,0-0,0,0.0,0.0,0-0,0,0.0,0.0,1-2,3,0.33,-3.2,0-1,1,0.0,-20.8
Temple,999.0,9,8,0-0,0,0.0,0.0,0-0,0,0.0,0.0,3-0,3,1.0,6.1,5-1,6,0.83,18.1
Florida Atlantic,999.0,1,1,0-0,0,0.0,0.0,0-0,0,0.0,0.0,0-0,0,0.0,0.0,1-0,1,1.0,6.0
Grand Canyon,999.0,3,2,0-0,0,0.0,0.0,0-0,0,0.0,0.0,0-1,1,0.0,-15.3,2-0,2,1.0,26.9
Nevada,999.0,5,5,0-0,0,0.0,0.0,0-0,0,0.0,0.0,3-0,3,1.0,7.7,2-0,2,1.0,30.1
Saint Mary's*,999.0,1,0,0-0,0,0.0,0.0,0-0,0,0.0,0.0,0-0,0,0.0,0.0,0-1,1,0.0,-1.3
Duquesne,999.0,3,2,0-0,0,0.0,0.0,0-0,0,0.0,0.0,1-0,1,1.0,8.6,1-1,2,0.5,14.6
Butler,999.0,1,0,0-0,0,0.0,0.0,0-0,0,0.0,0.0,0-0,0,0.0,0.0,0-1,1,0.0,-13.6
Chaminade*,999.0,1,0,0-0,0,0.0,0.0,0-0,0,0.0,0.0,0-0,0,0.0,0.0,0-1,1,0.0,-36.2
23NC State*,999.0,1,1,0-0,0,0.0,0.0,0-0,0,0.0,0.0,0-0,0,0.0,0.0,1-0,1,1.0,13.4
Wichita State,999.0,12,8,1-0,1,1.0,7.5,1-0,1,1.0,7.2,0-2,2,0.0,-4.8,6-2,8,0.75,23.7
Montana State,999.0,7,3,0-1,1,0.0,-8.7,0-0,0,0.0,0.0,0-1,1,0.0,-4.5,3-2,5,0.6,2.0
Hawai'i Pacific,999.0,2,1,0-1,1,0.0,-15.5,0-0,0,0.0,0.0,0-0,0,0.0,0.0,1-0,1,1.0,1.2
12North Carolina,999.0,3,3,0-0,0,0.0,0.0,1-0,1,1.0,32.3,0-0,0,0.0,0.0,2-0,2,1.0,38.0
11Michigan State*,999.0,1,1,0-0,0,0.0,0.0,0-0,0,0.0,0.0,0-0,0,0.0,0.0,1-0,1,1.0,36.4
Elizabeth City State,999.0,1,0,0-0,0,0.0,0.0,0-0,0,0.0,0.0,0-0,0,0.0,0.0,0-1,1,0.0,-1.3
Central State (OH),999.0,2,0,0-0,0,0.0,0.0,0-1,1,0.0,-28.3,0-1,1,0.0,-60.4,0-0,0,0.0,0.0
Northeastern*,999.0,1,1,0-0,0,0.0,0.0,1-0,1,1.0,8.7,0-0,0,0.0,0.0,0-0,0,0.0,0.0
19Texas Tech*,999.0,2,2,2-0,2,1.0,15.9,0-0,0,0.0,0.0,0-0,0,0.0,0.0,0-0,0,0.0,0.0
7Michigan State,999.0,2,1,1-1,2,0.5,10.0,0-0,0,0.0,0.0,0-0,0,0.0,0.0,0-0,0,0.0,0.0
15Florida,999.0,1,0,0-1,1,0.0,-1.6,0-0,0,0.0,0.0,0-0,0,0.0,0.0,0-0,0,0.0,0.0
24Kansas*,999.0,1,0,0-1,1,0.0,-17.0,0-0,0,0.0,0.0,0-0,0,0.0,0.0,0-0,0,0.0,0.0
UNC Wilmington,999.0,15,13,0-0,0,0.0,0.0,2-1,3,0.67,13.1,3-0,3,1.0,13.6,8-1,9,0.89,15.1
Syracuse*,999.0,4,1,0-2,2,0.0,-24.9,1-1,2,0.5,15.6,0-0,0,0.0,0.0,0-0,0,0.0,0.0
Widener,999.0,1,0,0-0,0,0.0,0.0,0-1,1,0.0,-40.8,0-0,0,0.0,0.0,0-0,0,0.0,0.0
East-West University,999.0,3,0,0-0,0,0.0,0.0,0-1,1,0.0,-102.7,0-0,0,0.0,0.0,0-2,2,0.0,-68.5
4Iowa State,999.0,2,2,1-0,1,1.0,5.6,0-0,0,0.0,0.0,0-0,0,0.0,0.0,1-0,1,1.0,29.5
1Purdue,999.0,4,3,0-1,1,0.0,-36.2,0-0,0,0.0,0.0,0-0,0,0.0,0.0,3-0,3,1.0,37.1
Tiffin,999.0,1,0,0-0,0,0.0,0.0,0-0,0,0.0,0.0,0-0,0,0.0,0.0,0-1,1,0.0,-18.7
9Kentucky,999.0,1,1,0-0,0,0.0,0.0,0-0,0,0.0,0.0,0-0,0,0.0,0.0,1-0,1,1.0,67.1
New Orleans,999.0,8,2,0-2,2,0.0,-63.1,0-0,0,0.0,0.0,0-3,3,0.0,-13.0,2-1,3,0.67,1.0
Lamar,999.0,2,2,0-0,0,0.0,0.0,0-0,0,0.0,0.0,0-0,0,0.0,0.0,2-0,2,1.0,14.4
SE Louisiana,999.0,11,2,0-1,1,0.0,-20.6,0-3,3,0.0,-27.9,0-2,2,0.0,-9.7,2-3,5,0.4,-1.2
McNeese,999.0,5,4,0-0,0,0.0,0.0,0-0,0,0.0,0.0,0-1,1,0.0,-5.5,4-0,4,1.0,28.2
Dallas Christian,999.0,3,0,0-0,0,0.0,0.0,0-0,0,0.0,0.0,0-1,1,0.0,-76.7,0-2,2,0.0,-88.8
UL Monroe,999.0,15,1,0-3,3,0.0,-40.5,0-1,1,0.0,-27.6,0-3,3,0.0,-9.8,1-7,8,0.12,-12.4
Converse University,999.0,1,0,0-1,1,0.0,-81.2,0-0,0,0.0,0.0,0-0,0,0.0,0.0,0-0,0,0.0,0.0
16Iowa State,999.0,2,2,0-0,0,0.0,0.0,0-0,0,0.0,0.0,0-0,0,0.0,0.0,2-0,2,1.0,44.0
City College NY,999.0,2,0,0-0,0,0.0,0.0,0-1,1,0.0,-101.9,0-1,1,0.0,-97.1,0-0,0,0.0,0.0
Oregon State*,999.0,3,0,0-0,0,0.0,0.0,0-1,1,0.0,-10.7,0-1,1,0.0,-8.1,0-1,1,0.0,-5.4
Calumet,999.0,2,0,0-0,0,0.0,0.0,0-0,0,0.0,0.0,0-1,1,0.0,-68.1,0-1,1,0.0,-70.4
Greensboro College,999.0,1,0,0-0,0,0.0,0.0,0-1,1,0.0,-45.7,0-0,0,0.0,0.0,0-0,0,0.0,0.0
Belmont Abbey,999.0,1,0,0-0,0,0.0,0.0,0-1,1,0.0,-97.6,0-0,0,0.0,0.0,0-0,0,0.0,0.0
Eastern Oregon,999.0,2,0,0-0,0,0.0,0.0,0-0,0,0.0,0.0,0-1,1,0.0,-44.1,0-1,1,0.0,-22.5
12UCLA,999.0,2,2,0-0,0,0.0,0.0,0-0,0,0.0,0.0,0-0,0,0.0,0.0,2-0,2,1.0,11.9
Indiana University East,999.0,2,0,0-1,1,0.0,-58.1,0-0,0,0.0,0.0,0-0,0,0.0,0.0,0-1,1,0.0,-87.0
Western Kentucky,999.0,11,7,0-0,0,0.0,0.0,0-2,2,0.0,-11.8,0-2,2,0.0,-19.0,7-0,7,1.0,11.0
5UConn*,999.0,2,2,1-0,1,1.0,19.8,1-0,1,1.0,6.3,0-0,0,0.0,0.0,0-0,0,0.0,0.0
Providence*,999.0,2,1,0-0,0,0.0,0.0,0-1,1,0.0,-16.4,1-0,1,1.0,14.8,0-0,0,0.0,0.0
TCU*,999.0,1,1,0-0,0,0.0,0.0,1-0,1,1.0,4.5,0-0,0,0.0,0.0,0-0,0,0.0,0.0
Saint Leo,999.0,1,0,0-0,0,0.0,0.0,0-1,1,0.0,-81.3,0-0,0,0.0,0.0,0-0,0,0.0,0.0
George Mason*,999.0,1,1,0-0,0,0.0,0.0,1-0,1,1.0,13.8,0-0,0,0.0,0.0,0-0,0,0.0,0.0
Loyola Marymount*,999.0,1,0,0-0,0,0.0,0.0,0-1,1,0.0,-18.2,0-0,0,0.0,0.0,0-0,0,0.0,0.0
Albany St (GA),999.0,1,0,0-0,0,0.0,0.0,0-0,0,0.0,0.0,0-0,0,0.0,0.0,0-1,1,0.0,-22.4
Florida Memorial*,999.0,1,0,0-0,0,0.0,0.0,0-0,0,0.0,0.0,0-0,0,0.0,0.0,0-1,1,0.0,-2.7
UCF,999.0,10,10,1-0,1,1.0,15.4,0-0,0,0.0,0.0,4-0,4,1.0,8.7,5-0,5,1.0,27.2
Saint Francis,999.0,9,1,0-1,1,0.0,-53.9,0-1,1,0.0,-57.6,0-2,2,0.0,-25.2,1-4,5,0.2,-16.7
Lehman College,999.0,1,0,0-0,0,0.0,0.0,0-0,0,0.0,0.0,0-0,0,0.0,0.0,0-1,1,0.0,-67.9
Manor College,999.0,2,0,0-0,0,0.0,0.0,0-0,0,0.0,0.0,0-1,1,0.0,-28.4,0-1,1,0.0,-86.0
St. Elizabeth,999.0,1,0,0-0,0,0.0,0.0,0-0,0,0.0,0.0,0-0,0,0.0,0.0,0-1,1,0.0,-58.8
UMass Lowell,999.0,14,5,0-2,2,0.0,-72.4,0-3,3,0.0,-20.4,0-3,3,0.0,-9.4,5-1,6,0.83,9.7
Vermont,999.0,11,7,0-1,1,0.0,-5.8,1-0,1,1.0,18.8,2-2,4,0.5,-3.8,4-1,5,0.8,9.2
NJIT,999.0,12,4,0-2,2,0.0,-57.4,1-3,4,0.25,-39.2,1-2,3,0.33,-19.0,2-1,3,0.67,7.4
Elmira,999.0,1,0,0-0,0,0.0,0.0,0-0,0,0.0,0.0,0-0,0,0.0,0.0,0-1,1,0.0,-66.6
Mercyhurst,999.0,9,3,0-0,0,0.0,0.0,0-0,0,0.0,0.0,0-3,3,0.0,-24.0,3-3,6,0.5,5.7
Pittsburgh,999.0,8,5,0-1,1,0.0,-9.6,1-1,2,0.5,-2.7,0-1,1,0.0,-12.0,4-0,4,1.0,33.7
Central Connecticut,999.0,2,2,0-0,0,0.0,0.0,0-0,0,0.0,0.0,1-0,1,1.0,1.7,1-0,1,1.0,25.3
Le Moyne,999.0,6,2,0-1,1,0.0,-45.4,0-0,0,0.0,0.0,0-2,2,0.0,-17.0,2-1,3,0.67,8.8
Canisius,999.0,2,1,0-0,0,0.0,0.0,0-1,1,0.0,-29.2,0-0,0,0.0,0.0,1-0,1,1.0,13.8
Maryland Eastern Shore*,999.0,1,1,0-0,0,0.0,0.0,0-0,0,0.0,0.0,0-0,0,0.0,0.0,1-0,1,1.0,15.6
Misericordia,999.0,2,0,0-0,0,0.0,0.0,0-0,0,0.0,0.0,0-1,1,0.0,-59.9,0-1,1,0.0,-15.5
Georgetown,999.0,4,3,0-0,0,0.0,0.0,1-0,1,1.0,7.0,0-1,1,0.0,-8.7,2-0,2,1.0,26.8
Niagara,999.0,10,2,0-1,1,0.0,-113.5,0-1,1,0.0,-26.7,0-3,3,0.0,-17.0,2-3,5,0.4,-0.6
RIT,999.0,2,0,0-1,1,0.0,-23.3,0-0,0,0.0,0.0,0-0,0,0.0,0.0,0-1,1,0.0,-14.9
Syracuse,999.0,11,9,0-0,0,0.0,0.0,1-1,2,0.5,5.1,2-1,3,0.67,7.0,6-0,6,1.0,29.0
Mount Saint Mary (NY),999.0,1,0,0-0,0,0.0,0.0,0-1,1,0.0,-112.9,0-0,0,0.0,0.0,0-0,0,0.0,0.0
Texas A&M*,999.0,2,1,0-0,0,0.0,0.0,0-1,1,0.0,-16.0,1-0,1,1.0,45.6,0-0,0,0.0,0.0
UTEP,999.0,9,2,0-1,1,0.0,-7.7,1-1,2,0.5,2.1,0-3,3,0.0,-27.1,1-2,3,0.33,-5.1
Trinity College of Jacksonville,999.0,3,0,0-0,0,0.0,0.0,0-0,0,0.0,0.0,0-1,1,0.0,-63.0,0-2,2,0.0,-92.5
Florida National,999.0,1,0,0-0,0,0.0,0.0,0-0,0,0.0,0.0,0-1,1,0.0,-94.9,0-0,0,0.0,0.0
Fort Lauderdale,999.0,3,0,0-0,0,0.0,0.0,0-0,0,0.0,0.0,0-1,1,0.0,-24.0,0-2,2,0.0,-51.2
Florida International,999.0,1,1,0-0,0,0.0,0.0,0-0,0,0.0,0.0,0-0,0,0.0,0.0,1-0,1,1.0,7.4
17Illinois,999.0,1,1,0-0,0,0.0,0.0,0-0,0,0.0,0.0,0-0,0,0.0,0.0,1-0,1,1.0,59.6
New College (FL),999.0,2,0,0-0,0,0.0,0.0,0-0,0,0.0,0.0,0-0,0,0.0,0.0,0-2,2,0.0,-73.2
21Tennessee,999.0,1,0,0-0,0,0.0,0.0,0-1,1,0.0,-37.0,0-0,0,0.0,0.0,0-0,0,0.0,0.0
18Georgia,999.0,1,0,0-0,0,0.0,0.0,0-1,1,0.0,-17.5,0-0,0,0.0,0.0,0-0,0,0.0,0.0
George Washington*,999.0,1,0,0-0,0,0.0,0.0,0-1,1,0.0,-13.5,0-0,0,0.0,0.0,0-0,0,0.0,0.0
20Tennessee,999.0,5,5,1-0,1,1.0,27.2,0-0,0,0.0,0.0,0-0,0,0.0,0.0,4-0,4,1.0,40.0
Brevard,999.0,1,0,0-0,0,0.0,0.0,0-0,0,0.0,0.0,0-0,0,0.0,0.0,0-1,1,0.0,-18.9
SE Louisiana*,999.0,2,2,1-0,1,1.0,6.4,0-0,0,0.0,0.0,0-0,0,0.0,0.0,1-0,1,1.0,10.9
Navy*,999.0,1,1,0-0,0,0.0,0.0,0-0,0,0.0,0.0,0-0,0,0.0,0.0,1-0,1,1.0,44.9
North Greenville,999.0,2,1,0-0,0,0.0,0.0,0-0,0,0.0,0.0,0-0,0,0.0,0.0,1-1,2,0.5,-1.6
Bob Jones,999.0,3,0,0-0,0,0.0,0.0,0-1,1,0.0,-64.1,0-2,2,0.0,-82.6,0-0,0,0.0,0.0
Ohio Christian,999.0,1,0,0-0,0,0.0,0.0,0-0,0,0.0,0.0,0-1,1,0.0,-58.1,0-0,0,0.0,0.0
Columbia International,999.0,2,0,0-0,0,0.0,0.0,0-0,0,0.0,0.0,0-1,1,0.0,-44.7,0-1,1,0.0,-73.8
San José State,999.0,7,2,0-3,3,0.0,-30.6,0-0,0,0.0,0.0,0-1,1,0.0,-18.0,2-1,3,0.67,3.8
Pepperdine*,999.0,1,0,0-0,0,0.0,0.0,0-0,0,0.0,0.0,0-1,1,0.0,-39.8,0-0,0,0.0,0.0
Fresno Pacific,999.0,1,0,0-0,0,0.0,0.0,0-0,0,0.0,0.0,0-1,1,0.0,-56.5,0-0,0,0.0,0.0
Franklin Pierce*,999.0,1,0,0-0,0,0.0,0.0,0-1,1,0.0,-2.8,0-0,0,0.0,0.0,0-0,0,0.0,0.0
Manhattanville,999.0,1,0,0-0,0,0.0,0.0,0-1,1,0.0,-41.4,0-0,0,0.0,0.0,0-0,0,0.0,0.0
Fort Valley State,999.0,1,0,0-0,0,0.0,0.0,0-0,0,0.0,0.0,0-0,0,0.0,0.0,0-1,1,0.0,-47.4
Youngstown State*,999.0,2,1,0-0,0,0.0,0.0,1-0,1,1.0,8.3,0-0,0,0.0,0.0,0-1,1,0.0,-7.3
Johnson C Smith,999.0,1,0,0-0,0,0.0,0.0,0-1,1,0.0,-27.4,0-0,0,0.0,0.0,0-0,0,0.0,0.0
Xavier*,999.0,2,1,1-1,2,0.5,6.6,0-0,0,0.0,0.0,0-0,0,0.0,0.0,0-0,0,0.0,0.0
16North Carolina,999.0,2,2,1-0,1,1.0,5.2,0-0,0,0.0,0.0,1-0,1,1.0,29.0,0-0,0,0.0,0.0
St. Mary's (MD),999.0,2,0,0-1,1,0.0,-83.5,0-0,0,0.0,0.0,0-1,1,0.0,-74.8,0-0,0,0.0,0.0
Middle Tennessee*,999.0,2,0,0-1,1,0.0,-15.4,0-1,1,0.0,-18.7,0-0,0,0.0,0.0,0-0,0,0.0,0.0
McNeese*,999.0,1,1,1-0,1,1.0,6.4,0-0,0,0.0,0.0,0-0,0,0.0,0.0,0-0,0,0.0,0.0
Ohio*,999.0,2,0,0-1,1,0.0,-28.6,0-0,0,0.0,0.0,0-1,1,0.0,-16.4,0-0,0,0.0,0.0
Catawba,999.0,1,0,0-1,1,0.0,-30.8,0-0,0,0.0,0.0,0-0,0,0.0,0.0,0-0,0,0.0,0.0
Grambling,999.0,2,0,0-0,0,0.0,0.0,0-1,1,0.0,-17.8,0-0,0,0.0,0.0,0-1,1,0.0,-11.5
Florida A&M,999.0,1,0,0-0,0,0.0,0.0,0-0,0,0.0,0.0,0-0,0,0.0,0.0,0-1,1,0.0,-5.2
Oklahoma State,999.0,6,5,0-1,1,0.0,-19.5,1-0,1,1.0,6.4,0-0,0,0.0,0.0,4-0,4,1.0,15.6
Saint Louis,999.0,9,9,0-0,0,0.0,0.0,1-0,1,1.0,20.9,1-0,1,1.0,28.7,7-0,7,1.0,37.1
South Carolina State,999.0,11,1,0-3,3,0.0,-55.0,0-2,2,0.0,-49.7,0-2,2,0.0,-27.1,1-3,4,0.25,-14.4
25Indiana,999.0,1,1,0-0,0,0.0,0.0,0-0,0,0.0,0.0,0-0,0,0.0,0.0,1-0,1,1.0,53.7
Stony Brook*,999.0,2,1,0-0,0,0.0,0.0,0-1,1,0.0,-43.6,0-0,0,0.0,0.0,1-0,1,1.0,11.7
Jacksonville*,999.0,1,1,0-0,0,0.0,0.0,0-0,0,0.0,0.0,0-0,0,0.0,0.0,1-0,1,1.0,7.7
Dayton,999.0,3,2,0-0,0,0.0,0.0,0-1,1,0.0,-12.8,0-0,0,0.0,0.0,2-0,2,1.0,32.5
Coastal Georgia,999.0,3,0,0-0,0,0.0,0.0,0-2,2,0.0,-54.6,0-0,0,0.0,0.0,0-1,1,0.0,-58.5
Miami,999.0,6,6,0-0,0,0.0,0.0,0-0,0,0.0,0.0,2-0,2,1.0,21.5,4-0,4,1.0,38.4
Drake,999.0,3,1,0-0,0,0.0,0.0,0-2,2,0.0,-20.0,1-0,1,1.0,13.1,0-0,0,0.0,0.0
Northern Iowa,999.0,7,5,0-0,0,0.0,0.0,0-2,2,0.0,-14.6,0-0,0,0.0,0.0,5-0,5,1.0,23.2
Southern Illinois,999.0,11,4,2-4,6,0.33,-5.2,0-2,2,0.0,-6.2,0-1,1,0.0,-22.0,2-0,2,1.0,21.9
Prairie View A&M,999.0,6,1,0-3,3,0.0,-25.3,0-0,0,0.0,0.0,0-2,2,0.0,-4.8,1-0,1,1.0,1.3
Centenary (LA),999.0,1,0,0-0,0,0.0,0.0,0-0,0,0.0,0.0,0-1,1,0.0,-44.4,0-0,0,0.0,0.0
Hampton*,999.0,1,0,0-0,0,0.0,0.0,0-0,0,0.0,0.0,0-1,1,0.0,-11.8,0-0,0,0.0,0.0
Norfolk State*,999.0,2,1,0-0,0,0.0,0.0,0-0,0,0.0,0.0,0-1,1,0.0,-16.5,1-0,1,1.0,12.0
Huston-Tillotson,999.0,2,0,0-0,0,0.0,0.0,0-0,0,0.0,0.0,0-1,1,0.0,-59.5,0-1,1,0.0,-30.2
Santa Clara,999.0,11,9,0-2,2,0.0,-26.8,0-0,0,0.0,0.0,3-0,3,1.0,28.2,6-0,6,1.0,26.4
San Diego,999.0,9,5,0-1,1,0.0,-6.5,0-1,1,0.0,-10.1,2-0,2,1.0,10.9,3-2,5,0.6,9.0
25UCLA*,999.0,1,0,0-1,1,0.0,-16.4,0-0,0,0.0,0.0,0-0,0,0.0,0.0,0-0,0,0.0,0.0
18Kentucky*,999.0,1,0,0-1,1,0.0,-49.6,0-0,0,0.0,0.0,0-0,0,0.0,0.0,0-0,0,0.0,0.0
Columbia College (SC),999.0,2,0,0-1,1,0.0,-72.0,0-0,0,0.0,0.0,0-0,0,0.0,0.0,0-1,1,0.0,-65.4
New Mexico State*,999.0,1,1,0-0,0,0.0,0.0,0-0,0,0.0,0.0,0-0,0,0.0,0.0,1-0,1,1.0,25.4
Samford*,999.0,1,1,0-0,0,0.0,0.0,0-0,0,0.0,0.0,0-0,0,0.0,0.0,1-0,1,1.0,23.4
MIT,999.0,1,0,0-0,0,0.0,0.0,0-1,1,0.0,-45.7,0-0,0,0.0,0.0,0-0,0,0.0,0.0
Jackson State*,999.0,1,0,0-0,0,0.0,0.0,0-0,0,0.0,0.0,0-1,1,0.0,-10.5,0-0,0,0.0,0.0
Howard*,999.0,1,1,0-0,0,0.0,0.0,0-0,0,0.0,0.0,1-0,1,1.0,5.7,0-0,0,0.0,0.0
Apprentice School,999.0,1,0,0-0,0,0.0,0.0,0-0,0,0.0,0.0,0-1,1,0.0,-57.9,0-0,0,0.0,0.0
Holy Cross*,999.0,1,1,0-0,0,0.0,0.0,0-0,0,0.0,0.0,1-0,1,1.0,10.0,0-0,0,0.0,0.0
Virginia,999.0,5,5,1-0,1,1.0,28.4,0-0,0,0.0,0.0,0-0,0,0.0,0.0,4-0,4,1.0,37.3
Haskell,999.0,2,0,0-0,0,0.0,0.0,0-0,0,0.0,0.0,0-0,0,0.0,0.0,0-2,2,0.0,-40.2
Ripon,999.0,1,0,0-0,0,0.0,0.0,0-0,0,0.0,0.0,0-0,0,0.0,0.0,0-1,1,0.0,-33.0
19Kansas,999.0,1,1,0-0,0,0.0,0.0,0-0,0,0.0,0.0,0-0,0,0.0,0.0,1-0,1,1.0,55.6
Oklahoma State*,999.0,2,1,1-1,2,0.5,-2.2,0-0,0,0.0,0.0,0-0,0,0.0,0.0,0-0,0,0.0,0.0
Iowa*,999.0,1,1,1-0,1,1.0,18.7,0-0,0,0.0,0.0,0-0,0,0.0,0.0,0-0,0,0.0,0.0
Utah*,999.0,3,1,0-1,1,0.0,-19.4,1-0,1,1.0,1.6,0-1,1,0.0,-9.6,0-0,0,0.0,0.0
Regis,999.0,1,0,0-0,0,0.0,0.0,0-0,0,0.0,0.0,0-0,0,0.0,0.0,0-1,1,0.0,-38.0
Old Westbury,999.0,1,0,0-0,0,0.0,0.0,0-1,1,0.0,-121.3,0-0,0,0.0,0.0,0-0,0,0.0,0.0
Merrimack*,999.0,2,1,0-0,0,0.0,0.0,0-1,1,0.0,-27.9,0-0,0,0.0,0.0,1-0,1,1.0,8.5
La Salle*,999.0,1,0,0-0,0,0.0,0.0,0-1,1,0.0,-7.3,0-0,0,0.0,0.0,0-0,0,0.0,0.0
Molloy,999.0,1,0,0-0,0,0.0,0.0,0-1,1,0.0,-45.8,0-0,0,0.0,0.0,0-0,0,0.0,0.0
Pfeiffer,999.0,2,0,0-1,1,0.0,-85.3,0-0,0,0.0,0.0,0-1,1,0.0,-67.7,0-0,0,0.0,0.0
Mary Baldwin,999.0,2,0,0-1,1,0.0,-134.9,0-0,0,0.0,0.0,0-1,1,0.0,-46.7,0-0,0,0.0,0.0
Incarnate Word*,999.0,1,0,0-1,1,0.0,-17.6,0-0,0,0.0,0.0,0-0,0,0.0,0.0,0-0,0,0.0,0.0
UIC*,999.0,1,0,0-1,1,0.0,-12.6,0-0,0,0.0,0.0,0-0,0,0.0,0.0,0-0,0,0.0,0.0
Averett,999.0,2,0,0-1,1,0.0,-113.8,0-0,0,0.0,0.0,0-1,1,0.0,-63.6,0-0,0,0.0,0.0
Hawai'i Hilo,999.0,1,0,0-1,1,0.0,-87.7,0-0,0,0.0,0.0,0-0,0,0.0,0.0,0-0,0,0.0,0.0
Oregon,999.0,4,3,1-0,1,1.0,1.5,0-1,1,0.0,-15.5,0-0,0,0.0,0.0,2-0,2,1.0,26.4
Park University Gilbert,999.0,1,0,0-0,0,0.0,0.0,0-0,0,0.0,0.0,0-1,1,0.0,-16.3,0-0,0,0.0,0.0
Miami (OH)-Middletown,999.0,1,0,0-0,0,0.0,0.0,0-0,0,0.0,0.0,0-0,0,0.0,0.0,0-1,1,0.0,-80.4
IU Columbus,999.0,1,0,0-0,0,0.0,0.0,0-0,0,0.0,0.0,0-0,0,0.0,0.0,0-1,1,0.0,-59.2
North Carolina A&T*,999.0,1,0,0-0,0,0.0,0.0,0-0,0,0.0,0.0,0-1,1,0.0,-7.0,0-0,0,0.0,0.0
Bowie State,999.0,1,0,0-0,0,0.0,0.0,0-0,0,0.0,0.0,0-1,1,0.0,-22.1,0-0,0,0.0,0.0
Niagara*,999.0,1,0,0-0,0,0.0,0.0,0-0,0,0.0,0.0,0-1,1,0.0,-14.5,0-0,0,0.0,0.0
District Of Columbia,999.0,1,0,0-0,0,0.0,0.0,0-0,0,0.0,0.0,0-1,1,0.0,-45.9,0-0,0,0.0,0.0
Notre Dame*,999.0,2,0,0-1,1,0.0,-16.7,0-1,1,0.0,-13.7,0-0,0,0.0,0.0,0-0,0,0.0,0.0
17Tennessee*,999.0,3,2,1-0,1,1.0,4.9,0-1,1,0.0,-7.2,0-0,0,0.0,0.0,1-0,1,1.0,40.1
Texas A&M-Corpus Christi,999.0,10,3,0-2,2,0.0,-17.3,0-2,2,0.0,-28.8,1-1,2,0.5,0.0,2-2,4,0.5,7.6
College Of Biblical Studies,999.0,9,0,0-0,0,0.0,0.0,0-1,1,0.0,-126.7,0-3,3,0.0,-97.0,0-5,5,0.0,-78.2
Southern Arkansas,999.0,1,0,0-0,0,0.0,0.0,0-0,0,0.0,0.0,0-0,0,0.0,0.0,0-1,1,0.0,-4.8
Bradley,999.0,1,0,0-1,1,0.0,-13.3,0-0,0,0.0,0.0,0-0,0,0.0,0.0,0-0,0,0.0,0.0
UC Irvine,999.0,9,5,0-1,1,0.0,-1.5,0-2,2,0.0,-18.0,0-1,1,0.0,-9.7,5-0,5,1.0,17.5
Middle Tennessee,999.0,6,3,0-2,2,0.0,-29.7,0-1,1,0.0,-29.3,1-0,1,1.0,1.4,2-0,2,1.0,30.5
Richmond,999.0,8,5,1-0,1,1.0,10.6,1-2,3,0.33,-4.4,0-1,1,0.0,-6.3,3-0,3,1.0,24.0
Charleston,999.0,1,0,0-0,0,0.0,0.0,0-1,1,0.0,-31.0,0-0,0,0.0,0.0,0-0,0,0.0,0.0
Toledo*,999.0,1,0,0-1,1,0.0,-24.8,0-0,0,0.0,0.0,0-0,0,0.0,0.0,0-0,0,0.0,0.0
Saint Francis*,999.0,1,0,0-1,1,0.0,-51.3,0-0,0,0.0,0.0,0-0,0,0.0,0.0,0-0,0,0.0,0.0
Oral Roberts,999.0,8,1,0-3,3,0.0,-23.8,0-1,1,0.0,-27.6,0-1,1,0.0,-1.8,1-2,3,0.33,-5.3
West Georgia,999.0,14,7,0-3,3,0.0,-40.7,0-1,1,0.0,-20.8,1-1,2,0.5,-1.2,6-2,8,0.75,-2.9
Northern Kentucky,999.0,10,7,0-1,1,0.0,-14.3,0-0,0,0.0,0.0,1-0,1,1.0,24.1,6-2,8,0.75,9.5
Murray State,999.0,7,7,0-0,0,0.0,0.0,0-0,0,0.0,0.0,1-0,1,1.0,34.1,6-0,6,1.0,28.3
Midway University,999.0,4,0,0-0,0,0.0,0.0,0-1,1,0.0,-69.2,0-0,0,0.0,0.0,0-3,3,0.0,-53.5
Houston Christian,999.0,2,0,0-0,0,0.0,0.0,0-1,1,0.0,-33.9,0-0,0,0.0,0.0,0-1,1,0.0,-7.4
The Citadel,999.0,10,0,0-2,2,0.0,-31.8,0-1,1,0.0,-42.2,0-5,5,0.0,-29.2,0-2,2,0.0,-15.9
Notre Dame,999.0,9,7,0-0,0,0.0,0.0,1-2,3,0.33,-6.1,1-0,1,1.0,24.7,5-0,5,1.0,28.1
Southwestern Christian,999.0,3,0,0-0,0,0.0,0.0,0-0,0,0.0,0.0,0-1,1,0.0,-51.9,0-2,2,0.0,-58.3
Rockford,999.0,1,0,0-1,1,0.0,-74.0,0-0,0,0.0,0.0,0-0,0,0.0,0.0,0-0,0,0.0,0.0
19Iowa,999.0,1,0,0-1,1,0.0,-8.4,0-0,0,0.0,0.0,0-0,0,0.0,0.0,0-0,0,0.0,0.0
Missouri*,999.0,2,0,0-1,1,0.0,-68.1,0-1,1,0.0,-31.2,0-0,0,0.0,0.0,0-0,0,0.0,0.0
23Nebraska,999.0,1,1,1-0,1,1.0,4.6,0-0,0,0.0,0.0,0-0,0,0.0,0.0,0-0,0,0.0,0.0
13Tennessee*,999.0,1,0,0-1,1,0.0,-21.1,0-0,0,0.0,0.0,0-0,0,0.0,0.0,0-0,0,0.0,0.0
11Texas Tech,999.0,2,1,0-1,1,0.0,-5.3,0-0,0,0.0,0.0,0-0,0,0.0,0.0,1-0,1,1.0,23.4
Evergreen State,999.0,2,0,0-0,0,0.0,0.0,0-0,0,0.0,0.0,0-2,2,0.0,-59.3,0-0,0,0.0,0.0
Whitman,999.0,1,0,0-0,0,0.0,0.0,0-0,0,0.0,0.0,0-1,1,0.0,-63.3,0-0,0,0.0,0.0
Montana-Western,999.0,1,0,0-0,0,0.0,0.0,0-0,0,0.0,0.0,0-1,1,0.0,-19.6,0-0,0,0.0,0.0
Sam Houston*,999.0,2,2,0-0,0,0.0,0.0,0-0,0,0.0,0.0,2-0,2,1.0,20.2,0-0,0,0.0,0.0
Justice College,999.0,3,0,0-0,0,0.0,0.0,0-0,0,0.0,0.0,0-1,1,0.0,-62.0,0-2,2,0.0,-57.6
Trinity (FL),999.0,1,0,0-0,0,0.0,0.0,0-0,0,0.0,0.0,0-0,0,0.0,0.0,0-1,1,0.0,-125.9
11Louisville,999.0,1,1,0-0,0,0.0,0.0,0-0,0,0.0,0.0,0-0,0,0.0,0.0,1-0,1,1.0,43.1
Mississippi State*,999.0,2,0,0-1,1,0.0,-28.3,0-0,0,0.0,0.0,0-1,1,0.0,-31.9,0-0,0,0.0,0.0
Eureka,999.0,2,0,0-0,0,0.0,0.0,0-1,1,0.0,-67.7,0-1,1,0.0,-53.6,0-0,0,0.0,0.0
Illinois Tech,999.0,2,0,0-0,0,0.0,0.0,0-0,0,0.0,0.0,0-1,1,0.0,-37.5,0-1,1,0.0,-54.4
10Nebraska,999.0,1,1,1-0,1,1.0,8.7,0-0,0,0.0,0.0,0-0,0,0.0,0.0,0-0,0,0.0,0.0
Marquette*,999.0,1,0,0-1,1,0.0,-27.9,0-0,0,0.0,0.0,0-0,0,0.0,0.0,0-0,0,0.0,0.0
Texas Lutheran,999.0,2,0,0-0,0,0.0,0.0,0-0,0,0.0,0.0,0-2,2,0.0,-95.5,0-0,0,0.0,0.0
Southern Indiana*,999.0,2,0,0-0,0,0.0,0.0,0-0,0,0.0,0.0,0-1,1,0.0,-7.7,0-1,1,0.0,-13.8
Hanover,999.0,1,0,0-0,0,0.0,0.0,0-0,0,0.0,0.0,0-0,0,0.0,0.0,0-1,1,0.0,-66.9
Georgia,999.0,3,3,0-0,0,0.0,0.0,0-0,0,0.0,0.0,1-0,1,1.0,41.0,2-0,2,1.0,38.3
7Houston,999.0,1,1,0-0,0,0.0,0.0,1-0,1,1.0,24.9,0-0,0,0.0,0.0,0-0,0,0.0,0.0
3Iowa State,999.0,2,2,0-0,0,0.0,0.0,1-0,1,1.0,12.9,0-0,0,0.0,0.0,1-0,1,1.0,38.9
Arlington Baptist,999.0,3,0,0-0,0,0.0,0.0,0-1,1,0.0,-78.6,0-1,1,0.0,-68.2,0-1,1,0.0,-88.2
Sacramento State,999.0,8,1,0-0,0,0.0,0.0,0-4,4,0.0,-22.4,0-2,2,0.0,-25.3,1-1,2,0.5,-6.8
Creighton*,999.0,1,0,0-0,0,0.0,0.0,0-1,1,0.0,-11.0,0-0,0,0.0,0.0,0-0,0,0.0,0.0
Massachusetts,999.0,8,4,0-0,0,0.0,0.0,0-1,1,0.0,-1.3,1-2,3,0.33,-4.3,3-1,4,0.75,7.4
Buffalo,999.0,1,1,0-0,0,0.0,0.0,0-0,0,0.0,0.0,0-0,0,0.0,0.0,1-0,1,1.0,21.5
Earlham College,999.0,1,0,0-0,0,0.0,0.0,0-0,0,0.0,0.0,0-0,0,0.0,0.0,0-1,1,0.0,-115.4
Campbell,999.0,1,1,0-0,0,0.0,0.0,0-0,0,0.0,0.0,0-0,0,0.0,0.0,1-0,1,1.0,7.0
Evansville,999.0,4,1,0-0,0,0.0,0.0,0-2,2,0.0,-9.4,0-0,0,0.0,0.0,1-1,2,0.5,8.5
Le Moyne*,999.0,1,0,0-0,0,0.0,0.0,0-0,0,0.0,0.0,0-0,0,0.0,0.0,0-1,1,0.0,-15.6
Lafayette,999.0,6,1,0-0,0,0.0,0.0,0-1,1,0.0,-18.2,0-1,1,0.0,-24.6,1-3,4,0.25,-8.6
Nebraska*,999.0,1,1,0-0,0,0.0,0.0,0-0,0,0.0,0.0,1-0,1,1.0,1.2,0-0,0,0.0,0.0
McPherson,999.0,1,0,0-0,0,0.0,0.0,0-0,0,0.0,0.0,0-0,0,0.0,0.0,0-1,1,0.0,-17.2
Spurgeon College,999.0,1,0,0-0,0,0.0,0.0,0-0,0,0.0,0.0,0-0,0,0.0,0.0,0-1,1,0.0,-28.8
Evangel,999.0,1,0,0-0,0,0.0,0.0,0-0,0,0.0,0.0,0-0,0,0.0,0.0,0-1,1,0.0,-8.6
Omaha*,999.0,2,0,0-1,1,0.0,-10.5,0-0,0,0.0,0.0,0-1,1,0.0,-16.5,0-0,0,0.0,0.0
Washington and Lee,999.0,1,0,0-0,0,0.0,0.0,0-0,0,0.0,0.0,0-1,1,0.0,-22.1,0-0,0,0.0,0.0
Auburn-Montgomery,999.0,1,0,0-0,0,0.0,0.0,0-0,0,0.0,0.0,0-1,1,0.0,-38.0,0-0,0,0.0,0.0
North Dakota State*,999.0,1,1,0-0,0,0.0,0.0,0-0,0,0.0,0.0,1-0,1,1.0,20.0,0-0,0,0.0,0.0
Reinhardt,999.0,2,0,0-0,0,0.0,0.0,0-0,0,0.0,0.0,0-2,2,0.0,-95.1,0-0,0,0.0,0.0
Pacific*,999.0,1,1,0-0,0,0.0,0.0,0-0,0,0.0,0.0,0-0,0,0.0,0.0,1-0,1,1.0,24.6
SMU*,999.0,1,0,0-1,1,0.0,-16.6,0-0,0,0.0,0.0,0-0,0,0.0,0.0,0-0,0,0.0,0.0
22St. John's*,999.0,1,0,0-1,1,0.0,-15.3,0-0,0,0.0,0.0,0-0,0,0.0,0.0,0-0,0,0.0,0.0
17Michigan State*,999.0,1,1,1-0,1,1.0,23.0,0-0,0,0.0,0.0,0-0,0,0.0,0.0,0-0,0,0.0,0.0
12Louisville,999.0,1,1,0-0,0,0.0,0.0,1-0,1,1.0,8.9,0-0,0,0.0,0.0,0-0,0,0.0,0.0
5Purdue,999.0,2,2,0-0,0,0.0,0.0,0-0,0,0.0,0.0,1-0,1,1.0,44.6,1-0,1,1.0,9.7
Roberts Wesleyan,999.0,1,0,0-0,0,0.0,0.0,0-1,1,0.0,-47.8,0-0,0,0.0,0.0,0-0,0,0.0,0.0
Wright State*,999.0,2,1,0-0,0,0.0,0.0,0-1,1,0.0,-4.9,1-0,1,1.0,43.0,0-0,0,0.0,0.0
Southern Wesleyan,999.0,3,0,0-0,0,0.0,0.0,0-1,1,0.0,-87.9,0-1,1,0.0,-51.9,0-1,1,0.0,-36.1
Oral Roberts*,999.0,1,1,0-0,0,0.0,0.0,1-0,1,1.0,10.3,0-0,0,0.0,0.0,0-0,0,0.0,0.0
Rice*,999.0,2,1,0-0,0,0.0,0.0,0-1,1,0.0,-6.2,0-0,0,0.0,0.0,1-0,1,1.0,28.0
Point University,999.0,1,0,0-0,0,0.0,0.0,0-1,1,0.0,-75.1,0-0,0,0.0,0.0,0-0,0,0.0,0.0
Paine,999.0,1,0,0-0,0,0.0,0.0,0-1,1,0.0,-110.5,0-0,0,0.0,0.0,0-0,0,0.0,0.0
Penn State Hazleton,999.0,1,0,0-0,0,0.0,0.0,0-0,0,0.0,0.0,0-0,0,0.0,0.0,0-1,1,0.0,-10.9
Texas State*,999.0,2,0,0-0,0,0.0,0.0,0-1,1,0.0,-23.0,0-0,0,0.0,0.0,0-1,1,0.0,-6.1
UC Santa Barbara*,999.0,2,2,0-0,0,0.0,0.0,1-0,1,1.0,4.4,0-0,0,0.0,0.0,1-0,1,1.0,2.8
Valley Forge,999.0,1,0,0-0,0,0.0,0.0,0-0,0,0.0,0.0,0-0,0,0.0,0.0,0-1,1,0.0,-54.0
SUNY Cobleskill,999.0,1,0,0-0,0,0.0,0.0,0-0,0,0.0,0.0,0-1,1,0.0,-79.6,0-0,0,0.0,0.0
Our Lady Of The Lake,999.0,1,0,0-0,0,0.0,0.0,0-0,0,0.0,0.0,0-1,1,0.0,-65.3,0-0,0,0.0,0.0
Oakland*,999.0,2,1,0-1,1,0.0,-13.4,0-0,0,0.0,0.0,1-0,1,1.0,18.2,0-0,0,0.0,0.0
Texas A&M-San Antonio,999.0,2,0,0-0,0,0.0,0.0,0-0,0,0.0,0.0,0-2,2,0.0,-74.0,0-0,0,0.0,0.0
Dickinson (PA),999.0,1,0,0-0,0,0.0,0.0,0-0,0,0.0,0.0,0-0,0,0.0,0.0,0-1,1,0.0,-55.7
2Michigan,999.0,3,3,0-0,0,0.0,0.0,0-0,0,0.0,0.0,1-0,1,1.0,50.4,2-0,2,1.0,40.8
Lancasater Bible College,999.0,1,0,0-0,0,0.0,0.0,0-0,0,0.0,0.0,0-0,0,0.0,0.0,0-1,1,0.0,-41.2
Penn State*,999.0,1,1,0-0,0,0.0,0.0,0-0,0,0.0,0.0,0-0,0,0.0,0.0,1-0,1,1.0,19.4
Monmouth*,999.0,2,1,0-0,0,0.0,0.0,0-0,0,0.0,0.0,0-1,1,0.0,-5.4,1-0,1,1.0,9.6
Indiana State,999.0,8,2,0-2,2,0.0,-43.3,1-0,1,1.0,1.3,0-3,3,0.0,-12.9,1-1,2,0.5,10.8
24Wisconsin,999.0,3,3,0-0,0,0.0,0.0,0-0,0,0.0,0.0,0-0,0,0.0,0.0,3-0,3,1.0,36.6
Mansfield,999.0,1,0,0-0,0,0.0,0.0,0-0,0,0.0,0.0,0-0,0,0.0,0.0,0-1,1,0.0,-43.8
Louisiana,999.0,3,0,0-0,0,0.0,0.0,0-0,0,0.0,0.0,0-1,1,0.0,-18.6,0-2,2,0.0,-13.1
Eastern Washington,999.0,5,0,0-2,2,0.0,-23.6,0-0,0,0.0,0.0,0-2,2,0.0,-23.9,0-1,1,0.0,-5.6
UC Riverside,999.0,12,4,0-3,3,0.0,-56.0,0-2,2,0.0,-29.4,0-1,1,0.0,-18.8,4-2,6,0.67,6.8
Clemson*,999.0,2,1,0-1,1,0.0,-4.8,1-0,1,1.0,4.3,0-0,0,0.0,0.0,0-0,0,0.0,0.0
California Baptist,999.0,1,0,0-1,1,0.0,-48.4,0-0,0,0.0,0.0,0-0,0,0.0,0.0,0-0,0,0.0,0.0
Dayton*,999.0,1,0,0-1,1,0.0,-5.7,0-0,0,0.0,0.0,0-0,0,0.0,0.0,0-0,0,0.0,0.0
Miami*,999.0,3,1,0-1,1,0.0,-14.2,0-1,1,0.0,-16.7,1-0,1,1.0,19.0,0-0,0,0.0,0.0
23Wisconsin,999.0,2,1,0-1,1,0.0,-38.7,0-0,0,0.0,0.0,1-0,1,1.0,28.3,0-0,0,0.0,0.0
3UConn*,999.0,1,1,1-0,1,1.0,2.7,0-0,0,0.0,0.0,0-0,0,0.0,0.0,0-0,0,0.0,0.0
Delaware,999.0,3,0,0-1,1,0.0,-26.9,0-0,0,0.0,0.0,0-0,0,0.0,0.0,0-2,2,0.0,-22.6
Villanova*,999.0,1,0,0-1,1,0.0,-8.1,0-0,0,0.0,0.0,0-0,0,0.0,0.0,0-0,0,0.0,0.0
Lyon,999.0,1,0,0-0,0,0.0,0.0,0-0,0,0.0,0.0,0-1,1,0.0,-95.2,0-0,0,0.0,0.0
Maine*,999.0,1,0,0-0,0,0.0,0.0,0-0,0,0.0,0.0,0-1,1,0.0,-5.6,0-0,0,0.0,0.0
Siena*,999.0,2,2,0-0,0,0.0,0.0,0-0,0,0.0,0.0,1-0,1,1.0,11.9,1-0,1,1.0,6.3
Lincoln University (CA),999.0,5,0,0-0,0,0.0,0.0,0-1,1,0.0,-59.7,0-2,2,0.0,-108.5,0-2,2,0.0,-58.6
Williams Baptist,999.0,1,0,0-0,0,0.0,0.0,0-0,0,0.0,0.0,0-0,0,0.0,0.0,0-1,1,0.0,-17.2
Towson*,999.0,3,3,1-0,1,1.0,11.9,1-0,1,1.0,5.1,1-0,1,1.0,15.6,0-0,0,0.0,0.0
Vermont*,999.0,3,1,0-1,1,0.0,-22.4,0-1,1,0.0,-8.2,0-0,0,0.0,0.0,1-0,1,1.0,7.6
Kentucky Christian,999.0,4,0,0-1,1,0.0,-101.5,0-1,1,0.0,-59.2,0-0,0,0.0,0.0,0-2,2,0.0,-54.8
Mississippi Valley State*,999.0,1,0,0-0,0,0.0,0.0,0-0,0,0.0,0.0,0-0,0,0.0,0.0,0-1,1,0.0,-10.9
Utah Tech*,999.0,2,1,0-0,0,0.0,0.0,0-0,0,0.0,0.0,0-0,0,0.0,0.0,1-1,2,0.5,1.5
St. Joseph's (NY),999.0,1,0,0-0,0,0.0,0.0,0-0,0,0.0,0.0,0-0,0,0.0,0.0,0-1,1,0.0,-101.2
Maine-Fort Kent,999.0,1,0,0-0,0,0.0,0.0,0-0,0,0.0,0.0,0-0,0,0.0,0.0,0-1,1,0.0,-57.8
Washington College (MD),999.0,2,0,0-1,1,0.0,-45.6,0-0,0,0.0,0.0,0-1,1,0.0,-68.4,0-0,0,0.0,0.0
Stonehill*,999.0,1,0,0-0,0,0.0,0.0,0-0,0,0.0,0.0,0-1,1,0.0,-14.0,0-0,0,0.0,0.0
San José State*,999.0,1,1,0-0,0,0.0,0.0,0-0,0,0.0,0.0,0-0,0,0.0,0.0,1-0,1,1.0,14.6
Northern Iowa*,999.0,1,1,0-0,0,0.0,0.0,0-0,0,0.0,0.0,0-0,0,0.0,0.0,1-0,1,1.0,28.3
North Texas*,999.0,1,1,0-0,0,0.0,0.0,0-0,0,0.0,0.0,0-0,0,0.0,0.0,1-0,1,1.0,3.1
Stetson,999.0,11,3,0-5,5,0.0,-53.6,0-0,0,0.0,0.0,0-3,3,0.0,-27.5,3-0,3,1.0,6.9
Florida Gulf Coast,999.0,4,1,0-0,0,0.0,0.0,0-0,0,0.0,0.0,0-3,3,0.0,-9.0,1-0,1,1.0,23.7
Jacksonville,999.0,7,1,0-2,2,0.0,-36.2,0-1,1,0.0,-5.0,0-2,2,0.0,-38.1,1-1,2,0.5,-2.8
North Florida,999.0,8,0,0-3,3,0.0,-55.3,0-3,3,0.0,-34.1,0-2,2,0.0,-11.5,0-0,0,0.0,0.0
East Tennessee State,999.0,3,1,0-1,1,0.0,-26.9,0-1,1,0.0,-1.4,0-0,0,0.0,0.0,1-0,1,1.0,30.4
UT Rio Grande Valley,999.0,14,4,0-2,2,0.0,-19.5,0-1,1,0.0,-20.5,2-2,4,0.5,3.6,2-5,7,0.29,-2.9
Kent State,999.0,6,5,0-0,0,0.0,0.0,1-0,1,1.0,3.9,1-0,1,1.0,16.6,3-1,4,0.75,11.8
Northern Illinois,999.0,8,2,0-1,1,0.0,-45.3,0-5,5,0.0,-21.3,0-0,0,0.0,0.0,2-0,2,1.0,14.5
UNC Greensboro,999.0,9,3,0-2,2,0.0,-61.3,0-0,0,0.0,0.0,1-4,5,0.2,-9.7,2-0,2,1.0,6.4
Bryan (TN),999.0,4,0,0-0,0,0.0,0.0,0-1,1,0.0,-159.8,0-2,2,0.0,-80.8,0-1,1,0.0,-76.5
Texas A&M,999.0,12,11,1-1,2,0.5,-15.0,1-0,1,1.0,8.8,2-0,2,1.0,6.5,7-0,7,1.0,33.6
23Georgia,999.0,1,1,0-0,0,0.0,0.0,0-0,0,0.0,0.0,1-0,1,1.0,4.4,0-0,0,0.0,0.0
6Purdue*,999.0,1,1,0-0,0,0.0,0.0,0-0,0,0.0,0.0,1-0,1,1.0,47.8,0-0,0,0.0,0.0
Chattanooga*,999.0,1,0,0-0,0,0.0,0.0,0-0,0,0.0,0.0,0-1,1,0.0,-17.6,0-0,0,0.0,0.0
13Vanderbilt,999.0,1,1,0-0,0,0.0,0.0,0-0,0,0.0,0.0,1-0,1,1.0,8.0,0-0,0,0.0,0.0
Wake Forest*,999.0,3,1,0-1,1,0.0,-1.1,0-1,1,0.0,-1.1,1-0,1,1.0,1.4,0-0,0,0.0,0.0
1Purdue*,999.0,1,1,0-0,0,0.0,0.0,0-0,0,0.0,0.0,1-0,1,1.0,13.1,0-0,0,0.0,0.0
Massachusetts-Boston,999.0,1,0,0-0,0,0.0,0.0,0-1,1,0.0,-75.2,0-0,0,0.0,0.0,0-0,0,0.0,0.0
24Virginia,999.0,1,1,0-0,0,0.0,0.0,0-0,0,0.0,0.0,0-0,0,0.0,0.0,1-0,1,1.0,31.1
Gwynedd-Mercy,999.0,1,0,0-0,0,0.0,0.0,0-0,0,0.0,0.0,0-0,0,0.0,0.0,0-1,1,0.0,-35.1
WVU Tech,999.0,1,0,0-0,0,0.0,0.0,0-0,0,0.0,0.0,0-1,1,0.0,-81.2,0-0,0,0.0,0.0
6Purdue,999.0,2,2,0-0,0,0.0,0.0,1-0,1,1.0,44.8,0-0,0,0.0,0.0,1-0,1,1.0,30.3
Vassar,999.0,1,0,0-1,1,0.0,-45.2,0-0,0,0.0,0.0,0-0,0,0.0,0.0,0-0,0,0.0,0.0
13Nebraska,999.0,1,1,0-0,0,0.0,0.0,1-0,1,1.0,3.1,0-0,0,0.0,0.0,0-0,0,0.0,0.0
16North Carolina*,999.0,1,0,0-1,1,0.0,-27.0,0-0,0,0.0,0.0,0-0,0,0.0,0.0,0-0,0,0.0,0.0
Milligan,999.0,2,0,0-1,1,0.0,-75.2,0-0,0,0.0,0.0,0-0,0,0.0,0.0,0-1,1,0.0,-68.9
Trinity Christian (IL),999.0,1,0,0-1,1,0.0,-124.6,0-0,0,0.0,0.0,0-0,0,0.0,0.0,0-0,0,0.0,0.0
South Dakota State*,999.0,1,1,0-0,0,0.0,0.0,0-0,0,0.0,0.0,1-0,1,1.0,14.0,0-0,0,0.0,0.0
Penn State-New Kensington,999.0,1,0,0-0,0,0.0,0.0,0-0,0,0.0,0.0,0-0,0,0.0,0.0,0-1,1,0.0,-84.3
Baptist (Fl),999.0,1,0,0-0,0,0.0,0.0,0-0,0,0.0,0.0,0-1,1,0.0,-91.4,0-0,0,0.0,0.0
Oglethorpe,999.0,1,0,0-0,0,0.0,0.0,0-0,0,0.0,0.0,0-1,1,0.0,-79.5,0-0,0,0.0,0.0
LaGrange,999.0,2,0,0-0,0,0.0,0.0,0-0,0,0.0,0.0,0-2,2,0.0,-63.9,0-0,0,0.0,0.0
18Tennessee,999.0,2,2,0-0,0,0.0,0.0,0-0,0,0.0,0.0,1-0,1,1.0,50.0,1-0,1,1.0,25.0
NC State,999.0,5,3,0-0,0,0.0,0.0,0-0,0,0.0,0.0,3-2,5,0.6,20.0,0-0,0,0.0,0.0
14St. John's*,999.0,3,1,0-1,1,0.0,-1.4,1-0,1,1.0,19.4,0-1,1,0.0,-16.3,0-0,0,0.0,0.0
7Michigan*,999.0,2,2,1-0,1,1.0,54.0,0-0,0,0.0,0.0,1-0,1,1.0,41.3,0-0,0,0.0,0.0
Oregon*,999.0,3,0,0-1,1,0.0,-11.1,0-0,0,0.0,0.0,0-2,2,0.0,-15.0,0-0,0,0.0,0.0
1Houston*,999.0,1,1,0-0,0,0.0,0.0,0-0,0,0.0,0.0,1-0,1,1.0,1.4,0-0,0,0.0,0.0
Wofford,999.0,15,9,0-2,2,0.0,-30.8,0-1,1,0.0,-14.0,0-3,3,0.0,-31.5,9-0,9,1.0,13.1
Merrimack,999.0,6,4,0-0,0,0.0,0.0,0-1,1,0.0,-58.1,2-1,3,0.67,-7.3,2-0,2,1.0,10.4
Lehigh,999.0,7,2,0-1,1,0.0,-28.6,0-0,0,0.0,0.0,1-1,2,0.5,-10.3,1-3,4,0.25,-5.2
Binghamton,999.0,1,0,0-0,0,0.0,0.0,0-0,0,0.0,0.0,0-0,0,0.0,0.0,0-1,1,0.0,-11.3
UMBC,999.0,12,6,0-2,2,0.0,-33.0,0-2,2,0.0,-20.8,0-1,1,0.0,-13.5,6-1,7,0.86,12.9
Gallaudet,999.0,1,0,0-0,0,0.0,0.0,0-0,0,0.0,0.0,0-0,0,0.0,0.0,0-1,1,0.0,-79.0
Manhattan,999.0,6,1,0-1,1,0.0,-41.4,0-1,1,0.0,-46.5,1-0,1,1.0,5.5,0-3,3,0.0,-7.4
Fairleigh Dickinson,999.0,4,1,0-0,0,0.0,0.0,0-0,0,0.0,0.0,0-1,1,0.0,-19.0,1-2,3,0.33,-3.2
East Texas A&M*,999.0,1,1,0-0,0,0.0,0.0,0-0,0,0.0,0.0,0-0,0,0.0,0.0,1-0,1,1.0,23.8
Marist,999.0,8,6,0-0,0,0.0,0.0,0-1,1,0.0,-14.3,2-1,3,0.67,24.7,4-0,4,1.0,19.0
Northeastern State,999.0,1,0,0-0,0,0.0,0.0,0-0,0,0.0,0.0,0-1,1,0.0,-29.7,0-0,0,0.0,0.0
Northwestern Oklahoma State,999.0,1,0,0-0,0,0.0,0.0,0-0,0,0.0,0.0,0-1,1,0.0,-67.1,0-0,0,0.0,0.0
Missouri Southern State,999.0,1,0,0-0,0,0.0,0.0,0-0,0,0.0,0.0,0-1,1,0.0,-22.6,0-0,0,0.0,0.0
Mississippi University For Women,999.0,1,0,0-0,0,0.0,0.0,0-0,0,0.0,0.0,0-0,0,0.0,0.0,0-1,1,0.0,-48.9
New Mexico*,999.0,2,1,0-1,1,0.0,-14.3,0-0,0,0.0,0.0,1-0,1,1.0,2.6,0-0,0,0.0,0.0
Dominican (IL),999.0,2,0,0-0,0,0.0,0.0,0-0,0,0.0,0.0,0-1,1,0.0,-78.2,0-1,1,0.0,-128.2
Cumberland (TN),999.0,1,0,0-0,0,0.0,0.0,0-0,0,0.0,0.0,0-0,0,0.0,0.0,0-1,1,0.0,-26.1
Webster,999.0,2,0,0-0,0,0.0,0.0,0-0,0,0.0,0.0,0-1,1,0.0,-79.6,0-1,1,0.0,-87.6
24USC,999.0,2,1,0-1,1,0.0,-43.0,0-0,0,0.0,0.0,1-0,1,1.0,7.5,0-0,0,0.0,0.0
Penn State (Brandywine),999.0,2,0,0-0,0,0.0,0.0,0-0,0,0.0,0.0,0-0,0,0.0,0.0,0-2,2,0.0,-61.6
Alice Lloyd College,999.0,1,0,0-0,0,0.0,0.0,0-0,0,0.0,0.0,0-0,0,0.0,0.0,0-1,1,0.0,-71.6
UL Monroe*,999.0,1,0,0-0,0,0.0,0.0,0-0,0,0.0,0.0,0-0,0,0.0,0.0,0-1,1,0.0,-4.2
Northwest University,999.0,1,0,0-0,0,0.0,0.0,0-0,0,0.0,0.0,0-1,1,0.0,-57.9,0-0,0,0.0,0.0
Nobel*,999.0,1,0,0-0,0,0.0,0.0,0-0,0,0.0,0.0,0-1,1,0.0,-61.3,0-0,0,0.0,0.0
Montana Tech,999.0,1,1,0-0,0,0.0,0.0,0-0,0,0.0,0.0,1-0,1,1.0,9.2,0-0,0,0.0,0.0
Salish Kootenai,999.0,1,0,0-0,0,0.0,0.0,0-0,0,0.0,0.0,0-1,1,0.0,-77.6,0-0,0,0.0,0.0
Ottawa (AZ),999.0,1,0,0-0,0,0.0,0.0,0-0,0,0.0,0.0,0-1,1,0.0,-48.4,0-0,0,0.0,0.0
Northwest Indian,999.0,3,0,0-0,0,0.0,0.0,0-0,0,0.0,0.0,0-3,3,0.0,-90.5,0-0,0,0.0,0.0
Caldwell,999.0,1,0,0-0,0,0.0,0.0,0-0,0,0.0,0.0,0-1,1,0.0,-38.5,0-0,0,0.0,0.0
Cornell,999.0,4,3,0-0,0,0.0,0.0,0-0,0,0.0,0.0,0-1,1,0.0,-5.3,3-0,3,1.0,18.7
Harvard,999.0,7,4,0-0,0,0.0,0.0,1-0,1,1.0,35.1,1-2,3,0.33,-6.5,2-1,3,0.67,9.2
4Duke,999.0,1,1,0-0,0,0.0,0.0,0-0,0,0.0,0.0,0-0,0,0.0,0.0,1-0,1,1.0,59.9
St. Thomas-Minnesota,999.0,9,7,0-1,1,0.0,-38.9,0-0,0,0.0,0.0,1-1,2,0.5,2.9,6-0,6,1.0,13.1
SUNY-Maritime,999.0,2,0,0-0,0,0.0,0.0,0-1,1,0.0,-92.2,0-0,0,0.0,0.0,0-1,1,0.0,-42.6
Champion Christian,999.0,6,0,0-1,1,0.0,-57.3,0-1,1,0.0,-90.1,0-1,1,0.0,-55.4,0-3,3,0.0,-89.0
Ecclesia,999.0,5,0,0-0,0,0.0,0.0,0-0,0,0.0,0.0,0-1,1,0.0,-82.3,0-4,4,0.0,-60.6
Tulsa,999.0,9,6,0-0,0,0.0,0.0,0-0,0,0.0,0.0,1-3,4,0.25,-4.4,5-0,5,1.0,28.1
DePaul,999.0,3,2,0-0,0,0.0,0.0,0-1,1,0.0,-21.5,0-0,0,0.0,0.0,2-0,2,1.0,20.3
UIC,999.0,11,4,1-1,2,0.5,0.7,0-2,2,0.0,-7.2,0-3,3,0.0,-12.7,3-1,4,0.75,12.8
Vanderbilt,999.0,5,5,1-0,1,1.0,13.8,0-0,0,0.0,0.0,0-0,0,0.0,0.0,4-0,4,1.0,38.0
Loyola Marymount,999.0,3,2,0-1,1,0.0,-52.8,0-0,0,0.0,0.0,0-0,0,0.0,0.0,2-0,2,1.0,20.4
Portland,999.0,8,6,0-0,0,0.0,0.0,0-0,0,0.0,0.0,2-2,4,0.5,-6.5,4-0,4,1.0,16.5
Washington,999.0,13,8,0-2,2,0.0,-13.1,2-3,5,0.4,0.0,0-0,0,0.0,0.0,6-0,6,1.0,28.1
Vermont State - Lyndon,999.0,1,0,0-0,0,0.0,0.0,0-0,0,0.0,0.0,0-0,0,0.0,0.0,0-1,1,0.0,-121.4
Emmanuel (MA),999.0,1,0,0-0,0,0.0,0.0,0-0,0,0.0,0.0,0-0,0,0.0,0.0,0-1,1,0.0,-40.3
Curry College,999.0,1,0,0-0,0,0.0,0.0,0-0,0,0.0,0.0,0-0,0,0.0,0.0,0-1,1,0.0,-131.0
Rosemont,999.0,1,0,0-1,1,0.0,-99.6,0-0,0,0.0,0.0,0-0,0,0.0,0.0,0-0,0,0.0,0.0
18North Carolina,999.0,2,2,0-0,0,0.0,0.0,1-0,1,1.0,17.5,0-0,0,0.0,0.0,1-0,1,1.0,58.2
SUNY-Canton,999.0,1,0,0-0,0,0.0,0.0,0-0,0,0.0,0.0,0-0,0,0.0,0.0,0-1,1,0.0,-54.9
Seton Hall*,999.0,1,1,1-0,1,1.0,13.9,0-0,0,0.0,0.0,0-0,0,0.0,0.0,0-0,0,0.0,0.0
Washington Adventist,999.0,2,0,0-0,0,0.0,0.0,0-1,1,0.0,-7.8,0-0,0,0.0,0.0,0-1,1,0.0,-30.3
Houghton,999.0,1,0,0-0,0,0.0,0.0,0-0,0,0.0,0.0,0-0,0,0.0,0.0,0-1,1,0.0,-36.6
20Texas Tech,999.0,1,1,0-0,0,0.0,0.0,0-0,0,0.0,0.0,0-0,0,0.0,0.0,1-0,1,1.0,44.5
University of The Southwest,999.0,1,0,0-0,0,0.0,0.0,0-1,1,0.0,-116.0,0-0,0,0.0,0.0,0-0,0,0.0,0.0
Tulsa*,999.0,4,4,2-0,2,1.0,15.7,1-0,1,1.0,19.5,0-0,0,0.0,0.0,1-0,1,1.0,44.2
UC Irvine*,999.0,4,3,1-0,1,1.0,1.4,0-1,1,0.0,-19.7,1-0,1,1.0,15.8,1-0,1,1.0,24.5
Adams State,999.0,1,0,0-0,0,0.0,0.0,0-1,1,0.0,-13.2,0-0,0,0.0,0.0,0-0,0,0.0,0.0
New Mexico Highlands,999.0,3,0,0-1,1,0.0,-80.0,0-1,1,0.0,-25.8,0-1,1,0.0,-57.1,0-0,0,0.0,0.0
Mitchell College,999.0,1,0,0-0,0,0.0,0.0,0-0,0,0.0,0.0,0-0,0,0.0,0.0,0-1,1,0.0,-31.9
Salve Regina,999.0,1,0,0-0,0,0.0,0.0,0-0,0,0.0,0.0,0-0,0,0.0,0.0,0-1,1,0.0,-59.4
Jamestown,999.0,1,0,0-1,1,0.0,-23.1,0-0,0,0.0,0.0,0-0,0,0.0,0.0,0-0,0,0.0,0.0
St. Scholastica,999.0,1,0,0-1,1,0.0,-121.5,0-0,0,0.0,0.0,0-0,0,0.0,0.0,0-0,0,0.0,0.0
Dakota State,999.0,3,0,0-0,0,0.0,0.0,0-0,0,0.0,0.0,0-2,2,0.0,-10.8,0-1,1,0.0,-57.3
Crown College,999.0,1,0,0-0,0,0.0,0.0,0-0,0,0.0,0.0,0-0,0,0.0,0.0,0-1,1,0.0,-76.9
Mayville St,999.0,1,0,0-0,0,0.0,0.0,0-0,0,0.0,0.0,0-0,0,0.0,0.0,0-1,1,0.0,-111.8
Ohio State*,999.0,1,0,0-1,1,0.0,-1.6,0-0,0,0.0,0.0,0-0,0,0.0,0.0,0-0,0,0.0,0.0
Bluefield State,999.0,1,0,0-0,0,0.0,0.0,0-0,0,0.0,0.0,0-0,0,0.0,0.0,0-1,1,0.0,-29.5
Tennessee Southern,999.0,1,0,0-0,0,0.0,0.0,0-0,0,0.0,0.0,0-0,0,0.0,0.0,0-1,1,0.0,-51.0
Lane College,999.0,1,0,0-0,0,0.0,0.0,0-0,0,0.0,0.0,0-0,0,0.0,0.0,0-1,1,0.0,-8.6
Regent,999.0,2,0,0-0,0,0.0,0.0,0-1,1,0.0,-79.9,0-0,0,0.0,0.0,0-1,1,0.0,-105.3
Troy,999.0,10,7,0-0,0,0.0,0.0,2-0,2,1.0,3.5,2-2,4,0.5,-3.6,3-1,4,0.75,12.7
Arkansas Tech,999.0,1,0,0-0,0,0.0,0.0,0-0,0,0.0,0.0,0-1,1,0.0,-71.4,0-0,0,0.0,0.0
Southern Miss,999.0,10,4,0-4,4,0.0,-21.4,0-0,0,0.0,0.0,1-2,3,0.33,-2.2,3-0,3,1.0,10.8
Rice,999.0,7,2,0-0,0,0.0,0.0,0-0,0,0.0,0.0,1-1,2,0.5,-2.1,1-4,5,0.2,-10.9
Little Rock,999.0,3,1,0-0,0,0.0,0.0,0-0,0,0.0,0.0,0-2,2,0.0,-33.7,1-0,1,1.0,10.0
North Dakota State,999.0,6,5,0-0,0,0.0,0.0,0-0,0,0.0,0.0,2-1,3,0.67,3.7,3-0,3,1.0,22.0
Jacksonville State,999.0,7,4,1-0,1,1.0,9.6,0-0,0,0.0,0.0,1-1,2,0.5,-6.1,2-2,4,0.5,2.5
SMU,999.0,9,9,0-0,0,0.0,0.0,2-0,2,1.0,15.0,3-0,3,1.0,14.1,4-0,4,1.0,36.6
Saint Mary's,999.0,10,10,0-0,0,0.0,0.0,1-0,1,1.0,8.5,4-0,4,1.0,15.1,5-0,5,1.0,39.4
Christian Brothers,999.0,1,0,0-0,0,0.0,0.0,0-0,0,0.0,0.0,0-1,1,0.0,-47.3,0-0,0,0.0,0.0
Missouri State,999.0,5,2,0-0,0,0.0,0.0,0-1,1,0.0,-13.2,1-1,2,0.5,11.2,1-1,2,0.5,-4.4
Ohio,999.0,11,7,1-1,2,0.5,-13.4,1-1,2,0.5,0.7,2-1,3,0.67,0.0,3-1,4,0.75,13.7
Auburn,999.0,1,1,0-0,0,0.0,0.0,1-0,1,1.0,29.2,0-0,0,0.0,0.0,0-0,0,0.0,0.0
19Tennessee,999.0,2,1,0-1,1,0.0,-15.3,0-0,0,0.0,0.0,0-0,0,0.0,0.0,1-0,1,1.0,68.3
8Houston*,999.0,2,2,1-0,1,1.0,10.9,0-0,0,0.0,0.0,1-0,1,1.0,21.9,0-0,0,0.0,0.0
Benedictine University (IL),999.0,1,0,0-0,0,0.0,0.0,0-0,0,0.0,0.0,0-0,0,0.0,0.0,0-1,1,0.0,-79.4
19Texas Tech,999.0,1,1,0-0,0,0.0,0.0,0-0,0,0.0,0.0,1-0,1,1.0,14.0,0-0,0,0.0,0.0
Regis (CO),999.0,1,0,0-0,0,0.0,0.0,0-1,1,0.0,-57.9,0-0,0,0.0,0.0,0-0,0,0.0,0.0
Colorado College,999.0,1,0,0-0,0,0.0,0.0,0-1,1,0.0,-51.7,0-0,0,0.0,0.0,0-0,0,0.0,0.0
Benedictine (AZ),999.0,1,0,0-0,0,0.0,0.0,0-0,0,0.0,0.0,0-0,0,0.0,0.0,0-1,1,0.0,-73.6
Embry-Riddle (AZ),999.0,1,0,0-0,0,0.0,0.0,0-0,0,0.0,0.0,0-0,0,0.0,0.0,0-1,1,0.0,-43.7
Science & Arts (OK),999.0,1,0,0-0,0,0.0,0.0,0-0,0,0.0,0.0,0-1,1,0.0,-86.6,0-0,0,0.0,0.0
Prairie View A&M*,999.0,1,1,0-0,0,0.0,0.0,0-0,0,0.0,0.0,0-0,0,0.0,0.0,1-0,1,1.0,3.3
Southern Miss*,999.0,2,1,0-0,0,0.0,0.0,0-1,1,0.0,-6.0,0-0,0,0.0,0.0,1-0,1,1.0,13.7
Minnesota Crookston,999.0,1,0,0-1,1,0.0,-50.8,0-0,0,0.0,0.0,0-0,0,0.0,0.0,0-0,0,0.0,0.0
Miami (OH)-Hamilton,999.0,1,0,0-0,0,0.0,0.0,0-0,0,0.0,0.0,0-0,0,0.0,0.0,0-1,1,0.0,-78.8
Ohio Wesleyan,999.0,2,0,0-0,0,0.0,0.0,0-1,1,0.0,-101.7,0-0,0,0.0,0.0,0-1,1,0.0,-50.7
Defiance,999.0,2,0,0-0,0,0.0,0.0,0-0,0,0.0,0.0,0-0,0,0.0,0.0,0-2,2,0.0,-83.8
Rutgers*,999.0,1,0,0-0,0,0.0,0.0,0-1,1,0.0,-8.1,0-0,0,0.0,0.0,0-0,0,0.0,0.0
Southern-New Orleans,999.0,1,0,0-0,0,0.0,0.0,0-0,0,0.0,0.0,0-0,0,0.0,0.0,0-1,1,0.0,-80.9
Brescia,999.0,2,0,0-1,1,0.0,-33.9,0-1,1,0.0,-53.7,0-0,0,0.0,0.0,0-0,0,0.0,0.0
Cumberland (KY),999.0,1,0,0-0,0,0.0,0.0,0-1,1,0.0,-42.2,0-0,0,0.0,0.0,0-0,0,0.0,0.0
Cincinnati Clermont,999.0,1,0,0-0,0,0.0,0.0,0-1,1,0.0,-67.3,0-0,0,0.0,0.0,0-0,0,0.0,0.0
Coe,999.0,2,0,0-1,1,0.0,-114.2,0-0,0,0.0,0.0,0-0,0,0.0,0.0,0-1,1,0.0,-17.9
Queens University,999.0,15,8,0-2,2,0.0,-36.3,0-2,2,0.0,-17.6,0-3,3,0.0,-42.9,8-0,8,1.0,23.0
16Texas Tech*,999.0,1,0,0-1,1,0.0,-10.8,0-0,0,0.0,0.0,0-0,0,0.0,0.0,0-0,0,0.0,0.0
Fresno State*,999.0,1,0,0-1,1,0.0,-36.8,0-0,0,0.0,0.0,0-0,0,0.0,0.0,0-0,0,0.0,0.0
6Louisville,999.0,2,1,0-1,1,0.0,-12.2,0-0,0,0.0,0.0,0-0,0,0.0,0.0,1-0,1,1.0,51.9
4Duke*,999.0,1,1,1-0,1,1.0,13.0,0-0,0,0.0,0.0,0-0,0,0.0,0.0,0-0,0,0.0,0.0
Winthrop,999.0,15,7,0-3,3,0.0,-6.3,0-1,1,0.0,-44.2,3-2,5,0.6,2.4,4-2,6,0.67,17.9
Samford,999.0,6,2,0-1,1,0.0,-5.5,0-1,1,0.0,-13.8,1-1,2,0.5,-1.3,1-1,2,0.5,-7.9
Central Arkansas,999.0,2,0,0-1,1,0.0,-47.4,0-0,0,0.0,0.0,0-0,0,0.0,0.0,0-1,1,0.0,-7.7
22Michigan State,999.0,2,2,0-0,0,0.0,0.0,1-0,1,1.0,4.7,0-0,0,0.0,0.0,1-0,1,1.0,14.7
Southern,999.0,9,1,0-2,2,0.0,-45.5,0-2,2,0.0,-39.7,0-1,1,0.0,-22.8,1-3,4,0.25,-8.3
TCU,999.0,14,9,0-2,2,0.0,-11.4,0-1,1,0.0,-4.8,2-1,3,0.67,6.6,7-1,8,0.88,30.3
Utah,999.0,11,6,0-3,3,0.0,-15.8,0-1,1,0.0,-10.0,1-0,1,1.0,7.4,5-1,6,0.83,13.2
South Dakota State,999.0,11,5,0-2,2,0.0,-27.2,0-0,0,0.0,0.0,0-3,3,0.0,-8.2,5-1,6,0.83,20.0
Bethune-Cookman,999.0,2,0,0-1,1,0.0,-49.0,0-0,0,0.0,0.0,0-1,1,0.0,-5.9,0-0,0,0.0,0.0
San Diego State*,999.0,4,1,0-2,2,0.0,-46.5,0-1,1,0.0,-13.7,1-0,1,1.0,24.5,0-0,0,0.0,0.0
John Brown,999.0,1,0,0-0,0,0.0,0.0,0-0,0,0.0,0.0,0-0,0,0.0,0.0,0-1,1,0.0,-50.7
York College Nebraska,999.0,1,0,0-0,0,0.0,0.0,0-0,0,0.0,0.0,0-0,0,0.0,0.0,0-1,1,0.0,-69.3
Doane,999.0,1,0,0-0,0,0.0,0.0,0-0,0,0.0,0.0,0-0,0,0.0,0.0,0-1,1,0.0,-12.5
Mid-America Christian,999.0,1,0,0-0,0,0.0,0.0,0-0,0,0.0,0.0,0-0,0,0.0,0.0,0-1,1,0.0,-34.2
Concordia-Nebraska,999.0,1,0,0-0,0,0.0,0.0,0-0,0,0.0,0.0,0-0,0,0.0,0.0,0-1,1,0.0,-23.0
23St. John's,999.0,1,1,0-0,0,0.0,0.0,0-0,0,0.0,0.0,1-0,1,1.0,7.0,0-0,0,0.0,0.0
Randolph College,999.0,1,0,0-0,0,0.0,0.0,0-0,0,0.0,0.0,0-0,0,0.0,0.0,0-1,1,0.0,-57.1
15Texas Tech,999.0,1,1,0-0,0,0.0,0.0,1-0,1,1.0,27.6,0-0,0,0.0,0.0,0-0,0,0.0,0.0
George Fox,999.0,1,0,0-0,0,0.0,0.0,0-0,0,0.0,0.0,0-1,1,0.0,-76.5,0-0,0,0.0,0.0
Lewis & Clark,999.0,1,0,0-0,0,0.0,0.0,0-0,0,0.0,0.0,0-0,0,0.0,0.0,0-1,1,0.0,-21.3
Willamette,999.0,1,0,0-0,0,0.0,0.0,0-0,0,0.0,0.0,0-0,0,0.0,0.0,0-1,1,0.0,-43.5
UCF*,999.0,1,1,0-0,0,0.0,0.0,0-0,0,0.0,0.0,1-0,1,1.0,15.2,0-0,0,0.0,0.0
Rowan,999.0,1,0,0-0,0,0.0,0.0,0-0,0,0.0,0.0,0-1,1,0.0,-59.5,0-0,0,0.0,0.0
Pittsburgh*,999.0,1,1,0-0,0,0.0,0.0,0-0,0,0.0,0.0,1-0,1,1.0,49.5,0-0,0,0.0,0.0
Simpson University (CA),999.0,1,0,0-0,0,0.0,0.0,0-1,1,0.0,-84.1,0-0,0,0.0,0.0,0-0,0,0.0,0.0
Life Pacific,999.0,2,0,0-0,0,0.0,0.0,0-1,1,0.0,-45.4,0-0,0,0.0,0.0,0-1,1,0.0,-10.3
20Auburn,999.0,1,0,0-1,1,0.0,-40.9,0-0,0,0.0,0.0,0-0,0,0.0,0.0,0-0,0,0.0,0.0
Norfolk State,999.0,6,2,0-1,1,0.0,-53.4,0-1,1,0.0,-39.3,0-1,1,0.0,-1.7,2-1,3,0.67,-2.7
Denver,999.0,3,1,0-1,1,0.0,-37.8,0-0,0,0.0,0.0,1-0,1,1.0,2.8,0-1,1,0.0,-23.9
3UConn,999.0,3,2,0-1,1,0.0,-6.0,0-0,0,0.0,0.0,1-0,1,1.0,38.7,1-0,1,1.0,29.7
15UCLA*,999.0,1,0,0-1,1,0.0,-5.5,0-0,0,0.0,0.0,0-0,0,0.0,0.0,0-0,0,0.0,0.0
3Florida*,999.0,1,0,0-1,1,0.0,-7.7,0-0,0,0.0,0.0,0-0,0,0.0,0.0,0-0,0,0.0,0.0
Kansas State,999.0,8,3,0-3,3,0.0,-22.4,0-1,1,0.0,-24.8,2-1,3,0.67,3.0,1-0,1,1.0,37.0
9BYU,999.0,1,1,0-0,0,0.0,0.0,0-0,0,0.0,0.0,0-0,0,0.0,0.0,1-0,1,1.0,33.4
Oregon State,999.0,6,4,0-0,0,0.0,0.0,1-0,1,1.0,3.2,1-2,3,0.33,-7.7,2-0,2,1.0,8.9
UCLA,999.0,6,5,0-1,1,0.0,-19.5,0-0,0,0.0,0.0,1-0,1,1.0,17.2,4-0,4,1.0,22.3
Santa Clara*,999.0,5,2,1-1,2,0.5,7.7,0-0,0,0.0,0.0,1-1,2,0.5,0.0,0-1,1,0.0,-2.8
Northern Arizona,999.0,8,1,0-2,2,0.0,-25.7,0-0,0,0.0,0.0,0-4,4,0.0,-28.4,1-1,2,0.5,2.5
Oklahoma*,999.0,3,1,0-1,1,0.0,-8.3,0-0,0,0.0,0.0,1-1,2,0.5,-10.9,0-0,0,0.0,0.0
USC*,999.0,4,4,2-0,2,1.0,15.3,0-0,0,0.0,0.0,1-0,1,1.0,21.1,1-0,1,1.0,4.2
Washington State*,999.0,3,1,0-1,1,0.0,-17.7,0-0,0,0.0,0.0,0-1,1,0.0,-8.2,1-0,1,1.0,20.2
Wisconsin*,999.0,3,1,0-1,1,0.0,-17.1,0-1,1,0.0,-17.6,1-0,1,1.0,29.1,0-0,0,0.0,0.0
Saint Joseph's*,999.0,1,1,0-0,0,0.0,0.0,0-0,0,0.0,0.0,0-0,0,0.0,0.0,1-0,1,1.0,3.4
Temple*,999.0,3,1,0-1,1,0.0,-18.8,0-0,0,0.0,0.0,0-1,1,0.0,-1.7,1-0,1,1.0,5.5
John Jay College,999.0,1,0,0-0,0,0.0,0.0,0-0,0,0.0,0.0,0-0,0,0.0,0.0,0-1,1,0.0,-65.9
Truett-McConnell,999.0,1,0,0-0,0,0.0,0.0,0-0,0,0.0,0.0,0-0,0,0.0,0.0,0-1,1,0.0,-36.7
The Citadel*,999.0,1,0,0-0,0,0.0,0.0,0-0,0,0.0,0.0,0-0,0,0.0,0.0,0-1,1,0.0,-44.2
19UCLA,999.0,2,2,0-0,0,0.0,0.0,0-0,0,0.0,0.0,0-0,0,0.0,0.0,2-0,2,1.0,46.2
Bluefield University,999.0,1,0,0-0,0,0.0,0.0,0-0,0,0.0,0.0,0-0,0,0.0,0.0,0-1,1,0.0,-34.9
Paul Quinn,999.0,1,0,0-0,0,0.0,0.0,0-0,0,0.0,0.0,0-0,0,0.0,0.0,0-1,1,0.0,-58.5
UT Martin*,999.0,2,1,0-0,0,0.0,0.0,0-0,0,0.0,0.0,0-1,1,0.0,-19.4,1-0,1,1.0,1.5
Dallas,999.0,2,0,0-1,1,0.0,-67.8,0-0,0,0.0,0.0,0-0,0,0.0,0.0,0-1,1,0.0,-80.1
Eastern University (PA),999.0,1,0,0-0,0,0.0,0.0,0-0,0,0.0,0.0,0-0,0,0.0,0.0,0-1,1,0.0,-43.2
Southern Virginia,999.0,2,0,0-1,1,0.0,-47.6,0-0,0,0.0,0.0,0-1,1,0.0,-101.5,0-0,0,0.0,0.0
Shenandoah,999.0,1,0,0-0,0,0.0,0.0,0-0,0,0.0,0.0,0-1,1,0.0,-80.7,0-0,0,0.0,0.0
Notre Dame (MD),999.0,3,0,0-0,0,0.0,0.0,0-0,0,0.0,0.0,0-2,2,0.0,-49.8,0-1,1,0.0,-60.8
West Virginia Wesleyan,999.0,1,0,0-0,0,0.0,0.0,0-0,0,0.0,0.0,0-1,1,0.0,-50.5,0-0,0,0.0,0.0
Holy Cross College (IN),999.0,1,0,0-0,0,0.0,0.0,0-0,0,0.0,0.0,0-0,0,0.0,0.0,0-1,1,0.0,-45.0
Boyce,999.0,1,0,0-0,0,0.0,0.0,0-0,0,0.0,0.0,0-0,0,0.0,0.0,0-1,1,0.0,-70.7
15Texas Tech*,999.0,1,0,0-1,1,0.0,-45.7,0-0,0,0.0,0.0,0-0,0,0.0,0.0,0-0,0,0.0,0.0
Texas*,999.0,3,1,1-1,2,0.5,-7.5,0-0,0,0.0,0.0,0-1,1,0.0,-1.2,0-0,0,0.0,0.0
Hawai'i,999.0,3,2,0-0,0,0.0,0.0,0-0,0,0.0,0.0,0-0,0,0.0,0.0,2-1,3,0.67,13.0
19Gonzaga,999.0,2,2,0-0,0,0.0,0.0,0-0,0,0.0,0.0,1-0,1,1.0,16.8,1-0,1,1.0,29.3
Southern Utah,999.0,7,0,0-1,1,0.0,-110.6,0-1,1,0.0,-5.4,0-3,3,0.0,-17.5,0-2,2,0.0,-9.2
Marshall,999.0,7,5,0-0,0,0.0,0.0,0-0,0,0.0,0.0,2-0,2,1.0,6.0,3-2,5,0.6,2.1
Old Dominion,999.0,13,4,0-3,3,0.0,-26.6,0-1,1,0.0,-6.1,1-2,3,0.33,-1.6,3-3,6,0.5,4.6
Georgia State,999.0,7,2,0-0,0,0.0,0.0,0-2,2,0.0,-26.2,2-2,4,0.5,-4.0,0-1,1,0.0,-3.3
High Point*,999.0,2,1,0-0,0,0.0,0.0,0-0,0,0.0,0.0,1-1,2,0.5,12.9,0-0,0,0.0,0.0
East Carolina,999.0,3,1,0-0,0,0.0,0.0,1-0,1,1.0,3.9,0-1,1,0.0,-16.8,0-1,1,0.0,-16.5
UNC Asheville*,999.0,1,1,0-0,0,0.0,0.0,0-0,0,0.0,0.0,1-0,1,1.0,18.7,0-0,0,0.0,0.0
Mercer,999.0,8,5,0-2,2,0.0,-9.7,1-0,1,1.0,7.9,0-1,1,0.0,-2.7,4-0,4,1.0,16.0
Elon,999.0,3,2,0-0,0,0.0,0.0,0-0,0,0.0,0.0,1-0,1,1.0,49.9,1-1,2,0.5,-2.0
Charlotte,999.0,2,0,0-0,0,0.0,0.0,0-0,0,0.0,0.0,0-2,2,0.0,-6.7,0-0,0,0.0,0.0
Dartmouth,999.0,5,2,0-0,0,0.0,0.0,0-0,0,0.0,0.0,1-1,2,0.5,-7.0,1-2,3,0.33,-0.9
Ohio State,999.0,8,6,0-1,1,0.0,-10.8,1-1,2,0.5,0.6,1-0,1,1.0,1.3,4-0,4,1.0,36.1
Troy*,999.0,2,1,0-0,0,0.0,0.0,0-0,0,0.0,0.0,0-1,1,0.0,-9.7,1-0,1,1.0,15.5
Merchant Marine Academy,999.0,1,0,0-0,0,0.0,0.0,0-0,0,0.0,0.0,0-0,0,0.0,0.0,0-1,1,0.0,-96.1
San Francisco State,999.0,2,0,0-0,0,0.0,0.0,0-0,0,0.0,0.0,0-1,1,0.0,-37.9,0-1,1,0.0,-71.5
Jessup University,999.0,1,0,0-0,0,0.0,0.0,0-0,0,0.0,0.0,0-0,0,0.0,0.0,0-1,1,0.0,-12.5
17Vanderbilt,999.0,1,1,0-0,0,0.0,0.0,0-0,0,0.0,0.0,1-0,1,1.0,23.3,0-0,0,0.0,0.0
Missouri Baptist,999.0,1,0,0-0,0,0.0,0.0,0-1,1,0.0,-61.9,0-0,0,0.0,0.0,0-0,0,0.0,0.0
William Carey,999.0,2,0,0-0,0,0.0,0.0,0-0,0,0.0,0.0,0-1,1,0.0,-30.6,0-1,1,0.0,-40.1
Pittsburgh - Greensburg,999.0,1,0,0-0,0,0.0,0.0,0-0,0,0.0,0.0,0-1,1,0.0,-33.6,0-0,0,0.0,0.0
Geneva,999.0,1,0,0-0,0,0.0,0.0,0-0,0,0.0,0.0,0-1,1,0.0,-93.5,0-0,0,0.0,0.0
Schreiner,999.0,1,0,0-0,0,0.0,0.0,0-0,0,0.0,0.0,0-1,1,0.0,-61.2,0-0,0,0.0,0.0
10Texas Tech,999.0,1,1,0-0,0,0.0,0.0,0-0,0,0.0,0.0,0-0,0,0.0,0.0,1-0,1,1.0,26.8
LeTourneau,999.0,1,0,0-0,0,0.0,0.0,0-0,0,0.0,0.0,0-1,1,0.0,-49.7,0-0,0,0.0,0.0
Centenary (NJ),999.0,1,0,0-0,0,0.0,0.0,0-0,0,0.0,0.0,0-1,1,0.0,-123.1,0-0,0,0.0,0.0
24Vanderbilt*,999.0,2,2,1-0,1,1.0,40.7,1-0,1,1.0,18.8,0-0,0,0.0,0.0,0-0,0,0.0,0.0
UC Merced,999.0,1,0,0-1,1,0.0,-87.0,0-0,0,0.0,0.0,0-0,0,0.0,0.0,0-0,0,0.0,0.0
Principia College,999.0,1,0,0-1,1,0.0,-118.1,0-0,0,0.0,0.0,0-0,0,0.0,0.0,0-0,0,0.0,0.0
Arcadia,999.0,1,0,0-0,0,0.0,0.0,0-0,0,0.0,0.0,0-1,1,0.0,-32.8,0-0,0,0.0,0.0
Rutgers-Camden,999.0,1,0,0-0,0,0.0,0.0,0-0,0,0.0,0.0,0-1,1,0.0,-49.5,0-0,0,0.0,0.0
Franciscan University,999.0,1,0,0-0,0,0.0,0.0,0-0,0,0.0,0.0,0-0,0,0.0,0.0,0-1,1,0.0,-27.4
North Carolina Central,999.0,10,3,0-3,3,0.0,-54.6,0-0,0,0.0,0.0,0-3,3,0.0,-20.1,3-1,4,0.75,7.8
Carolina University,999.0,3,0,0-0,0,0.0,0.0,0-1,1,0.0,-85.5,0-1,1,0.0,-88.0,0-1,1,0.0,-77.3
Holy Cross,999.0,7,3,0-1,1,0.0,-77.3,1-1,2,0.5,-21.0,1-1,2,0.5,-5.9,1-1,2,0.5,-14.2
Colgate,999.0,2,2,0-0,0,0.0,0.0,0-0,0,0.0,0.0,0-0,0,0.0,0.0,2-0,2,1.0,7.1
Boston University,999.0,2,1,0-0,0,0.0,0.0,0-0,0,0.0,0.0,0-0,0,0.0,0.0,1-1,2,0.5,5.4
Loyola Maryland,999.0,10,2,0-2,2,0.0,-38.6,0-2,2,0.0,-11.8,0-2,2,0.0,-27.9,2-2,4,0.5,0.4
21Virginia,999.0,2,2,1-0,1,1.0,25.4,0-0,0,0.0,0.0,0-0,0,0.0,0.0,1-0,1,1.0,59.9
VCU,999.0,12,8,0-4,4,0.0,-8.3,1-0,1,1.0,18.1,2-0,2,1.0,22.6,5-0,5,1.0,33.7
Maryland Eastern Shore,999.0,9,2,0-1,1,0.0,-140.7,0-1,1,0.0,-6.2,1-2,3,0.33,-30.6,1-3,4,0.25,-3.6
Drexel,999.0,3,0,0-0,0,0.0,0.0,0-0,0,0.0,0.0,0-3,3,0.0,-9.3,0-0,0,0.0,0.0
Longwood,999.0,6,2,0-1,1,0.0,-22.9,0-1,1,0.0,-33.7,0-1,1,0.0,-35.1,2-1,3,0.67,5.9
Siena,999.0,12,8,0-1,1,0.0,-28.6,0-0,0,0.0,0.0,2-1,3,0.67,7.8,6-2,8,0.75,17.1
Maine,999.0,7,1,0-1,1,0.0,-32.9,0-1,1,0.0,-28.5,1-1,2,0.5,-2.6,0-3,3,0.0,-20.3
Marywood,999.0,1,0,0-0,0,0.0,0.0,0-0,0,0.0,0.0,0-1,1,0.0,-95.4,0-0,0,0.0,0.0
Rutgers,999.0,13,8,0-3,3,0.0,-40.4,0-1,1,0.0,-11.1,3-0,3,1.0,2.5,5-1,6,0.83,15.3
Spring Hill,999.0,1,0,0-0,0,0.0,0.0,0-1,1,0.0,-81.1,0-0,0,0.0,0.0,0-0,0,0.0,0.0
Warner Pacific,999.0,1,0,0-0,0,0.0,0.0,0-1,1,0.0,-78.3,0-0,0,0.0,0.0,0-0,0,0.0,0.0
Puget Sound,999.0,1,0,0-0,0,0.0,0.0,0-1,1,0.0,-92.0,0-0,0,0.0,0.0,0-0,0,0.0,0.0
Humboldt State,999.0,1,0,0-1,1,0.0,-49.3,0-0,0,0.0,0.0,0-0,0,0.0,0.0,0-0,0,0.0,0.0
UC Santa Cruz,999.0,2,0,0-0,0,0.0,0.0,0-2,2,0.0,-60.5,0-0,0,0.0,0.0,0-0,0,0.0,0.0
Occidental,999.0,1,0,0-0,0,0.0,0.0,0-0,0,0.0,0.0,0-0,0,0.0,0.0,0-1,1,0.0,-42.8
Utah Valley*,999.0,3,3,0-0,0,0.0,0.0,0-0,0,0.0,0.0,3-0,3,1.0,39.9,0-0,0,0.0,0.0
Georgia College,999.0,1,0,0-0,0,0.0,0.0,0-1,1,0.0,-102.0,0-0,0,0.0,0.0,0-0,0,0.0,0.0
Western Kentucky*,999.0,2,0,0-1,1,0.0,-7.2,0-1,1,0.0,-5.9,0-0,0,0.0,0.0,0-0,0,0.0,0.0
VCU*,999.0,2,1,0-1,1,0.0,-3.8,1-0,1,1.0,15.3,0-0,0,0.0,0.0,0-0,0,0.0,0.0
Wyoming*,999.0,1,1,0-0,0,0.0,0.0,0-0,0,0.0,0.0,1-0,1,1.0,22.9,0-0,0,0.0,0.0
Dakota Wesleyan,999.0,1,0,0-0,0,0.0,0.0,0-0,0,0.0,0.0,0-1,1,0.0,-46.5,0-0,0,0.0,0.0
Peru State,999.0,1,0,0-0,0,0.0,0.0,0-0,0,0.0,0.0,0-1,1,0.0,-84.5,0-0,0,0.0,0.0
Mount Marty College,999.0,2,0,0-1,1,0.0,-39.2,0-0,0,0.0,0.0,0-1,1,0.0,-30.9,0-0,0,0.0,0.0
Ozark Christian,999.0,1,0,0-0,0,0.0,0.0,0-0,0,0.0,0.0,0-1,1,0.0,-98.2,0-0,0,0.0,0.0
Brewton-Parker,999.0,2,0,0-0,0,0.0,0.0,0-0,0,0.0,0.0,0-0,0,0.0,0.0,0-2,2,0.0,-27.1
Mobile,999.0,1,0,0-0,0,0.0,0.0,0-1,1,0.0,-52.1,0-0,0,0.0,0.0,0-0,0,0.0,0.0
Central Penn,999.0,3,0,0-0,0,0.0,0.0,0-0,0,0.0,0.0,0-1,1,0.0,-93.0,0-2,2,0.0,-46.2
George Washington,999.0,4,2,0-1,1,0.0,-11.6,0-0,0,0.0,0.0,0-0,0,0.0,0.0,2-1,3,0.67,19.1
Pennsylvania,999.0,9,6,0-1,1,0.0,-6.1,1-0,1,1.0,23.4,0-2,2,0.0,-15.9,5-0,5,1.0,12.4
Wake Forest,999.0,12,7,0-4,4,0.0,-18.1,1-1,2,0.5,-10.3,0-0,0,0.0,0.0,6-0,6,1.0,25.0
Ole Miss,999.0,8,5,0-2,2,0.0,-17.0,1-1,2,0.5,0.0,1-0,1,1.0,10.8,3-0,3,1.0,30.4
Baylor,999.0,1,1,0-0,0,0.0,0.0,0-0,0,0.0,0.0,0-0,0,0.0,0.0,1-0,1,1.0,66.4
10Iowa State,999.0,1,1,0-0,0,0.0,0.0,0-0,0,0.0,0.0,0-0,0,0.0,0.0,1-0,1,1.0,55.9
Louisiana Tech,999.0,8,5,0-0,0,0.0,0.0,0-1,1,0.0,-11.7,0-2,2,0.0,-19.1,5-0,5,1.0,20.6
Indiana State*,999.0,1,0,0-0,0,0.0,0.0,0-0,0,0.0,0.0,0-0,0,0.0,0.0,0-1,1,0.0,-8.1
Oklahoma,999.0,6,4,0-1,1,0.0,-22.2,0-0,0,0.0,0.0,0-1,1,0.0,-31.2,4-0,4,1.0,28.8
LSU,999.0,3,3,0-0,0,0.0,0.0,0-0,0,0.0,0.0,1-0,1,1.0,10.5,2-0,2,1.0,28.3
Howard,999.0,4,2,0-1,1,0.0,-52.9,1-0,1,1.0,12.0,0-0,0,0.0,0.0,1-1,2,0.5,4.0
Maryland,999.0,5,2,0-2,2,0.0,-30.3,0-0,0,0.0,0.0,1-1,2,0.5,-2.0,1-0,1,1.0,24.8
Minnesota,999.0,8,8,2-0,2,1.0,9.1,0-0,0,0.0,0.0,0-0,0,0.0,0.0,6-0,6,1.0,30.8
South Alabama,999.0,6,4,0-1,1,0.0,-42.2,0-0,0,0.0,0.0,2-0,2,1.0,16.0,2-1,3,0.67,4.9
Bloomsburg,999.0,1,0,0-0,0,0.0,0.0,0-0,0,0.0,0.0,0-1,1,0.0,-83.0,0-0,0,0.0,0.0
West Coast Baptist,999.0,3,0,0-1,1,0.0,-128.4,0-1,1,0.0,-116.3,0-0,0,0.0,0.0,0-1,1,0.0,-86.8
Stetson*,999.0,1,0,0-0,0,0.0,0.0,0-0,0,0.0,0.0,0-0,0,0.0,0.0,0-1,1,0.0,-2.7
Tougaloo,999.0,2,0,0-0,0,0.0,0.0,0-1,1,0.0,-15.4,0-1,1,0.0,-50.8,0-0,0,0.0,0.0
Louisiana Christian,999.0,1,0,0-0,0,0.0,0.0,0-0,0,0.0,0.0,0-0,0,0.0,0.0,0-1,1,0.0,-89.5
UAB*,999.0,1,1,0-0,0,0.0,0.0,0-0,0,0.0,0.0,1-0,1,1.0,10.9,0-0,0,0.0,0.0
McKendree,999.0,1,0,0-0,0,0.0,0.0,0-0,0,0.0,0.0,0-1,1,0.0,-74.4,0-0,0,0.0,0.0
Saint Mary of the Woods College,999.0,1,0,0-0,0,0.0,0.0,0-0,0,0.0,0.0,0-1,1,0.0,-46.7,0-0,0,0.0,0.0
13Tennessee,999.0,1,0,0-0,0,0.0,0.0,0-1,1,0.0,-3.2,0-0,0,0.0,0.0,0-0,0,0.0,0.0
Saint Josephs Long Island,999.0,1,0,0-0,0,0.0,0.0,0-0,0,0.0,0.0,0-0,0,0.0,0.0,0-1,1,0.0,-122.8
Farmingdale State,999.0,1,0,0-0,0,0.0,0.0,0-0,0,0.0,0.0,0-0,0,0.0,0.0,0-1,1,0.0,-10.5
Thomas (ME),999.0,1,0,0-0,0,0.0,0.0,0-0,0,0.0,0.0,0-0,0,0.0,0.0,0-1,1,0.0,-74.8
Rhodes,999.0,2,0,0-0,0,0.0,0.0,0-1,1,0.0,-75.9,0-0,0,0.0,0.0,0-1,1,0.0,-23.3
Millsaps,999.0,1,0,0-1,1,0.0,-36.3,0-0,0,0.0,0.0,0-0,0,0.0,0.0,0-0,0,0.0,0.0
North Central (MN),999.0,1,0,0-0,0,0.0,0.0,0-1,1,0.0,-65.4,0-0,0,0.0,0.0,0-0,0,0.0,0.0
Saint John's (MN),999.0,1,0,0-0,0,0.0,0.0,0-1,1,0.0,-36.3,0-0,0,0.0,0.0,0-0,0,0.0,0.0
Lawrence University,999.0,1,0,0-0,0,0.0,0.0,0-1,1,0.0,-57.5,0-0,0,0.0,0.0,0-0,0,0.0,0.0
Jackson State,999.0,6,2,0-3,3,0.0,-84.0,0-0,0,0.0,0.0,0-1,1,0.0,-69.7,2-0,2,1.0,9.1
Mississippi State,999.0,5,4,0-1,1,0.0,-37.7,1-0,1,1.0,17.8,0-0,0,0.0,0.0,3-0,3,1.0,21.5
Memphis,999.0,4,2,0-1,1,0.0,-34.9,0-1,1,0.0,-12.0,1-0,1,1.0,9.5,1-0,1,1.0,26.4
Cincinnati,999.0,1,1,0-0,0,0.0,0.0,0-0,0,0.0,0.0,0-0,0,0.0,0.0,1-0,1,1.0,49.0
Missouri,999.0,7,7,1-0,1,1.0,6.8,1-0,1,1.0,34.6,2-0,2,1.0,16.8,3-0,3,1.0,26.0
UT Martin,999.0,10,7,0-0,0,0.0,0.0,1-0,1,1.0,16.9,2-3,5,0.4,-8.2,4-0,4,1.0,16.3
SIU Edwardsville*,999.0,1,1,0-0,0,0.0,0.0,0-0,0,0.0,0.0,0-0,0,0.0,0.0,1-0,1,1.0,23.5
IU Indianapolis*,999.0,1,0,0-0,0,0.0,0.0,0-0,0,0.0,0.0,0-0,0,0.0,0.0,0-1,1,0.0,-26.6
Colorado,999.0,3,3,0-0,0,0.0,0.0,0-0,0,0.0,0.0,2-0,2,1.0,9.4,1-0,1,1.0,35.9
Virginia-Lynchburg,999.0,9,0,0-0,0,0.0,0.0,0-0,0,0.0,0.0,0-2,2,0.0,-103.2,0-7,7,0.0,-82.6
UAB,999.0,12,7,1-1,2,0.5,-4.3,1-0,1,1.0,2.8,2-2,4,0.5,2.5,3-2,5,0.6,13.4
Florida State,999.0,6,3,0-2,2,0.0,-23.0,0-1,1,0.0,-2.4,0-0,0,0.0,0.0,3-0,3,1.0,33.7
Texas,999.0,10,8,0-1,1,0.0,-21.7,0-0,0,0.0,0.0,1-0,1,1.0,5.7,7-1,8,0.88,32.6
11Vanderbilt,999.0,4,4,2-0,2,1.0,16.2,0-0,0,0.0,0.0,1-0,1,1.0,6.8,1-0,1,1.0,51.4
Trinity (TX),999.0,1,0,0-0,0,0.0,0.0,0-0,0,0.0,0.0,0-0,0,0.0,0.0,0-1,1,0.0,-39.4
Bethel (TN),999.0,2,0,0-0,0,0.0,0.0,0-0,0,0.0,0.0,0-1,1,0.0,-43.3,0-1,1,0.0,-36.7
Berea,999.0,1,0,0-0,0,0.0,0.0,0-0,0,0.0,0.0,0-0,0,0.0,0.0,0-1,1,0.0,-29.6
Tennessee Wesleyan*,999.0,1,0,0-0,0,0.0,0.0,0-0,0,0.0,0.0,0-1,1,0.0,-25.4,0-0,0,0.0,0.0
Georgian Court,999.0,2,0,0-0,0,0.0,0.0,0-2,2,0.0,-64.6,0-0,0,0.0,0.0,0-0,0,0.0,0.0
Cameron,999.0,1,0,0-0,0,0.0,0.0,0-0,0,0.0,0.0,0-1,1,0.0,-42.6,0-0,0,0.0,0.0
Howard Payne,999.0,2,0,0-0,0,0.0,0.0,0-0,0,0.0,0.0,0-1,1,0.0,-96.2,0-1,1,0.0,-53.1
Midwestern State,999.0,1,0,0-0,0,0.0,0.0,0-0,0,0.0,0.0,0-1,1,0.0,-15.0,0-0,0,0.0,0.0
Angelo State,999.0,1,0,0-0,0,0.0,0.0,0-0,0,0.0,0.0,0-1,1,0.0,-35.2,0-0,0,0.0,0.0
Oklahoma Christian,999.0,1,0,0-1,1,0.0,-60.3,0-0,0,0.0,0.0,0-0,0,0.0,0.0,0-0,0,0.0,0.0
Pensacola Christian College,999.0,1,0,0-0,0,0.0,0.0,0-0,0,0.0,0.0,0-1,1,0.0,-105.3,0-0,0,0.0,0.0
Wilson College,999.0,1,0,0-0,0,0.0,0.0,0-0,0,0.0,0.0,0-0,0,0.0,0.0,0-1,1,0.0,-49.2
Lourdes University,999.0,1,0,0-0,0,0.0,0.0,0-0,0,0.0,0.0,0-1,1,0.0,-49.8,0-0,0,0.0,0.0
Erskine,999.0,2,0,0-0,0,0.0,0.0,0-0,0,0.0,0.0,0-1,1,0.0,-39.5,0-1,1,0.0,-78.3
Chaminade,999.0,2,0,0-0,0,0.0,0.0,0-1,1,0.0,-38.6,0-0,0,0.0,0.0,0-1,1,0.0,-5.3
Kentucky,999.0,3,2,1-0,1,1.0,14.1,0-0,0,0.0,0.0,0-1,1,0.0,-19.8,1-0,1,1.0,18.6
Yale,999.0,9,6,1-0,1,1.0,30.6,0-1,1,0.0,-14.2,3-1,4,0.75,11.2,2-1,3,0.67,2.5
Kennesaw State*,999.0,1,0,0-0,0,0.0,0.0,0-0,0,0.0,0.0,0-1,1,0.0,-15.2,0-0,0,0.0,0.0
South Florida,999.0,7,5,0-1,1,0.0,-9.2,1-0,1,1.0,21.9,1-1,2,0.5,-4.6,3-0,3,1.0,34.8
1Arizona*,999.0,1,1,0-0,0,0.0,0.0,0-0,0,0.0,0.0,1-0,1,1.0,22.5,0-0,0,0.0,0.0
UTSA,999.0,12,1,0-1,1,0.0,-36.6,0-3,3,0.0,-40.6,0-6,6,0.0,-31.9,1-1,2,0.5,-8.8
Maryland*,999.0,3,1,0-1,1,0.0,-64.0,0-0,0,0.0,0.0,0-1,1,0.0,-41.1,1-0,1,1.0,36.9
UNLV*,999.0,3,0,0-0,0,0.0,0.0,0-0,0,0.0,0.0,0-1,1,0.0,-50.2,0-2,2,0.0,-13.7
12Gonzaga*,999.0,1,1,0-0,0,0.0,0.0,0-0,0,0.0,0.0,1-0,1,1.0,12.8,0-0,0,0.0,0.0
8Illinois*,999.0,1,0,0-0,0,0.0,0.0,0-0,0,0.0,0.0,0-1,1,0.0,-5.3,0-0,0,0.0,0.0
5St. John's,999.0,2,1,0-0,0,0.0,0.0,0-0,0,0.0,0.0,1-1,2,0.5,15.0,0-0,0,0.0,0.0
North Dakota,999.0,8,1,0-2,2,0.0,-44.9,0-0,0,0.0,0.0,0-3,3,0.0,-37.1,1-2,3,0.33,-4.0
Alcorn State,999.0,1,1,0-0,0,0.0,0.0,0-0,0,0.0,0.0,0-0,0,0.0,0.0,1-0,1,1.0,2.9
Mississippi Valley State,999.0,6,0,0-1,1,0.0,-43.8,0-0,0,0.0,0.0,0-2,2,0.0,-92.9,0-3,3,0.0,-28.1
Arkansas-Pine Bluff,999.0,2,2,0-0,0,0.0,0.0,0-0,0,0.0,0.0,0-0,0,0.0,0.0,2-0,2,1.0,16.6
La Verne,999.0,1,0,0-0,0,0.0,0.0,0-1,1,0.0,-43.1,0-0,0,0.0,0.0,0-0,0,0.0,0.0
Stanton,999.0,2,0,0-0,0,0.0,0.0,0-1,1,0.0,-39.5,0-0,0,0.0,0.0,0-1,1,0.0,-39.8
Pacific Union,999.0,1,0,0-0,0,0.0,0.0,0-0,0,0.0,0.0,0-1,1,0.0,-86.3,0-0,0,0.0,0.0
Menlo,999.0,1,0,0-0,0,0.0,0.0,0-0,0,0.0,0.0,0-1,1,0.0,-38.5,0-0,0,0.0,0.0
Paul Smith's,999.0,1,0,0-0,0,0.0,0.0,0-0,0,0.0,0.0,0-0,0,0.0,0.0,0-1,1,0.0,-74.5
SUNY Delhi,999.0,1,0,0-0,0,0.0,0.0,0-0,0,0.0,0.0,0-0,0,0.0,0.0,0-1,1,0.0,-89.2
UTEP*,999.0,1,0,0-0,0,0.0,0.0,0-1,1,0.0,-25.8,0-0,0,0.0,0.0,0-0,0,0.0,0.0
Manhattan Christian,999.0,1,0,0-1,1,0.0,-73.1,0-0,0,0.0,0.0,0-0,0,0.0,0.0,0-0,0,0.0,0.0
William Peace,999.0,1,0,0-0,0,0.0,0.0,0-0,0,0.0,0.0,0-0,0,0.0,0.0,0-1,1,0.0,-43.9
Morris College,999.0,1,0,0-0,0,0.0,0.0,0-0,0,0.0,0.0,0-0,0,0.0,0.0,0-1,1,0.0,-44.5
Fisher College,999.0,1,0,0-0,0,0.0,0.0,0-0,0,0.0,0.0,0-0,0,0.0,0.0,0-1,1,0.0,-61.8
Emerson,999.0,1,0,0-0,0,0.0,0.0,0-0,0,0.0,0.0,0-0,0,0.0,0.0,0-1,1,0.0,-33.0
Rivier,999.0,1,0,0-0,0,0.0,0.0,0-0,0,0.0,0.0,0-0,0,0.0,0.0,0-1,1,0.0,-72.4
Penn State-York,999.0,1,0,0-0,0,0.0,0.0,0-0,0,0.0,0.0,0-1,1,0.0,-33.3,0-0,0,0.0,0.0
Rust,999.0,1,0,0-0,0,0.0,0.0,0-0,0,0.0,0.0,0-0,0,0.0,0.0,0-1,1,0.0,-46.6
St. Francis (IL),999.0,1,0,0-0,0,0.0,0.0,0-0,0,0.0,0.0,0-0,0,0.0,0.0,0-1,1,0.0,-76.4
Fisk,999.0,4,0,0-1,1,0.0,-74.4,0-1,1,0.0,-80.8,0-1,1,0.0,-65.6,0-1,1,0.0,-45.1
Chattanooga,999.0,2,1,0-0,0,0.0,0.0,0-0,0,0.0,0.0,0-0,0,0.0,0.0,1-1,2,0.5,-6.2
Ole Miss*,999.0,3,1,0-2,2,0.0,-13.6,0-0,0,0.0,0.0,0-0,0,0.0,0.0,1-0,1,1.0,22.4
North Alabama,999.0,10,2,0-1,1,0.0,-28.9,0-1,1,0.0,-6.2,1-3,4,0.25,-24.7,1-3,4,0.25,-9.4
Arkansas Baptist,999.0,3,0,0-0,0,0.0,0.0,0-0,0,0.0,0.0,0-0,0,0.0,0.0,0-3,3,0.0,-18.9
Lipscomb,999.0,6,3,0-2,2,0.0,-18.2,0-1,1,0.0,-42.1,0-0,0,0.0,0.0,3-0,3,1.0,25.9
Tennessee State,999.0,6,2,0-1,1,0.0,-9.4,0-0,0,0.0,0.0,1-0,1,1.0,9.2,1-3,4,0.25,-11.5
Coastal Carolina,999.0,3,2,0-0,0,0.0,0.0,0-0,0,0.0,0.0,0-1,1,0.0,-27.5,2-0,2,1.0,10.4
Clemson,999.0,2,1,0-0,0,0.0,0.0,0-0,0,0.0,0.0,0-1,1,0.0,-8.5,1-0,1,1.0,44.9
Lindenwood,999.0,12,5,0-2,2,0.0,-46.1,0-2,2,0.0,-30.3,0-1,1,0.0,-7.1,5-2,7,0.71,13.1
Charleston Southern,999.0,1,0,0-0,0,0.0,0.0,0-0,0,0.0,0.0,0-0,0,0.0,0.0,0-1,1,0.0,-6.6
Indiana,999.0,3,3,0-0,0,0.0,0.0,0-0,0,0.0,0.0,0-0,0,0.0,0.0,3-0,3,1.0,36.5
Blue Mountain,999.0,2,0,0-0,0,0.0,0.0,0-0,0,0.0,0.0,0-1,1,0.0,-77.5,0-1,1,0.0,-29.5
Bowling Green,999.0,1,0,0-0,0,0.0,0.0,0-1,1,0.0,-13.8,0-0,0,0.0,0.0,0-0,0,0.0,0.0
Central Michigan,999.0,3,1,0-1,1,0.0,-17.2,0-1,1,0.0,-49.1,0-0,0,0.0,0.0,1-0,1,1.0,24.2
Westminster (UT),999.0,2,0,0-2,2,0.0,-67.0,0-0,0,0.0,0.0,0-0,0,0.0,0.0,0-0,0,0.0,0.0
St. Thomas (TX),999.0,1,0,0-0,0,0.0,0.0,0-0,0,0.0,0.0,0-0,0,0.0,0.0,0-1,1,0.0,-1.3
Western New Mexico,999.0,1,0,0-0,0,0.0,0.0,0-0,0,0.0,0.0,0-0,0,0.0,0.0,0-1,1,0.0,-54.7
UT Permian Basin,999.0,1,0,0-0,0,0.0,0.0,0-0,0,0.0,0.0,0-0,0,0.0,0.0,0-1,1,0.0,-76.5
UNT Dallas,999.0,1,0,0-0,0,0.0,0.0,0-0,0,0.0,0.0,0-1,1,0.0,-76.3,0-0,0,0.0,0.0
Mount Olive,999.0,1,0,0-1,1,0.0,-34.1,0-0,0,0.0,0.0,0-0,0,0.0,0.0,0-0,0,0.0,0.0
Concord,999.0,1,0,0-1,1,0.0,-72.0,0-0,0,0.0,0.0,0-0,0,0.0,0.0,0-0,0,0.0,0.0
Eastern Michigan,999.0,5,3,0-1,1,0.0,-29.5,1-1,2,0.5,-6.3,0-0,0,0.0,0.0,2-0,2,1.0,26.3
Murray State*,999.0,4,2,2-0,2,1.0,10.8,0-1,1,0.0,-20.8,0-0,0,0.0,0.0,0-1,1,0.0,-4.0
Tulane,999.0,11,9,0-0,0,0.0,0.0,0-1,1,0.0,-20.4,2-0,2,1.0,10.2,7-1,8,0.88,3.9
Bucknell,999.0,1,0,0-1,1,0.0,-32.1,0-0,0,0.0,0.0,0-0,0,0.0,0.0,0-0,0,0.0,0.0
Milwaukee,999.0,8,4,0-2,2,0.0,-37.8,0-0,0,0.0,0.0,0-0,0,0.0,0.0,4-2,6,0.67,9.1
Yale*,999.0,4,4,1-0,1,1.0,4.3,0-0,0,0.0,0.0,1-0,1,1.0,16.3,2-0,2,1.0,11.6
Evansville*,999.0,2,0,0-1,1,0.0,-42.3,0-0,0,0.0,0.0,0-1,1,0.0,-25.7,0-0,0,0.0,0.0
Iona*,999.0,2,0,0-1,1,0.0,-28.2,0-0,0,0.0,0.0,0-0,0,0.0,0.0,0-1,1,0.0,-6.8
2Purdue,999.0,2,2,0-0,0,0.0,0.0,1-0,1,1.0,24.0,1-0,1,1.0,10.6,0-0,0,0.0,0.0
Penn State-Shenango,999.0,3,0,0-1,1,0.0,-82.9,0-1,1,0.0,-85.1,0-0,0,0.0,0.0,0-1,1,0.0,-82.2
Princeton,999.0,9,3,0-1,1,0.0,-49.6,0-1,1,0.0,-25.5,1-2,3,0.33,-10.9,2-2,4,0.5,5.9
James Madison,999.0,7,3,0-3,3,0.0,-30.4,0-1,1,0.0,-5.5,2-0,2,1.0,8.8,1-0,1,1.0,17.8
New Mexico,999.0,6,5,0-0,0,0.0,0.0,0-0,0,0.0,0.0,1-0,1,1.0,13.3,4-1,5,0.8,19.8
Utah State,999.0,9,8,0-0,0,0.0,0.0,0-1,1,0.0,-18.5,3-0,3,1.0,32.0,5-0,5,1.0,27.8
Bryant Str-Alb,999.0,1,0,0-0,0,0.0,0.0,0-0,0,0.0,0.0,0-1,1,0.0,-74.5,0-0,0,0.0,0.0
Plattsburgh St,999.0,1,0,0-0,0,0.0,0.0,0-0,0,0.0,0.0,0-1,1,0.0,-74.5,0-0,0,0.0,0.0
Western New England,999.0,1,0,0-0,0,0.0,0.0,0-0,0,0.0,0.0,0-1,1,0.0,-11.0,0-0,0,0.0,0.0
Christendom,999.0,1,0,0-0,0,0.0,0.0,0-0,0,0.0,0.0,0-0,0,0.0,0.0,0-1,1,0.0,-81.2
Johnson & Wales (NC),999.0,1,0,0-0,0,0.0,0.0,0-0,0,0.0,0.0,0-0,0,0.0,0.0,0-1,1,0.0,-108.7
Campbellsville,999.0,1,0,0-0,0,0.0,0.0,0-0,0,0.0,0.0,0-1,1,0.0,-59.5,0-0,0,0.0,0.0
Hannibal-Lagrange,999.0,1,0,0-0,0,0.0,0.0,0-0,0,0.0,0.0,0-0,0,0.0,0.0,0-1,1,0.0,-55.2
St. Ambrose,999.0,1,0,0-0,0,0.0,0.0,0-0,0,0.0,0.0,0-0,0,0.0,0.0,0-1,1,0.0,-24.5
Voorhees,999.0,1,0,0-0,0,0.0,0.0,0-0,0,0.0,0.0,0-0,0,0.0,0.0,0-1,1,0.0,-98.3
Huntingdon College (AL),999.0,1,0,0-0,0,0.0,0.0,0-0,0,0.0,0.0,0-0,0,0.0,0.0,0-1,1,0.0,-41.1
Bloomfield,999.0,1,0,0-0,0,0.0,0.0,0-0,0,0.0,0.0,0-1,1,0.0,-2.0,0-0,0,0.0,0.0
UNLV,999.0,9,6,0-0,0,0.0,0.0,0-0,0,0.0,0.0,2-1,3,0.67,3.0,4-2,6,0.67,16.3
Wyoming,999.0,14,9,0-1,1,0.0,-34.4,0-3,3,0.0,-11.7,2-1,3,0.67,17.3,7-0,7,1.0,26.7
San Diego State,999.0,7,7,0-0,0,0.0,0.0,1-0,1,1.0,8.1,0-0,0,0.0,0.0,6-0,6,1.0,22.7
Navy,999.0,8,8,0-0,0,0.0,0.0,0-0,0,0.0,0.0,0-0,0,0.0,0.0,8-0,8,1.0,22.4
Pacific,999.0,10,5,0-1,1,0.0,-56.8,0-3,3,0.0,-16.2,0-1,1,0.0,-13.4,5-0,5,1.0,22.2
South Dakota*,999.0,1,1,0-0,0,0.0,0.0,0-0,0,0.0,0.0,0-0,0,0.0,0.0,1-0,1,1.0,22.8
Northern Colorado,999.0,6,3,1-0,1,1.0,7.7,0-0,0,0.0,0.0,0-2,2,0.0,-15.4,2-1,3,0.67,11.6
IU Indianapolis,999.0,9,1,0-1,1,0.0,-16.4,0-2,2,0.0,-22.3,1-0,1,1.0,10.0,0-5,5,0.0,-16.8
SIU Edwardsville,999.0,7,2,0-0,0,0.0,0.0,0-0,0,0.0,0.0,1-0,1,1.0,3.3,1-5,6,0.17,-5.5
Alabama State,999.0,1,0,0-0,0,0.0,0.0,0-0,0,0.0,0.0,0-0,0,0.0,0.0,0-1,1,0.0,-2.8
Miami (OH),999.0,8,8,1-0,1,1.0,12.6,1-0,1,1.0,4.2,0-0,0,0.0,0.0,6-0,6,1.0,21.2
Long Island University,999.0,11,7,0-2,2,0.0,-37.7,0-1,1,0.0,-28.4,0-1,1,0.0,-8.7,7-0,7,1.0,11.2
Austin Peay,999.0,1,1,0-0,0,0.0,0.0,0-0,0,0.0,0.0,0-0,0,0.0,0.0,1-0,1,1.0,23.0
Belmont,999.0,1,1,0-0,0,0.0,0.0,0-0,0,0.0,0.0,0-0,0,0.0,0.0,1-0,1,1.0,17.0
UT Arlington,999.0,11,7,1-1,2,0.5,-11.0,0-0,0,0.0,0.0,1-2,3,0.33,-11.8,5-1,6,0.83,12.9
