Team,AdjRank,AdjNetEff,TotalGames,TotalWins,Q1_Record,Q1_Games,Q1_WinPct,Q1_NetEff,Q1_Confidence,Q1_eFG_Pct,Q1_TO_Pct,Q1_OR_Pct,Q1_FT_Rate,Q2_Record,Q2_Games,Q2_WinPct,Q2_NetEff,Q2_Confidence,Q2_eFG_Pct,Q2_TO_Pct,Q2_OR_Pct,Q2_FT_Rate,Q3_Record,Q3_Games,Q3_WinPct,Q3_NetEff,Q3_Confidence,Q3_eFG_Pct,Q3_TO_Pct,Q3_OR_Pct,Q3_FT_Rate,Q4_Record,Q4_Games,Q4_WinPct,Q4_NetEff,Q4_Confidence,Q4_eFG_Pct,Q4_TO_Pct,Q4_OR_Pct,Q4_FT_Rate
Iowa State Cyclones,1.0,30.81323114610565,8,8,0-0,0,0,0.0,INSUFFICIENT,0.0,0.0,0.0,0.0,0-0,0,0,0.0,INSUFFICIENT,0.0,0.0,0.0,0.0,0-0,0,0,0.0,INSUFFICIENT,0.0,0.0,0.0,0.0,8-0,8,1.0,27.064862342510494,HIGH,59.866868875408294,25.351329911339242,35.74555918494322,36.613859076061594
Saint Louis Billikens,2.0,29.818806951879186,7,6,0-0,0,0,0.0,INSUFFICIENT,0.0,0.0,0.0,0.0,0-0,0,0,0.0,INSUFFICIENT,0.0,0.0,0.0,0.0,0-0,0,0,0.0,INSUFFICIENT,0.0,0.0,0.0,0.0,6-1,7,0.8571428571428571,30.87667708141886,HIGH,57.1005881271825,20.3997243153832,37.901727623598596,35.98298106965632
Georgia Bulldogs,3.0,29.554160643266613,9,9,0-0,0,0,0.0,INSUFFICIENT,0.0,0.0,0.0,0.0,0-0,0,0,0.0,INSUFFICIENT,0.0,0.0,0.0,0.0,0-0,0,0,0.0,INSUFFICIENT,0.0,0.0,0.0,0.0,9-0,9,1.0,28.66716306775875,HIGH,55.47354182179201,24.199652519235542,39.5048275006205,44.3873417721519
Gonzaga Bulldogs,4.0,28.925154969536337,14,13,0-0,0,0,0.0,INSUFFICIENT,0.0,0.0,0.0,0.0,0-0,0,0,0.0,INSUFFICIENT,0.0,0.0,0.0,0.0,0-0,0,0,0.0,INSUFFICIENT,0.0,0.0,0.0,0.0,13-1,14,0.9285714285714286,30.926916221033867,HIGH,60.326238859180044,21.840508021390374,35.55217468805705,31.441310160427804
Michigan Wolverines,5.0,27.52445535454889,10,9,0-0,0,0,0.0,INSUFFICIENT,0.0,0.0,0.0,0.0,0-0,0,0,0.0,INSUFFICIENT,0.0,0.0,0.0,0.0,0-0,0,0,0.0,INSUFFICIENT,0.0,0.0,0.0,0.0,9-1,10,0.9,26.049382716049386,HIGH,56.996320987654315,21.24154320987654,34.12072839506173,37.94432098765432
High Point Panthers,6.0,27.20257425138739,13,11,0-0,0,0,0.0,INSUFFICIENT,0.0,0.0,0.0,0.0,0-0,0,0,0.0,INSUFFICIENT,0.0,0.0,0.0,0.0,0-0,0,0,0.0,INSUFFICIENT,0.0,0.0,0.0,0.0,11-2,13,0.8461538461538461,28.855721393034827,HIGH,61.900289461782,26.509289914066038,36.12582541836273,45.89254635911353
Arizona Wildcats,7.0,26.567913607978653,14,14,0-0,0,0,0.0,INSUFFICIENT,0.0,0.0,0.0,0.0,0-0,0,0,0.0,INSUFFICIENT,0.0,0.0,0.0,0.0,0-0,0,0,0.0,INSUFFICIENT,0.0,0.0,0.0,0.0,14-0,14,1.0,28.406528992695463,HIGH,57.3022635043737,22.46006853638741,39.98345206961854,41.66712958787987
Houston Cougars,8.0,24.47783230714292,11,10,0-0,0,0,0.0,INSUFFICIENT,0.0,0.0,0.0,0.0,0-0,0,0,0.0,INSUFFICIENT,0.0,0.0,0.0,0.0,0-0,0,0,0.0,INSUFFICIENT,0.0,0.0,0.0,0.0,10-1,11,0.9090909090909091,26.23183268344558,HIGH,51.33925321989838,26.583114734727637,37.8191657804561,27.76782464846981
Vanderbilt Commodores,9.0,23.71703243765515,2,2,0-0,0,0,0.0,INSUFFICIENT,0.0,0.0,0.0,0.0,0-0,0,0,0.0,INSUFFICIENT,0.0,0.0,0.0,0.0,0-0,0,0,0.0,INSUFFICIENT,0.0,0.0,0.0,0.0,2-0,2,1.0,22.318660880347178,LOW,58.919962802231865,22.979169249845008,26.764910105393675,39.510849349039056
Louisville Cardinals,10.0,23.65535594429315,7,5,0-0,0,0,0.0,INSUFFICIENT,0.0,0.0,0.0,0.0,0-0,0,0,0.0,INSUFFICIENT,0.0,0.0,0.0,0.0,0-0,0,0,0.0,INSUFFICIENT,0.0,0.0,0.0,0.0,5-2,7,0.7142857142857143,33.27239488117002,HIGH,59.885319926873855,24.156014625228522,41.02892138939671,38.00579524680074
Iowa Hawkeyes,11.0,22.053086660847114,12,9,0-0,0,0,0.0,INSUFFICIENT,0.0,0.0,0.0,0.0,0-0,0,0,0.0,INSUFFICIENT,0.0,0.0,0.0,0.0,0-0,0,0,0.0,INSUFFICIENT,0.0,0.0,0.0,0.0,9-3,12,0.75,20.264116575591984,HIGH,59.61491347905282,25.174863387978135,31.55248178506375,45.64239526411658
Virginia Cavaliers,12.0,21.942164825328064,2,1,0-0,0,0,0.0,INSUFFICIENT,0.0,0.0,0.0,0.0,0-0,0,0,0.0,INSUFFICIENT,0.0,0.0,0.0,0.0,0-0,0,0,0.0,INSUFFICIENT,0.0,0.0,0.0,0.0,1-1,2,0.5,9.457755359394703,LOW,52.05208070617906,14.489092055485497,36.451324085750315,25.451702395964695
Hawai'i Rainbow Warriors,13.0,21.468556884776103,12,10,0-0,0,0,0.0,INSUFFICIENT,0.0,0.0,0.0,0.0,0-0,0,0,0.0,INSUFFICIENT,0.0,0.0,0.0,0.0,0-0,0,0,0.0,INSUFFICIENT,0.0,0.0,0.0,0.0,10-2,12,0.8333333333333334,24.519396799815816,HIGH,53.140911707148604,20.603223207091055,35.28473581213307,42.66913779210314
BYU Cougars,14.0,21.400309868254723,14,13,0-0,0,0,0.0,INSUFFICIENT,0.0,0.0,0.0,0.0,0-0,0,0,0.0,INSUFFICIENT,0.0,0.0,0.0,0.0,0-0,0,0,0.0,INSUFFICIENT,0.0,0.0,0.0,0.0,13-1,14,0.9285714285714286,24.800297232026754,HIGH,56.66864202117779,20.435426342188375,34.43453464610812,33.66458294631247
Miami Hurricanes,15.0,21.320368798178848,7,7,0-0,0,0,0.0,INSUFFICIENT,0.0,0.0,0.0,0.0,0-0,0,0,0.0,INSUFFICIENT,0.0,0.0,0.0,0.0,0-0,0,0,0.0,INSUFFICIENT,0.0,0.0,0.0,0.0,7-0,7,1.0,26.9974461875228,HIGH,58.42805545421379,24.43681138270704,44.74699014958044,39.03703028091937
Utah State Aggies,16.0,21.320345085450622,3,3,0-0,0,0,0.0,INSUFFICIENT,0.0,0.0,0.0,0.0,0-0,0,0,0.0,INSUFFICIENT,0.0,0.0,0.0,0.0,0-0,0,0,0.0,INSUFFICIENT,0.0,0.0,0.0,0.0,3-0,3,1.0,27.89005658852062,MEDIUM,58.77873888439774,25.48516572352466,36.29426030719483,34.00517380759903
Duke Blue Devils,17.0,20.890390633093403,14,13,0-0,0,0,0.0,INSUFFICIENT,0.0,0.0,0.0,0.0,0-0,0,0,0.0,INSUFFICIENT,0.0,0.0,0.0,0.0,0-0,0,0,0.0,INSUFFICIENT,0.0,0.0,0.0,0.0,13-1,14,0.9285714285714286,25.036249395843402,HIGH,57.849879168680516,20.68113098115031,35.83033349444176,44.67676172063799
Illinois Fighting Illini,18.0,20.54259445589487,13,11,0-0,0,0,0.0,INSUFFICIENT,0.0,0.0,0.0,0.0,0-0,0,0,0.0,INSUFFICIENT,0.0,0.0,0.0,0.0,0-0,0,0,0.0,INSUFFICIENT,0.0,0.0,0.0,0.0,11-2,13,0.8461538461538461,26.712864647367834,HIGH,56.757393539734,17.88351402704817,41.48973957751202,34.69407622666816
Purdue Boilermakers,19.0,20.460849987728466,4,4,0-0,0,0,0.0,INSUFFICIENT,0.0,0.0,0.0,0.0,0-0,0,0,0.0,INSUFFICIENT,0.0,0.0,0.0,0.0,0-0,0,0,0.0,INSUFFICIENT,0.0,0.0,0.0,0.0,4-0,4,1.0,24.449877750611247,MEDIUM,58.33779252532309,18.852148096402374,36.88924205378974,26.74411456514146
Texas A&M Aggies,20.0,20.36856105261296,2,1,0-0,0,0,0.0,INSUFFICIENT,0.0,0.0,0.0,0.0,0-0,0,0,0.0,INSUFFICIENT,0.0,0.0,0.0,0.0,0-0,0,0,0.0,INSUFFICIENT,0.0,0.0,0.0,0.0,1-1,2,0.5,11.904761904761903,LOW,55.46363636363636,28.131818181818183,24.53333333333333,57.14090909090908
Miami (OH) RedHawks,21.0,19.882648528703413,9,9,0-0,0,0,0.0,INSUFFICIENT,0.0,0.0,0.0,0.0,0-0,0,0,0.0,INSUFFICIENT,0.0,0.0,0.0,0.0,0-0,0,0,0.0,INSUFFICIENT,0.0,0.0,0.0,0.0,9-0,9,1.0,32.24935906085549,HIGH,66.04686277155581,22.255512076642834,27.633004992578602,40.14702469302389
West Virginia Mountaineers,22.0,19.765167914491585,1,0,0-0,0,0,0.0,INSUFFICIENT,0.0,0.0,0.0,0.0,0-0,0,0,0.0,INSUFFICIENT,0.0,0.0,0.0,0.0,0-0,0,0,0.0,INSUFFICIENT,0.0,0.0,0.0,0.0,0-1,1,0.0,-14.556040756914118,LOW,60.0,17.5,13.3,21.8
Stephen F. Austin Lumberjacks,23.0,19.319579348491303,6,5,0-0,0,0,0.0,INSUFFICIENT,0.0,0.0,0.0,0.0,0-0,0,0,0.0,INSUFFICIENT,0.0,0.0,0.0,0.0,0-0,0,0,0.0,INSUFFICIENT,0.0,0.0,0.0,0.0,5-1,6,0.8333333333333334,23.445677203265646,HIGH,53.94416998115971,22.391794012978853,36.884006698764914,30.988967971530247
NC State Wolfpack,24.0,19.22848880110513,11,8,0-0,0,0,0.0,INSUFFICIENT,0.0,0.0,0.0,0.0,0-0,0,0,0.0,INSUFFICIENT,0.0,0.0,0.0,0.0,0-0,0,0,0.0,INSUFFICIENT,0.0,0.0,0.0,0.0,8-3,11,0.7272727272727273,19.681349578256793,HIGH,59.235121836925956,22.978022492970947,31.956408153701965,40.357603092783506
Indiana Hoosiers,25.0,19.205878895436957,12,8,0-0,0,0,0.0,INSUFFICIENT,0.0,0.0,0.0,0.0,0-0,0,0,0.0,INSUFFICIENT,0.0,0.0,0.0,0.0,0-0,0,0,0.0,INSUFFICIENT,0.0,0.0,0.0,0.0,8-4,12,0.6666666666666666,16.51668754983483,HIGH,56.05600865702245,19.69293769222007,30.123522041234764,44.55111060485249
UConn Huskies,26.0,17.811528772910165,2,2,0-0,0,0,0.0,INSUFFICIENT,0.0,0.0,0.0,0.0,0-0,0,0,0.0,INSUFFICIENT,0.0,0.0,0.0,0.0,0-0,0,0,0.0,INSUFFICIENT,0.0,0.0,0.0,0.0,2-0,2,1.0,50.82742316784871,LOW,65.76648936170214,27.208510638297877,43.135106382978734,27.794148936170217
LSU Tigers,27.0,17.3671792350803,11,7,0-0,0,0,0.0,INSUFFICIENT,0.0,0.0,0.0,0.0,0-0,0,0,0.0,INSUFFICIENT,0.0,0.0,0.0,0.0,0-0,0,0,0.0,INSUFFICIENT,0.0,0.0,0.0,0.0,7-4,11,0.6363636363636364,15.008409884849266,HIGH,58.620300168197694,16.93959115021348,35.09336266011127,43.231362401345585
Illinois State Redbirds,28.0,17.204176134240143,9,4,0-0,0,0,0.0,INSUFFICIENT,0.0,0.0,0.0,0.0,0-0,0,0,0.0,INSUFFICIENT,0.0,0.0,0.0,0.0,0-0,0,0,0.0,INSUFFICIENT,0.0,0.0,0.0,0.0,4-5,9,0.4444444444444444,5.322384428223844,HIGH,53.05377128953771,20.682086374695864,35.15021289537712,36.92913625304136
Marist Red Foxes,29.0,17.194283583667243,8,5,0-0,0,0,0.0,INSUFFICIENT,0.0,0.0,0.0,0.0,0-0,0,0,0.0,INSUFFICIENT,0.0,0.0,0.0,0.0,0-0,0,0,0.0,INSUFFICIENT,0.0,0.0,0.0,0.0,5-3,8,0.625,11.642486118574244,HIGH,50.40055525703027,21.147895396740104,28.068816048719327,25.294572810317035
New Mexico Lobos,30.0,17.07882126151685,8,7,0-0,0,0,0.0,INSUFFICIENT,0.0,0.0,0.0,0.0,0-0,0,0,0.0,INSUFFICIENT,0.0,0.0,0.0,0.0,0-0,0,0,0.0,INSUFFICIENT,0.0,0.0,0.0,0.0,7-1,8,0.875,23.886902827429317,HIGH,56.703607409814744,24.049268768280797,30.894036399090027,35.60700357491063
Buffalo Bulls,31.0,16.449690830068562,14,11,0-0,0,0,0.0,INSUFFICIENT,0.0,0.0,0.0,0.0,0-0,0,0,0.0,INSUFFICIENT,0.0,0.0,0.0,0.0,0-0,0,0,0.0,INSUFFICIENT,0.0,0.0,0.0,0.0,11-3,14,0.7857142857142857,11.496571198063736,HIGH,56.563140379185164,20.280839048003227,30.149475594997984,48.06363453005243
East Tennessee State Buccaneers,32.0,16.38051146428495,14,11,0-0,0,0,0.0,INSUFFICIENT,0.0,0.0,0.0,0.0,0-0,0,0,0.0,INSUFFICIENT,0.0,0.0,0.0,0.0,0-0,0,0,0.0,INSUFFICIENT,0.0,0.0,0.0,0.0,11-3,14,0.7857142857142857,19.576620457100038,HIGH,56.14517609591608,25.303203446983886,31.62035406519296,33.36077182465344
TCU Horned Frogs,33.0,16.345025229852382,1,1,0-0,0,0,0.0,INSUFFICIENT,0.0,0.0,0.0,0.0,0-0,0,0,0.0,INSUFFICIENT,0.0,0.0,0.0,0.0,0-0,0,0,0.0,INSUFFICIENT,0.0,0.0,0.0,0.0,1-0,1,1.0,13.647642679900745,LOW,53.3,26.1,22.9,26.700000000000003
North Carolina Tar Heels,34.0,16.100657255410454,6,5,0-0,0,0,0.0,INSUFFICIENT,0.0,0.0,0.0,0.0,0-0,0,0,0.0,INSUFFICIENT,0.0,0.0,0.0,0.0,0-0,0,0,0.0,INSUFFICIENT,0.0,0.0,0.0,0.0,5-1,6,0.8333333333333334,8.78003696857671,HIGH,53.961460258780036,16.37908964879852,33.34505545286506,47.69269870609982
Navy Midshipmen,35.0,15.803660597072508,8,3,0-0,0,0,0.0,INSUFFICIENT,0.0,0.0,0.0,0.0,0-0,0,0,0.0,INSUFFICIENT,0.0,0.0,0.0,0.0,0-0,0,0,0.0,INSUFFICIENT,0.0,0.0,0.0,0.0,3-5,8,0.375,2.966323503751527,HIGH,49.40026173442681,22.868120746815567,33.67701971732682,40.537759553306586
Nebraska Cornhuskers,36.0,15.607093939001828,9,9,0-0,0,0,0.0,INSUFFICIENT,0.0,0.0,0.0,0.0,0-0,0,0,0.0,INSUFFICIENT,0.0,0.0,0.0,0.0,0-0,0,0,0.0,INSUFFICIENT,0.0,0.0,0.0,0.0,9-0,9,1.0,23.071161048689138,HIGH,54.31024719101123,17.83911610486891,29.248314606741573,32.72500374531835
Saint Mary's Gaels,37.0,15.1329897811285,7,6,0-0,0,0,0.0,INSUFFICIENT,0.0,0.0,0.0,0.0,0-0,0,0,0.0,INSUFFICIENT,0.0,0.0,0.0,0.0,0-0,0,0,0.0,INSUFFICIENT,0.0,0.0,0.0,0.0,6-1,7,0.8571428571428571,18.101290198343925,HIGH,54.253167725784714,20.790621991141922,37.08648180242635,34.615809743886
Belmont Bruins,38.0,15.116172075451146,17,14,0-0,0,0,0.0,INSUFFICIENT,0.0,0.0,0.0,0.0,0-0,0,0,0.0,INSUFFICIENT,0.0,0.0,0.0,0.0,0-0,0,0,0.0,INSUFFICIENT,0.0,0.0,0.0,0.0,14-3,17,0.8235294117647058,18.098835379288637,HIGH,59.286331444759206,21.561945231350325,29.34390934844192,34.24748190116461
George Mason Patriots,39.0,15.11175669049345,14,13,0-0,0,0,0.0,INSUFFICIENT,0.0,0.0,0.0,0.0,0-0,0,0,0.0,INSUFFICIENT,0.0,0.0,0.0,0.0,0-0,0,0,0.0,INSUFFICIENT,0.0,0.0,0.0,0.0,13-1,14,0.9285714285714286,17.13990707279298,HIGH,54.16124935467218,18.590273618998452,31.575880227155398,55.6598244708312
Murray State Racers,40.0,14.637262670829855,7,6,0-0,0,0,0.0,INSUFFICIENT,0.0,0.0,0.0,0.0,0-0,0,0,0.0,INSUFFICIENT,0.0,0.0,0.0,0.0,0-0,0,0,0.0,INSUFFICIENT,0.0,0.0,0.0,0.0,6-1,7,0.8571428571428571,7.875457875457875,HIGH,55.895274725274724,21.418113553113553,33.21234432234432,43.444542124542124
Missouri Tigers,41.0,14.569099965389071,7,5,0-0,0,0,0.0,INSUFFICIENT,0.0,0.0,0.0,0.0,0-0,0,0,0.0,INSUFFICIENT,0.0,0.0,0.0,0.0,0-0,0,0,0.0,INSUFFICIENT,0.0,0.0,0.0,0.0,5-2,7,0.7142857142857143,21.027610166392392,HIGH,60.23091972938379,24.14227463887365,39.71161089778754,49.485280672883526
Tennessee Volunteers,42.0,14.12833416099808,1,1,0-0,0,0,0.0,INSUFFICIENT,0.0,0.0,0.0,0.0,0-0,0,0,0.0,INSUFFICIENT,0.0,0.0,0.0,0.0,0-0,0,0,0.0,INSUFFICIENT,0.0,0.0,0.0,0.0,1-0,1,1.0,17.32673267326733,LOW,58.20000000000001,33.4,48.4,52.7
Michigan State Spartans,43.0,13.932752929914544,8,7,0-0,0,0,0.0,INSUFFICIENT,0.0,0.0,0.0,0.0,0-0,0,0,0.0,INSUFFICIENT,0.0,0.0,0.0,0.0,0-0,0,0,0.0,INSUFFICIENT,0.0,0.0,0.0,0.0,7-1,8,0.875,20.563594821020562,HIGH,52.01547981721249,17.726923076923075,38.69845773038842,38.516031987814166
UNC Wilmington Seahawks,44.0,13.888974496342216,3,3,0-0,0,0,0.0,INSUFFICIENT,0.0,0.0,0.0,0.0,0-0,0,0,0.0,INSUFFICIENT,0.0,0.0,0.0,0.0,0-0,0,0,0.0,INSUFFICIENT,0.0,0.0,0.0,0.0,3-0,3,1.0,31.31437989287186,MEDIUM,54.1988051091883,21.445199835187474,47.56773794808405,45.21837659662135
Wyoming Cowboys,45.0,13.41061971241787,1,1,0-0,0,0,0.0,INSUFFICIENT,0.0,0.0,0.0,0.0,0-0,0,0,0.0,INSUFFICIENT,0.0,0.0,0.0,0.0,0-0,0,0,0.0,INSUFFICIENT,0.0,0.0,0.0,0.0,1-0,1,1.0,30.26481715006305,LOW,59.400000000000006,18.9,48.6,40.6
Seton Hall Pirates,46.0,13.228753643570316,4,2,0-0,0,0,0.0,INSUFFICIENT,0.0,0.0,0.0,0.0,0-0,0,0,0.0,INSUFFICIENT,0.0,0.0,0.0,0.0,0-0,0,0,0.0,INSUFFICIENT,0.0,0.0,0.0,0.0,2-2,4,0.5,3.8650737877723116,MEDIUM,45.57484188334504,25.65453267744202,38.94335910049192,43.05368938861559
Tulsa Golden Hurricane,47.0,13.200198638984132,3,3,0-0,0,0,0.0,INSUFFICIENT,0.0,0.0,0.0,0.0,0-0,0,0,0.0,INSUFFICIENT,0.0,0.0,0.0,0.0,0-0,0,0,0.0,INSUFFICIENT,0.0,0.0,0.0,0.0,3-0,3,1.0,39.93274485077764,MEDIUM,57.31046658259773,19.329844472467425,43.08125262715427,43.326019335855406
Oklahoma Sooners,48.0,13.078185427207146,7,6,0-0,0,0,0.0,INSUFFICIENT,0.0,0.0,0.0,0.0,0-0,0,0,0.0,INSUFFICIENT,0.0,0.0,0.0,0.0,0-0,0,0,0.0,INSUFFICIENT,0.0,0.0,0.0,0.0,6-1,7,0.8571428571428571,27.76225079187628,HIGH,58.55405254332028,18.8209800633501,35.19726103968697,34.25997764114029
Bowling Green Falcons,49.0,13.054791739415634,16,11,0-0,0,0,0.0,INSUFFICIENT,0.0,0.0,0.0,0.0,0-0,0,0,0.0,INSUFFICIENT,0.0,0.0,0.0,0.0,0-0,0,0,0.0,INSUFFICIENT,0.0,0.0,0.0,0.0,11-5,16,0.6875,21.67381974248927,HIGH,54.99776824034335,26.74831902718169,30.064549356223175,44.1637339055794
UCF Knights,50.0,12.903518638808665,2,1,0-0,0,0,0.0,INSUFFICIENT,0.0,0.0,0.0,0.0,0-0,0,0,0.0,INSUFFICIENT,0.0,0.0,0.0,0.0,0-0,0,0,0.0,INSUFFICIENT,0.0,0.0,0.0,0.0,1-1,2,0.5,9.002770083102494,LOW,50.9564404432133,14.548684210526318,43.60927977839336,33.45505540166205
Clemson Tigers,51.0,12.798754053180817,13,12,0-0,0,0,0.0,INSUFFICIENT,0.0,0.0,0.0,0.0,0-0,0,0,0.0,INSUFFICIENT,0.0,0.0,0.0,0.0,0-0,0,0,0.0,INSUFFICIENT,0.0,0.0,0.0,0.0,12-1,13,0.9230769230769231,18.979197941239544,HIGH,53.86429337336478,18.873611408964184,28.281942955179073,40.65243405532919
Kentucky Wildcats,52.0,12.706060512650224,11,7,0-0,0,0,0.0,INSUFFICIENT,0.0,0.0,0.0,0.0,0-0,0,0,0.0,INSUFFICIENT,0.0,0.0,0.0,0.0,0-0,0,0,0.0,INSUFFICIENT,0.0,0.0,0.0,0.0,7-4,11,0.6363636363636364,24.168828106578637,HIGH,56.4532775288847,21.71932327281302,33.48218580523462,29.605034190049516
Wichita State Shockers,53.0,12.562721130662425,2,2,0-0,0,0,0.0,INSUFFICIENT,0.0,0.0,0.0,0.0,0-0,0,0,0.0,INSUFFICIENT,0.0,0.0,0.0,0.0,0-0,0,0,0.0,INSUFFICIENT,0.0,0.0,0.0,0.0,2-0,2,1.0,26.870007262164126,LOW,63.064705882352946,21.80007262164125,48.484023238925204,49.806463326071174
Richmond Spiders,54.0,12.523164696115728,7,6,0-0,0,0,0.0,INSUFFICIENT,0.0,0.0,0.0,0.0,0-0,0,0,0.0,INSUFFICIENT,0.0,0.0,0.0,0.0,0-0,0,0,0.0,INSUFFICIENT,0.0,0.0,0.0,0.0,6-1,7,0.8571428571428571,18.796992481203006,HIGH,53.613426423200856,21.293949158610815,26.838148943788042,40.33374507697816
George Washington Revolutionaries,55.0,12.499625205947382,12,10,0-0,0,0,0.0,INSUFFICIENT,0.0,0.0,0.0,0.0,0-0,0,0,0.0,INSUFFICIENT,0.0,0.0,0.0,0.0,0-0,0,0,0.0,INSUFFICIENT,0.0,0.0,0.0,0.0,10-2,12,0.8333333333333334,24.948698563559777,HIGH,58.68507398207149,21.160222486229614,35.605518954530716,38.46574144076033
Texas Longhorns,56.0,11.896444214352982,3,1,0-0,0,0,0.0,INSUFFICIENT,0.0,0.0,0.0,0.0,0-0,0,0,0.0,INSUFFICIENT,0.0,0.0,0.0,0.0,0-0,0,0,0.0,INSUFFICIENT,0.0,0.0,0.0,0.0,1-2,3,0.3333333333333333,6.41319285387082,MEDIUM,54.170270270270265,19.728218048557032,43.572331653687584,38.41516262024736
Siena Saints,57.0,11.754222449455895,3,1,0-0,0,0,0.0,INSUFFICIENT,0.0,0.0,0.0,0.0,0-0,0,0,0.0,INSUFFICIENT,0.0,0.0,0.0,0.0,0-0,0,0,0.0,INSUFFICIENT,0.0,0.0,0.0,0.0,1-2,3,0.3333333333333333,-6.496751624187905,MEDIUM,47.413443278360816,18.99425287356322,36.648225887056476,34.21689155422288
UCLA Bruins,58.0,11.295086599422774,3,2,0-0,0,0,0.0,INSUFFICIENT,0.0,0.0,0.0,0.0,0-0,0,0,0.0,INSUFFICIENT,0.0,0.0,0.0,0.0,0-0,0,0,0.0,INSUFFICIENT,0.0,0.0,0.0,0.0,2-1,3,0.6666666666666666,6.648936170212766,MEDIUM,54.31693262411347,23.032978723404256,34.6959219858156,43.56312056737589
St. John's Red Storm,59.0,11.27553105111366,1,1,0-0,0,0,0.0,INSUFFICIENT,0.0,0.0,0.0,0.0,0-0,0,0,0.0,INSUFFICIENT,0.0,0.0,0.0,0.0,0-0,0,0,0.0,INSUFFICIENT,0.0,0.0,0.0,0.0,1-0,1,1.0,33.50253807106599,LOW,52.0,29.5,39.0,29.3
Utah Valley Wolverines,60.0,10.878152663565343,4,4,0-0,0,0,0.0,INSUFFICIENT,0.0,0.0,0.0,0.0,0-0,0,0,0.0,INSUFFICIENT,0.0,0.0,0.0,0.0,0-0,0,0,0.0,INSUFFICIENT,0.0,0.0,0.0,0.0,4-0,4,1.0,57.4642748555792,MEDIUM,64.10060808756461,26.782973548190938,52.08899361508057,23.87719671632715
Minnesota Golden Gophers,61.0,10.804812738075384,8,2,0-0,0,0,0.0,INSUFFICIENT,0.0,0.0,0.0,0.0,0-0,0,0,0.0,INSUFFICIENT,0.0,0.0,0.0,0.0,0-0,0,0,0.0,INSUFFICIENT,0.0,0.0,0.0,0.0,2-6,8,0.25,-7.027540360873694,HIGH,55.87169990503323,18.229876543209873,27.533048433048435,37.50628679962013
Arkansas Razorbacks,62.0,10.776895487394995,16,12,0-0,0,0,0.0,INSUFFICIENT,0.0,0.0,0.0,0.0,0-0,0,0,0.0,INSUFFICIENT,0.0,0.0,0.0,0.0,0-0,0,0,0.0,INSUFFICIENT,0.0,0.0,0.0,0.0,12-4,16,0.75,15.904572564612327,HIGH,56.68558250497018,19.63889463220676,33.58520874751491,43.04617097415507
Ohio State Buckeyes,63.0,10.54563089751251,7,5,0-0,0,0,0.0,INSUFFICIENT,0.0,0.0,0.0,0.0,0-0,0,0,0.0,INSUFFICIENT,0.0,0.0,0.0,0.0,0-0,0,0,0.0,INSUFFICIENT,0.0,0.0,0.0,0.0,5-2,7,0.7142857142857143,14.139344262295081,HIGH,56.28325819672132,20.497950819672134,39.43875,33.59895491803279
North Dakota State Bison,64.0,10.419382214585426,12,8,0-0,0,0,0.0,INSUFFICIENT,0.0,0.0,0.0,0.0,0-0,0,0,0.0,INSUFFICIENT,0.0,0.0,0.0,0.0,0-0,0,0,0.0,INSUFFICIENT,0.0,0.0,0.0,0.0,8-4,12,0.6666666666666666,14.087513340448238,HIGH,55.74558164354322,25.51391675560298,34.117065101387404,29.793671291355388
Akron Zips,65.0,10.239784920834907,16,12,0-0,0,0,0.0,INSUFFICIENT,0.0,0.0,0.0,0.0,0-0,0,0,0.0,INSUFFICIENT,0.0,0.0,0.0,0.0,0-0,0,0,0.0,INSUFFICIENT,0.0,0.0,0.0,0.0,12-4,16,0.75,21.92608661966375,HIGH,59.41208646470908,22.697629193460916,34.907647013248635,27.025211125745724
Colorado Buffaloes,66.0,10.208951250590944,13,9,0-0,0,0,0.0,INSUFFICIENT,0.0,0.0,0.0,0.0,0-0,0,0,0.0,INSUFFICIENT,0.0,0.0,0.0,0.0,0-0,0,0,0.0,INSUFFICIENT,0.0,0.0,0.0,0.0,9-4,13,0.6923076923076923,8.707232124564639,HIGH,55.128313870108585,18.23379430444581,31.439684490883018,37.726418766646184
Virginia Tech Hokies,67.0,10.182802978207008,2,1,0-0,0,0,0.0,INSUFFICIENT,0.0,0.0,0.0,0.0,0-0,0,0,0.0,INSUFFICIENT,0.0,0.0,0.0,0.0,0-0,0,0,0.0,INSUFFICIENT,0.0,0.0,0.0,0.0,1-1,2,0.5,13.121546961325967,LOW,59.97313535911602,16.570303867403315,32.1814226519337,41.51098066298343
Rhode Island Rams,68.0,9.98160397035062,8,6,0-0,0,0,0.0,INSUFFICIENT,0.0,0.0,0.0,0.0,0-0,0,0,0.0,INSUFFICIENT,0.0,0.0,0.0,0.0,0-0,0,0,0.0,INSUFFICIENT,0.0,0.0,0.0,0.0,6-2,8,0.75,15.190747453823578,HIGH,52.882979457966506,24.339513205592954,35.14343172794752,42.93459347488348
Santa Clara Broncos,69.0,9.876199072151437,3,3,0-0,0,0,0.0,INSUFFICIENT,0.0,0.0,0.0,0.0,0-0,0,0,0.0,INSUFFICIENT,0.0,0.0,0.0,0.0,0-0,0,0,0.0,INSUFFICIENT,0.0,0.0,0.0,0.0,3-0,3,1.0,23.357086302454476,MEDIUM,55.69956452889945,25.753444180522568,39.244853523357094,17.546041171813147
Dayton Flyers,70.0,9.734726078287167,12,10,0-0,0,0,0.0,INSUFFICIENT,0.0,0.0,0.0,0.0,0-0,0,0,0.0,INSUFFICIENT,0.0,0.0,0.0,0.0,0-0,0,0,0.0,INSUFFICIENT,0.0,0.0,0.0,0.0,10-2,12,0.8333333333333334,11.32404181184669,HIGH,53.840516114982584,24.48286149825784,28.035039198606274,50.55227569686412
Grand Canyon Lopes,71.0,9.675868860014615,12,8,0-0,0,0,0.0,INSUFFICIENT,0.0,0.0,0.0,0.0,0-0,0,0,0.0,INSUFFICIENT,0.0,0.0,0.0,0.0,0-0,0,0,0.0,INSUFFICIENT,0.0,0.0,0.0,0.0,8-4,12,0.6666666666666666,10.539298127592778,HIGH,51.962921852225584,23.211458683708937,33.853559816122875,42.87460477632021
UT Martin Skyhawks,72.0,9.446367569100872,5,5,0-0,0,0,0.0,INSUFFICIENT,0.0,0.0,0.0,0.0,0-0,0,0,0.0,INSUFFICIENT,0.0,0.0,0.0,0.0,0-0,0,0,0.0,INSUFFICIENT,0.0,0.0,0.0,0.0,5-0,5,1.0,39.5088093966898,HIGH,50.65808862786974,24.045782167645484,49.797036839295245,34.52669514148425
Northern Iowa Panthers,73.0,9.38374018029323,9,6,0-0,0,0,0.0,INSUFFICIENT,0.0,0.0,0.0,0.0,0-0,0,0,0.0,INSUFFICIENT,0.0,0.0,0.0,0.0,0-0,0,0,0.0,INSUFFICIENT,0.0,0.0,0.0,0.0,6-3,9,0.6666666666666666,14.15929203539823,HIGH,53.43681415929203,18.81361222847949,19.750217216411908,28.858358809332262
South Carolina Gamecocks,74.0,9.363750386366704,7,5,0-0,0,0,0.0,INSUFFICIENT,0.0,0.0,0.0,0.0,0-0,0,0,0.0,INSUFFICIENT,0.0,0.0,0.0,0.0,0-0,0,0,0.0,INSUFFICIENT,0.0,0.0,0.0,0.0,5-2,7,0.7142857142857143,18.229694146242657,HIGH,57.27589629329551,16.619343731010737,31.041199108770506,39.21411788535547
Oklahoma State Cowboys,75.0,9.324036705339154,8,7,0-0,0,0,0.0,INSUFFICIENT,0.0,0.0,0.0,0.0,0-0,0,0,0.0,INSUFFICIENT,0.0,0.0,0.0,0.0,0-0,0,0,0.0,INSUFFICIENT,0.0,0.0,0.0,0.0,7-1,8,0.875,14.859742228961334,HIGH,54.9510993176649,20.16429112964367,32.09868081880212,41.78282031842305
St. Thomas-Minnesota Tommies,76.0,9.317679299233973,7,6,0-0,0,0,0.0,INSUFFICIENT,0.0,0.0,0.0,0.0,0-0,0,0,0.0,INSUFFICIENT,0.0,0.0,0.0,0.0,0-0,0,0,0.0,INSUFFICIENT,0.0,0.0,0.0,0.0,6-1,7,0.8571428571428571,26.927138331573392,HIGH,60.353942273847245,22.1783174938402,19.539669130587825,35.8642555438226
SIU Edwardsville Cougars,77.0,9.26101274820897,9,7,0-0,0,0,0.0,INSUFFICIENT,0.0,0.0,0.0,0.0,0-0,0,0,0.0,INSUFFICIENT,0.0,0.0,0.0,0.0,0-0,0,0,0.0,INSUFFICIENT,0.0,0.0,0.0,0.0,7-2,9,0.7777777777777778,20.120162079083414,HIGH,53.66305714684924,25.280522565320663,35.71481067486377,35.60726561408411
Northwestern Wildcats,78.0,9.107052399164246,7,2,0-0,0,0,0.0,INSUFFICIENT,0.0,0.0,0.0,0.0,0-0,0,0,0.0,INSUFFICIENT,0.0,0.0,0.0,0.0,0-0,0,0,0.0,INSUFFICIENT,0.0,0.0,0.0,0.0,2-5,7,0.2857142857142857,-2.0052135552436336,HIGH,51.73569280128334,16.232464407459396,33.54916783637458,41.09568879085622
Fordham Rams,79.0,9.105710061312834,14,9,0-0,0,0,0.0,INSUFFICIENT,0.0,0.0,0.0,0.0,0-0,0,0,0.0,INSUFFICIENT,0.0,0.0,0.0,0.0,0-0,0,0,0.0,INSUFFICIENT,0.0,0.0,0.0,0.0,9-5,14,0.6428571428571429,16.101439066116537,HIGH,52.88688739056053,21.142075072959653,38.25160511220691,24.63123679178827
Yale Bulldogs,80.0,9.069418165294934,2,2,0-0,0,0,0.0,INSUFFICIENT,0.0,0.0,0.0,0.0,0-0,0,0,0.0,INSUFFICIENT,0.0,0.0,0.0,0.0,0-0,0,0,0.0,INSUFFICIENT,0.0,0.0,0.0,0.0,2-0,2,1.0,46.93760732684603,LOW,65.92833428734974,26.92844876931883,29.770635374928446,23.46084716657127
South Florida Bulls,81.0,9.063133701686368,7,5,0-0,0,0,0.0,INSUFFICIENT,0.0,0.0,0.0,0.0,0-0,0,0,0.0,INSUFFICIENT,0.0,0.0,0.0,0.0,0-0,0,0,0.0,INSUFFICIENT,0.0,0.0,0.0,0.0,5-2,7,0.7142857142857143,17.61449421238047,HIGH,54.5434323100151,21.30053682268076,32.28617681597047,41.60454621707767
Temple Owls,82.0,9.04267362352941,4,2,0-0,0,0,0.0,INSUFFICIENT,0.0,0.0,0.0,0.0,0-0,0,0,0.0,INSUFFICIENT,0.0,0.0,0.0,0.0,0-0,0,0,0.0,INSUFFICIENT,0.0,0.0,0.0,0.0,2-2,4,0.5,11.026878015161955,MEDIUM,59.87946243969675,19.95837353549276,26.922915230875258,39.406030323914536
UC San Diego Tritons,83.0,8.97819406781963,2,2,0-0,0,0,0.0,INSUFFICIENT,0.0,0.0,0.0,0.0,0-0,0,0,0.0,INSUFFICIENT,0.0,0.0,0.0,0.0,0-0,0,0,0.0,INSUFFICIENT,0.0,0.0,0.0,0.0,2-0,2,1.0,33.9715873996294,LOW,56.753613341568865,24.714206300185303,44.89505867819642,49.63242742433601
Villanova Wildcats,84.0,8.586335715206587,2,2,0-0,0,0,0.0,INSUFFICIENT,0.0,0.0,0.0,0.0,0-0,0,0,0.0,INSUFFICIENT,0.0,0.0,0.0,0.0,0-0,0,0,0.0,INSUFFICIENT,0.0,0.0,0.0,0.0,2-0,2,1.0,18.645121193287757,LOW,51.16935985083904,24.858234928527036,45.632442510876324,32.403231821006834
Syracuse Orange,85.0,8.35549968747911,1,1,0-0,0,0,0.0,INSUFFICIENT,0.0,0.0,0.0,0.0,0-0,0,0,0.0,INSUFFICIENT,0.0,0.0,0.0,0.0,0-0,0,0,0.0,INSUFFICIENT,0.0,0.0,0.0,0.0,1-0,1,1.0,2.6143790849673203,LOW,48.0,31.4,26.5,43.1
McNeese Cowboys,86.0,8.277963057403284,10,8,0-0,0,0,0.0,INSUFFICIENT,0.0,0.0,0.0,0.0,0-0,0,0,0.0,INSUFFICIENT,0.0,0.0,0.0,0.0,0-0,0,0,0.0,INSUFFICIENT,0.0,0.0,0.0,0.0,8-2,10,0.8,19.96909544752169,HIGH,52.751289670747646,28.046725306073935,43.98306192796862,31.799049090692975
California Golden Bears,87.0,8.139551442743382,15,11,0-0,0,0,0.0,INSUFFICIENT,0.0,0.0,0.0,0.0,0-0,0,0,0.0,INSUFFICIENT,0.0,0.0,0.0,0.0,0-0,0,0,0.0,INSUFFICIENT,0.0,0.0,0.0,0.0,11-4,15,0.7333333333333333,10.225508992969964,HIGH,53.054341276362635,19.360677439970786,27.803496758878847,38.140253811741076
Butler Bulldogs,88.0,8.040695065212404,15,10,0-0,0,0,0.0,INSUFFICIENT,0.0,0.0,0.0,0.0,0-0,0,0,0.0,INSUFFICIENT,0.0,0.0,0.0,0.0,0-0,0,0,0.0,INSUFFICIENT,0.0,0.0,0.0,0.0,10-5,15,0.6666666666666666,12.956107879428872,HIGH,52.79750572889124,18.8572800987132,37.74774369821964,38.978327163758145
Baylor Bears,89.0,7.912973538072023,14,9,0-0,0,0,0.0,INSUFFICIENT,0.0,0.0,0.0,0.0,0-0,0,0,0.0,INSUFFICIENT,0.0,0.0,0.0,0.0,0-0,0,0,0.0,INSUFFICIENT,0.0,0.0,0.0,0.0,9-5,14,0.6428571428571429,14.81983727237505,HIGH,55.33575164664859,18.308078264238663,40.19713289422704,39.85909531189463
Florida Gators,90.0,7.702745165569183,12,9,0-0,0,0,0.0,INSUFFICIENT,0.0,0.0,0.0,0.0,0-0,0,0,0.0,INSUFFICIENT,0.0,0.0,0.0,0.0,0-0,0,0,0.0,INSUFFICIENT,0.0,0.0,0.0,0.0,9-3,12,0.75,19.960732984293198,HIGH,53.18125000000002,20.71511780104712,40.072676701570686,40.63956151832461
Washington Huskies,91.0,7.501604964330596,1,1,0-0,0,0,0.0,INSUFFICIENT,0.0,0.0,0.0,0.0,0-0,0,0,0.0,INSUFFICIENT,0.0,0.0,0.0,0.0,0-0,0,0,0.0,INSUFFICIENT,0.0,0.0,0.0,0.0,1-0,1,1.0,17.937219730941703,LOW,56.2,16.4,34.4,41.1
Pacific Tigers,92.0,7.401832038247633,8,6,0-0,0,0,0.0,INSUFFICIENT,0.0,0.0,0.0,0.0,0-0,0,0,0.0,INSUFFICIENT,0.0,0.0,0.0,0.0,0-0,0,0,0.0,INSUFFICIENT,0.0,0.0,0.0,0.0,6-2,8,0.75,22.613531047265987,HIGH,56.84185356811863,19.4572937905468,39.366561631139945,29.98804448563484
Hofstra Pride,93.0,7.052403133384317,13,10,0-0,0,0,0.0,INSUFFICIENT,0.0,0.0,0.0,0.0,0-0,0,0,0.0,INSUFFICIENT,0.0,0.0,0.0,0.0,0-0,0,0,0.0,INSUFFICIENT,0.0,0.0,0.0,0.0,10-3,13,0.7692307692307693,17.077388672719408,HIGH,52.21914180717681,21.289310419368785,36.11317552961522,32.611154345006476
California Baptist Lancers,94.0,6.981410322876499,17,12,0-0,0,0,0.0,INSUFFICIENT,0.0,0.0,0.0,0.0,0-0,0,0,0.0,INSUFFICIENT,0.0,0.0,0.0,0.0,0-0,0,0,0.0,INSUFFICIENT,0.0,0.0,0.0,0.0,12-5,17,0.7058823529411765,7.164179104477612,HIGH,49.50826439232409,20.466515991471212,40.33142004264393,37.10360767590618
Kennesaw State Owls,95.0,6.870071534809057,9,5,0-0,0,0,0.0,INSUFFICIENT,0.0,0.0,0.0,0.0,0-0,0,0,0.0,INSUFFICIENT,0.0,0.0,0.0,0.0,0-0,0,0,0.0,INSUFFICIENT,0.0,0.0,0.0,0.0,5-4,9,0.5555555555555556,22.00656096227447,HIGH,56.255344450519424,22.14134773100055,41.75457900492073,39.26670311645709
San Francisco Dons,96.0,6.747980861535822,2,2,0-0,0,0,0.0,INSUFFICIENT,0.0,0.0,0.0,0.0,0-0,0,0,0.0,INSUFFICIENT,0.0,0.0,0.0,0.0,0-0,0,0,0.0,INSUFFICIENT,0.0,0.0,0.0,0.0,2-0,2,1.0,36.27652292950034,LOW,52.9731690622861,17.125119780971936,33.835318275154,30.726009582477747
VCU Rams,97.0,6.56193587958289,3,2,0-0,0,0,0.0,INSUFFICIENT,0.0,0.0,0.0,0.0,0-0,0,0,0.0,INSUFFICIENT,0.0,0.0,0.0,0.0,0-0,0,0,0.0,INSUFFICIENT,0.0,0.0,0.0,0.0,2-1,3,0.6666666666666666,13.62281822051937,MEDIUM,61.98318433375905,22.99757343550447,36.14201787994892,49.03920817369094
SMU Mustangs,98.0,6.519152660559712,4,3,0-0,0,0,0.0,INSUFFICIENT,0.0,0.0,0.0,0.0,0-0,0,0,0.0,INSUFFICIENT,0.0,0.0,0.0,0.0,0-0,0,0,0.0,INSUFFICIENT,0.0,0.0,0.0,0.0,3-1,4,0.75,8.319467554076539,MEDIUM,49.59703826955075,17.636805324459235,30.057071547420964,53.54988352745424
Florida Atlantic Owls,99.0,6.44948215744067,15,9,0-0,0,0,0.0,INSUFFICIENT,0.0,0.0,0.0,0.0,0-0,0,0,0.0,INSUFFICIENT,0.0,0.0,0.0,0.0,0-0,0,0,0.0,INSUFFICIENT,0.0,0.0,0.0,0.0,9-6,15,0.6,13.452517921939993,HIGH,54.42919727409506,21.686220019470753,35.56436852818833,30.825276573148066
Massachusetts Minutemen,100.0,6.335529858418212,5,4,0-0,0,0,0.0,INSUFFICIENT,0.0,0.0,0.0,0.0,0-0,0,0,0.0,INSUFFICIENT,0.0,0.0,0.0,0.0,0-0,0,0,0.0,INSUFFICIENT,0.0,0.0,0.0,0.0,4-1,5,0.8,25.032258064516128,HIGH,51.7992,22.97021935483871,37.66291612903226,31.74869677419355
South Alabama Jaguars,101.0,6.29128130975505,8,5,0-0,0,0,0.0,INSUFFICIENT,0.0,0.0,0.0,0.0,0-0,0,0,0.0,INSUFFICIENT,0.0,0.0,0.0,0.0,0-0,0,0,0.0,INSUFFICIENT,0.0,0.0,0.0,0.0,5-3,8,0.625,15.36662769333556,HIGH,53.83672958075831,20.03965258059128,28.13771504927342,36.845348254551524
Liberty Flames,102.0,6.269434532235607,8,6,0-0,0,0,0.0,INSUFFICIENT,0.0,0.0,0.0,0.0,0-0,0,0,0.0,INSUFFICIENT,0.0,0.0,0.0,0.0,0-0,0,0,0.0,INSUFFICIENT,0.0,0.0,0.0,0.0,6-2,8,0.75,21.052631578947366,HIGH,61.453577163247104,18.55129348795718,21.030133809099016,27.771810883140056
San Diego State Aztecs,103.0,6.133260398538653,4,3,0-0,0,0,0.0,INSUFFICIENT,0.0,0.0,0.0,0.0,0-0,0,0,0.0,INSUFFICIENT,0.0,0.0,0.0,0.0,0-0,0,0,0.0,INSUFFICIENT,0.0,0.0,0.0,0.0,3-1,4,0.75,25.962125839951135,MEDIUM,56.42345754428834,23.199175320708616,47.26850946854001,47.66496640195479
Columbia Lions,104.0,6.130096005489278,14,11,0-0,0,0,0.0,INSUFFICIENT,0.0,0.0,0.0,0.0,0-0,0,0,0.0,INSUFFICIENT,0.0,0.0,0.0,0.0,0-0,0,0,0.0,INSUFFICIENT,0.0,0.0,0.0,0.0,11-3,14,0.7857142857142857,19.34373101073526,HIGH,57.74520964148268,19.43390723111201,41.08331982985619,30.73493011950577
Austin Peay Governors,105.0,6.031194700707175,14,9,0-0,0,0,0.0,INSUFFICIENT,0.0,0.0,0.0,0.0,0-0,0,0,0.0,INSUFFICIENT,0.0,0.0,0.0,0.0,0-0,0,0,0.0,INSUFFICIENT,0.0,0.0,0.0,0.0,9-5,14,0.6428571428571429,12.525562372188137,HIGH,52.3660105657805,25.909918200409003,31.0310923653715,34.000042603953645
UAB Blazers,106.0,5.996587851598079,4,3,0-0,0,0,0.0,INSUFFICIENT,0.0,0.0,0.0,0.0,0-0,0,0,0.0,INSUFFICIENT,0.0,0.0,0.0,0.0,0-0,0,0,0.0,INSUFFICIENT,0.0,0.0,0.0,0.0,3-1,4,0.75,28.186274509803923,MEDIUM,48.593412990196086,23.2686580882353,41.05444240196079,39.39194240196079
Cincinnati Bearcats,107.0,5.72737518380157,15,7,0-0,0,0,0.0,INSUFFICIENT,0.0,0.0,0.0,0.0,0-0,0,0,0.0,INSUFFICIENT,0.0,0.0,0.0,0.0,0-0,0,0,0.0,INSUFFICIENT,0.0,0.0,0.0,0.0,7-8,15,0.4666666666666667,7.6235541535226075,HIGH,51.25912197686646,21.990290921836664,27.73619873817034,33.543392919733606
Georgia Southern Eagles,108.0,5.525600832826271,13,9,0-0,0,0,0.0,INSUFFICIENT,0.0,0.0,0.0,0.0,0-0,0,0,0.0,INSUFFICIENT,0.0,0.0,0.0,0.0,0-0,0,0,0.0,INSUFFICIENT,0.0,0.0,0.0,0.0,9-4,13,0.6923076923076923,8.758711621774344,HIGH,51.42649274816349,22.789602561687698,31.233603315125258,41.588820870220374
Winthrop Eagles,109.0,5.50646549348383,4,4,0-0,0,0,0.0,INSUFFICIENT,0.0,0.0,0.0,0.0,0-0,0,0,0.0,INSUFFICIENT,0.0,0.0,0.0,0.0,0-0,0,0,0.0,INSUFFICIENT,0.0,0.0,0.0,0.0,4-0,4,1.0,49.8812351543943,MEDIUM,59.83922209026127,26.72250593824228,48.61653800475059,38.76083729216152
Bradley Braves,110.0,5.451025103389057,17,12,0-0,0,0,0.0,INSUFFICIENT,0.0,0.0,0.0,0.0,0-0,0,0,0.0,INSUFFICIENT,0.0,0.0,0.0,0.0,0-0,0,0,0.0,INSUFFICIENT,0.0,0.0,0.0,0.0,12-5,17,0.7058823529411765,10.39690369583365,HIGH,50.98570994915382,21.252796539424754,28.41181604310541,39.07384837216362
Notre Dame Fighting Irish,111.0,5.308707922026841,5,3,0-0,0,0,0.0,INSUFFICIENT,0.0,0.0,0.0,0.0,0-0,0,0,0.0,INSUFFICIENT,0.0,0.0,0.0,0.0,0-0,0,0,0.0,INSUFFICIENT,0.0,0.0,0.0,0.0,3-2,5,0.6,3.1847133757961776,HIGH,51.479872611464955,16.57324840764331,32.85296178343948,28.939490445859867
North Carolina A&T Aggies,112.0,5.157853671806976,9,5,0-0,0,0,0.0,INSUFFICIENT,0.0,0.0,0.0,0.0,0-0,0,0,0.0,INSUFFICIENT,0.0,0.0,0.0,0.0,0-0,0,0,0.0,INSUFFICIENT,0.0,0.0,0.0,0.0,5-4,9,0.5555555555555556,7.661661048115231,HIGH,50.40110327919093,17.47655531719277,33.60669629175605,55.59353355807539
Georgia Tech Yellow Jackets,113.0,5.15710553521474,9,6,0-0,0,0,0.0,INSUFFICIENT,0.0,0.0,0.0,0.0,0-0,0,0,0.0,INSUFFICIENT,0.0,0.0,0.0,0.0,0-0,0,0,0.0,INSUFFICIENT,0.0,0.0,0.0,0.0,6-3,9,0.6666666666666666,5.247376311844078,HIGH,50.27568215892054,19.188035982008998,32.19631184407796,39.295217391304355
Northern Kentucky Norse,114.0,5.102511999352629,9,6,0-0,0,0,0.0,INSUFFICIENT,0.0,0.0,0.0,0.0,0-0,0,0,0.0,INSUFFICIENT,0.0,0.0,0.0,0.0,0-0,0,0,0.0,INSUFFICIENT,0.0,0.0,0.0,0.0,6-3,9,0.6666666666666666,14.662756598240467,HIGH,56.93263510682864,20.949671833542794,34.32901829353442,39.370115905599775
Duquesne Dukes,115.0,4.992612597554626,13,7,0-0,0,0,0.0,INSUFFICIENT,0.0,0.0,0.0,0.0,0-0,0,0,0.0,INSUFFICIENT,0.0,0.0,0.0,0.0,0-0,0,0,0.0,INSUFFICIENT,0.0,0.0,0.0,0.0,7-6,13,0.5384615384615384,8.8638195004029,HIGH,57.79942586623691,20.55534850926672,32.93504230459307,38.61779814665592
Northern Colorado Bears,116.0,4.488512062312111,10,7,0-0,0,0,0.0,INSUFFICIENT,0.0,0.0,0.0,0.0,0-0,0,0,0.0,INSUFFICIENT,0.0,0.0,0.0,0.0,0-0,0,0,0.0,INSUFFICIENT,0.0,0.0,0.0,0.0,7-3,10,0.7,15.15352917718995,HIGH,58.824232354114045,20.059338030041207,33.098816961318626,26.610115645354245
Wright State Raiders,117.0,4.478434496829436,3,2,0-0,0,0,0.0,INSUFFICIENT,0.0,0.0,0.0,0.0,0-0,0,0,0.0,INSUFFICIENT,0.0,0.0,0.0,0.0,0-0,0,0,0.0,INSUFFICIENT,0.0,0.0,0.0,0.0,2-1,3,0.6666666666666666,39.422326307572206,MEDIUM,59.72298985167839,31.598204527712724,40.147775175644036,41.63696330991413
Harvard Crimson,118.0,4.412827932674645,8,4,0-0,0,0,0.0,INSUFFICIENT,0.0,0.0,0.0,0.0,0-0,0,0,0.0,INSUFFICIENT,0.0,0.0,0.0,0.0,0-0,0,0,0.0,INSUFFICIENT,0.0,0.0,0.0,0.0,4-4,8,0.5,3.0086498683715686,HIGH,53.21314403911245,19.164103046257996,27.59272282813088,33.52243324558105
Drexel Dragons,119.0,4.229535555574074,15,8,0-0,0,0,0.0,INSUFFICIENT,0.0,0.0,0.0,0.0,0-0,0,0,0.0,INSUFFICIENT,0.0,0.0,0.0,0.0,0-0,0,0,0.0,INSUFFICIENT,0.0,0.0,0.0,0.0,8-7,15,0.5333333333333333,3.9848381766935566,HIGH,51.119360482068224,21.26741179900865,32.984595198755954,32.59014481485082
Fairfield Stags,120.0,4.213026104525142,14,9,0-0,0,0,0.0,INSUFFICIENT,0.0,0.0,0.0,0.0,0-0,0,0,0.0,INSUFFICIENT,0.0,0.0,0.0,0.0,0-0,0,0,0.0,INSUFFICIENT,0.0,0.0,0.0,0.0,9-5,14,0.6428571428571429,7.816364895616899,HIGH,48.602701098248744,18.124468190363114,36.35852379538933,28.513752844563175
Nevada Wolf Pack,121.0,4.1133123488164784,11,7,0-0,0,0,0.0,INSUFFICIENT,0.0,0.0,0.0,0.0,0-0,0,0,0.0,INSUFFICIENT,0.0,0.0,0.0,0.0,0-0,0,0,0.0,INSUFFICIENT,0.0,0.0,0.0,0.0,7-4,11,0.6363636363636364,2.9812054439403766,HIGH,50.19380427738174,16.20609202851588,34.56706416072586,47.380622164614394
Youngstown State Penguins,122.0,3.849029415758736,2,2,0-0,0,0,0.0,INSUFFICIENT,0.0,0.0,0.0,0.0,0-0,0,0,0.0,INSUFFICIENT,0.0,0.0,0.0,0.0,0-0,0,0,0.0,INSUFFICIENT,0.0,0.0,0.0,0.0,2-0,2,1.0,57.7922077922078,LOW,66.29454545454546,22.732727272727274,48.441818181818185,28.663636363636364
Kansas Jayhawks,123.0,3.8091381497389136,13,9,0-0,0,0,0.0,INSUFFICIENT,0.0,0.0,0.0,0.0,0-0,0,0,0.0,INSUFFICIENT,0.0,0.0,0.0,0.0,0-0,0,0,0.0,INSUFFICIENT,0.0,0.0,0.0,0.0,9-4,13,0.6923076923076923,9.908620499834855,HIGH,52.068259385665534,16.71356380050644,29.025366068479578,37.164185841682254
Seattle U Redhawks,124.0,3.7893529231116494,10,9,0-0,0,0,0.0,INSUFFICIENT,0.0,0.0,0.0,0.0,0-0,0,0,0.0,INSUFFICIENT,0.0,0.0,0.0,0.0,0-0,0,0,0.0,INSUFFICIENT,0.0,0.0,0.0,0.0,9-1,10,0.9,20.919387075283147,HIGH,53.16970019986675,22.779693537641574,33.856615589606925,42.36249167221853
USC Trojans,125.0,3.736437707876945,4,3,0-0,0,0,0.0,INSUFFICIENT,0.0,0.0,0.0,0.0,0-0,0,0,0.0,INSUFFICIENT,0.0,0.0,0.0,0.0,0-0,0,0,0.0,INSUFFICIENT,0.0,0.0,0.0,0.0,3-1,4,0.75,21.06286454957874,MEDIUM,52.18742709008425,18.154666234607905,36.249611147116,49.74776409591704
Elon Phoenix,126.0,3.645941094422071,14,9,0-0,0,0,0.0,INSUFFICIENT,0.0,0.0,0.0,0.0,0-0,0,0,0.0,INSUFFICIENT,0.0,0.0,0.0,0.0,0-0,0,0,0.0,INSUFFICIENT,0.0,0.0,0.0,0.0,9-5,14,0.6428571428571429,8.495938754551394,HIGH,55.51199701241713,21.654962188404447,37.82532910092428,35.86794883764354
Weber State Wildcats,127.0,3.630164002630551,2,2,0-0,0,0,0.0,INSUFFICIENT,0.0,0.0,0.0,0.0,0-0,0,0,0.0,INSUFFICIENT,0.0,0.0,0.0,0.0,0-0,0,0,0.0,INSUFFICIENT,0.0,0.0,0.0,0.0,2-0,2,1.0,68.4430512016719,LOW,63.63949843260189,24.554388714733545,44.74498432601881,16.307523510971787
Kent State Golden Flashes,128.0,3.528703535575829,9,6,0-0,0,0,0.0,INSUFFICIENT,0.0,0.0,0.0,0.0,0-0,0,0,0.0,INSUFFICIENT,0.0,0.0,0.0,0.0,0-0,0,0,0.0,INSUFFICIENT,0.0,0.0,0.0,0.0,6-3,9,0.6666666666666666,10.860366713681241,HIGH,53.449915373765876,19.859703808180537,32.94874471086037,39.52086036671368
Charleston Southern Buccaneers,129.0,3.5055811854823133,18,11,0-0,0,0,0.0,INSUFFICIENT,0.0,0.0,0.0,0.0,0-0,0,0,0.0,INSUFFICIENT,0.0,0.0,0.0,0.0,0-0,0,0,0.0,INSUFFICIENT,0.0,0.0,0.0,0.0,11-7,18,0.6111111111111112,10.624860688015454,HIGH,55.17470094360651,15.66778363920053,30.855888253213468,30.60364811650197
Ole Miss Rebels,130.0,3.4384628285118453,5,3,0-0,0,0,0.0,INSUFFICIENT,0.0,0.0,0.0,0.0,0-0,0,0,0.0,INSUFFICIENT,0.0,0.0,0.0,0.0,0-0,0,0,0.0,INSUFFICIENT,0.0,0.0,0.0,0.0,3-2,5,0.6,13.830087496471915,HIGH,53.03643804685295,20.907140841095117,31.578323454699408,38.567682754727635
Tulane Green Wave,132.0,3.186267907605796,4,2,0-0,0,0,0.0,INSUFFICIENT,0.0,0.0,0.0,0.0,0-0,0,0,0.0,INSUFFICIENT,0.0,0.0,0.0,0.0,0-0,0,0,0.0,INSUFFICIENT,0.0,0.0,0.0,0.0,2-2,4,0.5,-0.6148170919151552,MEDIUM,56.283861051337226,25.50027666769136,30.274761758376886,26.028097141100524
New Mexico State Aggies,133.0,3.0710421718302143,9,7,0-0,0,0,0.0,INSUFFICIENT,0.0,0.0,0.0,0.0,0-0,0,0,0.0,INSUFFICIENT,0.0,0.0,0.0,0.0,0-0,0,0,0.0,INSUFFICIENT,0.0,0.0,0.0,0.0,7-2,9,0.7777777777777778,18.95107977082415,HIGH,50.30678713089467,21.00753635962979,31.1871896577053,45.25201997943294
Texas Tech Red Raiders,134.0,2.979854375169978,4,4,0-0,0,0,0.0,INSUFFICIENT,0.0,0.0,0.0,0.0,0-0,0,0,0.0,INSUFFICIENT,0.0,0.0,0.0,0.0,0-0,0,0,0.0,INSUFFICIENT,0.0,0.0,0.0,0.0,4-0,4,1.0,23.59405300581771,MEDIUM,53.0784421460892,20.36144149967679,37.583936651583706,39.662992889463474
William & Mary Tribe,135.0,2.884467423274017,2,2,0-0,0,0,0.0,INSUFFICIENT,0.0,0.0,0.0,0.0,0-0,0,0,0.0,INSUFFICIENT,0.0,0.0,0.0,0.0,0-0,0,0,0.0,INSUFFICIENT,0.0,0.0,0.0,0.0,2-0,2,1.0,51.478641840087626,LOW,64.9446330777656,26.311555312157722,40.58094194961665,39.60487404162103
Iona Gaels,136.0,2.8476452782247463,11,7,0-0,0,0,0.0,INSUFFICIENT,0.0,0.0,0.0,0.0,0-0,0,0,0.0,INSUFFICIENT,0.0,0.0,0.0,0.0,0-0,0,0,0.0,INSUFFICIENT,0.0,0.0,0.0,0.0,7-4,11,0.6363636363636364,-2.646169354838709,HIGH,50.87258064516128,16.62689012096774,25.79081401209677,30.838281249999994
UC Irvine Anteaters,137.0,2.76218783015338,5,4,0-0,0,0,0.0,INSUFFICIENT,0.0,0.0,0.0,0.0,0-0,0,0,0.0,INSUFFICIENT,0.0,0.0,0.0,0.0,0-0,0,0,0.0,INSUFFICIENT,0.0,0.0,0.0,0.0,4-1,5,0.8,37.24658180103725,HIGH,58.110985384252714,22.389391796322485,44.65869872701556,39.71522866572371
UMBC Retrievers,138.0,2.709349153780238,3,3,0-0,0,0,0.0,INSUFFICIENT,0.0,0.0,0.0,0.0,0-0,0,0,0.0,INSUFFICIENT,0.0,0.0,0.0,0.0,0-0,0,0,0.0,INSUFFICIENT,0.0,0.0,0.0,0.0,3-0,3,1.0,31.718061674008812,MEDIUM,53.2606167400881,19.383259911894275,32.53233480176212,34.38484581497798
Georgetown Hoyas,139.0,2.6750528454123668,11,6,0-0,0,0,0.0,INSUFFICIENT,0.0,0.0,0.0,0.0,0-0,0,0,0.0,INSUFFICIENT,0.0,0.0,0.0,0.0,0-0,0,0,0.0,INSUFFICIENT,0.0,0.0,0.0,0.0,6-5,11,0.5454545454545454,1.5593139018831714,HIGH,47.98720163128224,20.259433849106397,32.65949382271801,45.43814321698453
Providence Friars,140.0,2.6635566565431787,7,2,0-0,0,0,0.0,INSUFFICIENT,0.0,0.0,0.0,0.0,0-0,0,0,0.0,INSUFFICIENT,0.0,0.0,0.0,0.0,0-0,0,0,0.0,INSUFFICIENT,0.0,0.0,0.0,0.0,2-5,7,0.2857142857142857,-4.33125433125433,HIGH,55.46562716562716,19.746916146916146,28.809788634788628,38.38094248094248
Auburn Tigers,141.0,2.603963587688,14,9,0-0,0,0,0.0,INSUFFICIENT,0.0,0.0,0.0,0.0,0-0,0,0,0.0,INSUFFICIENT,0.0,0.0,0.0,0.0,0-0,0,0,0.0,INSUFFICIENT,0.0,0.0,0.0,0.0,9-5,14,0.6428571428571429,13.295880149812733,HIGH,58.55455992509363,21.910112359550563,43.449831460674154,44.45427902621723
UC Santa Barbara Gauchos,142.0,2.4467788151888925,3,2,0-0,0,0,0.0,INSUFFICIENT,0.0,0.0,0.0,0.0,0-0,0,0,0.0,INSUFFICIENT,0.0,0.0,0.0,0.0,0-0,0,0,0.0,INSUFFICIENT,0.0,0.0,0.0,0.0,2-1,3,0.6666666666666666,21.888412017167383,MEDIUM,54.89605150214592,26.601716738197425,43.97124463519313,42.28437768240344
UT Arlington Mavericks,143.0,2.300008139885336,4,4,0-0,0,0,0.0,INSUFFICIENT,0.0,0.0,0.0,0.0,0-0,0,0,0.0,INSUFFICIENT,0.0,0.0,0.0,0.0,0-0,0,0,0.0,INSUFFICIENT,0.0,0.0,0.0,0.0,4-0,4,1.0,37.89611238157465,MEDIUM,55.94214309049331,24.175334857889585,44.07798105194381,27.877262332571057
Quinnipiac Bobcats,144.0,2.2009374911285136,8,5,0-0,0,0,0.0,INSUFFICIENT,0.0,0.0,0.0,0.0,0-0,0,0,0.0,INSUFFICIENT,0.0,0.0,0.0,0.0,0-0,0,0,0.0,INSUFFICIENT,0.0,0.0,0.0,0.0,5-3,8,0.625,3.1298904538341157,HIGH,51.03923317683881,22.061643192488262,31.159092331768395,28.180266040688572
Alabama Crimson Tide,145.0,2.17826512772642,16,11,0-0,0,0,0.0,INSUFFICIENT,0.0,0.0,0.0,0.0,0-0,0,0,0.0,INSUFFICIENT,0.0,0.0,0.0,0.0,0-0,0,0,0.0,INSUFFICIENT,0.0,0.0,0.0,0.0,11-5,16,0.6875,13.517737146429129,HIGH,55.11422878574778,17.281598687294892,34.11811220503204,35.07644944522581
Kansas State Wildcats,146.0,2.129340859447737,8,6,0-0,0,0,0.0,INSUFFICIENT,0.0,0.0,0.0,0.0,0-0,0,0,0.0,INSUFFICIENT,0.0,0.0,0.0,0.0,0-0,0,0,0.0,INSUFFICIENT,0.0,0.0,0.0,0.0,6-2,8,0.75,21.595208070617907,HIGH,58.95301071878941,19.52701765447667,35.454854981084495,30.466945145018915
Idaho Vandals,147.0,2.072728856940529,12,7,0-0,0,0,0.0,INSUFFICIENT,0.0,0.0,0.0,0.0,0-0,0,0,0.0,INSUFFICIENT,0.0,0.0,0.0,0.0,0-0,0,0,0.0,INSUFFICIENT,0.0,0.0,0.0,0.0,7-5,12,0.5833333333333334,12.534498620055198,HIGH,56.915121895124216,19.428001379944803,34.37948482060718,32.914006439742415
Vermont Catamounts,148.0,2.0509678078039144,3,2,0-0,0,0,0.0,INSUFFICIENT,0.0,0.0,0.0,0.0,0-0,0,0,0.0,INSUFFICIENT,0.0,0.0,0.0,0.0,0-0,0,0,0.0,INSUFFICIENT,0.0,0.0,0.0,0.0,2-1,3,0.6666666666666666,27.527527527527525,MEDIUM,63.090140140140136,15.489939939939939,38.73893893893894,40.802102102102104
Pennsylvania Quakers,149.0,2.048609256709554,6,2,0-0,0,0,0.0,INSUFFICIENT,0.0,0.0,0.0,0.0,0-0,0,0,0.0,INSUFFICIENT,0.0,0.0,0.0,0.0,0-0,0,0,0.0,INSUFFICIENT,0.0,0.0,0.0,0.0,2-4,6,0.3333333333333333,0.225123818099955,HIGH,51.21188653759568,18.68840612336785,37.98318325078794,42.06458802341288
DePaul Blue Demons,150.0,1.8272020594757092,14,8,0-0,0,0,0.0,INSUFFICIENT,0.0,0.0,0.0,0.0,0-0,0,0,0.0,INSUFFICIENT,0.0,0.0,0.0,0.0,0-0,0,0,0.0,INSUFFICIENT,0.0,0.0,0.0,0.0,8-6,14,0.5714285714285714,5.044510385756676,HIGH,54.02673590504451,21.28183976261127,28.881028684470827,41.16831849653808
Monmouth Hawks,151.0,1.7875112403003754,8,5,0-0,0,0,0.0,INSUFFICIENT,0.0,0.0,0.0,0.0,0-0,0,0,0.0,INSUFFICIENT,0.0,0.0,0.0,0.0,0-0,0,0,0.0,INSUFFICIENT,0.0,0.0,0.0,0.0,5-3,8,0.625,5.480390477821544,HIGH,48.00344237026887,22.59095735571159,31.57247816406918,40.48345607124507
UNLV Rebels,152.0,1.7180016439791643,3,1,0-0,0,0,0.0,INSUFFICIENT,0.0,0.0,0.0,0.0,0-0,0,0,0.0,INSUFFICIENT,0.0,0.0,0.0,0.0,0-0,0,0,0.0,INSUFFICIENT,0.0,0.0,0.0,0.0,1-2,3,0.3333333333333333,2.0483408439164275,MEDIUM,48.99733715690291,27.038836542400652,37.48881605899222,58.69446947972143
St. Bonaventure Bonnies,153.0,1.7131192719772343,3,2,0-0,0,0,0.0,INSUFFICIENT,0.0,0.0,0.0,0.0,0-0,0,0,0.0,INSUFFICIENT,0.0,0.0,0.0,0.0,0-0,0,0,0.0,INSUFFICIENT,0.0,0.0,0.0,0.0,2-1,3,0.6666666666666666,16.988062442607898,MEDIUM,59.51134067952251,23.415564738292012,39.86400367309459,26.729935720844818
Samford Bulldogs,154.0,1.542945042145476,10,6,0-0,0,0,0.0,INSUFFICIENT,0.0,0.0,0.0,0.0,0-0,0,0,0.0,INSUFFICIENT,0.0,0.0,0.0,0.0,0-0,0,0,0.0,INSUFFICIENT,0.0,0.0,0.0,0.0,6-4,10,0.6,5.335887262279382,HIGH,55.69662060473389,16.020317416883294,27.637597482555755,41.44499931591189
Colorado State Rams,155.0,1.4407798196763792,14,9,0-0,0,0,0.0,INSUFFICIENT,0.0,0.0,0.0,0.0,0-0,0,0,0.0,INSUFFICIENT,0.0,0.0,0.0,0.0,0-0,0,0,0.0,INSUFFICIENT,0.0,0.0,0.0,0.0,9-5,14,0.6428571428571429,11.865312667022982,HIGH,57.211127739176916,21.060598610368785,35.1756173169428,41.330443613041155
Oregon Ducks,156.0,1.3918978174505128,9,5,0-0,0,0,0.0,INSUFFICIENT,0.0,0.0,0.0,0.0,0-0,0,0,0.0,INSUFFICIENT,0.0,0.0,0.0,0.0,0-0,0,0,0.0,INSUFFICIENT,0.0,0.0,0.0,0.0,5-4,9,0.5555555555555556,9.375960651706116,HIGH,54.1977559176145,19.952274823240085,37.96188134030126,44.50994466646172
Troy Trojans,157.0,1.314136527885168,5,3,0-0,0,0,0.0,INSUFFICIENT,0.0,0.0,0.0,0.0,0-0,0,0,0.0,INSUFFICIENT,0.0,0.0,0.0,0.0,0-0,0,0,0.0,INSUFFICIENT,0.0,0.0,0.0,0.0,3-2,5,0.6,25.854316546762586,HIGH,56.46679406474819,20.91245503597122,38.52165017985611,33.038938848920864
Stanford Cardinal,158.0,1.2426033290890928,4,2,0-0,0,0,0.0,INSUFFICIENT,0.0,0.0,0.0,0.0,0-0,0,0,0.0,INSUFFICIENT,0.0,0.0,0.0,0.0,0-0,0,0,0.0,INSUFFICIENT,0.0,0.0,0.0,0.0,2-2,4,0.5,0.36179450072358904,MEDIUM,47.14204052098408,21.715050651230104,34.65217076700435,40.02478292329957
Wofford Terriers,159.0,1.202089817521056,2,2,0-0,0,0,0.0,INSUFFICIENT,0.0,0.0,0.0,0.0,0-0,0,0,0.0,INSUFFICIENT,0.0,0.0,0.0,0.0,0-0,0,0,0.0,INSUFFICIENT,0.0,0.0,0.0,0.0,2-0,2,1.0,39.61748633879782,LOW,62.0146174863388,29.367008196721315,52.329234972677604,38.32049180327869
Arkansas State Red Wolves,160.0,1.125783609864314,16,11,0-0,0,0,0.0,INSUFFICIENT,0.0,0.0,0.0,0.0,0-0,0,0,0.0,INSUFFICIENT,0.0,0.0,0.0,0.0,0-0,0,0,0.0,INSUFFICIENT,0.0,0.0,0.0,0.0,11-5,16,0.6875,7.464564287511532,HIGH,52.972196594816744,19.78314182672146,36.49141155749392,39.039562190723814
Charleston Cougars,161.0,1.0746779181811377,16,11,0-0,0,0,0.0,INSUFFICIENT,0.0,0.0,0.0,0.0,0-0,0,0,0.0,INSUFFICIENT,0.0,0.0,0.0,0.0,0-0,0,0,0.0,INSUFFICIENT,0.0,0.0,0.0,0.0,11-5,16,0.6875,5.238749570594298,HIGH,50.58996908278942,19.16201477155617,28.23206801786328,46.06981277911371
Louisiana Tech Bulldogs,162.0,0.9761682984667032,8,4,0-0,0,0,0.0,INSUFFICIENT,0.0,0.0,0.0,0.0,0-0,0,0,0.0,INSUFFICIENT,0.0,0.0,0.0,0.0,0-0,0,0,0.0,INSUFFICIENT,0.0,0.0,0.0,0.0,4-4,8,0.5,18.723729461215132,HIGH,52.53072220099351,19.48725640045854,39.191517004203284,36.80084065724112
Idaho State Bengals,163.0,0.8388828260347765,15,7,0-0,0,0,0.0,INSUFFICIENT,0.0,0.0,0.0,0.0,0-0,0,0,0.0,INSUFFICIENT,0.0,0.0,0.0,0.0,0-0,0,0,0.0,INSUFFICIENT,0.0,0.0,0.0,0.0,7-8,15,0.4666666666666667,2.081887578070784,HIGH,53.97866560919997,19.225964112223654,38.03838604143948,42.34937047685139
Robert Morris Colonials,164.0,0.7901775357374987,9,8,0-0,0,0,0.0,INSUFFICIENT,0.0,0.0,0.0,0.0,0-0,0,0,0.0,INSUFFICIENT,0.0,0.0,0.0,0.0,0-0,0,0,0.0,INSUFFICIENT,0.0,0.0,0.0,0.0,8-1,9,0.8888888888888888,16.99029126213592,HIGH,53.47257281553398,24.901699029126213,41.50781249999999,27.73246359223301
Creighton Bluejays,165.0,0.7611401476724922,15,9,0-0,0,0,0.0,INSUFFICIENT,0.0,0.0,0.0,0.0,0-0,0,0,0.0,INSUFFICIENT,0.0,0.0,0.0,0.0,0-0,0,0,0.0,INSUFFICIENT,0.0,0.0,0.0,0.0,9-6,15,0.6,9.297421642863988,HIGH,54.84825074283522,17.355180676698932,30.481520176363453,27.688430940285624
Marshall Thundering Herd,166.0,0.751902142532316,10,6,0-0,0,0,0.0,INSUFFICIENT,0.0,0.0,0.0,0.0,0-0,0,0,0.0,INSUFFICIENT,0.0,0.0,0.0,0.0,0-0,0,0,0.0,INSUFFICIENT,0.0,0.0,0.0,0.0,6-4,10,0.6,7.709880068532267,HIGH,53.606039406053675,19.571459166190742,36.4800542547116,26.887450028555104
James Madison Dukes,167.0,0.7261129180616024,10,6,0-0,0,0,0.0,INSUFFICIENT,0.0,0.0,0.0,0.0,0-0,0,0,0.0,INSUFFICIENT,0.0,0.0,0.0,0.0,0-0,0,0,0.0,INSUFFICIENT,0.0,0.0,0.0,0.0,6-4,10,0.6,1.2171002586338049,HIGH,53.68431462041685,15.51547238703788,26.570713525026623,35.58051118210862
App State Mountaineers,168.0,0.7139307000165047,18,10,0-0,0,0,0.0,INSUFFICIENT,0.0,0.0,0.0,0.0,0-0,0,0,0.0,INSUFFICIENT,0.0,0.0,0.0,0.0,0-0,0,0,0.0,INSUFFICIENT,0.0,0.0,0.0,0.0,10-8,18,0.5555555555555556,8.390355164548716,HIGH,51.50403225806453,18.58300749429782,35.83772401433693,39.12078853046596
Furman Paladins,169.0,0.6216313204518542,14,9,0-0,0,0,0.0,INSUFFICIENT,0.0,0.0,0.0,0.0,0-0,0,0,0.0,INSUFFICIENT,0.0,0.0,0.0,0.0,0-0,0,0,0.0,INSUFFICIENT,0.0,0.0,0.0,0.0,9-5,14,0.6428571428571429,11.113356233582541,HIGH,56.70103051121438,20.80947666195191,35.66375025257627,29.277803596686198
Wake Forest Demon Deacons,170.0,0.5414546455363194,2,2,0-0,0,0,0.0,INSUFFICIENT,0.0,0.0,0.0,0.0,0-0,0,0,0.0,INSUFFICIENT,0.0,0.0,0.0,0.0,0-0,0,0,0.0,INSUFFICIENT,0.0,0.0,0.0,0.0,2-0,2,1.0,32.4585635359116,LOW,64.3988950276243,26.267403314917125,44.11491712707182,43.33591160220994
Texas State Bobcats,171.0,0.5209367113380949,6,4,0-0,0,0,0.0,INSUFFICIENT,0.0,0.0,0.0,0.0,0-0,0,0,0.0,INSUFFICIENT,0.0,0.0,0.0,0.0,0-0,0,0,0.0,INSUFFICIENT,0.0,0.0,0.0,0.0,4-2,6,0.6666666666666666,20.934658490167052,HIGH,56.59325438781983,23.677542820892366,40.83085218862338,32.327659124550635
Radford Highlanders,172.0,0.4616485504864442,14,7,0-0,0,0,0.0,INSUFFICIENT,0.0,0.0,0.0,0.0,0-0,0,0,0.0,INSUFFICIENT,0.0,0.0,0.0,0.0,0-0,0,0,0.0,INSUFFICIENT,0.0,0.0,0.0,0.0,7-7,14,0.5,3.19368777005448,HIGH,52.45219800864173,20.853146721773435,32.1494082284426,37.982923163629536
Hampton Pirates,173.0,0.4050930420322629,13,7,0-0,0,0,0.0,INSUFFICIENT,0.0,0.0,0.0,0.0,0-0,0,0,0.0,INSUFFICIENT,0.0,0.0,0.0,0.0,0-0,0,0,0.0,INSUFFICIENT,0.0,0.0,0.0,0.0,7-6,13,0.5384615384615384,8.463398549131677,HIGH,51.35191250824356,20.227126841063967,31.091767421411294,38.98598593097383
Sam Houston Bearkats,174.0,0.3869831742889147,8,5,0-0,0,0,0.0,INSUFFICIENT,0.0,0.0,0.0,0.0,0-0,0,0,0.0,INSUFFICIENT,0.0,0.0,0.0,0.0,0-0,0,0,0.0,INSUFFICIENT,0.0,0.0,0.0,0.0,5-3,8,0.625,20.273455917020275,HIGH,52.61790036146472,20.885352820996385,42.202121640735506,35.374053119597676
Tarleton State Texans,175.0,0.3816949401711156,7,6,0-0,0,0,0.0,INSUFFICIENT,0.0,0.0,0.0,0.0,0-0,0,0,0.0,INSUFFICIENT,0.0,0.0,0.0,0.0,0-0,0,0,0.0,INSUFFICIENT,0.0,0.0,0.0,0.0,6-1,7,0.8571428571428571,22.049286640726333,HIGH,52.518498702983145,28.548946173800257,31.954523346303496,45.98445201037613
Montana State Bobcats,176.0,0.2966822549317669,10,6,0-0,0,0,0.0,INSUFFICIENT,0.0,0.0,0.0,0.0,0-0,0,0,0.0,INSUFFICIENT,0.0,0.0,0.0,0.0,0-0,0,0,0.0,INSUFFICIENT,0.0,0.0,0.0,0.0,6-4,10,0.6,20.361380798274002,HIGH,58.029719525350586,21.971426645091693,32.66828478964401,29.243028586839262
Portland State Vikings,177.0,0.1083704409650891,10,7,0-0,0,0,0.0,INSUFFICIENT,0.0,0.0,0.0,0.0,0-0,0,0,0.0,INSUFFICIENT,0.0,0.0,0.0,0.0,0-0,0,0,0.0,INSUFFICIENT,0.0,0.0,0.0,0.0,7-3,10,0.7,18.622950819672134,HIGH,54.098268852459015,19.673573770491807,37.82494426229509,30.67998688524591
Eastern Michigan Eagles,178.0,0.0612133642200802,12,5,0-0,0,0,0.0,INSUFFICIENT,0.0,0.0,0.0,0.0,0-0,0,0,0.0,INSUFFICIENT,0.0,0.0,0.0,0.0,0-0,0,0,0.0,INSUFFICIENT,0.0,0.0,0.0,0.0,5-7,12,0.4166666666666667,-1.060820367751061,HIGH,49.3173620933522,18.391796322489395,29.384064120697786,31.73052805280529
Mississippi State Bulldogs,179.0,-0.0101669612180614,9,6,0-0,0,0,0.0,INSUFFICIENT,0.0,0.0,0.0,0.0,0-0,0,0,0.0,INSUFFICIENT,0.0,0.0,0.0,0.0,0-0,0,0,0.0,INSUFFICIENT,0.0,0.0,0.0,0.0,6-3,9,0.6666666666666666,7.9329441700344265,HIGH,48.830609190240985,16.158374494836107,33.044439455171386,38.13310881604551
Saint Peter's Peacocks,180.0,-0.076623690384693,4,2,0-0,0,0,0.0,INSUFFICIENT,0.0,0.0,0.0,0.0,0-0,0,0,0.0,INSUFFICIENT,0.0,0.0,0.0,0.0,0-0,0,0,0.0,INSUFFICIENT,0.0,0.0,0.0,0.0,2-2,4,0.5,7.587733164717042,MEDIUM,51.191685109073674,28.465697122984515,39.13253240594373,26.895637053430292
Long Island University Sharks,181.0,-0.1447285255273982,6,3,0-0,0,0,0.0,INSUFFICIENT,0.0,0.0,0.0,0.0,0-0,0,0,0.0,INSUFFICIENT,0.0,0.0,0.0,0.0,0-0,0,0,0.0,INSUFFICIENT,0.0,0.0,0.0,0.0,3-3,6,0.5,-1.9890601690701142,HIGH,51.51819990054699,17.394455494778718,35.74520139234212,37.32680258577822
Pittsburgh Panthers,182.0,-0.1621804516427119,7,1,0-0,0,0,0.0,INSUFFICIENT,0.0,0.0,0.0,0.0,0-0,0,0,0.0,INSUFFICIENT,0.0,0.0,0.0,0.0,0-0,0,0,0.0,INSUFFICIENT,0.0,0.0,0.0,0.0,1-6,7,0.14285714285714285,-13.537117903930133,HIGH,50.099170305676864,21.622183406113543,40.863733624454156,24.948231441048037
Loyola Marymount Lions,183.0,-0.1844709936846413,15,9,0-0,0,0,0.0,INSUFFICIENT,0.0,0.0,0.0,0.0,0-0,0,0,0.0,INSUFFICIENT,0.0,0.0,0.0,0.0,0-0,0,0,0.0,INSUFFICIENT,0.0,0.0,0.0,0.0,9-6,15,0.6,11.287510323942369,HIGH,55.38147196476095,18.25947508488575,28.845030742406166,31.7063320179866
North Texas Mean Green,184.0,-0.4443151088469221,12,6,0-0,0,0,0.0,INSUFFICIENT,0.0,0.0,0.0,0.0,0-0,0,0,0.0,INSUFFICIENT,0.0,0.0,0.0,0.0,0-0,0,0,0.0,INSUFFICIENT,0.0,0.0,0.0,0.0,6-6,12,0.5,7.250613963279148,HIGH,52.21928429423458,23.03665068413051,32.91310957782715,36.35429774295403
Lamar Cardinals,185.0,-0.4750628194790494,14,6,0-0,0,0,0.0,INSUFFICIENT,0.0,0.0,0.0,0.0,0-0,0,0,0.0,INSUFFICIENT,0.0,0.0,0.0,0.0,0-0,0,0,0.0,INSUFFICIENT,0.0,0.0,0.0,0.0,6-8,14,0.42857142857142855,3.905858788182273,HIGH,49.039899849774656,21.337245868803205,34.852358537806715,28.910215322984474
Central Connecticut Blue Devils,186.0,-0.6199773977512848,13,7,0-0,0,0,0.0,INSUFFICIENT,0.0,0.0,0.0,0.0,0-0,0,0,0.0,INSUFFICIENT,0.0,0.0,0.0,0.0,0-0,0,0,0.0,INSUFFICIENT,0.0,0.0,0.0,0.0,7-6,13,0.5384615384615384,9.464400946440096,HIGH,55.07751129275114,17.83245859324586,29.67667240266724,30.757356420735647
Chattanooga Mocs,187.0,-0.6840556673712967,14,6,0-0,0,0,0.0,INSUFFICIENT,0.0,0.0,0.0,0.0,0-0,0,0,0.0,INSUFFICIENT,0.0,0.0,0.0,0.0,0-0,0,0,0.0,INSUFFICIENT,0.0,0.0,0.0,0.0,6-8,14,0.42857142857142855,8.833055255667878,HIGH,54.21694965158504,18.856237118461085,26.200588870350376,29.995848464029837
Missouri State Bears,188.0,-0.8796576422541023,11,8,0-0,0,0,0.0,INSUFFICIENT,0.0,0.0,0.0,0.0,0-0,0,0,0.0,INSUFFICIENT,0.0,0.0,0.0,0.0,0-0,0,0,0.0,INSUFFICIENT,0.0,0.0,0.0,0.0,8-3,11,0.7272727272727273,9.56810631229236,HIGH,52.39368770764119,17.41573421926911,35.90139534883721,41.07829900332227
Mercer Bears,189.0,-1.0112289256836249,9,5,0-0,0,0,0.0,INSUFFICIENT,0.0,0.0,0.0,0.0,0-0,0,0,0.0,INSUFFICIENT,0.0,0.0,0.0,0.0,0-0,0,0,0.0,INSUFFICIENT,0.0,0.0,0.0,0.0,5-4,9,0.5555555555555556,17.4990420232469,HIGH,53.82306808021458,24.518112147145224,34.5731127857964,33.64298122365564
Brown Bears,190.0,-1.0479393755256865,14,6,0-0,0,0,0.0,INSUFFICIENT,0.0,0.0,0.0,0.0,0-0,0,0,0.0,INSUFFICIENT,0.0,0.0,0.0,0.0,0-0,0,0,0.0,INSUFFICIENT,0.0,0.0,0.0,0.0,6-8,14,0.42857142857142855,10.92469761997659,HIGH,51.504750292625836,22.727838470542334,32.81502145922747,24.892889192352712
Charlotte 49ers,191.0,-1.0527489326304504,15,9,0-0,0,0,0.0,INSUFFICIENT,0.0,0.0,0.0,0.0,0-0,0,0,0.0,INSUFFICIENT,0.0,0.0,0.0,0.0,0-0,0,0,0.0,INSUFFICIENT,0.0,0.0,0.0,0.0,9-6,15,0.6,2.9434850863422293,HIGH,54.336666012558865,20.021085164835167,36.772262558869706,44.87958202511775
Tennessee State Tigers,192.0,-1.071724936988673,10,8,0-0,0,0,0.0,INSUFFICIENT,0.0,0.0,0.0,0.0,0-0,0,0,0.0,INSUFFICIENT,0.0,0.0,0.0,0.0,0-0,0,0,0.0,INSUFFICIENT,0.0,0.0,0.0,0.0,8-2,10,0.8,14.142165984369184,HIGH,53.56097258404663,22.8107182731671,35.21596576107183,33.561183475995534
Davidson Wildcats,193.0,-1.127340704335822,13,7,0-0,0,0,0.0,INSUFFICIENT,0.0,0.0,0.0,0.0,0-0,0,0,0.0,INSUFFICIENT,0.0,0.0,0.0,0.0,0-0,0,0,0.0,INSUFFICIENT,0.0,0.0,0.0,0.0,7-6,13,0.5384615384615384,3.0491124904715234,HIGH,53.379451159751724,21.017194816508766,29.135195469890014,34.52941304584559
Cornell Big Red,194.0,-1.180929983395913,11,4,0-0,0,0,0.0,INSUFFICIENT,0.0,0.0,0.0,0.0,0-0,0,0,0.0,INSUFFICIENT,0.0,0.0,0.0,0.0,0-0,0,0,0.0,INSUFFICIENT,0.0,0.0,0.0,0.0,4-7,11,0.36363636363636365,6.75990675990676,HIGH,60.81130536130536,19.219009324009324,34.25391608391608,27.77769230769231
Penn State Nittany Lions,195.0,-1.2259019323482647,4,1,0-0,0,0,0.0,INSUFFICIENT,0.0,0.0,0.0,0.0,0-0,0,0,0.0,INSUFFICIENT,0.0,0.0,0.0,0.0,0-0,0,0,0.0,INSUFFICIENT,0.0,0.0,0.0,0.0,1-3,4,0.25,-8.348457350272232,MEDIUM,52.108675136116155,17.44141560798548,29.956043557168783,29.78446460980036
Lipscomb Bisons,196.0,-1.2572455419375643,11,7,0-0,0,0,0.0,INSUFFICIENT,0.0,0.0,0.0,0.0,0-0,0,0,0.0,INSUFFICIENT,0.0,0.0,0.0,0.0,0-0,0,0,0.0,INSUFFICIENT,0.0,0.0,0.0,0.0,7-4,11,0.6363636363636364,11.380118263974117,HIGH,55.41264085685597,23.63388374428205,30.043779984380233,28.757491911190446
Southeast Missouri State Redhawks,197.0,-1.3157760413158712,8,6,0-0,0,0,0.0,INSUFFICIENT,0.0,0.0,0.0,0.0,0-0,0,0,0.0,INSUFFICIENT,0.0,0.0,0.0,0.0,0-0,0,0,0.0,INSUFFICIENT,0.0,0.0,0.0,0.0,6-2,8,0.75,18.128292531763247,HIGH,55.84840409048651,23.538875116207002,29.37730089866749,38.372141307716134
Boston College Eagles,198.0,-1.356069004741144,16,7,0-0,0,0,0.0,INSUFFICIENT,0.0,0.0,0.0,0.0,0-0,0,0,0.0,INSUFFICIENT,0.0,0.0,0.0,0.0,0-0,0,0,0.0,INSUFFICIENT,0.0,0.0,0.0,0.0,7-9,16,0.4375,1.662049861495845,HIGH,46.350581717451526,15.135115420129273,30.18855032317636,36.85711911357341
Grambling Tigers,199.0,-1.4639961529681074,14,8,0-0,0,0,0.0,INSUFFICIENT,0.0,0.0,0.0,0.0,0-0,0,0,0.0,INSUFFICIENT,0.0,0.0,0.0,0.0,0-0,0,0,0.0,INSUFFICIENT,0.0,0.0,0.0,0.0,8-6,14,0.5714285714285714,3.0870344552877915,HIGH,52.08017327225653,22.50600477992432,31.57796255725951,46.2841366261701
Dartmouth Big Green,200.0,-1.5451365899660487,10,6,0-0,0,0,0.0,INSUFFICIENT,0.0,0.0,0.0,0.0,0-0,0,0,0.0,INSUFFICIENT,0.0,0.0,0.0,0.0,0-0,0,0,0.0,INSUFFICIENT,0.0,0.0,0.0,0.0,6-4,10,0.6,13.72491145218418,HIGH,56.35581463990555,15.328394332939787,33.02871900826447,38.80060507674144
Washington State Cougars,201.0,-1.5505439263390883,1,1,0-0,0,0,0.0,INSUFFICIENT,0.0,0.0,0.0,0.0,0-0,0,0,0.0,INSUFFICIENT,0.0,0.0,0.0,0.0,0-0,0,0,0.0,INSUFFICIENT,0.0,0.0,0.0,0.0,1-0,1,1.0,6.915629322268327,LOW,63.199999999999996,26.3,50.0,45.6
Western Kentucky Hilltoppers,202.0,-1.559943582997121,3,3,0-0,0,0,0.0,INSUFFICIENT,0.0,0.0,0.0,0.0,0-0,0,0,0.0,INSUFFICIENT,0.0,0.0,0.0,0.0,0-0,0,0,0.0,INSUFFICIENT,0.0,0.0,0.0,0.0,3-0,3,1.0,30.373831775700932,MEDIUM,53.86094236760125,27.261682242990656,39.87636292834891,47.14201713395638
Utah Utes,203.0,-1.8571819527708584,2,1,0-0,0,0,0.0,INSUFFICIENT,0.0,0.0,0.0,0.0,0-0,0,0,0.0,INSUFFICIENT,0.0,0.0,0.0,0.0,0-0,0,0,0.0,INSUFFICIENT,0.0,0.0,0.0,0.0,1-1,2,0.5,-3.7759597230962867,LOW,45.3981749528005,18.250912523599744,34.3665827564506,32.958779106356204
Longwood Lancers,204.0,-2.140362686449535,13,8,0-0,0,0,0.0,INSUFFICIENT,0.0,0.0,0.0,0.0,0-0,0,0,0.0,INSUFFICIENT,0.0,0.0,0.0,0.0,0-0,0,0,0.0,INSUFFICIENT,0.0,0.0,0.0,0.0,8-5,13,0.6153846153846154,11.689367757674324,HIGH,53.97641797113234,25.216212644846507,35.74820085383208,41.92510672900996
Fresno State Bulldogs,205.0,-2.140385830006636,13,7,0-0,0,0,0.0,INSUFFICIENT,0.0,0.0,0.0,0.0,0-0,0,0,0.0,INSUFFICIENT,0.0,0.0,0.0,0.0,0-0,0,0,0.0,INSUFFICIENT,0.0,0.0,0.0,0.0,7-6,13,0.5384615384615384,6.213753106876553,HIGH,52.969190140845065,24.644832228666115,29.732829328914658,34.208357497928745
Nicholls Colonels,206.0,-2.198135087484559,8,4,0-0,0,0,0.0,INSUFFICIENT,0.0,0.0,0.0,0.0,0-0,0,0,0.0,INSUFFICIENT,0.0,0.0,0.0,0.0,0-0,0,0,0.0,INSUFFICIENT,0.0,0.0,0.0,0.0,4-4,8,0.5,5.728314238952537,HIGH,56.92392798690672,24.20749590834697,31.085351882160396,38.87747954173486
Arizona State Sun Devils,207.0,-2.3207441294482294,16,10,0-0,0,0,0.0,INSUFFICIENT,0.0,0.0,0.0,0.0,0-0,0,0,0.0,INSUFFICIENT,0.0,0.0,0.0,0.0,0-0,0,0,0.0,INSUFFICIENT,0.0,0.0,0.0,0.0,10-6,16,0.625,2.519301097114994,HIGH,51.79339292970337,21.37744006501422,32.33104429093865,41.68449410808614
Valparaiso Beacons,208.0,-2.5039426625467343,3,2,0-0,0,0,0.0,INSUFFICIENT,0.0,0.0,0.0,0.0,0-0,0,0,0.0,INSUFFICIENT,0.0,0.0,0.0,0.0,0-0,0,0,0.0,INSUFFICIENT,0.0,0.0,0.0,0.0,2-1,3,0.6666666666666666,26.09067579127459,MEDIUM,51.7238237810094,23.49054747647562,40.33708297690333,25.346107784431137
Coastal Carolina Chanticleers,209.0,-2.746567440116266,15,7,0-0,0,0,0.0,INSUFFICIENT,0.0,0.0,0.0,0.0,0-0,0,0,0.0,INSUFFICIENT,0.0,0.0,0.0,0.0,0-0,0,0,0.0,INSUFFICIENT,0.0,0.0,0.0,0.0,7-8,15,0.4666666666666667,1.5512364266812668,HIGH,46.53255771512,14.952240167898532,28.5028196003285,29.991586823615304
South Dakota State Jackrabbits,210.0,-2.801142154170094,6,3,0-0,0,0,0.0,INSUFFICIENT,0.0,0.0,0.0,0.0,0-0,0,0,0.0,INSUFFICIENT,0.0,0.0,0.0,0.0,0-0,0,0,0.0,INSUFFICIENT,0.0,0.0,0.0,0.0,3-3,6,0.5,8.616562948779322,HIGH,52.26443274293921,20.811416945907137,34.14834849210149,38.223839157491625
Toledo Rockets,211.0,-3.186559115906391,6,6,0-0,0,0,0.0,INSUFFICIENT,0.0,0.0,0.0,0.0,0-0,0,0,0.0,INSUFFICIENT,0.0,0.0,0.0,0.0,0-0,0,0,0.0,INSUFFICIENT,0.0,0.0,0.0,0.0,6-0,6,1.0,24.32375760117425,HIGH,54.77624239882575,23.918473474522962,43.22879010274691,32.371419584818625
UC Davis Aggies,212.0,-3.2682461163826844,3,3,0-0,0,0,0.0,INSUFFICIENT,0.0,0.0,0.0,0.0,0-0,0,0,0.0,INSUFFICIENT,0.0,0.0,0.0,0.0,0-0,0,0,0.0,INSUFFICIENT,0.0,0.0,0.0,0.0,3-0,3,1.0,33.53204172876305,MEDIUM,57.87317436661699,26.438450074515654,40.91907600596126,41.12757078986588
Le Moyne Dolphins,213.0,-3.355511351547534,10,5,0-0,0,0,0.0,INSUFFICIENT,0.0,0.0,0.0,0.0,0-0,0,0,0.0,INSUFFICIENT,0.0,0.0,0.0,0.0,0-0,0,0,0.0,INSUFFICIENT,0.0,0.0,0.0,0.0,5-5,10,0.5,2.801120448179272,HIGH,53.580504201680675,19.467366946778714,27.985350140056024,35.68411764705882
Jacksonville State Gamecocks,214.0,-3.4663531817421216,9,4,0-0,0,0,0.0,INSUFFICIENT,0.0,0.0,0.0,0.0,0-0,0,0,0.0,INSUFFICIENT,0.0,0.0,0.0,0.0,0-0,0,0,0.0,INSUFFICIENT,0.0,0.0,0.0,0.0,4-5,9,0.4444444444444444,20.29966167230546,HIGH,53.917431931690025,17.093716771387143,36.034428870629924,42.240712099242785
Boston University Terriers,215.0,-3.5084462750993595,15,6,0-0,0,0,0.0,INSUFFICIENT,0.0,0.0,0.0,0.0,0-0,0,0,0.0,INSUFFICIENT,0.0,0.0,0.0,0.0,0-0,0,0,0.0,INSUFFICIENT,0.0,0.0,0.0,0.0,6-9,15,0.4,-0.30404378230465184,HIGH,58.75577176446741,17.72711057058883,29.219347319347317,30.597314279922973
Wagner Seahawks,216.0,-3.63243175580962,3,3,0-0,0,0,0.0,INSUFFICIENT,0.0,0.0,0.0,0.0,0-0,0,0,0.0,INSUFFICIENT,0.0,0.0,0.0,0.0,0-0,0,0,0.0,INSUFFICIENT,0.0,0.0,0.0,0.0,3-0,3,1.0,30.51261187957689,MEDIUM,53.56387306753458,25.63181448331977,43.59755899104963,22.01940602115541
Memphis Tigers,217.0,-3.654890336688055,11,5,0-0,0,0,0.0,INSUFFICIENT,0.0,0.0,0.0,0.0,0-0,0,0,0.0,INSUFFICIENT,0.0,0.0,0.0,0.0,0-0,0,0,0.0,INSUFFICIENT,0.0,0.0,0.0,0.0,5-6,11,0.45454545454545453,1.3957619591422405,HIGH,49.25052658292093,21.81282832127902,37.071183859916246,35.225072960284216
UT Rio Grande Valley Vaqueros,218.0,-3.660316185049055,2,2,0-0,0,0,0.0,INSUFFICIENT,0.0,0.0,0.0,0.0,0-0,0,0,0.0,INSUFFICIENT,0.0,0.0,0.0,0.0,0-0,0,0,0.0,INSUFFICIENT,0.0,0.0,0.0,0.0,2-0,2,1.0,67.8866587957497,LOW,66.50566706021252,25.35330578512397,49.29338842975206,32.341027154663514
Southern Illinois Salukis,219.0,-3.7054332013115774,5,3,0-0,0,0,0.0,INSUFFICIENT,0.0,0.0,0.0,0.0,0-0,0,0,0.0,INSUFFICIENT,0.0,0.0,0.0,0.0,0-0,0,0,0.0,INSUFFICIENT,0.0,0.0,0.0,0.0,3-2,5,0.6,14.535666218034994,HIGH,52.42904441453567,20.727913862718708,28.274024226110363,37.13720053835801
Oregon State Beavers,220.0,-3.7163071964562846,10,5,0-0,0,0,0.0,INSUFFICIENT,0.0,0.0,0.0,0.0,0-0,0,0,0.0,INSUFFICIENT,0.0,0.0,0.0,0.0,0-0,0,0,0.0,INSUFFICIENT,0.0,0.0,0.0,0.0,5-5,10,0.5,-6.352087114337568,HIGH,53.121143375680575,17.700347852389594,24.57964307320024,41.007199032062914
Southern Miss Golden Eagles,221.0,-3.723531820082357,6,6,0-0,0,0,0.0,INSUFFICIENT,0.0,0.0,0.0,0.0,0-0,0,0,0.0,INSUFFICIENT,0.0,0.0,0.0,0.0,0-0,0,0,0.0,INSUFFICIENT,0.0,0.0,0.0,0.0,6-0,6,1.0,23.234829686442595,HIGH,55.3440108278818,20.985224452966392,31.70703812316716,35.634040153395
Loyola Maryland Greyhounds,222.0,-3.9381978508564823,7,3,0-0,0,0,0.0,INSUFFICIENT,0.0,0.0,0.0,0.0,0-0,0,0,0.0,INSUFFICIENT,0.0,0.0,0.0,0.0,0-0,0,0,0.0,INSUFFICIENT,0.0,0.0,0.0,0.0,3-4,7,0.42857142857142855,12.292562999385371,HIGH,51.00960868674452,18.84494980536775,36.87137881581643,33.62663388649867
Indiana State Sycamores,223.0,-4.078117584744376,8,6,0-0,0,0,0.0,INSUFFICIENT,0.0,0.0,0.0,0.0,0-0,0,0,0.0,INSUFFICIENT,0.0,0.0,0.0,0.0,0-0,0,0,0.0,INSUFFICIENT,0.0,0.0,0.0,0.0,6-2,8,0.75,18.27768014059754,HIGH,56.158224956063265,19.34785588752197,27.471265377855882,23.622407732864673
Central Arkansas Bears,224.0,-4.193616537023814,15,7,0-0,0,0,0.0,INSUFFICIENT,0.0,0.0,0.0,0.0,0-0,0,0,0.0,INSUFFICIENT,0.0,0.0,0.0,0.0,0-0,0,0,0.0,INSUFFICIENT,0.0,0.0,0.0,0.0,7-8,15,0.4666666666666667,7.006584501097417,HIGH,54.37608475434747,24.24707918284653,31.3977291912882,27.332137430356244
Saint Joseph's Hawks,225.0,-4.2255970563967225,7,3,0-0,0,0,0.0,INSUFFICIENT,0.0,0.0,0.0,0.0,0-0,0,0,0.0,INSUFFICIENT,0.0,0.0,0.0,0.0,0-0,0,0,0.0,INSUFFICIENT,0.0,0.0,0.0,0.0,3-4,7,0.42857142857142855,-3.79746835443038,HIGH,48.418312236286916,14.145506329113926,41.25778481012658,38.113354430379744
Howard Bison,226.0,-4.3808979518563405,12,6,0-0,0,0,0.0,INSUFFICIENT,0.0,0.0,0.0,0.0,0-0,0,0,0.0,INSUFFICIENT,0.0,0.0,0.0,0.0,0-0,0,0,0.0,INSUFFICIENT,0.0,0.0,0.0,0.0,6-6,12,0.5,5.855424252102629,HIGH,49.82596614500159,24.92967103161929,33.17059512402853,44.377802618971565
South Carolina Upstate Spartans,227.0,-4.50274000125566,9,4,0-0,0,0,0.0,INSUFFICIENT,0.0,0.0,0.0,0.0,0-0,0,0,0.0,INSUFFICIENT,0.0,0.0,0.0,0.0,0-0,0,0,0.0,INSUFFICIENT,0.0,0.0,0.0,0.0,4-5,9,0.4444444444444444,15.620602307908808,HIGH,51.991612721643676,22.232451449479306,30.36066704193638,35.63896707008161
American University Eagles,228.0,-4.59986721853555,17,9,0-0,0,0,0.0,INSUFFICIENT,0.0,0.0,0.0,0.0,0-0,0,0,0.0,INSUFFICIENT,0.0,0.0,0.0,0.0,0-0,0,0,0.0,INSUFFICIENT,0.0,0.0,0.0,0.0,9-8,17,0.5294117647058824,4.840117432357376,HIGH,53.72138379750853,20.46717448226613,27.320249147028484,31.458724113306356
South Dakota Coyotes,229.0,-4.657973116363181,8,5,0-0,0,0,0.0,INSUFFICIENT,0.0,0.0,0.0,0.0,0-0,0,0,0.0,INSUFFICIENT,0.0,0.0,0.0,0.0,0-0,0,0,0.0,INSUFFICIENT,0.0,0.0,0.0,0.0,5-3,8,0.625,10.67388880038235,HIGH,53.45257288513622,20.539429663852165,37.07094153257926,48.209893261112
Northeastern Huskies,230.0,-4.740879896183671,7,0,0-0,0,0,0.0,INSUFFICIENT,0.0,0.0,0.0,0.0,0-0,0,0,0.0,INSUFFICIENT,0.0,0.0,0.0,0.0,0-0,0,0,0.0,INSUFFICIENT,0.0,0.0,0.0,0.0,0-7,7,0.0,-13.937966234786023,HIGH,52.20094228504123,21.779583824106794,28.848586572438165,36.42365528072242
Florida State Seminoles,231.0,-4.840866016881833,10,4,0-0,0,0,0.0,INSUFFICIENT,0.0,0.0,0.0,0.0,0-0,0,0,0.0,INSUFFICIENT,0.0,0.0,0.0,0.0,0-0,0,0,0.0,INSUFFICIENT,0.0,0.0,0.0,0.0,4-6,10,0.4,-4.9770290964777955,HIGH,50.105895865237365,18.25662327718224,32.96438233792752,31.950982644206228
Drake Bulldogs,232.0,-5.017089533241986,14,7,0-0,0,0,0.0,INSUFFICIENT,0.0,0.0,0.0,0.0,0-0,0,0,0.0,INSUFFICIENT,0.0,0.0,0.0,0.0,0-0,0,0,0.0,INSUFFICIENT,0.0,0.0,0.0,0.0,7-7,14,0.5,10.46337817638266,HIGH,54.30512207274538,18.626656701544597,28.327483806676625,31.85907324364723
Marquette Golden Eagles,233.0,-5.040575207620819,11,4,0-0,0,0,0.0,INSUFFICIENT,0.0,0.0,0.0,0.0,0-0,0,0,0.0,INSUFFICIENT,0.0,0.0,0.0,0.0,0-0,0,0,0.0,INSUFFICIENT,0.0,0.0,0.0,0.0,4-7,11,0.36363636363636365,-2.901003263628671,HIGH,45.70204278979813,18.709041460171644,32.66978121600386,34.941992022241024
Incarnate Word Cardinals,234.0,-5.076387618233269,13,7,0-0,0,0,0.0,INSUFFICIENT,0.0,0.0,0.0,0.0,0-0,0,0,0.0,INSUFFICIENT,0.0,0.0,0.0,0.0,0-0,0,0,0.0,INSUFFICIENT,0.0,0.0,0.0,0.0,7-6,13,0.5384615384615384,14.959723820483314,HIGH,54.71813997280051,21.24848833559996,38.36427450570143,33.07091745998536
Merrimack Warriors,235.0,-5.0783560566716375,10,5,0-0,0,0,0.0,INSUFFICIENT,0.0,0.0,0.0,0.0,0-0,0,0,0.0,INSUFFICIENT,0.0,0.0,0.0,0.0,0-0,0,0,0.0,INSUFFICIENT,0.0,0.0,0.0,0.0,5-5,10,0.5,-4.095363463507386,HIGH,46.56653502998391,19.905499488079563,24.342679537808984,40.86788064940763
Milwaukee Panthers,236.0,-5.149565117570248,10,4,0-0,0,0,0.0,INSUFFICIENT,0.0,0.0,0.0,0.0,0-0,0,0,0.0,INSUFFICIENT,0.0,0.0,0.0,0.0,0-0,0,0,0.0,INSUFFICIENT,0.0,0.0,0.0,0.0,4-6,10,0.4,-1.0948405638428904,HIGH,49.48966744217873,18.469399206240592,34.559559326673046,29.882181469823454
Florida International Panthers,237.0,-5.199300310671106,15,8,0-0,0,0,0.0,INSUFFICIENT,0.0,0.0,0.0,0.0,0-0,0,0,0.0,INSUFFICIENT,0.0,0.0,0.0,0.0,0-0,0,0,0.0,INSUFFICIENT,0.0,0.0,0.0,0.0,8-7,15,0.5333333333333333,8.739687984971004,HIGH,53.9479294290615,24.177497345421873,36.745037980887034,38.23295760842931
Montana Grizzlies,238.0,-5.200244569276663,12,7,0-0,0,0,0.0,INSUFFICIENT,0.0,0.0,0.0,0.0,0-0,0,0,0.0,INSUFFICIENT,0.0,0.0,0.0,0.0,0-0,0,0,0.0,INSUFFICIENT,0.0,0.0,0.0,0.0,7-5,12,0.5833333333333334,15.695573622402891,HIGH,59.78862917795845,19.87135275519422,26.48483514001807,39.107621951219514
Colgate Raiders,239.0,-5.291970272878245,15,7,0-0,0,0,0.0,INSUFFICIENT,0.0,0.0,0.0,0.0,0-0,0,0,0.0,INSUFFICIENT,0.0,0.0,0.0,0.0,0-0,0,0,0.0,INSUFFICIENT,0.0,0.0,0.0,0.0,7-8,15,0.4666666666666667,2.546929534949533,HIGH,55.50350910291482,18.015413640222622,25.673559098198282,25.464286388076598
Delaware Blue Hens,240.0,-5.308926724584978,13,5,0-0,0,0,0.0,INSUFFICIENT,0.0,0.0,0.0,0.0,0-0,0,0,0.0,INSUFFICIENT,0.0,0.0,0.0,0.0,0-0,0,0,0.0,INSUFFICIENT,0.0,0.0,0.0,0.0,5-8,13,0.38461538461538464,-3.88861013547416,HIGH,52.85550677370798,13.679290015052684,20.879904666332166,25.393640240842952
Cal State Northridge Matadors,241.0,-5.316881348105937,15,8,0-0,0,0,0.0,INSUFFICIENT,0.0,0.0,0.0,0.0,0-0,0,0,0.0,INSUFFICIENT,0.0,0.0,0.0,0.0,0-0,0,0,0.0,INSUFFICIENT,0.0,0.0,0.0,0.0,8-7,15,0.5333333333333333,0.8697921196833956,HIGH,52.029207619378965,19.659702531095068,33.55297034008871,37.59992171870922
Cal Poly Mustangs,242.0,-5.319502610066834,18,7,0-0,0,0,0.0,INSUFFICIENT,0.0,0.0,0.0,0.0,0-0,0,0,0.0,INSUFFICIENT,0.0,0.0,0.0,0.0,0-0,0,0,0.0,INSUFFICIENT,0.0,0.0,0.0,0.0,7-11,18,0.3888888888888889,-5.074302283436028,HIGH,51.29088075389634,19.214432765494745,29.065168539325843,40.8716346502356
Detroit Mercy Titans,243.0,-5.3782698814281815,13,5,0-0,0,0,0.0,INSUFFICIENT,0.0,0.0,0.0,0.0,0-0,0,0,0.0,INSUFFICIENT,0.0,0.0,0.0,0.0,0-0,0,0,0.0,INSUFFICIENT,0.0,0.0,0.0,0.0,5-8,13,0.38461538461538464,-2.014846235418876,HIGH,47.906055143160124,17.59942735949099,36.09011664899257,37.90177094379639
Sacred Heart Pioneers,244.0,-5.436215675335717,5,1,0-0,0,0,0.0,INSUFFICIENT,0.0,0.0,0.0,0.0,0-0,0,0,0.0,INSUFFICIENT,0.0,0.0,0.0,0.0,0-0,0,0,0.0,INSUFFICIENT,0.0,0.0,0.0,0.0,1-4,5,0.2,-7.109004739336494,HIGH,52.806457345971566,19.561374407582942,34.27636255924171,10.525029620853083
UIC Flames,245.0,-5.618640130010306,5,3,0-0,0,0,0.0,INSUFFICIENT,0.0,0.0,0.0,0.0,0-0,0,0,0.0,INSUFFICIENT,0.0,0.0,0.0,0.0,0-0,0,0,0.0,INSUFFICIENT,0.0,0.0,0.0,0.0,3-2,5,0.6,19.436079934300572,HIGH,56.21185327128388,22.72496578154941,41.67889405967698,38.47974267725157
Cal State Bakersfield Roadrunners,246.0,-5.727065280193997,18,8,0-0,0,0,0.0,INSUFFICIENT,0.0,0.0,0.0,0.0,0-0,0,0,0.0,INSUFFICIENT,0.0,0.0,0.0,0.0,0-0,0,0,0.0,INSUFFICIENT,0.0,0.0,0.0,0.0,8-10,18,0.4444444444444444,-5.407006888378638,HIGH,46.93444930005184,22.14290793274572,33.15611436189912,44.456492111695425
Utah Tech Trailblazers,248.0,-5.913849703506813,5,4,0-0,0,0,0.0,INSUFFICIENT,0.0,0.0,0.0,0.0,0-0,0,0,0.0,INSUFFICIENT,0.0,0.0,0.0,0.0,0-0,0,0,0.0,INSUFFICIENT,0.0,0.0,0.0,0.0,4-1,5,0.8,28.79078694817659,HIGH,59.48469289827256,25.435556621881002,31.284021113243767,42.94316218809981
Green Bay Phoenix,249.0,-6.164396150759629,16,10,0-0,0,0,0.0,INSUFFICIENT,0.0,0.0,0.0,0.0,0-0,0,0,0.0,INSUFFICIENT,0.0,0.0,0.0,0.0,0-0,0,0,0.0,INSUFFICIENT,0.0,0.0,0.0,0.0,10-6,16,0.625,1.5070170481303569,HIGH,54.65677686728831,16.292907601017237,25.61871526796647,45.37477630215692
Boise State Broncos,250.0,-6.179579911672391,16,9,0-0,0,0,0.0,INSUFFICIENT,0.0,0.0,0.0,0.0,0-0,0,0,0.0,INSUFFICIENT,0.0,0.0,0.0,0.0,0-0,0,0,0.0,INSUFFICIENT,0.0,0.0,0.0,0.0,9-7,16,0.5625,3.7666433076384025,HIGH,48.72311667834619,17.449351786965664,30.19564646110722,41.21698493342677
Florida Gulf Coast Eagles,251.0,-6.190531574442616,13,6,0-0,0,0,0.0,INSUFFICIENT,0.0,0.0,0.0,0.0,0-0,0,0,0.0,INSUFFICIENT,0.0,0.0,0.0,0.0,0-0,0,0,0.0,INSUFFICIENT,0.0,0.0,0.0,0.0,6-7,13,0.46153846153846156,3.190746834180876,HIGH,51.390936284774156,20.230541429853425,35.67917040582312,30.69690896400439
Texas A&M-Corpus Christi Islanders,252.0,-6.375248860824328,6,5,0-0,0,0,0.0,INSUFFICIENT,0.0,0.0,0.0,0.0,0-0,0,0,0.0,INSUFFICIENT,0.0,0.0,0.0,0.0,0-0,0,0,0.0,INSUFFICIENT,0.0,0.0,0.0,0.0,5-1,6,0.8333333333333334,33.42005203121873,HIGH,58.36852111266761,25.207264358615173,40.439703822293374,29.351070642385427
San Diego Toreros,253.0,-6.536392234333945,8,2,0-0,0,0,0.0,INSUFFICIENT,0.0,0.0,0.0,0.0,0-0,0,0,0.0,INSUFFICIENT,0.0,0.0,0.0,0.0,0-0,0,0,0.0,INSUFFICIENT,0.0,0.0,0.0,0.0,2-6,8,0.25,-13.10255580718214,HIGH,48.72080232934326,23.45585571012617,29.313280491750238,22.013523131672596
Purdue Fort Wayne Mastodons,254.0,-6.915578786322158,8,5,0-0,0,0,0.0,INSUFFICIENT,0.0,0.0,0.0,0.0,0-0,0,0,0.0,INSUFFICIENT,0.0,0.0,0.0,0.0,0-0,0,0,0.0,INSUFFICIENT,0.0,0.0,0.0,0.0,5-3,8,0.625,17.691287041132245,HIGH,58.57372843874392,25.07994987468672,28.9672268907563,26.07166445525579
Princeton Tigers,255.0,-6.93823961370822,7,3,0-0,0,0,0.0,INSUFFICIENT,0.0,0.0,0.0,0.0,0-0,0,0,0.0,INSUFFICIENT,0.0,0.0,0.0,0.0,0-0,0,0,0.0,INSUFFICIENT,0.0,0.0,0.0,0.0,3-4,7,0.42857142857142855,10.68566340160285,HIGH,56.044100623330365,14.477292965271596,26.493299198575244,28.49503561887801
Mercyhurst Lakers,256.0,-6.983115866417506,8,4,0-0,0,0,0.0,INSUFFICIENT,0.0,0.0,0.0,0.0,0-0,0,0,0.0,INSUFFICIENT,0.0,0.0,0.0,0.0,0-0,0,0,0.0,INSUFFICIENT,0.0,0.0,0.0,0.0,4-4,8,0.5,3.54251012145749,HIGH,52.34755398110662,24.649105937921732,26.47317813765182,25.011285425101214
Alabama A&M Bulldogs,257.0,-7.17713474812858,16,8,0-0,0,0,0.0,INSUFFICIENT,0.0,0.0,0.0,0.0,0-0,0,0,0.0,INSUFFICIENT,0.0,0.0,0.0,0.0,0-0,0,0,0.0,INSUFFICIENT,0.0,0.0,0.0,0.0,8-8,16,0.5,-2.8230580092887716,HIGH,47.8420635643384,18.02874965850105,30.123549767780712,42.7767962844914
Presbyterian Blue Hose,258.0,-7.322029426616581,10,5,0-0,0,0,0.0,INSUFFICIENT,0.0,0.0,0.0,0.0,0-0,0,0,0.0,INSUFFICIENT,0.0,0.0,0.0,0.0,0-0,0,0,0.0,INSUFFICIENT,0.0,0.0,0.0,0.0,5-5,10,0.5,7.432641684732117,HIGH,50.933725611644476,15.488185196655312,35.21495819139052,42.58267265407247
Towson Tigers,259.0,-7.384986887305416,5,2,0-0,0,0,0.0,INSUFFICIENT,0.0,0.0,0.0,0.0,0-0,0,0,0.0,INSUFFICIENT,0.0,0.0,0.0,0.0,0-0,0,0,0.0,INSUFFICIENT,0.0,0.0,0.0,0.0,2-3,5,0.4,9.026258205689278,HIGH,60.2695021881838,19.69116520787746,37.02508205689278,24.431373085339164
Ohio Bobcats,260.0,-7.53557179137276,4,3,0-0,0,0,0.0,INSUFFICIENT,0.0,0.0,0.0,0.0,0-0,0,0,0.0,INSUFFICIENT,0.0,0.0,0.0,0.0,0-0,0,0,0.0,INSUFFICIENT,0.0,0.0,0.0,0.0,3-1,4,0.75,15.605875152998777,MEDIUM,60.888372093023264,26.024877600979195,32.08353733170135,28.918451652386782
Abilene Christian Wildcats,261.0,-7.656032632884262,17,10,0-0,0,0,0.0,INSUFFICIENT,0.0,0.0,0.0,0.0,0-0,0,0,0.0,INSUFFICIENT,0.0,0.0,0.0,0.0,0-0,0,0,0.0,INSUFFICIENT,0.0,0.0,0.0,0.0,10-7,17,0.5882352941176471,2.64244426094137,HIGH,51.9891990090834,23.53022295623451,36.908819157720885,37.149867877786946
North Dakota Fighting Hawks,262.0,-7.850505229640674,11,8,0-0,0,0,0.0,INSUFFICIENT,0.0,0.0,0.0,0.0,0-0,0,0,0.0,INSUFFICIENT,0.0,0.0,0.0,0.0,0-0,0,0,0.0,INSUFFICIENT,0.0,0.0,0.0,0.0,8-3,11,0.7272727272727273,17.30599647266314,HIGH,53.371505731922404,26.01491402116402,36.2527557319224,36.136838624338615
Maryland Terrapins,263.0,-8.20921895629931,8,4,0-0,0,0,0.0,INSUFFICIENT,0.0,0.0,0.0,0.0,0-0,0,0,0.0,INSUFFICIENT,0.0,0.0,0.0,0.0,0-0,0,0,0.0,INSUFFICIENT,0.0,0.0,0.0,0.0,4-4,8,0.5,0.8925383791503033,HIGH,47.10392716886826,18.379418064976793,37.14355587290253,43.26861835058907
Stony Brook Seawolves,264.0,-8.390658066923052,6,2,0-0,0,0,0.0,INSUFFICIENT,0.0,0.0,0.0,0.0,0-0,0,0,0.0,INSUFFICIENT,0.0,0.0,0.0,0.0,0-0,0,0,0.0,INSUFFICIENT,0.0,0.0,0.0,0.0,2-4,6,0.3333333333333333,5.667649059170256,HIGH,51.961777374744955,20.85366130129222,27.753774654273403,21.603581954205396
Omaha Mavericks,265.0,-8.404494868878857,8,6,0-0,0,0,0.0,INSUFFICIENT,0.0,0.0,0.0,0.0,0-0,0,0,0.0,INSUFFICIENT,0.0,0.0,0.0,0.0,0-0,0,0,0.0,INSUFFICIENT,0.0,0.0,0.0,0.0,6-2,8,0.75,11.771000535045479,HIGH,56.19550561797753,17.31858391296593,31.501337613697167,28.3438023898698
Cal State Fullerton Titans,266.0,-8.49291922232517,17,8,0-0,0,0,0.0,INSUFFICIENT,0.0,0.0,0.0,0.0,0-0,0,0,0.0,INSUFFICIENT,0.0,0.0,0.0,0.0,0-0,0,0,0.0,INSUFFICIENT,0.0,0.0,0.0,0.0,8-9,17,0.47058823529411764,1.6491445062873633,HIGH,54.34621040335327,22.610719439290868,26.964715179000894,41.60114065828352
Portland Pilots,267.0,-8.50367452169057,11,3,0-0,0,0,0.0,INSUFFICIENT,0.0,0.0,0.0,0.0,0-0,0,0,0.0,INSUFFICIENT,0.0,0.0,0.0,0.0,0-0,0,0,0.0,INSUFFICIENT,0.0,0.0,0.0,0.0,3-8,11,0.2727272727272727,-8.753592892605171,HIGH,51.206846093545856,17.259694277501954,33.3691011235955,40.512098249281415
Old Dominion Monarchs,268.0,-8.573888341487233,5,1,0-0,0,0,0.0,INSUFFICIENT,0.0,0.0,0.0,0.0,0-0,0,0,0.0,INSUFFICIENT,0.0,0.0,0.0,0.0,0-0,0,0,0.0,INSUFFICIENT,0.0,0.0,0.0,0.0,1-4,5,0.2,-7.0825388177608275,HIGH,49.55540724598202,13.630182511577225,26.564669027512934,30.471179515118493
Army Black Knights,269.0,-8.64861960091008,17,7,0-0,0,0,0.0,INSUFFICIENT,0.0,0.0,0.0,0.0,0-0,0,0,0.0,INSUFFICIENT,0.0,0.0,0.0,0.0,0-0,0,0,0.0,INSUFFICIENT,0.0,0.0,0.0,0.0,7-10,17,0.4117647058823529,-4.176904176904177,HIGH,50.950958230958236,18.355773955773955,31.199443079443082,28.471179361179367
Norfolk State Spartans,270.0,-8.660399768916875,10,4,0-0,0,0,0.0,INSUFFICIENT,0.0,0.0,0.0,0.0,0-0,0,0,0.0,INSUFFICIENT,0.0,0.0,0.0,0.0,0-0,0,0,0.0,INSUFFICIENT,0.0,0.0,0.0,0.0,4-6,10,0.4,13.170147665292003,HIGH,53.08250631901024,21.022708527338033,39.470427032060655,38.227550884661426
Western Michigan Broncos,271.0,-9.004877759814278,3,2,0-0,0,0,0.0,INSUFFICIENT,0.0,0.0,0.0,0.0,0-0,0,0,0.0,INSUFFICIENT,0.0,0.0,0.0,0.0,0-0,0,0,0.0,INSUFFICIENT,0.0,0.0,0.0,0.0,2-1,3,0.6666666666666666,19.23076923076923,MEDIUM,57.00863338788871,23.29656301145663,34.514525368248776,35.30560556464812
Denver Pioneers,272.0,-9.088764478628022,16,7,0-0,0,0,0.0,INSUFFICIENT,0.0,0.0,0.0,0.0,0-0,0,0,0.0,INSUFFICIENT,0.0,0.0,0.0,0.0,0-0,0,0,0.0,INSUFFICIENT,0.0,0.0,0.0,0.0,7-9,16,0.4375,1.7860180302772581,HIGH,55.85581731587005,18.19603674094234,32.16453478482736,36.395832624596025
UNC Asheville Bulldogs,273.0,-9.504498263742237,6,4,0-0,0,0,0.0,INSUFFICIENT,0.0,0.0,0.0,0.0,0-0,0,0,0.0,INSUFFICIENT,0.0,0.0,0.0,0.0,0-0,0,0,0.0,INSUFFICIENT,0.0,0.0,0.0,0.0,4-2,6,0.6666666666666666,14.622641509433961,HIGH,56.76627358490566,21.21617924528302,37.28341981132076,35.283726415094335
Middle Tennessee Blue Raiders,274.0,-9.505496789172554,8,7,0-0,0,0,0.0,INSUFFICIENT,0.0,0.0,0.0,0.0,0-0,0,0,0.0,INSUFFICIENT,0.0,0.0,0.0,0.0,0-0,0,0,0.0,INSUFFICIENT,0.0,0.0,0.0,0.0,7-1,8,0.875,22.3807979240999,HIGH,53.89894583198183,20.76949399935128,31.330343820953615,26.879468050600064
Loyola Chicago Ramblers,275.0,-9.695071965830408,10,3,0-0,0,0,0.0,INSUFFICIENT,0.0,0.0,0.0,0.0,0-0,0,0,0.0,INSUFFICIENT,0.0,0.0,0.0,0.0,0-0,0,0,0.0,INSUFFICIENT,0.0,0.0,0.0,0.0,3-7,10,0.3,-14.319809069212411,HIGH,48.131725196045,12.276082509376064,32.403153767473576,36.849642004773266
North Alabama Lions,276.0,-9.984346491752548,5,4,0-0,0,0,0.0,INSUFFICIENT,0.0,0.0,0.0,0.0,0-0,0,0,0.0,INSUFFICIENT,0.0,0.0,0.0,0.0,0-0,0,0,0.0,INSUFFICIENT,0.0,0.0,0.0,0.0,4-1,5,0.8,10.889774236387781,HIGH,51.467808764940244,21.7806374501992,38.85436918990703,39.88610889774235
Lehigh Mountain Hawks,277.0,-10.135239414127398,10,4,0-0,0,0,0.0,INSUFFICIENT,0.0,0.0,0.0,0.0,0-0,0,0,0.0,INSUFFICIENT,0.0,0.0,0.0,0.0,0-0,0,0,0.0,INSUFFICIENT,0.0,0.0,0.0,0.0,4-6,10,0.4,-1.2731645211486775,HIGH,50.486829820342344,20.49826000848777,29.359202150233422,34.16815674069883
New Orleans Privateers,278.0,-10.213518558336103,8,3,0-0,0,0,0.0,INSUFFICIENT,0.0,0.0,0.0,0.0,0-0,0,0,0.0,INSUFFICIENT,0.0,0.0,0.0,0.0,0-0,0,0,0.0,INSUFFICIENT,0.0,0.0,0.0,0.0,3-5,8,0.375,-6.515906477577617,HIGH,51.926504407819095,17.061536987351477,38.33553085473362,38.38348026063626
Bellarmine Knights,279.0,-10.489907443240654,16,6,0-0,0,0,0.0,INSUFFICIENT,0.0,0.0,0.0,0.0,0-0,0,0,0.0,INSUFFICIENT,0.0,0.0,0.0,0.0,0-0,0,0,0.0,INSUFFICIENT,0.0,0.0,0.0,0.0,6-10,16,0.375,-3.068022440392707,HIGH,59.45326963534362,20.169530154277698,21.103830645161292,37.99154978962132
UMass Lowell River Hawks,280.0,-10.534055187447066,4,3,0-0,0,0,0.0,INSUFFICIENT,0.0,0.0,0.0,0.0,0-0,0,0,0.0,INSUFFICIENT,0.0,0.0,0.0,0.0,0-0,0,0,0.0,INSUFFICIENT,0.0,0.0,0.0,0.0,3-1,4,0.75,28.292989625903804,MEDIUM,59.9174159069475,21.042250864508016,50.2500471549827,46.192580949386986
Oakland Golden Grizzlies,281.0,-10.61549241568845,9,5,0-0,0,0,0.0,INSUFFICIENT,0.0,0.0,0.0,0.0,0-0,0,0,0.0,INSUFFICIENT,0.0,0.0,0.0,0.0,0-0,0,0,0.0,INSUFFICIENT,0.0,0.0,0.0,0.0,5-4,9,0.5555555555555556,8.362557323981655,HIGH,56.92017804154301,21.985985972484485,30.628082007013752,44.11843809009981
Tennessee Tech Golden Eagles,282.0,-10.625185002399505,8,5,0-0,0,0,0.0,INSUFFICIENT,0.0,0.0,0.0,0.0,0-0,0,0,0.0,INSUFFICIENT,0.0,0.0,0.0,0.0,0-0,0,0,0.0,INSUFFICIENT,0.0,0.0,0.0,0.0,5-3,8,0.625,18.32856902639986,HIGH,55.89260131158567,21.536186312426434,31.460770136203127,32.704825962670256
Rutgers Scarlet Knights,283.0,-10.679768200789354,3,1,0-0,0,0,0.0,INSUFFICIENT,0.0,0.0,0.0,0.0,0-0,0,0,0.0,INSUFFICIENT,0.0,0.0,0.0,0.0,0-0,0,0,0.0,INSUFFICIENT,0.0,0.0,0.0,0.0,1-2,3,0.3333333333333333,-15.709376534118801,MEDIUM,49.77707412862051,20.108836524300443,42.03298969072165,43.50054000981836
Rice Owls,284.0,-10.750320397773791,8,4,0-0,0,0,0.0,INSUFFICIENT,0.0,0.0,0.0,0.0,0-0,0,0,0.0,INSUFFICIENT,0.0,0.0,0.0,0.0,0-0,0,0,0.0,INSUFFICIENT,0.0,0.0,0.0,0.0,4-4,8,0.5,3.8603558241020477,HIGH,50.092900302114806,22.320006713662302,36.62767707284324,39.813746223564955
SE Louisiana Lions,285.0,-10.771438780166434,3,1,0-0,0,0,0.0,INSUFFICIENT,0.0,0.0,0.0,0.0,0-0,0,0,0.0,INSUFFICIENT,0.0,0.0,0.0,0.0,0-0,0,0,0.0,INSUFFICIENT,0.0,0.0,0.0,0.0,1-2,3,0.3333333333333333,1.5298317185109636,MEDIUM,48.12371239163692,18.85512493625701,28.71285058643549,19.681030086690463
Campbell Fighting Camels,286.0,-11.11055136795052,17,8,0-0,0,0,0.0,INSUFFICIENT,0.0,0.0,0.0,0.0,0-0,0,0,0.0,INSUFFICIENT,0.0,0.0,0.0,0.0,0-0,0,0,0.0,INSUFFICIENT,0.0,0.0,0.0,0.0,8-9,17,0.47058823529411764,2.4927942665731875,HIGH,51.92002804393551,21.428550284334346,37.695053361377276,45.179340967515785
IU Indianapolis Jaguars,287.0,-11.207828305734935,9,3,0-0,0,0,0.0,INSUFFICIENT,0.0,0.0,0.0,0.0,0-0,0,0,0.0,INSUFFICIENT,0.0,0.0,0.0,0.0,0-0,0,0,0.0,INSUFFICIENT,0.0,0.0,0.0,0.0,3-6,9,0.3333333333333333,4.075272683686924,HIGH,54.38790602900636,27.447309121419156,31.915701785928327,19.132374445643055
Manhattan Jaspers,288.0,-11.234802610432894,12,7,0-0,0,0,0.0,INSUFFICIENT,0.0,0.0,0.0,0.0,0-0,0,0,0.0,INSUFFICIENT,0.0,0.0,0.0,0.0,0-0,0,0,0.0,INSUFFICIENT,0.0,0.0,0.0,0.0,7-5,12,0.5833333333333334,0.34137460172963136,HIGH,51.9890077378243,17.637084660901227,34.867000455166135,39.67242831133365
Long Beach State Beach,289.0,-11.563207751192763,12,4,0-0,0,0,0.0,INSUFFICIENT,0.0,0.0,0.0,0.0,0-0,0,0,0.0,INSUFFICIENT,0.0,0.0,0.0,0.0,0-0,0,0,0.0,INSUFFICIENT,0.0,0.0,0.0,0.0,4-8,12,0.3333333333333333,-0.3291278113000548,HIGH,51.914360943499716,22.4921009325288,31.968557323093798,25.429149753154135
Maine Black Bears,290.0,-11.583780101061665,10,2,0-0,0,0,0.0,INSUFFICIENT,0.0,0.0,0.0,0.0,0-0,0,0,0.0,INSUFFICIENT,0.0,0.0,0.0,0.0,0-0,0,0,0.0,INSUFFICIENT,0.0,0.0,0.0,0.0,2-8,10,0.2,-9.053245358293694,HIGH,53.85350621451588,18.870845481049557,23.29955500997391,33.68134110787172
Northern Arizona Lumberjacks,291.0,-11.584994267819724,8,5,0-0,0,0,0.0,INSUFFICIENT,0.0,0.0,0.0,0.0,0-0,0,0,0.0,INSUFFICIENT,0.0,0.0,0.0,0.0,0-0,0,0,0.0,INSUFFICIENT,0.0,0.0,0.0,0.0,5-3,8,0.625,15.614506380120885,HIGH,58.45436534586972,20.669140362659505,27.89845533915379,38.15674949630625
Houston Christian Huskies,292.0,-11.673047768717936,14,5,0-0,0,0,0.0,INSUFFICIENT,0.0,0.0,0.0,0.0,0-0,0,0,0.0,INSUFFICIENT,0.0,0.0,0.0,0.0,0-0,0,0,0.0,INSUFFICIENT,0.0,0.0,0.0,0.0,5-9,14,0.35714285714285715,-8.25658939345824,HIGH,50.94991002434635,19.06133163967397,29.541621678839835,36.58091457605588
Stonehill Skyhawks,293.0,-11.783813517105926,5,3,0-0,0,0,0.0,INSUFFICIENT,0.0,0.0,0.0,0.0,0-0,0,0,0.0,INSUFFICIENT,0.0,0.0,0.0,0.0,0-0,0,0,0.0,INSUFFICIENT,0.0,0.0,0.0,0.0,3-2,5,0.6,17.371812832726253,HIGH,52.760465116279065,19.328187167273747,35.41832446063323,35.2499299523676
Eastern Washington Eagles,294.0,-11.914652443232583,11,3,0-0,0,0,0.0,INSUFFICIENT,0.0,0.0,0.0,0.0,0-0,0,0,0.0,INSUFFICIENT,0.0,0.0,0.0,0.0,0-0,0,0,0.0,INSUFFICIENT,0.0,0.0,0.0,0.0,3-8,11,0.2727272727272727,-6.452413450800347,HIGH,48.52937088968856,20.726827149770443,32.25037845886586,30.833081027422764
Louisiana Ragin' Cajuns,295.0,-12.146610487295831,15,4,0-0,0,0,0.0,INSUFFICIENT,0.0,0.0,0.0,0.0,0-0,0,0,0.0,INSUFFICIENT,0.0,0.0,0.0,0.0,0-0,0,0,0.0,INSUFFICIENT,0.0,0.0,0.0,0.0,4-11,15,0.26666666666666666,-15.176374077112387,HIGH,47.19759023789991,19.385982362592287,27.082270303527483,28.72632280557834
San José State Spartans,296.0,-12.172737465007202,8,2,0-0,0,0,0.0,INSUFFICIENT,0.0,0.0,0.0,0.0,0-0,0,0,0.0,INSUFFICIENT,0.0,0.0,0.0,0.0,0-0,0,0,0.0,INSUFFICIENT,0.0,0.0,0.0,0.0,2-6,8,0.25,-2.3602033405954974,HIGH,52.37476397966594,18.884023238925202,39.32714233841685,33.06777414669572
Jacksonville Dolphins,297.0,-12.330079115184546,9,4,0-0,0,0,0.0,INSUFFICIENT,0.0,0.0,0.0,0.0,0-0,0,0,0.0,INSUFFICIENT,0.0,0.0,0.0,0.0,0-0,0,0,0.0,INSUFFICIENT,0.0,0.0,0.0,0.0,4-5,9,0.4444444444444444,12.368583797155225,HIGH,56.76672850958565,21.507931354359922,35.72892702535559,32.397418058132345
Lafayette Leopards,298.0,-12.399874999164638,11,3,0-0,0,0,0.0,INSUFFICIENT,0.0,0.0,0.0,0.0,0-0,0,0,0.0,INSUFFICIENT,0.0,0.0,0.0,0.0,0-0,0,0,0.0,INSUFFICIENT,0.0,0.0,0.0,0.0,3-8,11,0.2727272727272727,-9.25429184549356,HIGH,49.08619903433476,16.778943133047207,27.287714592274675,32.375026824034336
Eastern Kentucky Colonels,299.0,-12.474275699733866,15,4,0-0,0,0,0.0,INSUFFICIENT,0.0,0.0,0.0,0.0,0-0,0,0,0.0,INSUFFICIENT,0.0,0.0,0.0,0.0,0-0,0,0,0.0,INSUFFICIENT,0.0,0.0,0.0,0.0,4-11,15,0.26666666666666666,-1.7562346329469618,HIGH,51.275728837372675,19.04804179838426,34.5701440112399,30.035607657183004
Little Rock Trojans,300.0,-12.668459767233458,14,6,0-0,0,0,0.0,INSUFFICIENT,0.0,0.0,0.0,0.0,0-0,0,0,0.0,INSUFFICIENT,0.0,0.0,0.0,0.0,0-0,0,0,0.0,INSUFFICIENT,0.0,0.0,0.0,0.0,6-8,14,0.42857142857142855,-6.170382165605096,HIGH,51.42900079617835,23.107255175159246,34.85414012738854,33.94282444267517
Central Michigan Chippewas,301.0,-12.729850975215143,14,4,0-0,0,0,0.0,INSUFFICIENT,0.0,0.0,0.0,0.0,0-0,0,0,0.0,INSUFFICIENT,0.0,0.0,0.0,0.0,0-0,0,0,0.0,INSUFFICIENT,0.0,0.0,0.0,0.0,4-10,14,0.2857142857142857,-7.187161563453776,HIGH,49.6487840897903,19.187289554002163,28.46294181352762,32.279767647927535
West Georgia Wolves,302.0,-12.808302638502395,2,2,0-0,0,0,0.0,INSUFFICIENT,0.0,0.0,0.0,0.0,0-0,0,0,0.0,INSUFFICIENT,0.0,0.0,0.0,0.0,0-0,0,0,0.0,INSUFFICIENT,0.0,0.0,0.0,0.0,2-0,2,1.0,37.54045307443366,LOW,58.25113268608414,16.826537216828477,37.65339805825243,28.11585760517799
Georgia State Panthers,303.0,-12.891354040807542,11,4,0-0,0,0,0.0,INSUFFICIENT,0.0,0.0,0.0,0.0,0-0,0,0,0.0,INSUFFICIENT,0.0,0.0,0.0,0.0,0-0,0,0,0.0,INSUFFICIENT,0.0,0.0,0.0,0.0,4-7,11,0.36363636363636365,-4.388566006404934,HIGH,45.08751037836555,19.904424148974023,32.244787095243744,40.69787688293204
Binghamton Bearcats,304.0,-13.018016648847636,17,4,0-0,0,0,0.0,INSUFFICIENT,0.0,0.0,0.0,0.0,0-0,0,0,0.0,INSUFFICIENT,0.0,0.0,0.0,0.0,0-0,0,0,0.0,INSUFFICIENT,0.0,0.0,0.0,0.0,4-13,17,0.23529411764705882,-11.156095366621683,HIGH,50.36771929824562,18.889077822762033,24.535609536662168,49.940188933873145
Northwestern State Demons,305.0,-13.022923190615046,8,4,0-0,0,0,0.0,INSUFFICIENT,0.0,0.0,0.0,0.0,0-0,0,0,0.0,INSUFFICIENT,0.0,0.0,0.0,0.0,0-0,0,0,0.0,INSUFFICIENT,0.0,0.0,0.0,0.0,4-4,8,0.5,3.4952813701502965,HIGH,53.43343236630548,19.05545263893743,32.6663229639986,43.41387626703949
Holy Cross Crusaders,306.0,-13.363528839396722,9,3,0-0,0,0,0.0,INSUFFICIENT,0.0,0.0,0.0,0.0,0-0,0,0,0.0,INSUFFICIENT,0.0,0.0,0.0,0.0,0-0,0,0,0.0,INSUFFICIENT,0.0,0.0,0.0,0.0,3-6,9,0.3333333333333333,0.4609711124769515,HIGH,50.67816533497234,21.50024585125999,24.62347879532883,29.292516902274127
Mount St. Mary's Mountaineers,307.0,-13.669780735251862,9,3,0-0,0,0,0.0,INSUFFICIENT,0.0,0.0,0.0,0.0,0-0,0,0,0.0,INSUFFICIENT,0.0,0.0,0.0,0.0,0-0,0,0,0.0,INSUFFICIENT,0.0,0.0,0.0,0.0,3-6,9,0.3333333333333333,-13.886565166471474,HIGH,49.11939099882884,19.57276225531203,30.025899280575537,30.06792705370587
Ball State Cardinals,308.0,-13.81606819525544,16,4,0-0,0,0,0.0,INSUFFICIENT,0.0,0.0,0.0,0.0,0-0,0,0,0.0,INSUFFICIENT,0.0,0.0,0.0,0.0,0-0,0,0,0.0,INSUFFICIENT,0.0,0.0,0.0,0.0,4-12,16,0.25,-3.404712839351313,HIGH,49.000645103485354,19.525409909506315,26.097975091837654,33.252683451303646
Southern Jaguars,309.0,-13.822941395116333,7,4,0-0,0,0,0.0,INSUFFICIENT,0.0,0.0,0.0,0.0,0-0,0,0,0.0,INSUFFICIENT,0.0,0.0,0.0,0.0,0-0,0,0,0.0,INSUFFICIENT,0.0,0.0,0.0,0.0,4-3,7,0.5714285714285714,23.82029247700889,HIGH,59.53090607568219,28.478320518619025,33.35599276345545,41.18566259611035
Alabama State Hornets,310.0,-14.255297347629892,15,4,0-0,0,0,0.0,INSUFFICIENT,0.0,0.0,0.0,0.0,0-0,0,0,0.0,INSUFFICIENT,0.0,0.0,0.0,0.0,0-0,0,0,0.0,INSUFFICIENT,0.0,0.0,0.0,0.0,4-11,15,0.26666666666666666,-10.819439517559417,HIGH,50.18162468960623,20.58685704150408,34.99399609790706,37.06457076977651
UNC Greensboro Spartans,311.0,-14.919455968991002,5,3,0-0,0,0,0.0,INSUFFICIENT,0.0,0.0,0.0,0.0,0-0,0,0,0.0,INSUFFICIENT,0.0,0.0,0.0,0.0,0-0,0,0,0.0,INSUFFICIENT,0.0,0.0,0.0,0.0,3-2,5,0.6,24.180967238689547,HIGH,60.066328653146115,16.380239209568384,32.979771190847636,36.85956838273531
Cleveland State Vikings,312.0,-15.565096656185432,18,5,0-0,0,0,0.0,INSUFFICIENT,0.0,0.0,0.0,0.0,0-0,0,0,0.0,INSUFFICIENT,0.0,0.0,0.0,0.0,0-0,0,0,0.0,INSUFFICIENT,0.0,0.0,0.0,0.0,5-13,18,0.2777777777777778,-7.698229407236335,HIGH,53.470061585835246,19.32511932255581,33.35886066204772,39.105288683602765
East Carolina Pirates,313.0,-15.739757024587732,13,4,0-0,0,0,0.0,INSUFFICIENT,0.0,0.0,0.0,0.0,0-0,0,0,0.0,INSUFFICIENT,0.0,0.0,0.0,0.0,0-0,0,0,0.0,INSUFFICIENT,0.0,0.0,0.0,0.0,4-9,13,0.3076923076923077,-13.042500562176752,HIGH,45.90357544411964,17.317135147290312,34.762570272093555,42.037440971441434
UAlbany Great Danes,314.0,-15.853966413813254,5,3,0-0,0,0,0.0,INSUFFICIENT,0.0,0.0,0.0,0.0,0-0,0,0,0.0,INSUFFICIENT,0.0,0.0,0.0,0.0,0-0,0,0,0.0,INSUFFICIENT,0.0,0.0,0.0,0.0,3-2,5,0.6,28.860384805130735,HIGH,61.86990626541687,23.45589541193883,41.35944745929947,25.466354218056246
Pepperdine Waves,315.0,-15.956680354664684,10,3,0-0,0,0,0.0,INSUFFICIENT,0.0,0.0,0.0,0.0,0-0,0,0,0.0,INSUFFICIENT,0.0,0.0,0.0,0.0,0-0,0,0,0.0,INSUFFICIENT,0.0,0.0,0.0,0.0,3-7,10,0.3,-6.277088626513228,HIGH,48.410192796293536,19.585816768793908,36.87608728142281,32.960364668958306
UL Monroe Warhawks,316.0,-16.192335284765434,2,2,0-0,0,0,0.0,INSUFFICIENT,0.0,0.0,0.0,0.0,0-0,0,0,0.0,INSUFFICIENT,0.0,0.0,0.0,0.0,0-0,0,0,0.0,INSUFFICIENT,0.0,0.0,0.0,0.0,2-0,2,1.0,26.875,LOW,49.8046875,19.4015625,27.975625,49.2553125
Morehead State Eagles,317.0,-16.8676011125861,12,7,0-0,0,0,0.0,INSUFFICIENT,0.0,0.0,0.0,0.0,0-0,0,0,0.0,INSUFFICIENT,0.0,0.0,0.0,0.0,0-0,0,0,0.0,INSUFFICIENT,0.0,0.0,0.0,0.0,7-5,12,0.5833333333333334,6.4732142857142865,HIGH,54.832176339285716,22.970892857142854,35.35193080357143,31.270234374999998
La Salle Explorers,318.0,-17.007635941509577,11,3,0-0,0,0,0.0,INSUFFICIENT,0.0,0.0,0.0,0.0,0-0,0,0,0.0,INSUFFICIENT,0.0,0.0,0.0,0.0,0-0,0,0,0.0,INSUFFICIENT,0.0,0.0,0.0,0.0,3-8,11,0.2727272727272727,-12.463240442515055,HIGH,46.84939084161882,19.74138075899734,38.041842879148575,37.320711384960084
Prairie View A&M Panthers,319.0,-17.170744230942177,9,5,0-0,0,0,0.0,INSUFFICIENT,0.0,0.0,0.0,0.0,0-0,0,0,0.0,INSUFFICIENT,0.0,0.0,0.0,0.0,0-0,0,0,0.0,INSUFFICIENT,0.0,0.0,0.0,0.0,5-4,9,0.5555555555555556,12.711864406779661,HIGH,54.09969733656174,27.736404358353514,31.65809927360775,44.47570217917676
East Texas A&M Lions,320.0,-17.353277498548835,15,5,0-0,0,0,0.0,INSUFFICIENT,0.0,0.0,0.0,0.0,0-0,0,0,0.0,INSUFFICIENT,0.0,0.0,0.0,0.0,0-0,0,0,0.0,INSUFFICIENT,0.0,0.0,0.0,0.0,5-10,15,0.3333333333333333,-7.066497553904691,HIGH,52.11647943468017,21.7506160536329,28.75144047834751,27.957039318717147
Fairleigh Dickinson Knights,321.0,-17.482014265416097,13,4,0-0,0,0,0.0,INSUFFICIENT,0.0,0.0,0.0,0.0,0-0,0,0,0.0,INSUFFICIENT,0.0,0.0,0.0,0.0,0-0,0,0,0.0,INSUFFICIENT,0.0,0.0,0.0,0.0,4-9,13,0.3076923076923077,-5.071565423193959,HIGH,49.21260002254028,19.594398737743713,34.15924715428828,29.759404936323673
Bucknell Bison,322.0,-17.544868622083428,15,5,0-0,0,0,0.0,INSUFFICIENT,0.0,0.0,0.0,0.0,0-0,0,0,0.0,INSUFFICIENT,0.0,0.0,0.0,0.0,0-0,0,0,0.0,INSUFFICIENT,0.0,0.0,0.0,0.0,5-10,15,0.3333333333333333,-17.666433775825933,HIGH,45.298283261802574,19.65017466813055,27.4684798882124,30.22899490967162
UTEP Miners,323.0,-17.581147188307355,6,3,0-0,0,0,0.0,INSUFFICIENT,0.0,0.0,0.0,0.0,0-0,0,0,0.0,INSUFFICIENT,0.0,0.0,0.0,0.0,0-0,0,0,0.0,INSUFFICIENT,0.0,0.0,0.0,0.0,3-3,6,0.5,7.202095154954168,HIGH,49.49048450458315,20.95604539502401,35.95168048886948,42.243147097337406
Stetson Hatters,324.0,-17.636129239505124,5,3,0-0,0,0,0.0,INSUFFICIENT,0.0,0.0,0.0,0.0,0-0,0,0,0.0,INSUFFICIENT,0.0,0.0,0.0,0.0,0-0,0,0,0.0,INSUFFICIENT,0.0,0.0,0.0,0.0,3-2,5,0.6,10.419449639326745,HIGH,57.56777985573071,21.118060379374835,37.585786802030455,26.894950574405556
Oral Roberts Golden Eagles,325.0,-17.85105693480739,9,3,0-0,0,0,0.0,INSUFFICIENT,0.0,0.0,0.0,0.0,0-0,0,0,0.0,INSUFFICIENT,0.0,0.0,0.0,0.0,0-0,0,0,0.0,INSUFFICIENT,0.0,0.0,0.0,0.0,3-6,9,0.3333333333333333,1.6972689399783987,HIGH,52.93968523376024,22.04374324949854,32.24854189168339,41.028668415368
Northern Illinois Huskies,326.0,-17.864675387148566,7,3,0-0,0,0,0.0,INSUFFICIENT,0.0,0.0,0.0,0.0,0-0,0,0,0.0,INSUFFICIENT,0.0,0.0,0.0,0.0,0-0,0,0,0.0,INSUFFICIENT,0.0,0.0,0.0,0.0,3-4,7,0.42857142857142855,6.876790830945559,HIGH,55.32601719197707,22.55329512893983,40.77283667621777,42.24815663801336
Niagara Purple Eagles,327.0,-17.945913283312194,5,2,0-0,0,0,0.0,INSUFFICIENT,0.0,0.0,0.0,0.0,0-0,0,0,0.0,INSUFFICIENT,0.0,0.0,0.0,0.0,0-0,0,0,0.0,INSUFFICIENT,0.0,0.0,0.0,0.0,2-3,5,0.4,-18.713066316480628,HIGH,47.19990151017728,16.418680236375575,30.074064346684178,19.709652002626395
Canisius Golden Griffins,328.0,-18.25200106524686,15,7,0-0,0,0,0.0,INSUFFICIENT,0.0,0.0,0.0,0.0,0-0,0,0,0.0,INSUFFICIENT,0.0,0.0,0.0,0.0,0-0,0,0,0.0,INSUFFICIENT,0.0,0.0,0.0,0.0,7-8,15,0.4666666666666667,-14.638906961613534,HIGH,47.2935588809369,16.25817610062893,29.652960312296678,37.707991758837565
Evansville Purple Aces,329.0,-18.40725284605196,12,4,0-0,0,0,0.0,INSUFFICIENT,0.0,0.0,0.0,0.0,0-0,0,0,0.0,INSUFFICIENT,0.0,0.0,0.0,0.0,0-0,0,0,0.0,INSUFFICIENT,0.0,0.0,0.0,0.0,4-8,12,0.3333333333333333,-4.937379576107899,HIGH,49.58464595375722,20.23587427745665,25.624963872832367,31.707466281310204
UC Riverside Highlanders,330.0,-18.52689325698539,5,2,0-0,0,0,0.0,INSUFFICIENT,0.0,0.0,0.0,0.0,0-0,0,0,0.0,INSUFFICIENT,0.0,0.0,0.0,0.0,0-0,0,0,0.0,INSUFFICIENT,0.0,0.0,0.0,0.0,2-3,5,0.4,6.645478185495521,HIGH,51.86391216411442,18.787518058364633,37.52796879514591,31.665125686217856
Morgan State Bears,331.0,-18.6785779390119,9,4,0-0,0,0,0.0,INSUFFICIENT,0.0,0.0,0.0,0.0,0-0,0,0,0.0,INSUFFICIENT,0.0,0.0,0.0,0.0,0-0,0,0,0.0,INSUFFICIENT,0.0,0.0,0.0,0.0,4-5,9,0.4444444444444444,-1.051840721262209,HIGH,54.00261457550713,21.814815927873777,31.466626596543954,40.84377160030052
New Haven Chargers,332.0,-18.894560337625776,9,5,0-0,0,0,0.0,INSUFFICIENT,0.0,0.0,0.0,0.0,0-0,0,0,0.0,INSUFFICIENT,0.0,0.0,0.0,0.0,0-0,0,0,0.0,INSUFFICIENT,0.0,0.0,0.0,0.0,5-4,9,0.5555555555555556,1.8682858477347037,HIGH,53.48851004203643,21.952358710882766,28.596029892573565,21.56632414759458
Maryland Eastern Shore Hawks,333.0,-19.024979665029747,9,3,0-0,0,0,0.0,INSUFFICIENT,0.0,0.0,0.0,0.0,0-0,0,0,0.0,INSUFFICIENT,0.0,0.0,0.0,0.0,0-0,0,0,0.0,INSUFFICIENT,0.0,0.0,0.0,0.0,3-6,9,0.3333333333333333,-4.439132661772239,HIGH,53.96745774287178,16.72600307324569,31.04456206248933,27.596465767457747
Sacramento State Hornets,334.0,-19.157602678597755,7,3,0-0,0,0,0.0,INSUFFICIENT,0.0,0.0,0.0,0.0,0-0,0,0,0.0,INSUFFICIENT,0.0,0.0,0.0,0.0,0-0,0,0,0.0,INSUFFICIENT,0.0,0.0,0.0,0.0,3-4,7,0.42857142857142855,5.343652109821265,HIGH,52.16631656532155,19.14239911553345,27.852091394877473,39.23475216510043
Eastern Illinois Panthers,335.0,-19.73846439608569,15,6,0-0,0,0,0.0,INSUFFICIENT,0.0,0.0,0.0,0.0,0-0,0,0,0.0,INSUFFICIENT,0.0,0.0,0.0,0.0,0-0,0,0,0.0,INSUFFICIENT,0.0,0.0,0.0,0.0,6-9,15,0.4,-7.4415975885455925,HIGH,47.3880557648832,22.139628862094952,29.180953278070838,33.39682554634514
Western Carolina Catamounts,336.0,-19.961922678762235,3,2,0-0,0,0,0.0,INSUFFICIENT,0.0,0.0,0.0,0.0,0-0,0,0,0.0,INSUFFICIENT,0.0,0.0,0.0,0.0,0-0,0,0,0.0,INSUFFICIENT,0.0,0.0,0.0,0.0,2-1,3,0.6666666666666666,42.908224076281286,MEDIUM,55.4300357568534,24.22943980929678,51.0554231227652,24.377949940405248
Arkansas-Pine Bluff Golden Lions,337.0,-20.68298014161263,14,4,0-0,0,0,0.0,INSUFFICIENT,0.0,0.0,0.0,0.0,0-0,0,0,0.0,INSUFFICIENT,0.0,0.0,0.0,0.0,0-0,0,0,0.0,INSUFFICIENT,0.0,0.0,0.0,0.0,4-10,14,0.2857142857142857,-13.374198941209253,HIGH,50.128596637875,19.03253459645212,30.208414600167185,27.54984675397047
NJIT Highlanders,338.0,-20.874418144674465,6,3,0-0,0,0,0.0,INSUFFICIENT,0.0,0.0,0.0,0.0,0-0,0,0,0.0,INSUFFICIENT,0.0,0.0,0.0,0.0,0-0,0,0,0.0,INSUFFICIENT,0.0,0.0,0.0,0.0,3-3,6,0.5,-1.3726835964310224,HIGH,44.29164950812172,17.83729123770304,33.15129261038664,35.3498055364905
Western Illinois Leathernecks,339.0,-20.9780409289948,4,3,0-0,0,0,0.0,INSUFFICIENT,0.0,0.0,0.0,0.0,0-0,0,0,0.0,INSUFFICIENT,0.0,0.0,0.0,0.0,0-0,0,0,0.0,INSUFFICIENT,0.0,0.0,0.0,0.0,3-1,4,0.75,14.711033274956216,MEDIUM,53.08598949211909,19.271138353765323,38.97859894921191,34.265008756567426
Delaware State Hornets,340.0,-21.004120964329037,15,4,0-0,0,0,0.0,INSUFFICIENT,0.0,0.0,0.0,0.0,0-0,0,0,0.0,INSUFFICIENT,0.0,0.0,0.0,0.0,0-0,0,0,0.0,INSUFFICIENT,0.0,0.0,0.0,0.0,4-11,15,0.26666666666666666,-15.417434306215458,HIGH,44.387763017550675,19.31189760496461,26.338960535246784,25.04728982837196
The Citadel Bulldogs,341.0,-21.418191686779167,6,4,0-0,0,0,0.0,INSUFFICIENT,0.0,0.0,0.0,0.0,0-0,0,0,0.0,INSUFFICIENT,0.0,0.0,0.0,0.0,0-0,0,0,0.0,INSUFFICIENT,0.0,0.0,0.0,0.0,4-2,6,0.6666666666666666,14.744718309859154,HIGH,57.17156690140844,19.82981954225352,35.6906690140845,26.85647007042253
New Hampshire Wildcats,342.0,-22.22308681868128,7,3,0-0,0,0,0.0,INSUFFICIENT,0.0,0.0,0.0,0.0,0-0,0,0,0.0,INSUFFICIENT,0.0,0.0,0.0,0.0,0-0,0,0,0.0,INSUFFICIENT,0.0,0.0,0.0,0.0,3-4,7,0.42857142857142855,8.914421553090333,HIGH,53.00338748019018,17.42482171156894,30.731200475435816,26.498395404120448
Bethune-Cookman Wildcats,343.0,-22.26500067693418,13,5,0-0,0,0,0.0,INSUFFICIENT,0.0,0.0,0.0,0.0,0-0,0,0,0.0,INSUFFICIENT,0.0,0.0,0.0,0.0,0-0,0,0,0.0,INSUFFICIENT,0.0,0.0,0.0,0.0,5-8,13,0.38461538461538464,-14.1335302183314,HIGH,49.17950638118342,19.73686320008438,27.881520936610062,37.861491403860356
Kansas City Roos,344.0,-22.69442529278608,14,4,0-0,0,0,0.0,INSUFFICIENT,0.0,0.0,0.0,0.0,0-0,0,0,0.0,INSUFFICIENT,0.0,0.0,0.0,0.0,0-0,0,0,0.0,INSUFFICIENT,0.0,0.0,0.0,0.0,4-10,14,0.2857142857142857,-12.217470983506413,HIGH,48.67616575035634,17.705039706780695,29.890959071472203,36.71487477092242
Southern Utah Thunderbirds,345.0,-22.83868072919175,10,4,0-0,0,0,0.0,INSUFFICIENT,0.0,0.0,0.0,0.0,0-0,0,0,0.0,INSUFFICIENT,0.0,0.0,0.0,0.0,0-0,0,0,0.0,INSUFFICIENT,0.0,0.0,0.0,0.0,4-6,10,0.4,4.97780169514328,HIGH,55.29137629490111,15.881178528185123,30.75171532355711,31.88216063500606
Bryant Bulldogs,346.0,-23.652319602084603,16,5,0-0,0,0,0.0,INSUFFICIENT,0.0,0.0,0.0,0.0,0-0,0,0,0.0,INSUFFICIENT,0.0,0.0,0.0,0.0,0-0,0,0,0.0,INSUFFICIENT,0.0,0.0,0.0,0.0,5-11,16,0.3125,-11.643835616438357,HIGH,47.19790606653621,16.851174168297458,28.908326810176128,28.21025440313112
VMI Keydets,347.0,-24.36501250197705,4,4,0-0,0,0,0.0,INSUFFICIENT,0.0,0.0,0.0,0.0,0-0,0,0,0.0,INSUFFICIENT,0.0,0.0,0.0,0.0,0-0,0,0,0.0,INSUFFICIENT,0.0,0.0,0.0,0.0,4-0,4,1.0,46.59305144088338,MEDIUM,56.24882844061406,23.420522488553726,32.92162671694047,22.357473740910315
Florida A&M Rattlers,348.0,-24.54459223377273,12,4,0-0,0,0,0.0,INSUFFICIENT,0.0,0.0,0.0,0.0,0-0,0,0,0.0,INSUFFICIENT,0.0,0.0,0.0,0.0,0-0,0,0,0.0,INSUFFICIENT,0.0,0.0,0.0,0.0,4-8,12,0.3333333333333333,-18.587781933582683,HIGH,47.52083191658166,21.871358948203557,26.124130114473534,36.6120933922702
Saint Francis Red Flash,349.0,-25.443213107720624,7,3,0-0,0,0,0.0,INSUFFICIENT,0.0,0.0,0.0,0.0,0-0,0,0,0.0,INSUFFICIENT,0.0,0.0,0.0,0.0,0-0,0,0,0.0,INSUFFICIENT,0.0,0.0,0.0,0.0,3-4,7,0.42857142857142855,-2.991623454327882,HIGH,51.739928201037095,17.738571998404467,31.295692062225765,29.22654567211807
Rider Broncs,350.0,-25.52636347212551,6,1,0-0,0,0,0.0,INSUFFICIENT,0.0,0.0,0.0,0.0,0-0,0,0,0.0,INSUFFICIENT,0.0,0.0,0.0,0.0,0-0,0,0,0.0,INSUFFICIENT,0.0,0.0,0.0,0.0,1-5,6,0.16666666666666666,-23.79144520374589,HIGH,43.656238926853966,14.678385218931918,34.879144520374595,37.98309288787649
North Carolina Central Eagles,351.0,-25.874973688266,8,4,0-0,0,0,0.0,INSUFFICIENT,0.0,0.0,0.0,0.0,0-0,0,0,0.0,INSUFFICIENT,0.0,0.0,0.0,0.0,0-0,0,0,0.0,INSUFFICIENT,0.0,0.0,0.0,0.0,4-4,8,0.5,7.486933182652917,HIGH,52.77793473654471,30.6542590761407,36.85143381833592,35.52856335640627
UTSA Roadrunners,352.0,-26.43843641907468,2,2,0-0,0,0,0.0,INSUFFICIENT,0.0,0.0,0.0,0.0,0-0,0,0,0.0,INSUFFICIENT,0.0,0.0,0.0,0.0,0-0,0,0,0.0,INSUFFICIENT,0.0,0.0,0.0,0.0,2-0,2,1.0,53.73455131649651,LOW,58.004567436861905,26.3094572810317,40.833691563675444,23.244922084900594
Air Force Falcons,353.0,-27.11212801328719,16,3,0-0,0,0,0.0,INSUFFICIENT,0.0,0.0,0.0,0.0,0-0,0,0,0.0,INSUFFICIENT,0.0,0.0,0.0,0.0,0-0,0,0,0.0,INSUFFICIENT,0.0,0.0,0.0,0.0,3-13,16,0.1875,-21.85203331700147,HIGH,49.92167564919158,18.430681038706517,25.968505634492896,40.56209701126898
Chicago State Cougars,354.0,-27.510992867398823,15,2,0-0,0,0,0.0,INSUFFICIENT,0.0,0.0,0.0,0.0,0-0,0,0,0.0,INSUFFICIENT,0.0,0.0,0.0,0.0,0-0,0,0,0.0,INSUFFICIENT,0.0,0.0,0.0,0.0,2-13,15,0.13333333333333333,-19.82546006450389,HIGH,44.292847656991086,18.982005312084993,31.180402200720927,32.83337127679757
North Florida Ospreys,355.0,-28.265008690493104,9,2,0-0,0,0,0.0,INSUFFICIENT,0.0,0.0,0.0,0.0,0-0,0,0,0.0,INSUFFICIENT,0.0,0.0,0.0,0.0,0-0,0,0,0.0,INSUFFICIENT,0.0,0.0,0.0,0.0,2-7,9,0.2222222222222222,2.5252525252525255,HIGH,56.78831369248037,22.02864758698092,34.500140291806964,25.561868686868685
South Carolina State Bulldogs,356.0,-28.86412769321328,6,1,0-0,0,0,0.0,INSUFFICIENT,0.0,0.0,0.0,0.0,0-0,0,0,0.0,INSUFFICIENT,0.0,0.0,0.0,0.0,0-0,0,0,0.0,INSUFFICIENT,0.0,0.0,0.0,0.0,1-5,6,0.16666666666666666,-21.474588403722265,HIGH,51.612980195657364,20.03347649725603,32.93416845621571,26.760128847530424
Alcorn State Braves,357.0,-30.89123096845709,13,1,0-0,0,0,0.0,INSUFFICIENT,0.0,0.0,0.0,0.0,0-0,0,0,0.0,INSUFFICIENT,0.0,0.0,0.0,0.0,0-0,0,0,0.0,INSUFFICIENT,0.0,0.0,0.0,0.0,1-12,13,0.07692307692307693,-38.015023901661735,HIGH,48.30784202139769,17.866435237878445,27.659082631459142,25.064557250170726
Coppin State Eagles,358.0,-30.93936839306372,18,3,0-0,0,0,0.0,INSUFFICIENT,0.0,0.0,0.0,0.0,0-0,0,0,0.0,INSUFFICIENT,0.0,0.0,0.0,0.0,0-0,0,0,0.0,INSUFFICIENT,0.0,0.0,0.0,0.0,3-15,18,0.16666666666666666,-30.69638337823496,HIGH,46.74179116662585,18.615919666911587,29.26843823985632,34.01200097967181
Texas Southern Tigers,359.0,-31.89580773261862,4,2,0-0,0,0,0.0,INSUFFICIENT,0.0,0.0,0.0,0.0,0-0,0,0,0.0,INSUFFICIENT,0.0,0.0,0.0,0.0,0-0,0,0,0.0,INSUFFICIENT,0.0,0.0,0.0,0.0,2-2,4,0.5,12.288276320159415,MEDIUM,53.617369644636334,20.242776486217195,31.572500830288938,50.42251743606775
Jackson State Tigers,360.0,-35.3453396782668,8,1,0-0,0,0,0.0,INSUFFICIENT,0.0,0.0,0.0,0.0,0-0,0,0,0.0,INSUFFICIENT,0.0,0.0,0.0,0.0,0-0,0,0,0.0,INSUFFICIENT,0.0,0.0,0.0,0.0,1-7,8,0.125,-33.37635994836807,HIGH,43.23555227733727,16.595758805089435,23.837801954637655,27.871491794209852
Mississippi Valley State Delta Devils,361.0,-35.91083130094624,10,1,0-0,0,0,0.0,INSUFFICIENT,0.0,0.0,0.0,0.0,0-0,0,0,0.0,INSUFFICIENT,0.0,0.0,0.0,0.0,0-0,0,0,0.0,INSUFFICIENT,0.0,0.0,0.0,0.0,1-9,10,0.1,-30.10529437935637,HIGH,47.78088387957882,17.329630728162538,28.64300756339908,28.58098769093875
Gardner-Webb Runnin' Bulldogs,362.0,-39.34372731457293,14,2,0-0,0,0,0.0,INSUFFICIENT,0.0,0.0,0.0,0.0,0-0,0,0,0.0,INSUFFICIENT,0.0,0.0,0.0,0.0,0-0,0,0,0.0,INSUFFICIENT,0.0,0.0,0.0,0.0,2-12,14,0.14285714285714285,-26.79036797664964,HIGH,48.96671531324925,15.121036172208902,23.65385176691337,31.812529969769628
