Team_Std,TotalGames,TotalWins,Q1_Games,Q1_WinPct,Q1_NetEff,Q2_Games,Q2_WinPct,Q2_NetEff,Q3_Games,Q3_WinPct,Q3_NetEff,Q4_Games,Q4_WinPct,Q4_NetEff,Q1_Wins,Q1_Losses,Q2_Wins,Q2_Losses,Q3_Wins,Q3_Losses,Q4_Wins,Q4_Losses,Team,WinRate_Score,NetEff_Score,Quadrant_Score,Paper_Tiger_Score,Paper_Tiger_Flag,Quality_WinPct,Cupcake_WinPct,Kentucky_Score,Kentucky_Flag,DataThrough,Season,Team_KP,Seed,ConfShort,Coach,Wins,Losses,AdjEM,RankAdjEM,Pythag,RankPythag,AdjOE,RankAdjOE,OE,RankOE,AdjDE,RankAdjDE,DE,RankDE,Tempo,RankTempo,AdjTempo,RankAdjTempo,Luck,RankLuck,SOS,RankSOS,SOSO,RankSOSO,SOSD,RankSOSD,NCSOS,RankNCSOS,Event,APL_Off,RankAPL_Off,APL_Def,RankAPL_Def,ConfAPL_Off,RankConfAPL_Off,ConfAPL_Def,RankConfAPL_Def,KP_Rank,TQPR,TQPR_Rank
Vanderbilt,16,16,4,1.0,10.1,1,1.0,2.685714285714286,4,1.0,10.671428571428573,7,1.0,15.728571428571428,4.0,0.0,1.0,0.0,4.0,0.0,7.0,0.0,Vanderbilt Commodores,1.0,10.437788018433181,87.42511520737327,0.0,False,1.0,1.0,0.0,False,"Monday, January 12",2026.0,Vanderbilt,0.0,SEC,Mark Byington,16.0,0.0,30.5434,5.0,0.9609,5.0,125.693,5.0,125.843,2.0,95.15,11.0,97.0983,30.0,73.6894,23.0,71.6376,38.0,0.0575,74.0,5.464,47.0,112.321,35.0,106.857,70.0,1.6957,138.0,,15.59,31.0,16.94,118.0,15.91,3.0,16.88,7.0,5.0,80.57273232258065,1
Michigan,15,14,2,1.0,20.2,0,0.0,0.0,4,1.0,37.06666666666666,9,0.8888888888888888,23.5,2.0,0.0,0.0,0.0,4.0,0.0,8.0,1.0,Michigan Wolverines,0.972972972972973,27.5869918699187,67.48524719841794,41.104294478527606,False,1.0,0.9230769230769231,-3.8461538461538436,False,"Monday, January 12",2026.0,Michigan,0.0,B10,Dusty May,14.0,1.0,35.9871,1.0,0.98,1.0,125.373,7.0,124.17,8.0,89.3861,1.0,90.1383,3.0,75.6901,8.0,74.279,7.0,0.0043,186.0,10.269,4.0,114.888,5.0,104.619,13.0,11.2184,16.0,,14.47,4.0,17.54,236.0,14.1,1.0,18.58,17.0,1.0,72.61846051944629,2
Nebraska,16,16,3,1.0,2.983333333333333,1,1.0,0.5166666666666667,2,1.0,1.7833333333333332,10,1.0,9.633333333333333,3.0,0.0,1.0,0.0,2.0,0.0,10.0,0.0,Nebraska Cornhuskers,1.0,3.8887096774193544,75.55548387096775,20.245398773006134,False,1.0,1.0,0.0,False,"Monday, January 12",2026.0,Nebraska,0.0,B10,Fred Hoiberg,16.0,0.0,24.0512,17.0,0.9281,15.0,120.595,31.0,116.458,60.0,96.5434,15.0,95.3234,18.0,69.707,156.0,68.0068,177.0,0.1036,22.0,4.9614,56.0,111.588,57.0,106.627,61.0,-4.8638,302.0,,16.64,102.0,17.98,303.0,18.08,10.0,18.49,15.0,17.0,72.31352335483871,3
UConn,17,16,3,0.6666666666666666,2.75,3,1.0,2.8000000000000003,5,1.0,12.933333333333332,6,1.0,23.916666666666668,2.0,1.0,3.0,0.0,5.0,0.0,6.0,0.0,UConn Huskies,0.8666666666666667,8.654018912529551,65.52043109442359,22.947993103171736,False,0.8333333333333334,1.0,8.333333333333332,False,"Monday, January 12",2026.0,Connecticut,0.0,BE,Dan Hurley,16.0,1.0,29.4318,9.0,0.9605,6.0,121.492,23.0,116.075,64.0,92.0599,5.0,92.0858,8.0,68.0199,243.0,65.7261,295.0,0.0647,63.0,8.0813,13.0,112.187,39.0,104.106,3.0,7.4606,36.0,,18.44,296.0,16.93,112.0,18.52,10.0,15.98,1.0,9.0,71.32112794187178,4
Arizona,16,16,1,1.0,5.466666666666666,0,0.0,0.0,3,1.0,16.400000000000002,12,1.0,23.766666666666666,1.0,0.0,0.0,0.0,3.0,0.0,12.0,0.0,Arizona Wildcats,1.0,16.117514124293784,60.69700564971751,68.64349011588276,True,1.0,1.0,0.0,False,"Monday, January 12",2026.0,Arizona,0.0,B12,Tommy Lloyd,16.0,0.0,35.2069,2.0,0.9775,2.0,125.869,4.0,122.938,15.0,90.662,4.0,91.8352,6.0,73.8883,21.0,72.0508,26.0,0.0186,152.0,5.4564,48.0,112.66,27.0,107.203,85.0,2.9921,110.0,,15.73,41.0,16.71,65.0,15.87,6.0,15.47,3.0,2.0,71.23799997740113,5
Virginia,16,14,4,0.75,9.6,2,0.5,-0.21666666666666667,2,1.0,4.516666666666667,8,1.0,29.099999999999998,3.0,1.0,1.0,1.0,2.0,0.0,8.0,0.0,Virginia Cavaliers,0.7678571428571429,10.208888888888888,70.13712698412698,15.47375596455351,False,0.6666666666666666,1.0,16.666666666666668,False,"Monday, January 12",2026.0,Virginia,0.0,ACC,Ryan Odom,14.0,2.0,24.6913,15.0,0.9299,14.0,122.623,18.0,124.489,6.0,97.9314,22.0,96.6641,25.0,67.2858,275.0,66.3683,262.0,-0.0231,236.0,1.1167,134.0,109.479,145.0,108.362,147.0,-3.8292,282.0,,16.95,132.0,18.52,352.0,18.35,14.0,17.4,8.0,15.0,68.98590544444444,6
Duke,16,15,1,1.0,4.333333333333333,0,0.0,0.0,2,1.0,2.2666666666666666,13,0.9230769230769231,29.333333333333332,1.0,0.0,0.0,0.0,2.0,0.0,12.0,1.0,Duke Blue Devils,0.9629629629629629,13.48888888888889,51.97888888888889,71.02931152010906,True,1.0,0.9333333333333333,0.0,False,"Monday, January 12",2026.0,Duke,0.0,ACC,Jon Scheyer,15.0,1.0,29.6442,8.0,0.9583,9.0,124.284,11.0,121.951,20.0,94.6399,10.0,93.9795,11.0,71.0148,98.0,68.185,168.0,0.0888,33.0,7.7259,16.0,113.043,22.0,105.317,21.0,5.0113,64.0,,15.56,28.0,18.14,323.0,16.69,5.0,16.61,2.0,8.0,66.6525411111111,7
Baylor,1,1,0,0.0,0.0,0,0.0,0.0,0,0.0,0.0,1,1.0,66.4,0.0,0.0,0.0,0.0,0.0,0.0,1.0,0.0,Baylor,1.0,66.4,71.56,100.0,True,0.0,1.0,0.0,False,"Monday, January 12",2026.0,Baylor,0.0,B12,Scott Drew,10.0,5.0,16.9461,42.0,0.8487,43.0,121.691,21.0,119.426,36.0,104.744,96.0,105.978,146.0,71.3384,80.0,69.0459,128.0,-0.0256,238.0,5.7457,41.0,110.425,99.0,104.68,14.0,-0.5785,196.0,,16.79,111.0,16.88,97.0,17.99,12.0,18.32,14.0,42.0,66.480235,8
Houston,16,15,1,1.0,2.18,2,1.0,6.88,2,1.0,4.659999999999999,11,0.9090909090909091,5.24,1.0,0.0,2.0,0.0,2.0,0.0,10.0,1.0,Houston Cougars,0.9714285714285714,5.029066666666667,51.47591238095238,48.80708929788685,False,1.0,0.9230769230769231,-3.8461538461538436,False,"Monday, January 12",2026.0,Houston,0.0,B12,Kelvin Sampson,15.0,1.0,29.0492,10.0,0.9588,8.0,121.329,27.0,117.673,52.0,92.2801,6.0,91.3128,5.0,65.124,341.0,63.4011,355.0,0.0713,50.0,4.9108,58.0,111.596,56.0,106.686,63.0,0.6071,164.0,,18.18,275.0,18.21,328.0,18.35,14.0,18.85,16.0,10.0,66.10724933333333,9
Purdue,16,15,1,0.0,-5.171428571428572,2,1.0,9.828571428571427,5,1.0,18.185714285714287,8,1.0,15.142857142857142,0.0,1.0,2.0,0.0,5.0,0.0,8.0,0.0,Purdue Boilermakers,0.8048780487804879,12.006060606060604,44.771936437546195,54.73755964553511,False,0.6666666666666666,1.0,16.666666666666668,False,"Monday, January 12",2026.0,Purdue,0.0,B10,Matt Painter,15.0,1.0,31.9054,4.0,0.9627,4.0,129.554,1.0,126.786,1.0,97.6481,20.0,99.9709,54.0,68.0922,237.0,65.9106,283.0,0.0689,51.0,8.1057,12.0,113.951,9.0,105.845,31.0,7.4507,37.0,,18.02,260.0,17.56,248.0,17.97,6.0,17.8,7.0,4.0,64.71062975314116,10
Gonzaga,18,17,0,0.0,0.0,2,1.0,4.425,3,1.0,10.100000000000001,13,0.9230769230769231,23.15,0.0,0.0,2.0,0.0,3.0,0.0,12.0,1.0,Gonzaga Bulldogs,0.96875,11.935294117647057,44.590089869281044,71.94576990078012,True,1.0,0.9375,-3.125,False,"Monday, January 12",2026.0,Gonzaga,0.0,WCC,Mark Few,17.0,1.0,30.272,6.0,0.9599,7.0,125.494,6.0,123.997,9.0,95.2223,12.0,91.9166,7.0,73.4065,29.0,70.6575,54.0,0.1024,23.0,5.1303,54.0,111.664,51.0,106.533,56.0,7.5905,33.0,,15.6,32.0,16.94,117.0,15.38,1.0,18.04,8.0,6.0,64.56179012091502,11
Stanford,13,11,4,1.0,5.85,0,0.0,0.0,2,0.0,-5.3,7,1.0,8.8,4.0,0.0,0.0,0.0,0.0,2.0,7.0,0.0,Stanford,0.8666666666666667,4.60625,78.99634615384616,3.854019191442505,False,1.0,0.7777777777777778,-11.11111111111111,False,"Monday, January 12",2026.0,Stanford,0.0,ACC,Kyle Smith,13.0,4.0,11.093,80.0,0.7663,76.0,113.071,104.0,110.485,134.0,101.978,59.0,101.935,73.0,69.3801,178.0,67.7101,197.0,0.0641,66.0,2.798,90.0,109.685,133.0,106.887,73.0,-1.7209,230.0,,17.29,165.0,17.4,211.0,18.81,15.0,19.96,18.0,80.0,63.05910684615385,12
BYU,16,15,0,0.0,0.0,0,0.0,0.0,4,1.0,9.133333333333333,12,0.9166666666666666,27.53333333333333,0.0,0.0,0.0,0.0,4.0,0.0,11.0,1.0,BYU Cougars,0.9583333333333334,16.21025641025641,43.609102564102564,90.45671438309475,True,0.0,0.9375,0.0,False,"Monday, January 12",2026.0,BYU,0.0,B12,Kevin Young,15.0,1.0,28.2595,11.0,0.95,13.0,125.12,8.0,123.145,14.0,96.8609,17.0,96.0779,23.0,71.6172,67.0,71.0359,43.0,0.037,118.0,5.3236,51.0,111.644,54.0,106.321,45.0,3.6813,94.0,,15.3,19.0,17.84,283.0,15.16,2.0,16.29,7.0,11.0,62.8673308974359,13
Minnesota,8,8,2,1.0,9.1,0,0.0,0.0,0,0.0,0.0,6,1.0,30.8,2.0,0.0,0.0,0.0,0.0,0.0,6.0,0.0,Minnesota,1.0,17.78,73.112,46.830265848670756,False,1.0,1.0,0.0,False,"Monday, January 12",2026.0,Minnesota,0.0,B10,Niko Medved,10.0,6.0,9.9132,86.0,0.744,86.0,111.872,118.0,110.621,132.0,101.958,58.0,100.593,60.0,64.9044,343.0,63.6421,348.0,-0.0028,198.0,1.0914,135.0,110.61,88.0,109.518,213.0,-9.5141,360.0,,18.02,259.0,18.66,358.0,18.57,14.0,18.22,10.0,86.0,62.585412,14
Seton Hall,12,12,1,1.0,6.95,0,0.0,0.0,6,1.0,7.25,5,1.0,12.15,1.0,0.0,0.0,0.0,6.0,0.0,5.0,0.0,Seton Hall,1.0,8.496666666666668,58.065333333333335,55.91910929334243,False,1.0,1.0,0.0,False,"Monday, January 12",2026.0,Seton Hall,0.0,BE,Shaheen Holloway,14.0,2.0,16.9123,43.0,0.8702,39.0,110.885,133.0,109.659,144.0,93.9725,9.0,92.885,10.0,67.3281,274.0,66.3737,260.0,0.0106,171.0,2.337,97.0,110.283,108.0,107.946,123.0,-4.1063,291.0,,17.43,176.0,17.99,304.0,17.69,7.0,17.6,6.0,43.0,61.72422366666667,15
Texas Tech,12,8,7,0.42857142857142855,-5.2666666666666675,1,1.0,3.066666666666667,1,1.0,1.5555555555555556,3,1.0,10.522222222222222,3.0,4.0,1.0,0.0,1.0,0.0,3.0,0.0,14Texas Tech,0.5223880597014925,-2.0512980269989622,60.020276809100906,5.930470347648262,False,0.5,1.0,25.0,False,"Monday, January 12",2026.0,Texas Tech,0.0,B12,Grant McCasland,12.0,4.0,22.8726,22.0,0.9147,23.0,122.68,16.0,118.353,44.0,99.8077,33.0,104.815,122.0,70.0633,139.0,67.6911,199.0,0.045,101.0,10.2153,5.0,116.079,2.0,105.864,32.0,7.5995,32.0,,17.48,190.0,16.91,106.0,18.23,13.0,16.2,6.0,22.0,61.152434883185315,16
Illinois,16,13,1,1.0,2.925,0,0.0,0.0,2,0.5,1.7,13,0.8461538461538461,29.175,1.0,0.0,0.0,0.0,1.0,1.0,11.0,2.0,Illinois Fighting Illini,0.8148148148148148,12.83480392156863,39.050588235294114,71.02931152010906,True,1.0,0.8,0.0,False,"Monday, January 12",2026.0,Illinois,0.0,B10,Brad Underwood,13.0,3.0,30.1586,7.0,0.9577,10.0,126.913,3.0,125.595,3.0,96.7543,16.0,98.5988,39.0,68.4172,218.0,67.0367,232.0,-0.0129,213.0,7.8206,15.0,113.622,12.0,105.801,30.0,3.1744,108.0,,17.93,248.0,17.35,202.0,18.86,17.0,17.44,5.0,7.0,60.60925188235294,17
George Mason,3,3,0,0.0,0.0,2,1.0,13.5,0,0.0,0.0,1,1.0,10.75,0.0,0.0,2.0,0.0,0.0,0.0,1.0,0.0,George Mason,1.0,13.107142857142856,63.576190476190476,57.10065894114974,False,1.0,1.0,0.0,False,"Monday, January 12",2026.0,George Mason,0.0,A10,Tony Skinn,16.0,1.0,11.31,76.0,0.7663,77.0,115.287,78.0,117.241,54.0,103.977,84.0,100.536,58.0,66.55,301.0,65.2727,314.0,0.0449,103.0,-4.739,318.0,107.378,262.0,112.117,345.0,-7.7621,348.0,,18.5,304.0,17.54,238.0,18.53,9.0,19.28,13.0,76.0,60.11259866666666,18
St. Louis,16,15,0,0.0,0.0,2,1.0,16.049999999999997,2,1.0,21.05,12,0.9166666666666666,37.7,0.0,0.0,2.0,0.0,2.0,0.0,11.0,1.0,Saint Louis Billikens,0.9642857142857143,24.599999999999998,49.73285714285714,73.00613496932516,True,1.0,0.9285714285714286,-3.57142857142857,False,"Monday, January 12",2026.0,Saint Louis,0.0,A10,Josh Schertz,15.0,1.0,19.5807,34.0,0.887,32.0,119.375,45.0,123.774,10.0,99.7944,32.0,94.7157,14.0,74.0092,19.0,72.4333,23.0,0.0244,144.0,-3.9463,299.0,105.881,312.0,109.827,241.0,-5.9079,321.0,,14.64,7.0,17.66,262.0,16.13,1.0,18.07,8.0,34.0,59.547033,19
USC,12,10,5,0.6,-16.733333333333334,0,0.0,0.0,3,1.0,9.833333333333334,4,1.0,10.933333333333335,3.0,2.0,0.0,0.0,3.0,0.0,4.0,0.0,USC,0.6981132075471698,-7.339710144927536,60.81254361498496,9.111565553283342,False,0.6,1.0,20.0,False,"Monday, January 12",2026.0,USC,0.0,B10,Eric Musselman,13.0,3.0,15.7476,49.0,0.8391,49.0,117.735,60.0,111.07,126.0,101.987,60.0,103.409,97.0,72.6675,44.0,70.5966,56.0,0.1738,3.0,6.6182,28.0,111.03,68.0,104.412,7.0,-0.7111,201.0,,16.49,85.0,17.04,133.0,17.6,3.0,16.68,2.0,49.0,59.39976226524473,20
North Carolina,16,14,2,0.5,-3.6333333333333333,3,0.6666666666666666,4.916666666666666,2,1.0,7.833333333333333,9,1.0,26.5,1.0,1.0,2.0,1.0,2.0,0.0,9.0,0.0,North Carolina Tar Heels,0.717391304347826,7.091503267973858,49.36921000284171,44.03544648943422,False,0.6,1.0,20.0,False,"Monday, January 12",2026.0,North Carolina,0.0,ACC,Hubert Davis,14.0,2.0,19.9311,33.0,0.8898,31.0,120.006,40.0,117.524,53.0,100.074,40.0,97.2785,32.0,69.3906,176.0,67.0995,227.0,0.0873,34.0,2.2051,101.0,109.704,132.0,107.499,99.0,-0.2807,185.0,,16.4,78.0,18.22,331.0,17.82,10.0,16.77,5.0,33.0,58.6828805009946,21
Georgia,16,14,2,0.5,0.6399999999999999,2,0.5,1.7799999999999998,3,1.0,10.18,9,1.0,14.580000000000002,1.0,1.0,1.0,1.0,3.0,0.0,9.0,0.0,Georgia Bulldogs,0.7045454545454546,6.100408163265306,47.14470871985158,44.03544648943422,False,0.5,1.0,25.0,False,"Monday, January 12",2026.0,Georgia,0.0,SEC,Mike White,14.0,2.0,20.9786,28.0,0.8985,29.0,121.468,24.0,122.551,17.0,100.49,46.0,95.0471,16.0,77.3489,2.0,75.2489,2.0,0.0336,123.0,-1.8153,234.0,107.481,257.0,109.296,203.0,-7.0156,338.0,,14.34,3.0,16.85,87.0,15.53,1.0,17.35,10.0,28.0,58.58141405194806,22
Tennessee,16,11,4,0.5,-0.5375000000000001,4,0.25,-3.7625,1,1.0,6.25,7,1.0,21.675,2.0,2.0,1.0,3.0,1.0,0.0,7.0,0.0,Tennessee Volunteers,0.5,1.9900735294117646,49.29602941176471,26.1758691206544,False,0.375,1.0,31.25,True,"Monday, January 12",2026.0,Tennessee,0.0,SEC,Rick Barnes,11.0,5.0,23.5375,19.0,0.9259,16.0,119.373,46.0,118.386,43.0,95.8357,13.0,96.9364,29.0,69.6781,160.0,67.4427,213.0,-0.0682,314.0,5.7624,40.0,112.743,25.0,106.981,78.0,0.0788,176.0,,16.34,72.0,17.97,300.0,16.0,4.0,17.44,11.0,19.0,58.16655929411765,23
Miami OH,8,8,1,1.0,12.6,1,1.0,4.2,0,0.0,0.0,6,1.0,21.2,1.0,0.0,1.0,0.0,0.0,0.0,6.0,0.0,Miami (OH),1.0,14.114893617021277,63.64595744680851,59.918200408997954,False,1.0,1.0,0.0,False,"Monday, January 12",2026.0,Miami OH,0.0,MAC,Travis Steele,17.0,0.0,8.1881,97.0,0.7003,99.0,115.068,81.0,119.151,39.0,106.88,127.0,102.223,77.0,71.5762,69.0,70.9442,47.0,0.0642,64.0,-6.6111,346.0,105.561,321.0,112.172,347.0,-10.4051,363.0,,16.04,59.0,17.4,210.0,16.26,3.0,16.84,5.0,97.0,58.164044106382974,24
California,2,2,0,0.0,0.0,0,0.0,0.0,0,0.0,0.0,2,1.0,32.0,0.0,0.0,0.0,0.0,0.0,0.0,2.0,0.0,California,1.0,32.0,57.8,100.0,True,0.0,1.0,0.0,False,"Monday, January 12",2026.0,California,0.0,ACC,Mark Madsen,13.0,4.0,10.5559,82.0,0.7529,81.0,114.336,92.0,114.349,84.0,103.78,81.0,101.461,65.0,68.9781,199.0,67.1578,225.0,0.0535,82.0,-0.7426,196.0,109.109,156.0,109.852,245.0,-7.0612,340.0,,16.98,133.0,17.68,265.0,17.82,11.0,17.54,10.0,82.0,57.613096999999996,25
UCF,13,12,2,0.5,1.1000000000000003,0,0.0,0.0,6,1.0,8.533333333333333,5,1.0,9.066666666666666,1.0,1.0,0.0,0.0,6.0,0.0,5.0,0.0,25UCF,0.7948717948717948,6.174074074074074,49.315783475783476,45.97032143044413,False,0.5,1.0,25.0,False,"Monday, January 12",2026.0,UCF,0.0,B12,Johnny Dawkins,13.0,2.0,16.2044,47.0,0.8405,48.0,120.4,35.0,119.764,34.0,104.196,87.0,104.765,121.0,71.9467,62.0,69.2272,115.0,0.0771,45.0,3.1133,86.0,110.678,82.0,107.565,100.0,-0.4494,192.0,,15.56,27.0,18.04,308.0,15.78,4.0,17.75,11.0,47.0,57.04077806267806,26
McNeese,16,13,4,0.75,0.8666666666666668,0,0.0,0.0,1,0.0,-1.8333333333333333,11,0.9090909090909091,18.733333333333334,3.0,1.0,0.0,0.0,0.0,1.0,10.0,1.0,McNeese Cowboys,0.7391304347826086,4.681818181818182,58.133596837944665,22.631220177232446,False,0.75,0.8333333333333334,4.166666666666669,False,"Monday, January 12",2026.0,McNeese,0.0,Slnd,Bill Armstrong,14.0,3.0,12.4459,68.0,0.7853,68.0,116.693,67.0,116.553,58.0,104.247,88.0,102.67,82.0,68.0433,240.0,67.1896,222.0,0.0985,29.0,-0.2072,177.0,108.004,227.0,108.211,137.0,11.816,12.0,,16.25,69.0,18.72,362.0,16.05,1.0,19.75,12.0,68.0,56.093655893280626,27
Texas A&M,14,12,2,0.5,-7.5,2,0.5,-3.5999999999999996,3,1.0,26.05,7,1.0,16.8,1.0,1.0,1.0,1.0,3.0,0.0,7.0,0.0,Texas A&M*,0.6904761904761905,6.630612244897961,47.43795918367347,41.64962508520791,False,0.5,1.0,25.0,False,"Monday, January 12",2026.0,Texas A&M,0.0,SEC,Bucky McMillan,13.0,3.0,17.1622,41.0,0.8573,41.0,118.859,52.0,122.84,16.0,101.697,56.0,102.159,76.0,75.5038,9.0,72.7068,19.0,0.0402,114.0,-1.671,227.0,109.089,157.0,110.76,309.0,-6.8852,336.0,,14.91,10.0,16.86,90.0,15.81,2.0,17.85,15.0,41.0,56.00975057142857,28
UT Rio Grande Valley Vaqueros,2,2,0,0.0,0.0,0,0.0,0.0,0,0.0,0.0,2,1.0,67.9,0.0,0.0,0.0,0.0,0.0,0.0,2.0,0.0,UT Rio Grande Valley Vaqueros,1.0,67.9,72.16,100.0,True,0.0,1.0,0.0,False,,,,,,,,,0.0,,,,,,,,,,,,,,,,0.0,,,,,,,,,,,,,,,,,,,,56.00599999999999,29
Louisville,16,12,3,0.3333333333333333,-2.471428571428571,3,1.0,7.1571428571428575,1,0.0,-0.8857142857142858,9,0.8888888888888888,21.885714285714283,1.0,2.0,3.0,0.0,0.0,1.0,8.0,1.0,Louisville Cardinals,0.6078431372549019,5.294233289646133,38.97063449232904,44.03544648943422,False,0.6666666666666666,0.8,6.6666666666666705,False,"Monday, January 12",2026.0,Louisville,0.0,ACC,Pat Kelsey,12.0,4.0,24.2507,16.0,0.9236,18.0,124.449,10.0,121.334,25.0,100.198,41.0,95.9999,22.0,72.7117,42.0,70.7874,50.0,-0.0318,251.0,5.5751,43.0,110.103,113.0,104.528,11.0,1.8114,133.0,,15.01,14.0,17.86,285.0,15.69,2.0,18.38,16.0,16.0,55.92783907231516,30
Iowa State,16,16,2,1.0,6.1499999999999995,2,1.0,4.7,1,1.0,4.983333333333333,11,1.0,32.766666666666666,2.0,0.0,2.0,0.0,1.0,0.0,11.0,0.0,Iowa State Cyclones,1.0,12.103658536585368,70.84146341463415,35.71915473755964,False,1.0,1.0,0.0,False,,,,,,,,,0.0,,,,,,,,,,,,,,,,0.0,,,,,,,,,,,,,,,,,,,,55.544512195121946,31
Nevada,5,5,0,0.0,0.0,0,0.0,0.0,3,1.0,7.7,2,1.0,30.1,0.0,0.0,0.0,0.0,3.0,0.0,2.0,0.0,Nevada,1.0,13.3,50.32,77.0961145194274,True,0.0,1.0,0.0,False,"Monday, January 12",2026.0,Nevada,0.0,MWC,Steve Alford,12.0,4.0,11.1604,78.0,0.759,80.0,117.548,62.0,115.907,65.0,106.387,118.0,107.582,184.0,66.272,310.0,65.4917,303.0,0.0689,52.0,3.9706,72.0,111.175,60.0,107.205,87.0,1.9373,126.0,,17.77,231.0,18.24,334.0,18.14,6.0,19.32,10.0,78.0,55.371004,32
Clemson,17,14,1,0.0,-1.5999999999999999,4,1.0,5.266666666666667,3,0.3333333333333333,-2.8333333333333335,9,1.0,23.666666666666668,0.0,1.0,4.0,0.0,1.0,2.0,9.0,0.0,Clemson Tigers,0.6956521739130435,5.9264797507788165,39.557292667574956,55.8602991298769,False,0.8,0.8333333333333334,1.6666666666666663,False,"Monday, January 12",2026.0,Clemson,0.0,ACC,Brad Brownell,14.0,3.0,20.7541,29.0,0.9026,27.0,117.934,59.0,115.548,67.0,97.1802,18.0,97.3398,33.0,66.7931,294.0,65.4112,307.0,0.0479,91.0,6.4439,29.0,112.218,37.0,105.774,29.0,1.7526,135.0,,17.2,155.0,18.67,360.0,18.08,13.0,17.85,14.0,29.0,55.00774861012182,33
Villanova,16,13,3,0.3333333333333333,-7.866666666666667,1,1.0,7.933333333333334,5,1.0,6.133333333333333,7,0.8571428571428571,13.200000000000001,1.0,2.0,1.0,0.0,5.0,0.0,6.0,1.0,Villanova Wildcats,0.6666666666666666,2.141310541310541,37.85652421652422,39.263803680981596,False,0.5,0.9166666666666666,20.833333333333332,False,"Monday, January 12",2026.0,Villanova,0.0,BE,Kevin Willard,13.0,3.0,21.4293,25.0,0.9031,26.0,121.441,25.0,119.133,40.0,100.012,38.0,102.888,90.0,65.3263,336.0,63.2791,358.0,0.0335,124.0,6.2129,35.0,112.559,30.0,106.346,48.0,2.412,118.0,,18.77,323.0,17.75,273.0,18.52,9.0,18.07,10.0,25.0,54.677022475783474,34
Tulsa,13,10,2,1.0,7.85,1,1.0,9.75,4,0.25,-2.2,6,1.0,36.150000000000006,2.0,0.0,1.0,0.0,1.0,3.0,6.0,0.0,Tulsa,0.7692307692307693,10.692553191489363,59.50779050736498,27.093492737664516,False,1.0,0.7,-15.000000000000002,False,"Monday, January 12",2026.0,Tulsa,0.0,Amer,Eric Konkol,13.0,3.0,10.3557,84.0,0.739,87.0,119.653,41.0,123.149,13.0,109.298,178.0,105.656,141.0,69.1875,186.0,68.1015,174.0,0.0348,121.0,-1.2846,210.0,107.408,261.0,108.693,166.0,-2.046,244.0,,16.93,126.0,17.8,278.0,16.57,5.0,19.1,12.0,84.0,54.62914321603928,35
Youngstown State Penguins,2,2,0,0.0,0.0,0,0.0,0.0,0,0.0,0.0,2,1.0,57.8,0.0,0.0,0.0,0.0,0.0,0.0,2.0,0.0,Youngstown State Penguins,1.0,57.8,68.12,100.0,True,0.0,1.0,0.0,False,,,,,,,,,0.0,,,,,,,,,,,,,,,,0.0,,,,,,,,,,,,,,,,,,,,54.592,36
St. Mary's,18,16,0,0.0,0.0,1,1.0,2.8333333333333335,6,1.0,16.233333333333334,11,0.8181818181818182,17.03333333333333,0.0,0.0,1.0,0.0,6.0,0.0,9.0,2.0,Saint Mary's Gaels,0.9411764705882353,14.222222222222223,37.15294117647059,76.42959933348482,True,1.0,0.8823529411764706,0.0,False,"Monday, January 12",2026.0,Saint Mary's,0.0,WCC,Randy Bennett,16.0,2.0,19.482,35.0,0.8837,35.0,120.492,33.0,118.053,47.0,101.01,51.0,98.8582,42.0,66.9265,289.0,65.8369,288.0,0.0545,79.0,1.8401,118.0,108.274,206.0,106.434,53.0,3.6941,93.0,,18.7,321.0,17.14,164.0,19.32,12.0,18.07,9.0,35.0,54.34308274509804,37
Virginia Tech,17,13,3,0.6666666666666666,-3.4,2,0.5,-3.433333333333333,7,0.7142857142857143,4.1000000000000005,5,1.0,19.433333333333334,2.0,1.0,1.0,1.0,5.0,2.0,5.0,0.0,Virginia Tech Hokies,0.6833333333333333,2.459431524547804,53.61612555099559,20.702514134488155,False,0.6,0.8333333333333334,11.66666666666667,False,"Monday, January 12",2026.0,Virginia Tech,0.0,ACC,Mike Young,13.0,4.0,12.8107,66.0,0.7946,64.0,115.435,76.0,114.524,80.0,102.624,65.0,102.845,85.0,68.8665,202.0,68.3893,159.0,0.0471,96.0,3.3776,82.0,111.319,58.0,107.942,121.0,-0.0544,181.0,,17.03,141.0,17.96,297.0,17.96,12.0,17.66,11.0,66.0,54.04190117814257,38
UTSA Roadrunners,2,2,0,0.0,0.0,0,0.0,0.0,0,0.0,0.0,2,1.0,53.7,0.0,0.0,0.0,0.0,0.0,0.0,2.0,0.0,UTSA Roadrunners,1.0,53.70000000000001,66.48,100.0,True,0.0,1.0,0.0,False,,,,,,,,,0.0,,,,,,,,,,,,,,,,0.0,,,,,,,,,,,,,,,,,,,,54.018,39
William & Mary Tribe,2,2,0,0.0,0.0,0,0.0,0.0,0,0.0,0.0,2,1.0,51.5,0.0,0.0,0.0,0.0,0.0,0.0,2.0,0.0,William & Mary Tribe,1.0,51.5,65.6,100.0,True,0.0,1.0,0.0,False,,,,,,,,,0.0,,,,,,,,,,,,,,,,0.0,,,,,,,,,,,,,,,,,,,,53.709999999999994,40
Winthrop Eagles,4,4,0,0.0,0.0,0,0.0,0.0,0,0.0,0.0,4,1.0,49.9,0.0,0.0,0.0,0.0,0.0,0.0,4.0,0.0,Winthrop Eagles,1.0,49.9,64.96000000000001,100.0,True,0.0,1.0,0.0,False,,,,,,,,,0.0,,,,,,,,,,,,,,,,0.0,,,,,,,,,,,,,,,,,,,,53.486,41
San Francisco Dons,2,2,0,0.0,0.0,1,1.0,11.9,0,0.0,0.0,1,1.0,57.2,0.0,0.0,1.0,0.0,0.0,0.0,1.0,0.0,San Francisco Dons,1.0,23.225,64.28999999999999,72.1881390593047,True,1.0,1.0,0.0,False,,,,,,,,,0.0,,,,,,,,,,,,,,,,0.0,,,,,,,,,,,,,,,,,,,,53.25149999999999,42
VMI Keydets,4,4,0,0.0,0.0,0,0.0,0.0,0,0.0,0.0,4,1.0,46.6,0.0,0.0,0.0,0.0,0.0,0.0,4.0,0.0,VMI Keydets,1.0,46.6,63.64,100.0,True,0.0,1.0,0.0,False,,,,,,,,,0.0,,,,,,,,,,,,,,,,0.0,,,,,,,,,,,,,,,,,,,,53.023999999999994,43
Florida Atlantic,2,2,0,0.0,0.0,0,0.0,0.0,1,1.0,11.9,1,1.0,3.0,0.0,0.0,0.0,0.0,1.0,0.0,1.0,0.0,Florida Atlantic*,1.0,8.933333333333334,48.57333333333333,80.9134287661895,True,0.0,1.0,0.0,False,"Monday, January 12",2026.0,Florida Atlantic,0.0,Amer,John Jakus,11.0,6.0,7.8693,100.0,0.6952,100.0,113.715,97.0,113.011,98.0,105.846,109.0,105.432,134.0,70.9997,99.0,70.4015,63.0,-0.0356,266.0,3.3275,83.0,110.62,85.0,107.293,91.0,4.2262,80.0,,16.09,62.0,17.48,222.0,15.44,1.0,16.33,2.0,100.0,52.71971766666667,44
Yale,15,12,2,1.0,11.633333333333333,1,0.0,-4.733333333333333,5,0.8,9.166666666666666,7,0.8571428571428571,20.333333333333332,2.0,0.0,0.0,1.0,4.0,1.0,6.0,1.0,Yale Bulldogs,0.7906976744186046,10.446405228758168,53.75995744034047,27.289252442626676,False,0.6666666666666666,0.8333333333333334,8.333333333333337,False,"Monday, January 12",2026.0,Yale,0.0,Ivy,James Jones,12.0,3.0,8.8751,91.0,0.7069,97.0,120.442,34.0,121.13,26.0,111.567,240.0,111.501,260.0,67.1971,279.0,66.4648,258.0,0.1119,16.0,0.3563,155.0,108.827,170.0,108.47,151.0,0.7187,161.0,,17.87,241.0,17.83,281.0,17.61,4.0,18.6,7.0,91.0,52.12149010411916,45
Liberty,8,7,1,1.0,2.35,1,0.0,-7.35,3,1.0,6.8,3,1.0,15.15,1.0,0.0,0.0,1.0,3.0,0.0,3.0,0.0,Liberty*,0.8,4.635714285714285,50.854285714285716,45.603271983640084,False,0.5,1.0,25.0,False,"Monday, January 12",2026.0,Liberty,0.0,CUSA,Ritchie McKay,13.0,3.0,8.602,95.0,0.7073,96.0,116.488,69.0,115.515,68.0,107.886,150.0,106.59,157.0,65.9708,319.0,64.6979,332.0,0.1433,8.0,0.6963,147.0,108.873,169.0,108.176,136.0,1.8364,131.0,,18.56,308.0,17.71,267.0,18.23,6.0,17.05,3.0,95.0,52.047404,46
Wofford Terriers,2,2,0,0.0,0.0,0,0.0,0.0,0,0.0,0.0,2,1.0,39.6,0.0,0.0,0.0,0.0,0.0,0.0,2.0,0.0,Wofford Terriers,1.0,39.6,60.84,100.0,True,0.0,1.0,0.0,False,,,,,,,,,0.0,,,,,,,,,,,,,,,,0.0,,,,,,,,,,,,,,,,,,,,52.044,47
UT Martin Skyhawks,5,5,0,0.0,0.0,0,0.0,0.0,0,0.0,0.0,5,1.0,39.5,0.0,0.0,0.0,0.0,0.0,0.0,5.0,0.0,UT Martin Skyhawks,1.0,39.5,60.8,100.0,True,0.0,1.0,0.0,False,,,,,,,,,0.0,,,,,,,,,,,,,,,,0.0,,,,,,,,,,,,,,,,,,,,52.029999999999994,48
St. John's,15,10,2,0.0,-2.3857142857142857,2,1.0,4.914285714285714,10,0.7,7.114285714285714,1,1.0,7.042857142857143,0.0,2.0,2.0,0.0,7.0,3.0,1.0,0.0,14St. John's,0.5614035087719298,3.6644314868804657,32.062263822822366,38.19586457623267,False,0.5,0.7272727272727273,11.363636363636365,False,"Monday, January 12",2026.0,St. John's,0.0,BE,Rick Pitino,11.0,5.0,23.8242,18.0,0.9245,17.0,121.707,20.0,117.217,55.0,97.8828,21.0,99.9696,53.0,73.0414,35.0,70.421,62.0,-0.0824,329.0,9.2733,9.0,113.813,10.0,104.54,12.0,7.6483,31.0,,15.43,22.0,17.54,237.0,15.87,2.0,18.0,9.0,18.0,52.00740633798783,49
West Georgia Wolves,2,2,0,0.0,0.0,0,0.0,0.0,0,0.0,0.0,2,1.0,37.5,0.0,0.0,0.0,0.0,0.0,0.0,2.0,0.0,West Georgia Wolves,1.0,37.5,60.0,100.0,True,0.0,1.0,0.0,False,,,,,,,,,0.0,,,,,,,,,,,,,,,,0.0,,,,,,,,,,,,,,,,,,,,51.75,50
Iowa,16,12,3,0.3333333333333333,1.4749999999999996,1,1.0,5.375,0,0.0,0.0,12,0.8333333333333334,19.125,1.0,2.0,1.0,0.0,0.0,0.0,10.0,2.0,Iowa Hawkeyes,0.5609756097560976,6.667207792207792,28.91078555590751,51.19291070211316,False,0.5,0.8333333333333334,16.666666666666668,False,"Monday, January 12",2026.0,Iowa,0.0,B10,Ben McCollum,12.0,4.0,23.0476,21.0,0.9199,20.0,120.506,32.0,121.684,22.0,97.4583,19.0,95.1712,17.0,64.868,346.0,64.3658,339.0,-0.056,292.0,1.0361,136.0,108.374,199.0,107.338,95.0,-6.7639,332.0,,18.91,335.0,17.87,287.0,18.64,15.0,17.84,9.0,21.0,51.65668294456762,51
Belmont,18,15,1,1.0,11.2,1,0.0,-5.95,5,0.8,8.1,11,0.9090909090909091,19.15,1.0,0.0,0.0,1.0,4.0,1.0,10.0,1.0,Belmont Bruins,0.7692307692307693,9.236781609195402,42.532319481285,54.616375066272816,False,0.5,0.875,18.75,False,"Monday, January 12",2026.0,Belmont,0.0,MVC,Casey Alexander,15.0,3.0,12.9328,65.0,0.7926,65.0,117.53,64.0,116.335,62.0,104.597,95.0,99.7015,50.0,70.9228,103.0,69.8372,85.0,-0.0207,228.0,-1.9127,237.0,105.954,309.0,107.867,117.0,-3.9773,287.0,,15.57,29.0,18.09,317.0,15.62,1.0,19.32,11.0,65.0,51.290599818449756,52
UT Arlington Mavericks,4,4,0,0.0,0.0,1,1.0,1.4,1,1.0,16.3,2,1.0,57.2,0.0,0.0,1.0,0.0,1.0,0.0,2.0,0.0,UT Arlington Mavericks,1.0,21.6,58.64,72.1881390593047,True,1.0,1.0,0.0,False,,,,,,,,,0.0,,,,,,,,,,,,,,,,0.0,,,,,,,,,,,,,,,,,,,,51.273999999999994,53
UC San Diego Tritons,2,2,0,0.0,0.0,0,0.0,0.0,0,0.0,0.0,2,1.0,34.0,0.0,0.0,0.0,0.0,0.0,0.0,2.0,0.0,UC San Diego Tritons,1.0,34.0,58.6,100.0,True,0.0,1.0,0.0,False,,,,,,,,,0.0,,,,,,,,,,,,,,,,0.0,,,,,,,,,,,,,,,,,,,,51.26,54
St. John's Red Storm,1,1,0,0.0,0.0,0,0.0,0.0,1,1.0,33.5,0,0.0,0.0,0.0,0.0,0.0,0.0,1.0,0.0,0.0,0.0,St. John's Red Storm,1.0,33.5,58.4,61.82685753237901,True,0.0,1.0,0.0,False,,,,,,,,,0.0,,,,,,,,,,,,,,,,0.0,,,,,,,,,,,,,,,,,,,,51.19,55
Texas Tech Red Raiders,4,4,0,0.0,0.0,1,1.0,5.7,1,1.0,39.3,2,1.0,23.9,0.0,0.0,1.0,0.0,1.0,0.0,2.0,0.0,Texas Tech Red Raiders,1.0,20.500000000000004,58.2,72.1881390593047,True,1.0,1.0,0.0,False,,,,,,,,,0.0,,,,,,,,,,,,,,,,0.0,,,,,,,,,,,,,,,,,,,,51.12,56
Furman,3,3,0,0.0,0.0,1,1.0,12.2,2,1.0,12.9,0,0.0,0.0,0.0,0.0,1.0,0.0,2.0,0.0,0.0,0.0,Furman,1.0,12.600000000000001,56.70666666666666,53.101567825494215,False,1.0,1.0,0.0,False,"Monday, January 12",2026.0,Furman,0.0,SC,Bob Richey,12.0,5.0,0.8639,152.0,0.523,152.0,108.353,177.0,108.843,158.0,107.489,138.0,106.115,147.0,68.1419,234.0,67.0672,228.0,0.0819,41.0,-2.4082,256.0,109.073,158.0,111.481,327.0,0.9658,157.0,,17.46,184.0,17.66,263.0,17.86,6.0,18.08,8.0,152.0,51.115382333333336,57
Wake Forest Demon Deacons,2,2,0,0.0,0.0,0,0.0,0.0,0,0.0,0.0,2,1.0,32.5,0.0,0.0,0.0,0.0,0.0,0.0,2.0,0.0,Wake Forest Demon Deacons,1.0,32.5,58.0,100.0,True,0.0,1.0,0.0,False,,,,,,,,,0.0,,,,,,,,,,,,,,,,0.0,,,,,,,,,,,,,,,,,,,,51.05,58
UMBC Retrievers,3,3,0,0.0,0.0,0,0.0,0.0,0,0.0,0.0,3,1.0,31.7,0.0,0.0,0.0,0.0,0.0,0.0,3.0,0.0,UMBC Retrievers,1.0,31.699999999999996,57.68,100.0,True,0.0,1.0,0.0,False,,,,,,,,,0.0,,,,,,,,,,,,,,,,0.0,,,,,,,,,,,,,,,,,,,,50.937999999999995,59
Idaho State,2,2,0,0.0,0.0,0,0.0,0.0,0,0.0,0.0,2,1.0,31.1,0.0,0.0,0.0,0.0,0.0,0.0,2.0,0.0,Idaho State*,1.0,31.1,57.44,100.0,True,0.0,1.0,0.0,False,,,,,,,,,0.0,,,,,,,,,,,,,,,,0.0,,,,,,,,,,,,,,,,,,,,50.854,60
Miami (OH) RedHawks,9,9,0,0.0,0.0,1,1.0,10.1,1,1.0,19.5,7,1.0,36.3,0.0,0.0,1.0,0.0,1.0,0.0,7.0,0.0,Miami (OH) RedHawks,1.0,25.08,57.25422222222222,82.79178974475498,True,1.0,1.0,0.0,False,,,,,,,,,0.0,,,,,,,,,,,,,,,,0.0,,,,,,,,,,,,,,,,,,,,50.788977777777774,61
Wagner Seahawks,3,3,0,0.0,0.0,0,0.0,0.0,0,0.0,0.0,3,1.0,30.5,0.0,0.0,0.0,0.0,0.0,0.0,3.0,0.0,Wagner Seahawks,1.0,30.499999999999996,57.2,100.0,True,0.0,1.0,0.0,False,,,,,,,,,0.0,,,,,,,,,,,,,,,,0.0,,,,,,,,,,,,,,,,,,,,50.769999999999996,62
Western Kentucky Hilltoppers,3,3,0,0.0,0.0,0,0.0,0.0,0,0.0,0.0,3,1.0,30.4,0.0,0.0,0.0,0.0,0.0,0.0,3.0,0.0,Western Kentucky Hilltoppers,1.0,30.4,57.16,100.0,True,0.0,1.0,0.0,False,,,,,,,,,0.0,,,,,,,,,,,,,,,,0.0,,,,,,,,,,,,,,,,,,,,50.75599999999999,63
Toledo Rockets,6,6,0,0.0,0.0,1,1.0,14.5,1,1.0,18.4,4,1.0,28.2,0.0,0.0,1.0,0.0,1.0,0.0,4.0,0.0,Toledo Rockets,1.0,21.45555555555556,56.915555555555564,78.55032947057487,True,1.0,1.0,0.0,False,,,,,,,,,0.0,,,,,,,,,,,,,,,,0.0,,,,,,,,,,,,,,,,,,,,50.67044444444444,64
Tulsa Golden Hurricane,3,3,0,0.0,0.0,0,0.0,0.0,1,1.0,1.3,2,1.0,57.8,0.0,0.0,0.0,0.0,1.0,0.0,2.0,0.0,Tulsa Golden Hurricane,1.0,29.55,56.82,87.27561917745966,True,0.0,1.0,0.0,False,,,,,,,,,0.0,,,,,,,,,,,,,,,,0.0,,,,,,,,,,,,,,,,,,,,50.637,65
Miami Hurricanes,7,7,0,0.0,0.0,1,1.0,16.0,1,1.0,5.4,5,1.0,32.3,0.0,0.0,1.0,0.0,1.0,0.0,5.0,0.0,Miami Hurricanes,1.0,22.029999999999998,56.66914285714285,80.3680981595092,True,1.0,1.0,0.0,False,,,,,,,,,0.0,,,,,,,,,,,,,,,,0.0,,,,,,,,,,,,,,,,,,,,50.584199999999996,66
SMU,12,9,3,0.0,-8.433333333333334,2,1.0,5.0,3,1.0,4.7,4,1.0,12.200000000000001,0.0,3.0,2.0,0.0,3.0,0.0,4.0,0.0,24SMU,0.48936170212765956,0.4449541284403671,30.53259158045416,48.37536923426494,False,0.4,1.0,30.0,False,"Monday, January 12",2026.0,SMU,0.0,ACC,Andy Enfield,12.0,4.0,20.217,32.0,0.8865,33.0,123.512,14.0,120.277,32.0,103.296,74.0,105.066,132.0,72.8513,39.0,69.1998,116.0,0.0184,155.0,6.7317,22.0,112.904,23.0,106.172,39.0,2.3105,119.0,,15.69,37.0,17.15,165.0,17.5,9.0,17.52,9.0,32.0,50.417229053158955,67
UL Monroe Warhawks,2,2,0,0.0,0.0,0,0.0,0.0,0,0.0,0.0,2,1.0,26.9,0.0,0.0,0.0,0.0,0.0,0.0,2.0,0.0,UL Monroe Warhawks,1.0,26.9,55.76,100.0,True,0.0,1.0,0.0,False,,,,,,,,,0.0,,,,,,,,,,,,,,,,0.0,,,,,,,,,,,,,,,,,,,,50.266,68
UC Davis Aggies,3,3,0,0.0,0.0,0,0.0,0.0,1,1.0,10.2,2,1.0,41.5,0.0,0.0,0.0,0.0,1.0,0.0,2.0,0.0,UC Davis Aggies,1.0,25.849999999999998,55.34,87.27561917745966,True,0.0,1.0,0.0,False,,,,,,,,,0.0,,,,,,,,,,,,,,,,0.0,,,,,,,,,,,,,,,,,,,,50.119,69
Miami,9,7,1,0.0,-7.1,1,0.0,-8.35,3,1.0,20.25,4,1.0,19.2,0.0,1.0,0.0,1.0,3.0,0.0,4.0,0.0,Miami,0.5,8.75373134328358,30.445936981757875,61.34211921532985,True,0.0,1.0,50.0,True,"Monday, January 12",2026.0,Miami FL,0.0,ACC,Jai Lucas,14.0,2.0,19.0955,36.0,0.881,36.0,119.532,43.0,122.401,18.0,100.437,45.0,96.299,24.0,71.9711,59.0,69.807,88.0,0.029,130.0,-3.7944,295.0,107.021,282.0,110.815,311.0,-7.2265,343.0,,15.92,49.0,17.66,264.0,16.6,4.0,17.85,13.0,36.0,50.09362961028193,70
Utah State,12,11,1,1.0,3.5,2,0.5,3.6500000000000004,4,1.0,36.3,5,1.0,13.9,1.0,0.0,1.0,1.0,4.0,0.0,5.0,0.0,Utah State*,0.8571428571428571,17.35934065934066,58.51516483516483,38.46852987957283,False,0.6666666666666666,1.0,16.666666666666668,False,,,,,,,,,0.0,,,,,,,,,,,,,,,,0.0,,,,,,,,,,,,,,,,,,,,49.98030769230769,71
Utah State Aggies,3,3,0,0.0,0.0,0,0.0,0.0,1,1.0,11.9,2,1.0,36.1,0.0,0.0,0.0,0.0,1.0,0.0,2.0,0.0,Utah State Aggies,1.0,24.000000000000004,54.6,87.27561917745966,True,0.0,1.0,0.0,False,,,,,,,,,0.0,,,,,,,,,,,,,,,,0.0,,,,,,,,,,,,,,,,,,,,49.86,72
Santa Clara Broncos,3,3,0,0.0,0.0,0,0.0,0.0,0,0.0,0.0,3,1.0,23.4,0.0,0.0,0.0,0.0,0.0,0.0,3.0,0.0,Santa Clara Broncos,1.0,23.399999999999995,54.36,100.0,True,0.0,1.0,0.0,False,,,,,,,,,0.0,,,,,,,,,,,,,,,,0.0,,,,,,,,,,,,,,,,,,,,49.775999999999996,73
New Mexico,16,13,1,0.0,-4.766666666666667,4,0.75,5.1000000000000005,3,1.0,11.766666666666666,8,0.875,18.3,0.0,1.0,3.0,1.0,3.0,0.0,7.0,1.0,New Mexico Lobos,0.6888888888888889,7.679439252336448,34.32177570093458,54.73755964553511,False,0.6,0.9090909090909091,15.454545454545453,False,"Monday, January 12",2026.0,New Mexico,0.0,MWC,Eric Olen,13.0,3.0,15.5702,51.0,0.8433,47.0,114.358,90.0,113.619,90.0,98.788,27.0,96.6836,26.0,70.085,137.0,69.1801,118.0,0.0132,162.0,1.8591,117.0,109.894,125.0,108.035,125.0,1.4549,148.0,,16.27,71.0,18.08,315.0,16.33,3.0,19.96,12.0,51.0,49.755123495327105,74
UNC Wilmington Seahawks,3,3,0,0.0,0.0,0,0.0,0.0,1,1.0,4.6,2,1.0,41.0,0.0,0.0,0.0,0.0,1.0,0.0,2.0,0.0,UNC Wilmington Seahawks,1.0,22.8,54.120000000000005,87.27561917745966,True,0.0,1.0,0.0,False,,,,,,,,,0.0,,,,,,,,,,,,,,,,0.0,,,,,,,,,,,,,,,,,,,,49.692,75
Wisconsin,16,11,5,0.2,-19.3,2,0.5,-1.6500000000000004,3,1.0,17.975,6,1.0,16.3,1.0,4.0,1.0,1.0,3.0,0.0,6.0,0.0,Wisconsin,0.4307692307692308,-5.102797202797203,34.09349650349651,36.87798227675528,False,0.2857142857142857,1.0,35.714285714285715,True,"Monday, January 12",2026.0,Wisconsin,0.0,B10,Greg Gard,11.0,5.0,18.4642,38.0,0.8743,37.0,118.955,51.0,115.339,70.0,100.491,47.0,104.055,112.0,71.599,68.0,70.4602,60.0,0.0377,116.0,6.6864,26.0,112.869,24.0,106.182,40.0,-2.1311,248.0,,16.46,83.0,17.33,199.0,17.63,4.0,17.02,3.0,38.0,49.61560577622378,76
Navy,9,9,0,0.0,0.0,0,0.0,0.0,0,0.0,0.0,9,1.0,33.65,0.0,0.0,0.0,0.0,0.0,0.0,9.0,0.0,Navy*,1.0,33.650000000000006,58.46,100.0,True,0.0,1.0,0.0,False,"Monday, January 12",2026.0,Navy,0.0,PL,Jon Perry,12.0,6.0,-2.971,201.0,0.4191,203.0,103.132,274.0,106.072,197.0,106.103,113.0,98.6448,40.0,66.8023,292.0,66.9444,235.0,0.0257,138.0,-10.4096,364.0,103.064,360.0,113.474,363.0,-9.0608,356.0,,18.09,265.0,17.58,251.0,18.61,7.0,18.09,7.0,201.0,49.331046,77
Missouri,16,12,2,0.5,-20.433333333333334,4,0.25,-1.6666666666666643,2,1.0,5.6000000000000005,8,1.0,19.133333333333333,1.0,1.0,1.0,3.0,2.0,0.0,8.0,0.0,Missouri Tigers,0.54,-1.936257309941519,39.02549707602339,41.64962508520791,False,0.3333333333333333,1.0,33.333333333333336,True,"Monday, January 12",2026.0,Missouri,0.0,SEC,Dennis Gates,12.0,4.0,13.8091,56.0,0.8047,59.0,119.225,47.0,117.77,49.0,105.416,104.0,104.312,117.0,69.1297,190.0,67.24,221.0,0.0866,37.0,-1.795,233.0,107.694,247.0,109.489,212.0,-7.961,350.0,,16.52,87.0,18.05,311.0,17.94,13.0,17.77,14.0,56.0,49.33094497660819,78
Arkansas-Pine Bluff,2,2,0,0.0,0.0,0,0.0,0.0,0,0.0,0.0,2,1.0,16.6,0.0,0.0,0.0,0.0,0.0,0.0,2.0,0.0,Arkansas-Pine Bluff,1.0,16.6,51.64,100.0,True,0.0,1.0,0.0,False,,,,,,,,,0.0,,,,,,,,,,,,,,,,0.0,,,,,,,,,,,,,,,,,,,,48.824,79
Austin Peay,1,1,0,0.0,0.0,0,0.0,0.0,0,0.0,0.0,1,1.0,23.0,0.0,0.0,0.0,0.0,0.0,0.0,1.0,0.0,Austin Peay,1.0,23.0,54.2,100.0,True,0.0,1.0,0.0,False,"Monday, January 12",2026.0,Austin Peay,0.0,ASun,Corey Gipson,10.0,5.0,-1.6308,181.0,0.4553,181.0,103.751,268.0,105.447,214.0,105.381,103.0,101.58,67.0,70.8221,107.0,69.7791,89.0,0.0296,128.0,-2.8058,268.0,108.597,186.0,111.403,324.0,1.8201,132.0,,16.72,105.0,17.05,139.0,15.53,2.0,17.69,7.0,181.0,48.68312399999999,80
Wilmington (DE),1,1,0,0.0,0.0,0,0.0,0.0,1,1.0,10.6,0,0.0,0.0,0.0,0.0,0.0,0.0,1.0,0.0,0.0,0.0,Wilmington (DE),1.0,10.6,49.24,61.82685753237901,True,0.0,1.0,0.0,False,,,,,,,,,0.0,,,,,,,,,,,,,,,,0.0,,,,,,,,,,,,,,,,,,,,47.983999999999995,81
Montana Tech,1,1,0,0.0,0.0,0,0.0,0.0,1,1.0,9.2,0,0.0,0.0,0.0,0.0,0.0,0.0,1.0,0.0,0.0,0.0,Montana Tech,1.0,9.2,48.68,61.82685753237901,True,0.0,1.0,0.0,False,,,,,,,,,0.0,,,,,,,,,,,,,,,,0.0,,,,,,,,,,,,,,,,,,,,47.788,82
Michigan State,16,14,3,0.6666666666666666,4.714285714285714,1,1.0,0.6714285714285715,3,1.0,3.1285714285714286,9,0.8888888888888888,18.314285714285717,2.0,1.0,1.0,0.0,3.0,0.0,8.0,1.0,Michigan State Spartans,0.8085106382978723,6.55021216407355,54.00306358903367,30.94751192910702,False,0.75,0.9166666666666666,8.333333333333332,False,,,,,,,,,0.0,,,,,,,,,,,,,,,,0.0,,,,,,,,,,,,,,,,,,,,47.77607225616178,83
Virginia St,1,1,0,0.0,0.0,0,0.0,0.0,0,0.0,0.0,1,1.0,6.6,0.0,0.0,0.0,0.0,0.0,0.0,1.0,0.0,Virginia St*,1.0,6.6,47.64,100.0,True,0.0,1.0,0.0,False,,,,,,,,,0.0,,,,,,,,,,,,,,,,0.0,,,,,,,,,,,,,,,,,,,,47.424,84
South Florida,16,10,4,0.5,2.1666666666666674,1,1.0,7.3,5,0.4,-5.066666666666666,6,0.8333333333333334,18.433333333333334,2.0,2.0,1.0,0.0,2.0,3.0,5.0,1.0,South Florida Bulls,0.5517241379310345,2.9060606060606062,42.24001044932079,23.790047716428084,False,0.6,0.6363636363636364,1.8181818181818188,False,"Monday, January 12",2026.0,South Florida,0.0,Amer,Bryan Hodgson,10.0,6.0,11.8071,71.0,0.7749,73.0,115.855,72.0,116.483,59.0,104.047,85.0,105.505,137.0,75.1692,12.0,72.7914,17.0,-0.0664,308.0,5.5028,44.0,113.105,20.0,107.602,102.0,4.7381,71.0,,15.25,17.0,16.39,33.0,16.42,4.0,15.95,1.0,71.0,47.36872465726228,85
Indiana,16,12,2,0.0,-5.1000000000000005,1,1.0,10.733333333333334,2,1.0,6.033333333333334,11,0.8181818181818182,37.53333333333333,0.0,2.0,1.0,0.0,2.0,0.0,9.0,2.0,Indiana Hoosiers,0.5263157894736842,10.55128205128205,19.654723346828607,61.89502385821404,True,0.3333333333333333,0.8461538461538461,25.64102564102564,False,"Monday, January 12",2026.0,Indiana,0.0,B10,Darian DeVries,12.0,4.0,21.0483,27.0,0.8995,28.0,121.288,28.0,120.9,29.0,100.24,42.0,97.719,35.0,69.7641,152.0,68.4004,158.0,-0.0586,294.0,1.6951,119.0,109.588,139.0,107.893,119.0,-3.891,284.0,,17.32,167.0,17.17,169.0,18.35,13.0,17.06,4.0,27.0,47.15833417139,86
Arkansas,16,12,0,0.0,0.0,1,1.0,9.1,3,0.6666666666666666,-8.2,12,0.75,21.6,0.0,0.0,1.0,0.0,2.0,1.0,9.0,3.0,Arkansas Razorbacks,0.7692307692307693,6.15,20.32538461538462,81.73142467620995,True,1.0,0.7333333333333333,0.0,False,"Monday, January 12",2026.0,Arkansas,0.0,SEC,John Calipari,12.0,4.0,20.7116,30.0,0.8911,30.0,123.982,13.0,122.019,19.0,103.271,73.0,105.565,140.0,73.1,33.0,71.9805,27.0,0.0184,154.0,7.3353,19.0,113.212,17.0,105.877,33.0,2.5941,116.0,,15.37,21.0,17.53,234.0,16.03,5.0,16.96,9.0,30.0,47.15630461538462,87
Northwood (MI),1,1,0,0.0,0.0,0,0.0,0.0,0,0.0,0.0,1,1.0,4.4,0.0,0.0,0.0,0.0,0.0,0.0,1.0,0.0,Northwood (MI),1.0,4.4,46.76,100.0,True,0.0,1.0,0.0,False,,,,,,,,,0.0,,,,,,,,,,,,,,,,0.0,,,,,,,,,,,,,,,,,,,,47.116,88
Murray State,11,9,2,1.0,5.4,1,0.0,-10.4,1,1.0,17.05,7,0.8571428571428571,12.15,2.0,0.0,0.0,1.0,1.0,0.0,6.0,1.0,Murray State,0.8064516129032258,5.951428571428572,54.12543946376204,33.767119043192665,False,0.6666666666666666,0.875,10.416666666666668,False,,,,,,,,,0.0,,,,,,,,,,,,,,,,0.0,,,,,,,,,,,,,,,,,,,,46.966631085043986,89
Alcorn State,1,1,0,0.0,0.0,0,0.0,0.0,0,0.0,0.0,1,1.0,2.9,0.0,0.0,0.0,0.0,0.0,0.0,1.0,0.0,Alcorn State,1.0,2.8999999999999995,46.16,100.0,True,0.0,1.0,0.0,False,,,,,,,,,0.0,,,,,,,,,,,,,,,,0.0,,,,,,,,,,,,,,,,,,,,46.906,90
Syracuse Orange,1,1,0,0.0,0.0,0,0.0,0.0,0,0.0,0.0,1,1.0,2.6,0.0,0.0,0.0,0.0,0.0,0.0,1.0,0.0,Syracuse Orange,1.0,2.6,46.04,100.0,True,0.0,1.0,0.0,False,,,,,,,,,0.0,,,,,,,,,,,,,,,,0.0,,,,,,,,,,,,,,,,,,,,46.864,91
NC State,17,12,0,0.0,0.0,0,0.0,0.0,7,0.7142857142857143,13.4,10,0.7,11.0,0.0,0.0,0.0,0.0,5.0,2.0,7.0,3.0,NC State Wolfpack,0.7096774193548387,12.6,18.975483870967743,84.28164721921489,True,0.0,0.7058823529411765,0.0,False,"Monday, January 12",2026.0,N.C. State,0.0,ACC,Will Wade,12.0,5.0,21.6295,24.0,0.9049,24.0,121.568,22.0,121.682,23.0,99.9389,35.0,100.545,59.0,70.4764,123.0,69.3215,110.0,-0.0607,299.0,6.2572,34.0,112.21,38.0,105.952,34.0,4.3581,77.0,,16.03,58.0,17.92,290.0,17.15,7.0,17.67,12.0,24.0,46.62566364895635,92
Utah Valley,18,14,1,1.0,5.466666666666666,1,0.0,-5.3,8,0.875,23.3,8,0.75,21.666666666666668,1.0,0.0,0.0,1.0,7.0,1.0,6.0,2.0,Utah Valley Wolverines,0.7777777777777778,15.904980842911879,39.58421455938697,48.25418465500265,False,0.5,0.8125,15.625,False,"Monday, January 12",2026.0,Utah Valley,0.0,WAC,Todd Phillips,14.0,4.0,8.0708,99.0,0.7036,98.0,111.431,122.0,110.974,127.0,103.36,76.0,100.389,56.0,71.2092,86.0,70.8118,49.0,0.0568,76.0,-0.4897,186.0,108.101,217.0,108.591,159.0,1.9503,125.0,,16.39,77.0,17.26,184.0,15.7,1.0,16.73,2.0,99.0,46.337569762452105,93
Kansas,3,2,1,0.0,-5.666666666666667,0,0.0,0.0,0,0.0,0.0,2,1.0,29.866666666666664,0.0,1.0,0.0,0.0,0.0,0.0,2.0,0.0,17Kansas,0.2,6.6927536231884055,18.343768115942026,78.55032947057487,True,0.0,1.0,0.0,False,"Monday, January 12",2026.0,Kansas,0.0,B12,Bill Self,11.0,5.0,22.441,23.0,0.9171,21.0,118.959,50.0,111.977,111.0,96.5182,14.0,98.2245,37.0,68.0263,242.0,68.3536,161.0,-0.0191,224.0,12.1117,2.0,114.315,7.0,102.203,1.0,10.6949,17.0,,17.12,146.0,18.05,312.0,15.7,3.0,18.29,13.0,23.0,46.31426084057971,94
Santa Clara,16,11,4,0.25,-9.55,0,0.0,0.0,5,0.8,14.1,7,0.8571428571428571,11.799999999999999,1.0,3.0,0.0,0.0,4.0,1.0,6.0,1.0,Santa Clara,0.48148148148148145,1.8916666666666666,29.423333333333332,39.263803680981596,False,0.25,0.8333333333333334,29.166666666666668,False,"Monday, January 12",2026.0,Santa Clara,0.0,WCC,Herb Sendek,14.0,5.0,15.6304,50.0,0.8336,53.0,119.569,42.0,117.689,51.0,103.938,83.0,102.383,78.0,70.6965,113.0,70.2317,70.0,-0.018,220.0,2.3222,98.0,109.57,140.0,107.248,88.0,3.6487,96.0,,16.74,107.0,17.28,190.0,15.66,2.0,16.98,2.0,50.0,46.21357866666666,95
Campbell,1,1,0,0.0,0.0,0,0.0,0.0,0,0.0,0.0,1,1.0,7.0,0.0,0.0,0.0,0.0,0.0,0.0,1.0,0.0,Campbell,1.0,7.0,47.8,100.0,True,0.0,1.0,0.0,False,"Monday, January 12",2026.0,Campbell,0.0,CAA,John Andrzejek,9.0,9.0,-1.9931,184.0,0.4485,184.0,109.892,143.0,105.72,205.0,111.885,248.0,114.894,304.0,70.9641,102.0,70.6217,55.0,0.0672,55.0,4.9451,57.0,111.748,48.0,106.803,69.0,8.0101,29.0,,16.93,125.0,16.9,104.0,17.57,5.0,17.22,1.0,184.0,46.202842999999994,96
Florida,16,11,3,0.0,-2.42,0,0.0,0.0,0,0.0,0.0,13,0.8461538461538461,18.86,0.0,3.0,0.0,0.0,0.0,0.0,11.0,2.0,Florida Gators,0.2972972972972973,4.127692307692308,6.7794553014553,66.66666666666666,True,0.0,0.8461538461538461,42.30769230769231,True,"Monday, January 12",2026.0,Florida,0.0,SEC,Todd Golden,11.0,5.0,28.0105,12.0,0.9533,11.0,121.403,26.0,116.583,57.0,93.393,7.0,96.8634,28.0,73.193,32.0,70.4856,59.0,-0.1203,359.0,10.1112,6.0,114.984,4.0,104.873,16.0,6.9091,40.0,,16.26,70.0,16.32,29.0,16.71,8.0,16.08,2.0,12.0,46.12042035550936,97
UNC Wilmington,15,13,0,0.0,0.0,3,0.6666666666666666,13.1,3,1.0,13.6,9,0.8888888888888888,15.1,0.0,0.0,2.0,1.0,3.0,0.0,8.0,1.0,UNC Wilmington,0.8181818181818182,13.75,40.31818181818182,58.55487389229721,False,0.6666666666666666,0.9166666666666666,12.5,False,"Monday, January 12",2026.0,UNC Wilmington,0.0,CAA,Takayo Siddle,16.0,2.0,4.5027,117.0,0.6167,120.0,111.198,129.0,113.493,92.0,106.695,124.0,98.8239,41.0,66.0992,315.0,65.08,320.0,0.046,98.0,-8.7852,359.0,102.874,361.0,111.659,335.0,-9.443,359.0,,18.96,339.0,17.24,182.0,18.48,7.0,17.61,6.0,117.0,45.683344636363636,98
Colgate,2,2,0,0.0,0.0,0,0.0,0.0,0,0.0,0.0,2,1.0,7.1,0.0,0.0,0.0,0.0,0.0,0.0,2.0,0.0,Colgate,1.0,7.1,47.84,100.0,True,0.0,1.0,0.0,False,"Monday, January 12",2026.0,Colgate,0.0,PL,Matt Langel,9.0,8.0,-3.1016,203.0,0.4201,202.0,109.167,161.0,108.417,162.0,112.268,251.0,112.626,275.0,66.7655,295.0,66.0502,274.0,0.0662,60.0,-1.0003,203.0,108.659,184.0,109.66,224.0,4.5962,72.0,,17.88,242.0,17.95,294.0,17.92,5.0,19.02,10.0,203.0,45.518808,99
Washington,16,10,3,0.0,-10.466666666666667,6,0.5,7.366666666666667,1,1.0,5.966666666666666,6,1.0,9.366666666666667,0.0,3.0,3.0,3.0,1.0,0.0,6.0,0.0,Washington Huskies,0.38095238095238093,1.5493734335839606,29.012606516290727,49.96591683708248,False,0.3333333333333333,1.0,33.333333333333336,True,"Monday, January 12",2026.0,Washington,0.0,B10,Danny Sprinkle,10.0,6.0,16.0561,48.0,0.844,45.0,117.576,61.0,115.403,69.0,101.52,54.0,103.616,104.0,69.9303,143.0,67.9381,181.0,-0.0669,311.0,6.1754,36.0,113.611,13.0,107.436,96.0,-1.4811,223.0,,16.93,128.0,17.61,257.0,17.58,2.0,18.55,16.0,48.0,45.41616328070175,100
George Washington Revolutionaries,12,10,1,1.0,19.7,0,0.0,0.0,2,1.0,31.8,9,0.7777777777777778,23.9,1.0,0.0,0.0,0.0,2.0,0.0,7.0,2.0,George Washington Revolutionaries,0.9130434782608695,25.143137254901966,48.81087809036658,68.64349011588276,True,1.0,0.8181818181818182,0.0,False,,,,,,,,,0.0,,,,,,,,,,,,,,,,0.0,,,,,,,,,,,,,,,,,,,,45.3338073316283,101
High Point,19,16,0,0.0,0.0,2,0.5,-6.666666666666667,2,0.5,4.3,15,0.9333333333333333,28.2,0.0,0.0,1.0,1.0,1.0,1.0,14.0,1.0,High Point Panthers,0.7096774193548387,7.88,31.192747028862485,74.51296954041547,True,0.5,0.8823529411764706,19.11764705882353,False,"Monday, January 12",2026.0,High Point,0.0,BSth,Flynn Clayman,16.0,3.0,9.5728,90.0,0.7238,90.0,119.102,48.0,123.354,11.0,109.529,184.0,99.3304,45.0,70.5528,119.0,70.0113,77.0,-0.0017,194.0,-9.3732,361.0,102.653,363.0,112.026,342.0,-9.0257,355.0,,15.71,39.0,18.29,338.0,15.56,1.0,18.01,6.0,90.0,45.330448407470286,102
Hofstra,4,3,0,0.0,0.0,2,0.5,0.9,0,0.0,0.0,2,1.0,13.6,0.0,0.0,1.0,1.0,0.0,0.0,2.0,0.0,Hofstra,0.5833333333333334,4.075,37.879999999999995,63.4628493524199,True,0.5,1.0,25.0,False,"Monday, January 12",2026.0,Hofstra,0.0,CAA,Speedy Claxton,13.0,4.0,7.7857,102.0,0.6946,102.0,112.899,106.0,111.776,113.0,105.114,98.0,104.029,111.0,66.7152,296.0,66.2557,266.0,-0.0084,206.0,1.9374,111.0,109.378,149.0,107.441,97.0,3.9722,87.0,,18.58,312.0,17.51,229.0,19.37,12.0,17.91,8.0,102.0,45.165679,103
Middle Tennessee Blue Raiders,8,7,0,0.0,0.0,1,1.0,6.0,1,1.0,19.8,6,0.8333333333333334,25.1,0.0,0.0,1.0,0.0,1.0,0.0,5.0,1.0,Middle Tennessee Blue Raiders,0.9285714285714286,18.310000000000002,45.60971428571429,81.73142467620995,True,1.0,0.8571428571428571,0.0,False,,,,,,,,,0.0,,,,,,,,,,,,,,,,0.0,,,,,,,,,,,,,,,,,,,,44.8384,104
South Carolina,9,5,3,0.3333333333333333,-0.5,2,0.0,-3.3,2,1.0,10.7,2,1.0,16.4,1.0,2.0,0.0,2.0,2.0,0.0,2.0,0.0,South Carolina*,0.38095238095238093,2.158064516129032,37.11719406041986,31.045974399757633,False,0.2,1.0,40.0,True,"Monday, January 12",2026.0,South Carolina,0.0,SEC,Lamont Paris,10.0,6.0,11.7391,72.0,0.7748,74.0,115.256,79.0,116.382,61.0,103.517,80.0,101.683,69.0,67.3933,272.0,65.4265,305.0,-0.1228,360.0,-2.7276,263.0,108.148,213.0,110.876,314.0,-8.9793,354.0,,18.45,299.0,17.17,168.0,19.47,16.0,16.95,8.0,72.0,44.50928025448029,105
Oklahoma State,16,13,4,0.5,1.4999999999999998,1,1.0,2.1333333333333333,1,1.0,3.1666666666666665,10,0.9,9.733333333333333,2.0,2.0,1.0,0.0,1.0,0.0,9.0,1.0,Oklahoma State Cowboys,0.66,3.3559999999999994,47.2924,33.33333333333333,False,0.6,0.9090909090909091,15.454545454545453,False,,,,,,,,,0.0,,,,,,,,,,,,,,,,0.0,,,,,,,,,,,,,,,,,,,,44.48984,106
LSU,16,12,1,0.0,-1.5,1,0.0,-5.7,3,1.0,13.833333333333334,11,0.8181818181818182,16.066666666666666,0.0,1.0,0.0,1.0,3.0,0.0,9.0,2.0,LSU Tigers,0.5454545454545454,7.921596244131456,18.214093043107127,70.62031356509884,True,0.0,0.8571428571428571,42.857142857142854,True,"Monday, January 12",2026.0,LSU,0.0,SEC,Matt McMahon,12.0,4.0,17.2543,40.0,0.8558,42.0,120.289,39.0,121.06,27.0,103.034,70.0,102.692,83.0,70.2147,132.0,68.1939,167.0,-0.0167,218.0,0.164,163.0,109.038,161.0,108.874,171.0,-4.143,292.0,,16.43,81.0,17.49,224.0,17.77,12.0,16.79,6.0,40.0,44.250485565087494,107
Syracuse,15,10,2,0.0,-12.45,4,0.5,10.35,3,0.6666666666666666,3.5,6,1.0,14.5,0.0,2.0,2.0,2.0,2.0,1.0,6.0,0.0,Syracuse*,0.43137254901960786,4.076229508196722,29.042256509161042,50.920245398773,False,0.3333333333333333,0.8888888888888888,27.77777777777778,False,"Monday, January 12",2026.0,Syracuse,0.0,ACC,Adrian Autry,11.0,5.0,13.1056,63.0,0.8035,60.0,113.723,96.0,109.402,152.0,100.617,48.0,95.9436,21.0,67.9818,244.0,68.1239,173.0,-0.0031,200.0,0.8484,142.0,107.365,263.0,106.517,54.0,-3.5994,278.0,,16.57,94.0,18.1,319.0,17.27,8.0,16.86,6.0,63.0,44.17230977820636,108
Kentucky,16,10,2,0.5,-8.875,1,0.0,-1.9,1,0.0,-4.95,12,0.75,28.125,1.0,1.0,0.0,1.0,0.0,1.0,9.0,3.0,Kentucky Wildcats,0.4722222222222222,3.3407142857142853,16.336285714285715,51.19291070211316,False,0.3333333333333333,0.6923076923076923,17.94871794871795,False,"Monday, January 12",2026.0,Kentucky,0.0,SEC,Mark Pope,10.0,6.0,21.1034,26.0,0.9034,25.0,119.442,44.0,119.03,41.0,98.3381,25.0,99.0092,43.0,70.1727,133.0,68.3107,164.0,-0.0821,327.0,5.3532,49.0,112.557,31.0,107.204,86.0,1.7842,134.0,,15.62,33.0,18.23,333.0,16.47,7.0,17.89,16.0,26.0,44.164114,109
Seattle U Redhawks,10,9,0,0.0,0.0,0,0.0,0.0,3,1.0,6.0,7,0.8571428571428571,27.0,0.0,0.0,0.0,0.0,3.0,0.0,6.0,1.0,Seattle U Redhawks,0.9375,15.545454545454545,42.40568181818182,88.5480572597137,True,0.0,0.9,0.0,False,,,,,,,,,0.0,,,,,,,,,,,,,,,,0.0,,,,,,,,,,,,,,,,,,,,44.09198863636364,110
George Mason Patriots,14,13,1,0.0,-18.2,1,1.0,16.8,4,1.0,14.2,8,1.0,22.5,0.0,1.0,1.0,0.0,4.0,0.0,8.0,0.0,George Mason Patriots,0.7575757575757576,10.544303797468354,41.16577346703929,66.18950238582141,True,0.5,1.0,25.0,False,,,,,,,,,0.0,,,,,,,,,,,,,,,,0.0,,,,,,,,,,,,,,,,,,,,44.08659214203518,111
UC San Diego,15,11,1,1.0,6.95,4,0.75,7.35,3,1.0,5.65,7,0.5714285714285714,11.5,1.0,0.0,3.0,1.0,3.0,0.0,4.0,3.0,UC San Diego,0.8181818181818182,7.688317757009346,36.560175587652225,40.37718700295387,False,0.8,0.7,-5.000000000000004,False,"Monday, January 12",2026.0,UC San Diego,0.0,BW,Clint Allard,13.0,4.0,6.9419,106.0,0.6724,106.0,114.557,85.0,114.087,87.0,107.616,140.0,104.86,125.0,68.6292,211.0,67.4429,212.0,-0.0001,193.0,-0.8356,200.0,108.112,215.0,108.948,177.0,0.1173,173.0,,16.81,113.0,18.08,314.0,17.41,6.0,18.03,11.0,106.0,43.91949045567828,112
Texas A&M-Corpus Christi Islanders,6,5,0,0.0,0.0,0,0.0,0.0,1,1.0,6.8,5,0.8,36.9,0.0,0.0,0.0,0.0,1.0,0.0,4.0,1.0,Texas A&M-Corpus Christi Islanders,0.875,28.3,44.695,93.63780958872984,True,0.0,0.8333333333333334,0.0,False,,,,,,,,,0.0,,,,,,,,,,,,,,,,0.0,,,,,,,,,,,,,,,,,,,,43.893249999999995,113
Quinnipiac,9,7,1,1.0,9.0,1,0.0,-11.0,3,1.0,16.7,4,0.75,13.1,1.0,0.0,0.0,1.0,3.0,0.0,3.0,1.0,Quinnipiac,0.7692307692307693,9.155223880597013,44.72191861206787,48.25418465500265,False,0.5,0.8571428571428571,17.857142857142854,False,"Monday, January 12",2026.0,Quinnipiac,0.0,MAAC,Tom Pecora,12.0,5.0,0.9606,151.0,0.526,150.0,106.578,207.0,105.703,206.0,105.618,108.0,101.907,72.0,71.3164,81.0,70.3137,65.0,0.1226,14.0,-3.1916,278.0,106.425,299.0,109.617,220.0,1.7424,136.0,,16.6,99.0,17.44,217.0,17.59,5.0,17.55,3.0,151.0,43.63528418089042,114
St. Thomas-Minnesota Tommies,7,6,0,0.0,0.0,0,0.0,0.0,2,0.5,7.9,5,1.0,34.6,0.0,0.0,0.0,0.0,1.0,1.0,5.0,0.0,St. Thomas-Minnesota Tommies,0.7272727272727273,22.733333333333334,41.82060606060606,89.093387866394,True,0.0,0.8571428571428571,0.0,False,,,,,,,,,0.0,,,,,,,,,,,,,,,,0.0,,,,,,,,,,,,,,,,,,,,43.24435497835497,115
SFA,10,8,0,0.0,0.0,1,0.0,-3.6,2,0.5,14.3,7,1.0,18.4,0.0,0.0,0.0,1.0,1.0,1.0,7.0,0.0,Stephen F. Austin,0.5555555555555556,11.533333333333333,31.613333333333333,79.82276755282889,True,0.0,0.8888888888888888,0.0,False,"Monday, January 12",2026.0,Stephen F. Austin,0.0,Slnd,Matt Braeuer,14.0,3.0,6.8453,107.0,0.678,105.0,109.21,157.0,111.463,117.0,102.365,62.0,95.9388,20.0,66.5175,303.0,65.852,286.0,-0.0668,310.0,-4.8556,322.0,104.869,342.0,109.724,231.0,-3.9333,285.0,,17.85,239.0,18.35,343.0,18.53,8.0,18.17,8.0,107.0,43.148581666666665,116
Richmond Spiders,7,6,0,0.0,0.0,0,0.0,0.0,2,1.0,8.8,5,0.8,22.4,0.0,0.0,0.0,0.0,2.0,0.0,4.0,1.0,Richmond Spiders,0.9090909090909091,16.355555555555554,41.45131313131313,89.093387866394,True,0.0,0.8571428571428571,0.0,False,,,,,,,,,0.0,,,,,,,,,,,,,,,,0.0,,,,,,,,,,,,,,,,,,,,43.115102453102445,117
Kent State,7,6,0,0.0,0.0,1,1.0,1.95,1,1.0,8.3,5,0.8,10.100000000000001,0.0,0.0,1.0,0.0,1.0,0.0,4.0,1.0,Kent State*,0.9230769230769231,7.295000000000001,41.31360439560439,80.3680981595092,True,1.0,0.8333333333333334,0.0,False,,,,,,,,,0.0,,,,,,,,,,,,,,,,0.0,,,,,,,,,,,,,,,,,,,,43.06690439560439,118
UCLA,16,11,3,0.0,-5.914285714285714,2,0.5,-1.2142857142857142,1,1.0,2.457142857142857,10,0.9,12.728571428571428,0.0,3.0,1.0,1.0,1.0,0.0,9.0,1.0,UCLA Bruins,0.3617021276595745,-0.21708394698085376,16.43976216588851,59.50920245398773,False,0.2,0.9090909090909091,35.45454545454545,True,"Monday, January 12",2026.0,UCLA,0.0,B10,Mick Cronin,11.0,5.0,17.6493,39.0,0.8641,40.0,118.773,53.0,115.221,71.0,101.124,52.0,101.328,63.0,68.3039,227.0,66.1976,268.0,-0.0371,271.0,2.3108,100.0,110.012,118.0,107.701,106.0,-4.9706,304.0,,17.24,160.0,18.41,348.0,17.97,7.0,19.96,18.0,39.0,42.94734775806097,119
North Dakota State,7,6,0,0.0,0.0,0,0.0,0.0,4,0.75,11.85,3,1.0,11.0,0.0,0.0,0.0,0.0,3.0,1.0,3.0,0.0,North Dakota State*,0.8,11.618181818181819,40.64727272727273,78.186775732788,True,0.0,0.8571428571428571,0.0,False,,,,,,,,,0.0,,,,,,,,,,,,,,,,0.0,,,,,,,,,,,,,,,,,,,,42.833688311688306,120
Creighton,2,1,0,0.0,0.0,1,0.0,-5.5,1,1.0,2.95,0,0.0,0.0,0.0,0.0,0.0,1.0,1.0,0.0,0.0,0.0,Creighton,0.375,-2.1199999999999997,26.027,53.101567825494215,False,0.0,1.0,0.0,False,"Monday, January 12",2026.0,Creighton,0.0,BE,Greg McDermott,10.0,7.0,16.4304,44.0,0.8484,44.0,118.149,58.0,112.328,105.0,101.719,57.0,104.668,120.0,68.5382,214.0,66.844,240.0,-0.015,215.0,9.4447,8.0,113.75,11.0,104.305,5.0,4.8714,67.0,,17.83,238.0,17.1,156.0,18.27,8.0,16.25,2.0,44.0,42.715402,121
Robert Morris Colonials,9,8,0,0.0,0.0,0,0.0,0.0,2,0.5,-7.5,7,1.0,24.0,0.0,0.0,0.0,0.0,1.0,1.0,7.0,0.0,Robert Morris Colonials,0.7692307692307693,10.000000000000002,38.61538461538462,91.51707945163979,True,0.0,0.8888888888888888,0.0,False,,,,,,,,,0.0,,,,,,,,,,,,,,,,0.0,,,,,,,,,,,,,,,,,,,,42.59871794871795,122
VCU,17,11,5,0.0,-4.033333333333334,2,1.0,11.133333333333335,2,1.0,7.533333333333334,8,0.875,15.766666666666667,0.0,5.0,2.0,0.0,2.0,0.0,7.0,1.0,VCU Rams,0.359375,2.9671604938271607,19.59403331517792,53.61482016119331,False,0.2857142857142857,0.9,30.714285714285715,True,"Monday, January 12",2026.0,VCU,0.0,A10,Phil Martelli Jr.,11.0,6.0,16.2253,45.0,0.8436,46.0,119.04,49.0,119.686,35.0,102.815,69.0,103.627,106.0,71.4882,74.0,69.8647,84.0,-0.1166,357.0,1.966,108.0,110.216,111.0,108.25,138.0,-1.9769,239.0,,15.94,53.0,17.56,246.0,16.28,2.0,17.76,6.0,45.0,42.57304501325345,123
Richmond,10,6,1,1.0,5.3,3,0.3333333333333333,-2.2,3,0.3333333333333333,-1.5499999999999998,3,1.0,12.0,1.0,0.0,1.0,2.0,1.0,2.0,3.0,0.0,Richmond*,0.5428571428571428,1.2310344827586208,40.920985221674876,34.01499659168371,False,0.5,0.6666666666666666,8.333333333333332,False,"Monday, January 12",2026.0,Richmond,0.0,A10,Chris Mooney,12.0,5.0,5.4087,111.0,0.6369,112.0,113.437,101.0,116.248,63.0,108.028,151.0,104.471,118.0,70.3114,129.0,68.8051,137.0,-0.0421,274.0,-4.6087,316.0,106.968,284.0,111.576,332.0,-7.5617,346.0,,17.03,140.0,16.87,95.0,16.5,3.0,18.9,10.0,111.0,42.493297827586204,124
TCU,16,11,2,0.0,-3.8000000000000003,2,0.5,-0.09999999999999994,3,0.6666666666666666,2.1999999999999997,9,0.8888888888888888,14.633333333333333,0.0,2.0,1.0,1.0,2.0,1.0,8.0,1.0,TCU Horned Frogs,0.4318181818181818,2.3374149659863943,19.366784168212742,57.12338104976141,False,0.25,0.8333333333333334,29.166666666666668,False,"Monday, January 12",2026.0,TCU,0.0,B12,Jamie Dixon,11.0,5.0,15.1745,52.0,0.8383,50.0,113.799,95.0,112.864,100.0,98.6245,26.0,95.6174,19.0,70.0302,140.0,67.9045,183.0,-0.0704,316.0,0.5271,150.0,107.783,241.0,107.256,89.0,-5.7954,319.0,,16.36,76.0,18.22,330.0,16.84,9.0,16.6,8.0,52.0,42.423337458874464,125
Colorado,16,12,0,0.0,0.0,0,0.0,0.0,5,0.6,4.5,11,0.8181818181818182,23.799999999999997,0.0,0.0,0.0,0.0,3.0,2.0,9.0,2.0,Colorado Buffaloes,0.6923076923076923,10.933333333333332,23.527179487179488,88.07089297886844,True,0.0,0.75,0.0,False,"Monday, January 12",2026.0,Colorado,0.0,B12,Tad Boyle,12.0,4.0,11.3293,75.0,0.761,79.0,118.249,56.0,119.3,38.0,106.919,128.0,108.242,191.0,71.0744,94.0,69.819,87.0,-0.0321,253.0,1.2349,131.0,110.587,89.0,109.352,206.0,-1.1268,216.0,,16.24,68.0,17.48,223.0,16.51,8.0,16.6,9.0,75.0,42.38224382051282,126
Dayton Flyers,12,10,0,0.0,0.0,2,1.0,13.7,4,0.75,5.7,6,0.8333333333333334,13.8,0.0,0.0,2.0,0.0,3.0,1.0,5.0,1.0,Dayton Flyers,0.8571428571428571,10.357894736842105,40.04791979949875,63.4628493524199,True,1.0,0.8,-9.999999999999998,False,,,,,,,,,0.0,,,,,,,,,,,,,,,,0.0,,,,,,,,,,,,,,,,,,,,42.26677192982456,127
Eastern Kentucky,2,2,0,0.0,0.0,0,0.0,0.0,0,0.0,0.0,2,1.0,9.0,0.0,0.0,0.0,0.0,0.0,0.0,2.0,0.0,Eastern Kentucky,1.0,9.0,48.6,100.0,True,0.0,1.0,0.0,False,"Monday, January 12",2026.0,Eastern Kentucky,0.0,ASun,A.W. Hamilton,6.0,11.0,-8.7218,261.0,0.2902,260.0,107.831,185.0,106.267,194.0,116.553,327.0,117.648,335.0,69.5961,167.0,67.9308,182.0,0.0134,161.0,0.3977,153.0,109.949,123.0,109.551,215.0,3.6628,95.0,,18.48,301.0,16.03,13.0,19.55,11.0,16.23,2.0,261.0,42.260977999999994,128
North Alabama Lions,5,4,0,0.0,0.0,1,1.0,3.1,0,0.0,0.0,4,0.75,12.5,0.0,0.0,1.0,0.0,0.0,0.0,3.0,1.0,North Alabama Lions,0.8888888888888888,8.471428571428572,41.38857142857143,83.640081799591,True,1.0,0.75,0.0,False,,,,,,,,,0.0,,,,,,,,,,,,,,,,0.0,,,,,,,,,,,,,,,,,,,,42.236,129
Auburn,16,10,3,0.3333333333333333,-11.766666666666666,1,1.0,9.733333333333333,1,1.0,14.466666666666667,11,0.6363636363636364,4.033333333333333,1.0,2.0,1.0,0.0,1.0,0.0,7.0,4.0,Auburn Tigers,0.5348837209302325,-2.5447058823529405,12.051885088919292,48.80708929788685,False,0.5,0.6666666666666666,8.333333333333332,False,"Monday, January 12",2026.0,Auburn,0.0,SEC,Steven Pearl,10.0,6.0,20.4185,31.0,0.8863,34.0,124.886,9.0,121.66,24.0,104.467,93.0,110.017,232.0,70.6936,114.0,67.8448,188.0,-0.0104,209.0,11.4349,3.0,115.886,3.0,104.451,8.0,8.3992,24.0,,16.95,131.0,16.91,108.0,17.33,9.0,16.22,3.0,31.0,42.21014278112175,130
St. Bonaventure,13,9,2,0.5,-4.65,4,0.75,5.35,1,0.0,-2.9,6,0.8333333333333334,10.8,1.0,1.0,3.0,1.0,0.0,1.0,5.0,1.0,St. Bonaventure,0.6222222222222222,2.9254716981132076,40.40095791001451,40.18142729799171,False,0.6666666666666666,0.7142857142857143,2.3809523809523836,False,"Monday, January 12",2026.0,St. Bonaventure,0.0,A10,Mark Schmidt,11.0,5.0,3.0425,130.0,0.5774,132.0,113.648,98.0,114.543,79.0,110.606,210.0,109.05,209.0,67.9631,245.0,67.2727,217.0,0.0131,164.0,-2.0597,244.0,107.843,238.0,109.903,247.0,-3.6199,279.0,,17.53,201.0,17.84,284.0,17.85,7.0,17.55,5.0,130.0,42.187533653120454,131
Xavier,17,10,5,0.4,-5.500000000000001,1,0.0,-12.8,5,0.6,1.45,6,0.8333333333333334,5.6,2.0,3.0,0.0,1.0,3.0,2.0,5.0,1.0,Xavier,0.45454545454545453,-2.694557823129253,36.435545854705516,22.947993103171736,False,0.3333333333333333,0.7272727272727273,19.6969696969697,False,"Monday, January 12",2026.0,Xavier,0.0,BE,Richard Pitino,10.0,7.0,7.6693,104.0,0.693,104.0,112.219,112.0,106.538,188.0,104.55,94.0,105.169,133.0,71.9478,61.0,70.3443,64.0,0.0667,58.0,5.9294,38.0,110.42,100.0,104.491,10.0,0.9837,155.0,,15.74,43.0,17.6,254.0,15.85,1.0,16.9,5.0,104.0,42.13628546091164,132
Providence,9,6,1,0.0,-5.95,2,0.0,-9.799999999999999,2,1.0,24.299999999999997,4,1.0,12.3,0.0,1.0,0.0,2.0,2.0,0.0,4.0,0.0,Providence,0.35714285714285715,3.678169014084508,24.20936284372904,52.61682950844505,False,0.0,1.0,50.0,True,"Monday, January 12",2026.0,Providence,0.0,BE,Kim English,8.0,8.0,12.491,67.0,0.7791,71.0,120.313,37.0,116.637,56.0,107.822,147.0,110.099,235.0,74.3177,18.0,72.8622,16.0,-0.1163,356.0,7.5082,17.0,111.879,45.0,104.371,6.0,0.0507,178.0,,15.48,23.0,16.93,113.0,16.22,4.0,16.74,4.0,67.0,42.12982299530516,133
Massachusetts Minutemen,5,4,0,0.0,0.0,0,0.0,0.0,0,0.0,0.0,5,0.8,25.0,0.0,0.0,0.0,0.0,0.0,0.0,4.0,1.0,Massachusetts Minutemen,0.8,25.0,40.0,100.0,True,0.0,0.8,0.0,False,,,,,,,,,0.0,,,,,,,,,,,,,,,,0.0,,,,,,,,,,,,,,,,,,,,41.75,134
Notre Dame,11,7,1,0.0,-8.35,4,0.25,-9.899999999999999,1,1.0,12.35,5,1.0,14.05,0.0,1.0,1.0,3.0,1.0,0.0,5.0,0.0,Notre Dame*,0.3611111111111111,-2.4247252747252728,24.37101898101898,53.002416806097784,False,0.2,1.0,40.0,True,"Monday, January 12",2026.0,Notre Dame,0.0,ACC,Micah Shrewsberry,10.0,6.0,12.2559,69.0,0.7893,67.0,112.969,105.0,110.523,133.0,100.713,49.0,101.593,68.0,65.6452,332.0,65.0809,319.0,-0.0493,285.0,3.7581,77.0,110.753,79.0,106.995,79.0,-0.0938,183.0,,18.56,309.0,17.96,296.0,20.1,18.0,18.49,17.0,69.0,41.56230418881119,135
Oklahoma,16,11,3,0.0,-13.966666666666667,0,0.0,0.0,5,0.6,-6.099999999999999,8,1.0,21.833333333333332,0.0,3.0,0.0,0.0,3.0,2.0,8.0,0.0,Oklahoma Sooners,0.3617021276595745,-4.150793650793649,18.36627828436339,54.73755964553511,False,0.0,0.8461538461538461,42.30769230769231,True,"Monday, January 12",2026.0,Oklahoma,0.0,SEC,Porter Moser,11.0,5.0,14.1845,54.0,0.8088,56.0,120.329,36.0,121.692,21.0,106.144,114.0,104.888,126.0,69.4984,172.0,66.5788,251.0,-0.0287,246.0,0.4907,151.0,108.746,174.0,108.255,139.0,-5.4873,315.0,,16.54,90.0,17.76,274.0,17.66,11.0,17.68,12.0,54.0,41.43611639952719,136
Tarleton State Texans,7,6,0,0.0,0.0,1,0.0,-6.4,1,1.0,7.0,5,1.0,31.0,0.0,0.0,0.0,1.0,1.0,0.0,5.0,0.0,Tarleton State Texans,0.6153846153846154,14.98,36.54145054945055,80.3680981595092,True,0.0,1.0,0.0,False,,,,,,,,,0.0,,,,,,,,,,,,,,,,0.0,,,,,,,,,,,,,,,,,,,,41.39665054945055,137
Texas,16,10,4,0.25,-18.53333333333333,0,0.0,0.0,2,0.5,1.5,10,0.8,18.366666666666667,1.0,3.0,0.0,0.0,1.0,1.0,8.0,2.0,Texas Longhorns,0.3958333333333333,-7.506944444444443,15.809722222222224,46.421267893660534,False,0.25,0.75,25.0,False,"Monday, January 12",2026.0,Texas,0.0,SEC,Sean Miller,10.0,6.0,16.2223,46.0,0.8364,51.0,122.629,17.0,120.421,31.0,106.407,120.0,105.705,143.0,70.2582,131.0,68.6343,149.0,-0.0906,336.0,2.4329,95.0,109.921,124.0,107.488,98.0,-5.1004,307.0,,16.95,130.0,17.51,231.0,18.12,14.0,16.45,5.0,46.0,40.90744377777778,138
East Texas A&M,2,2,0,0.0,0.0,0,0.0,0.0,0,0.0,0.0,2,1.0,16.75,0.0,0.0,0.0,0.0,0.0,0.0,2.0,0.0,East Texas A&M,1.0,16.75,51.7,100.0,True,0.0,1.0,0.0,False,"Monday, January 12",2026.0,East Texas A&M,0.0,Slnd,Jaret Von Rosenberg,7.0,11.0,-12.9395,312.0,0.1932,315.0,97.785,342.0,94.0104,342.0,110.724,214.0,110.329,238.0,70.782,108.0,69.9653,82.0,0.0767,47.0,1.3148,128.0,108.247,210.0,106.933,74.0,5.5508,54.0,,17.1,144.0,16.78,76.0,16.99,2.0,17.76,6.0,312.0,40.668571,139
Stephen F. Austin Lumberjacks,6,5,0,0.0,0.0,0,0.0,0.0,1,0.0,-7.4,5,1.0,28.5,0.0,0.0,0.0,0.0,0.0,1.0,5.0,0.0,Stephen F. Austin Lumberjacks,0.625,18.242857142857144,35.42214285714286,93.63780958872984,True,0.0,0.8333333333333334,0.0,False,,,,,,,,,0.0,,,,,,,,,,,,,,,,0.0,,,,,,,,,,,,,,,,,,,,40.64775,140
Marist,8,6,0,0.0,0.0,1,0.0,-14.3,3,0.6666666666666666,24.7,4,1.0,19.0,0.0,0.0,0.0,1.0,2.0,1.0,4.0,0.0,Marist,0.5555555555555556,13.946153846153845,33.07846153846154,72.1881390593047,True,0.0,0.8571428571428571,0.0,False,"Monday, January 12",2026.0,Marist,0.0,MAAC,John Dunne,11.0,5.0,3.0905,129.0,0.5875,128.0,102.006,293.0,103.718,245.0,98.9153,28.0,90.4692,4.0,68.3992,220.0,67.2671,218.0,-0.0625,301.0,-7.4395,352.0,103.707,358.0,111.147,322.0,-6.0187,323.0,,17.53,200.0,17.62,259.0,16.79,1.0,17.79,7.0,129.0,40.54447653846154,141
Wyoming,16,11,1,0.0,-11.466666666666667,3,0.0,-3.9,4,0.75,13.4,8,1.0,19.0,0.0,1.0,0.0,3.0,3.0,1.0,8.0,0.0,Wyoming Cowboys,0.3953488372093023,4.819417475728155,24.718464664709863,54.73755964553511,False,0.0,0.9166666666666666,45.83333333333333,True,"Monday, January 12",2026.0,Wyoming,0.0,MWC,Sundance Wicks,11.0,5.0,8.7649,92.0,0.7123,94.0,115.6,74.0,117.745,50.0,106.835,125.0,103.617,105.0,70.5083,121.0,68.1252,172.0,-0.034,262.0,-1.98,241.0,107.947,233.0,109.927,250.0,-5.2376,311.0,,17.44,181.0,16.49,38.0,18.15,7.0,17.25,5.0,92.0,40.246729632648446,142
Elon,3,2,0,0.0,0.0,0,0.0,0.0,1,1.0,49.9,2,0.5,-2.0,0.0,0.0,0.0,0.0,1.0,0.0,1.0,1.0,Elon,0.8,23.95,39.58,87.27561917745966,True,0.0,0.6666666666666666,0.0,False,"Monday, January 12",2026.0,Elon,0.0,CAA,Billy Taylor,11.0,6.0,0.6218,155.0,0.5155,155.0,115.39,77.0,118.996,42.0,114.768,302.0,114.122,294.0,69.4364,173.0,67.6646,202.0,0.0104,172.0,-3.3061,281.0,108.249,209.0,111.555,330.0,-1.2925,220.0,,17.25,161.0,17.56,245.0,16.72,2.0,18.01,9.0,155.0,39.99140599999999,143
Murray State Racers,7,6,0,0.0,0.0,1,0.0,-13.3,1,1.0,8.4,5,1.0,12.2,0.0,0.0,0.0,1.0,1.0,0.0,5.0,0.0,Murray State Racers,0.6153846153846154,3.7899999999999996,32.065450549450546,80.3680981595092,True,0.0,1.0,0.0,False,,,,,,,,,0.0,,,,,,,,,,,,,,,,0.0,,,,,,,,,,,,,,,,,,,,39.83005054945054,144
Southern Illinois,12,5,6,0.3333333333333333,-2.6,2,0.0,-3.1,2,0.5,1.1999999999999993,2,1.0,10.95,2.0,4.0,0.0,2.0,1.0,1.0,2.0,0.0,Southern Illinois*,0.3181818181818182,-1.321951219512195,43.122734663710276,15.837309702340377,False,0.25,0.75,25.0,False,"Monday, January 12",2026.0,Southern Illinois,0.0,MVC,Scott Nagy,8.0,9.0,4.1076,124.0,0.6101,123.0,107.57,193.0,105.211,221.0,103.462,78.0,103.56,101.0,71.4084,76.0,70.4896,58.0,-0.098,343.0,4.318,65.0,110.968,72.0,106.65,62.0,2.0693,122.0,,15.91,47.0,17.59,252.0,16.29,2.0,17.55,8.0,124.0,39.71210513229859,145
Hawai'i Rainbow Warriors,12,10,0,0.0,0.0,1,0.0,-16.9,2,0.5,0.0,9,1.0,34.3,0.0,0.0,0.0,1.0,1.0,1.0,9.0,0.0,Hawai'i Rainbow Warriors,0.6,10.066666666666666,32.693333333333335,81.73142467620995,True,0.0,0.9090909090909091,0.0,False,,,,,,,,,0.0,,,,,,,,,,,,,,,,0.0,,,,,,,,,,,,,,,,,,,,39.69266666666667,146
Utah Tech Trailblazers,5,4,1,0.0,-22.1,1,1.0,2.7,0,0.0,0.0,3,1.0,49.6,0.0,1.0,1.0,0.0,0.0,0.0,3.0,0.0,Utah Tech Trailblazers,0.5,7.592307692307693,33.536923076923074,67.280163599182,True,0.5,1.0,25.0,False,,,,,,,,,0.0,,,,,,,,,,,,,,,,0.0,,,,,,,,,,,,,,,,,,,,39.487923076923074,147
Oregon,7,3,2,0.5,-4.8,1,0.0,-7.75,2,0.0,-7.5,2,1.0,13.2,1.0,1.0,0.0,1.0,0.0,2.0,2.0,0.0,Oregon,0.3448275862068966,-3.8090909090909078,30.565033587102555,33.46966598500341,False,0.3333333333333333,0.5,8.333333333333334,False,"Monday, January 12",2026.0,Oregon,0.0,B10,Dana Altman,8.0,8.0,10.439,83.0,0.7497,82.0,114.751,83.0,111.187,122.0,104.312,90.0,106.647,159.0,68.3831,221.0,67.145,226.0,-0.077,324.0,5.6178,42.0,112.158,40.0,106.54,57.0,1.6742,139.0,,17.68,217.0,17.28,187.0,19.05,18.0,18.28,11.0,83.0,39.47754318405732,148
Hofstra Pride,13,10,1,0.0,-4.9,2,0.5,-2.9,5,0.8,8.0,5,1.0,37.5,0.0,1.0,1.0,1.0,4.0,1.0,5.0,0.0,Hofstra Pride,0.5789473684210527,9.362626262626263,34.41306669938249,50.33296628388653,False,0.3333333333333333,0.9,28.333333333333332,False,,,,,,,,,0.0,,,,,,,,,,,,,,,,0.0,,,,,,,,,,,,,,,,,,,,39.33303488324541,149
Duquesne,3,2,0,0.0,0.0,0,0.0,0.0,1,1.0,8.6,2,0.5,14.6,0.0,0.0,0.0,0.0,1.0,0.0,1.0,1.0,Duquesne,0.8,11.599999999999998,34.64,87.27561917745966,True,0.0,0.6666666666666666,0.0,False,"Monday, January 12",2026.0,Duquesne,0.0,A10,Dru Joyce,9.0,7.0,1.9537,140.0,0.5505,140.0,111.757,120.0,113.112,95.0,109.804,189.0,108.769,199.0,72.3172,51.0,71.6726,37.0,-0.0754,322.0,-2.7429,265.0,108.0,228.0,110.743,307.0,-6.3465,326.0,,15.91,48.0,17.39,209.0,17.03,5.0,18.23,9.0,140.0,39.128958999999995,150
UC Irvine,13,8,2,0.5,-0.050000000000000044,3,0.0,-18.85,2,0.5,3.0500000000000007,6,1.0,21.0,1.0,1.0,0.0,3.0,1.0,1.0,6.0,0.0,UC Irvine,0.3953488372093023,-2.0715686274509806,32.654377915745904,40.18142729799171,False,0.2,0.875,33.75,True,"Monday, January 12",2026.0,UC Irvine,0.0,BW,Russell Turner,12.0,6.0,4.2811,120.0,0.6183,118.0,104.267,259.0,102.306,261.0,99.9862,37.0,97.1269,31.0,69.7898,149.0,68.2295,166.0,0.0117,168.0,-1.5856,222.0,107.301,268.0,108.887,172.0,0.3271,171.0,,17.21,157.0,17.18,172.0,17.15,5.0,16.94,8.0,120.0,39.1031505012803,151
Grand Canyon,3,2,0,0.0,0.0,0,0.0,0.0,1,0.0,-15.3,2,1.0,26.9,0.0,0.0,0.0,0.0,0.0,1.0,2.0,0.0,Grand Canyon,0.4,5.799999999999998,20.32,87.27561917745966,True,0.0,0.6666666666666666,0.0,False,"Monday, January 12",2026.0,Grand Canyon,0.0,MWC,Bryce Drew,10.0,5.0,9.6997,88.0,0.7454,85.0,108.771,169.0,108.073,164.0,99.0712,29.0,96.6963,27.0,69.6067,166.0,67.9929,178.0,-0.0403,273.0,-2.1785,250.0,108.71,177.0,110.888,316.0,-5.9664,322.0,,17.69,218.0,17.05,136.0,18.29,8.0,17.19,4.0,88.0,38.98570699999999,152
UAB,13,8,2,0.5,-2.15,1,1.0,1.4,5,0.6,6.7,5,0.6,6.7,1.0,1.0,1.0,0.0,3.0,2.0,3.0,2.0,UAB*,0.6097560975609756,3.473529411764706,29.443820770334398,37.24503172355933,False,0.6666666666666666,0.6,-3.3333333333333326,False,"Monday, January 12",2026.0,UAB,0.0,Amer,Andy Kennedy,11.0,6.0,5.5242,110.0,0.6414,111.0,112.011,117.0,111.771,114.0,106.487,121.0,102.997,91.0,71.2961,83.0,69.6786,97.0,-0.0222,232.0,-1.8279,235.0,107.938,234.0,109.766,236.0,-4.3621,296.0,,16.35,74.0,17.09,150.0,16.06,2.0,16.65,3.0,110.0,38.77345650038627,153
Western Illinois Leathernecks,4,3,0,0.0,0.0,0,0.0,0.0,0,0.0,0.0,4,0.75,14.7,0.0,0.0,0.0,0.0,0.0,0.0,3.0,1.0,Western Illinois Leathernecks,0.75,14.7,33.63,100.0,True,0.0,0.75,0.0,False,,,,,,,,,0.0,,,,,,,,,,,,,,,,0.0,,,,,,,,,,,,,,,,,,,,38.7705,154
North Texas,5,4,0,0.0,0.0,0,0.0,0.0,1,0.0,-7.4,4,1.0,8.6,0.0,0.0,0.0,0.0,0.0,1.0,4.0,0.0,North Texas,0.5714285714285714,3.2666666666666657,27.020952380952377,92.3653715064758,True,0.0,0.8,0.0,False,"Monday, January 12",2026.0,North Texas,0.0,Amer,Daniyal Robinson,10.0,7.0,2.4694,137.0,0.5697,136.0,102.381,289.0,99.7026,299.0,99.9119,34.0,99.7591,51.0,65.8516,325.0,64.8726,327.0,0.0344,122.0,1.4256,126.0,110.343,105.0,108.918,174.0,-2.6957,261.0,,18.68,318.0,17.66,261.0,18.41,10.0,16.85,5.0,137.0,38.75204733333333,155
New Mexico State Aggies,9,7,0,0.0,0.0,0,0.0,0.0,1,1.0,14.9,8,0.75,19.4,0.0,0.0,0.0,0.0,1.0,0.0,6.0,2.0,New Mexico State Aggies,0.8181818181818182,18.114285714285714,32.063896103896106,95.75853972581989,True,0.0,0.7777777777777778,0.0,False,,,,,,,,,0.0,,,,,,,,,,,,,,,,0.0,,,,,,,,,,,,,,,,,,,,38.6390303030303,156
West Virginia,16,11,3,0.0,-12.033333333333333,0,0.0,0.0,3,0.6666666666666666,-0.5333333333333338,10,0.9,6.766666666666666,0.0,3.0,0.0,0.0,2.0,1.0,9.0,1.0,West Virginia Mountaineers,0.3488372093023256,-4.7074906367041205,11.564678163923006,59.50920245398773,False,0.0,0.8461538461538461,42.30769230769231,True,"Monday, January 12",2026.0,West Virginia,0.0,B12,Ross Hodge,11.0,5.0,13.3576,59.0,0.8056,58.0,114.88,82.0,114.289,85.0,101.523,55.0,94.8758,15.0,64.5725,353.0,63.2137,359.0,-0.0606,298.0,-2.9436,270.0,105.953,310.0,108.897,173.0,-8.8149,353.0,,18.55,307.0,18.57,355.0,20.69,16.0,17.26,10.0,59.0,38.544817357373056,157
Wake Forest,15,8,5,0.0,-9.600000000000001,3,0.3333333333333333,-5.7,1,1.0,0.7,6,1.0,12.5,0.0,5.0,1.0,2.0,1.0,0.0,6.0,0.0,Wake Forest*,0.21875,-4.81726618705036,18.58351019184652,50.920245398773,False,0.125,1.0,43.75,True,"Monday, January 12",2026.0,Wake Forest,0.0,ACC,Steve Forbes,10.0,7.0,13.1281,62.0,0.8025,61.0,114.398,89.0,112.193,109.0,101.27,53.0,103.538,99.0,72.4633,50.0,70.3091,66.0,-0.0352,265.0,6.6505,27.0,113.36,15.0,106.71,66.0,1.6085,141.0,,16.15,65.0,17.1,157.0,16.89,6.0,16.68,3.0,62.0,38.53619556714628,158
UC Irvine Anteaters,5,4,1,0.0,-9.9,0,0.0,0.0,1,1.0,11.7,3,1.0,56.5,0.0,1.0,0.0,0.0,1.0,0.0,3.0,0.0,UC Irvine Anteaters,0.42857142857142855,17.802857142857146,30.40685714285714,76.00545330606681,True,0.0,1.0,0.0,False,,,,,,,,,0.0,,,,,,,,,,,,,,,,0.0,,,,,,,,,,,,,,,,,,,,38.392399999999995,159
Columbia Lions,14,11,0,0.0,0.0,1,1.0,38.4,3,0.6666666666666666,-8.7,10,0.8,25.5,0.0,0.0,1.0,0.0,2.0,1.0,8.0,2.0,Columbia Lions,0.7916666666666666,13.607142857142856,30.496428571428574,80.3680981595092,True,1.0,0.7692307692307693,0.0,False,,,,,,,,,0.0,,,,,,,,,,,,,,,,0.0,,,,,,,,,,,,,,,,,,,,38.20946428571428,160
Indiana State Sycamores,8,6,1,0.0,-14.8,1,1.0,13.2,2,0.5,0.0,4,1.0,33.2,0.0,1.0,1.0,0.0,1.0,1.0,4.0,0.0,Indiana State Sycamores,0.5217391304347826,7.925423728813558,31.64843036109064,63.4628493524199,True,0.5,0.8333333333333334,16.666666666666668,False,,,,,,,,,0.0,,,,,,,,,,,,,,,,0.0,,,,,,,,,,,,,,,,,,,,38.07695062638172,161
Tulane,12,10,0,0.0,0.0,1,0.0,-10.2,3,1.0,6.8,8,0.875,1.95,0.0,0.0,0.0,1.0,3.0,0.0,7.0,1.0,Tulane*,0.7272727272727273,1.4250000000000003,28.96393939393939,78.55032947057487,True,0.0,0.9090909090909091,0.0,False,"Monday, January 12",2026.0,Tulane,0.0,Amer,Ron Hunter,12.0,4.0,-0.6035,163.0,0.4842,163.0,109.486,149.0,108.573,160.0,110.09,199.0,107.166,169.0,67.2028,278.0,65.9053,285.0,0.2087,1.0,-4.2003,308.0,105.993,308.0,110.193,270.0,-4.1678,295.0,,17.13,148.0,18.57,356.0,17.63,8.0,18.0,11.0,163.0,37.940389787878786,162
San Francisco,17,10,3,0.3333333333333333,-6.1,1,0.0,-15.1,5,0.4,1.4500000000000002,8,0.875,9.65,1.0,2.0,0.0,1.0,2.0,3.0,7.0,1.0,San Francisco,0.40384615384615385,-1.7495726495726494,24.17913021618904,40.526885600866116,False,0.25,0.6923076923076923,22.115384615384613,False,"Monday, January 12",2026.0,San Francisco,0.0,WCC,Chris Gerlufsen,12.0,7.0,7.7515,103.0,0.6951,101.0,112.104,115.0,110.87,130.0,104.353,91.0,103.263,93.0,66.5297,302.0,65.5491,301.0,-0.0474,283.0,0.708,146.0,108.565,190.0,107.857,116.0,1.6475,140.0,,18.68,319.0,17.41,212.0,19.31,11.0,16.58,1.0,103.0,37.93483798743087,163
SMU Mustangs,4,3,0,0.0,0.0,0,0.0,0.0,0,0.0,0.0,4,0.75,8.3,0.0,0.0,0.0,0.0,0.0,0.0,3.0,1.0,SMU Mustangs,0.75,8.3,31.07,100.0,True,0.0,0.75,0.0,False,,,,,,,,,0.0,,,,,,,,,,,,,,,,0.0,,,,,,,,,,,,,,,,,,,,37.8745,164
Valparaiso Beacons,3,2,0,0.0,0.0,0,0.0,0.0,0,0.0,0.0,3,0.6666666666666666,26.1,0.0,0.0,0.0,0.0,0.0,0.0,2.0,1.0,Valparaiso Beacons,0.6666666666666666,26.099999999999998,34.44,100.0,True,0.0,0.6666666666666666,0.0,False,,,,,,,,,0.0,,,,,,,,,,,,,,,,0.0,,,,,,,,,,,,,,,,,,,,37.803999999999995,165
Notre Dame Fighting Irish,5,3,2,0.5,0.7,0,0.0,0.0,1,1.0,13.8,2,0.5,1.6,1.0,1.0,0.0,0.0,1.0,0.0,1.0,1.0,Notre Dame Fighting Irish,0.5714285714285714,3.134782608695653,36.96819875776397,46.55760054533061,False,0.5,0.6666666666666666,8.333333333333332,False,,,,,,,,,0.0,,,,,,,,,,,,,,,,0.0,,,,,,,,,,,,,,,,,,,,37.68886956521739,166
Akron Zips,16,12,2,0.5,4.9,1,1.0,28.3,0,0.0,0.0,13,0.7692307692307693,23.8,1.0,1.0,1.0,0.0,0.0,0.0,10.0,3.0,Akron Zips,0.6764705882352942,15.525806451612906,30.4014990512334,53.578732106339466,False,0.6666666666666666,0.7692307692307693,5.128205128205132,False,,,,,,,,,0.0,,,,,,,,,,,,,,,,0.0,,,,,,,,,,,,,,,,,,,,37.640524667931686,167
Stanford Cardinal,4,2,1,1.0,1.6,0,0.0,0.0,2,0.5,10.2,1,0.0,-22.7,1.0,0.0,0.0,0.0,1.0,1.0,0.0,1.0,Stanford Cardinal,0.7333333333333333,2.754285714285714,41.10171428571429,49.55691888207225,False,1.0,0.3333333333333333,0.0,False,,,,,,,,,0.0,,,,,,,,,,,,,,,,0.0,,,,,,,,,,,,,,,,,,,,37.6356,168
William & Mary,15,9,4,0.25,-6.8,2,0.5,-0.65,2,0.0,-5.9,7,1.0,22.45,1.0,3.0,1.0,1.0,0.0,2.0,7.0,0.0,William & Mary*,0.36363636363636365,-0.5749999999999993,32.13363636363636,40.37718700295387,False,0.3333333333333333,0.7777777777777778,22.222222222222225,False,"Monday, January 12",2026.0,William & Mary,0.0,CAA,Brian Earl,11.0,6.0,2.6019,135.0,0.5698,135.0,107.736,188.0,105.761,202.0,105.134,99.0,101.539,66.0,75.3975,11.0,74.4556,6.0,0.0218,147.0,0.034,169.0,108.385,198.0,108.351,146.0,1.9818,124.0,,13.39,1.0,18.34,341.0,13.44,1.0,20.11,13.0,135.0,37.62899372727272,169
Georgetown,5,3,1,0.0,-3.0,1,1.0,3.5,1,0.0,-4.35,2,1.0,13.4,0.0,1.0,1.0,0.0,0.0,1.0,2.0,0.0,Georgetown*,0.3888888888888889,1.6139534883720934,26.145581395348838,59.64553510565781,False,0.5,0.6666666666666666,8.333333333333332,False,"Monday, January 12",2026.0,Georgetown,0.0,BE,Ed Cooley,9.0,7.0,5.897,109.0,0.65,109.0,112.49,108.0,109.813,141.0,106.593,123.0,105.526,138.0,69.1809,187.0,67.8926,185.0,-0.0271,240.0,1.9435,110.0,108.674,180.0,106.731,68.0,-5.6366,316.0,,16.54,89.0,18.11,321.0,16.86,6.0,17.74,7.0,109.0,37.62473548837209,170
Portland State Vikings,10,7,0,0.0,0.0,3,0.3333333333333333,-3.4,2,0.5,-2.4,5,1.0,39.1,0.0,0.0,1.0,2.0,1.0,1.0,5.0,0.0,Portland State Vikings,0.5,8.62777777777778,31.95111111111111,54.73755964553511,False,0.3333333333333333,0.8571428571428571,26.190476190476186,False,,,,,,,,,0.0,,,,,,,,,,,,,,,,0.0,,,,,,,,,,,,,,,,,,,,37.43288888888888,171
East Tennessee State Buccaneers,14,11,0,0.0,0.0,0,0.0,0.0,2,1.0,25.1,12,0.75,18.7,0.0,0.0,0.0,0.0,2.0,0.0,9.0,3.0,East Tennessee State Buccaneers,0.8333333333333334,21.544444444444444,28.117777777777775,94.546693933197,True,0.0,0.7857142857142857,0.0,False,,,,,,,,,0.0,,,,,,,,,,,,,,,,0.0,,,,,,,,,,,,,,,,,,,,37.376936507936506,172
Troy,12,8,0,0.0,0.0,2,1.0,1.75,5,0.4,-6.6499999999999995,5,0.8,14.1,0.0,0.0,2.0,0.0,2.0,3.0,4.0,1.0,Troy,0.6666666666666666,0.6904761904761906,27.609523809523807,60.28175414678483,True,1.0,0.6,-20.0,False,"Monday, January 12",2026.0,Troy,0.0,SB,Scott Cross,11.0,6.0,3.0365,131.0,0.5788,131.0,111.399,124.0,110.942,128.0,108.363,158.0,107.238,172.0,69.7483,153.0,67.2589,219.0,0.0014,189.0,0.13,164.0,108.546,193.0,108.416,148.0,3.6397,97.0,,17.65,213.0,16.7,62.0,19.02,13.0,16.69,2.0,131.0,37.32588033333333,173
Butler,16,10,0,0.0,0.0,2,0.0,-5.95,4,0.5,0.95,10,0.8,4.55,0.0,0.0,0.0,2.0,2.0,2.0,8.0,2.0,Butler Bulldogs,0.4375,-0.28157894736842093,10.074868421052631,68.23449216087253,True,0.0,0.7142857142857143,35.714285714285715,True,"Monday, January 12",2026.0,Butler,0.0,BE,Thad Matta,10.0,6.0,13.5953,58.0,0.8061,57.0,116.671,68.0,114.523,81.0,103.076,71.0,103.343,96.0,71.9673,60.0,70.5931,57.0,-0.0335,261.0,6.1224,37.0,112.406,33.0,106.283,43.0,-2.7652,262.0,,15.72,40.0,17.44,216.0,16.69,5.0,17.75,8.0,58.0,37.22696294736842,174
UC Santa Barbara Gauchos,3,2,0,0.0,0.0,0,0.0,0.0,0,0.0,0.0,3,0.6666666666666666,21.9,0.0,0.0,0.0,0.0,0.0,0.0,2.0,1.0,UC Santa Barbara Gauchos,0.6666666666666666,21.9,32.76,100.0,True,0.0,0.6666666666666666,0.0,False,,,,,,,,,0.0,,,,,,,,,,,,,,,,0.0,,,,,,,,,,,,,,,,,,,,37.215999999999994,175
Georgia Tech Yellow Jackets,9,6,2,0.5,0.7,0,0.0,0.0,2,0.5,1.4,5,0.8,8.5,1.0,1.0,0.0,0.0,1.0,1.0,4.0,1.0,Georgia Tech Yellow Jackets,0.5555555555555556,3.2333333333333334,32.73777777777778,52.49564492918276,False,0.5,0.7142857142857143,10.714285714285715,False,,,,,,,,,0.0,,,,,,,,,,,,,,,,0.0,,,,,,,,,,,,,,,,,,,,37.20822222222222,176
Northern Iowa,17,12,1,0.0,-2.5,3,0.0,-7.033333333333334,1,1.0,0.4666666666666666,12,0.9166666666666666,25.099999999999998,0.0,1.0,0.0,3.0,1.0,0.0,11.0,1.0,Northern Iowa Panthers,0.3684210526315789,2.7219409282700417,16.373606092670247,62.596736035927655,True,0.0,0.9230769230769231,46.15384615384615,True,"Monday, January 12",2026.0,Northern Iowa,0.0,MVC,Ben Jacobson,12.0,5.0,8.0788,98.0,0.7131,93.0,106.152,211.0,104.669,230.0,98.0732,24.0,94.5951,13.0,63.7383,364.0,62.3257,364.0,-0.034,263.0,-0.5971,192.0,108.554,192.0,109.151,192.0,-1.2068,217.0,,18.99,342.0,18.34,342.0,19.28,10.0,19.01,10.0,98.0,37.16952142655223,177
Southeast Missouri State Redhawks,8,6,0,0.0,0.0,0,0.0,0.0,2,0.5,-2.0,6,0.8333333333333334,24.3,0.0,0.0,0.0,0.0,1.0,1.0,5.0,1.0,Southeast Missouri State Redhawks,0.6666666666666666,12.61111111111111,29.044444444444444,90.45671438309475,True,0.0,0.75,0.0,False,,,,,,,,,0.0,,,,,,,,,,,,,,,,0.0,,,,,,,,,,,,,,,,,,,,37.16555555555556,178
Southern Illinois Salukis,5,3,0,0.0,0.0,1,1.0,34.5,0,0.0,0.0,4,0.5,8.7,0.0,0.0,1.0,0.0,0.0,0.0,2.0,2.0,Southern Illinois Salukis,0.7777777777777778,19.75714285714286,34.902857142857144,83.640081799591,True,1.0,0.5,0.0,False,,,,,,,,,0.0,,,,,,,,,,,,,,,,0.0,,,,,,,,,,,,,,,,,,,,36.965999999999994,179
Western Michigan Broncos,3,2,0,0.0,0.0,0,0.0,0.0,0,0.0,0.0,3,0.6666666666666666,19.2,0.0,0.0,0.0,0.0,0.0,0.0,2.0,1.0,Western Michigan Broncos,0.6666666666666666,19.199999999999996,31.68,100.0,True,0.0,0.6666666666666666,0.0,False,,,,,,,,,0.0,,,,,,,,,,,,,,,,0.0,,,,,,,,,,,,,,,,,,,,36.837999999999994,180
USC Trojans,4,3,0,0.0,0.0,0,0.0,0.0,1,0.0,-11.2,3,1.0,30.8,0.0,0.0,0.0,0.0,0.0,1.0,3.0,0.0,USC Trojans,0.5,14.0,28.1,90.45671438309475,True,0.0,0.75,0.0,False,,,,,,,,,0.0,,,,,,,,,,,,,,,,0.0,,,,,,,,,,,,,,,,,,,,36.834999999999994,181
UAB Blazers,4,3,0,0.0,0.0,1,0.0,-7.5,0,0.0,0.0,3,1.0,37.3,0.0,0.0,0.0,1.0,0.0,0.0,3.0,0.0,UAB Blazers,0.375,14.899999999999997,27.835,81.73142467620995,True,0.0,1.0,0.0,False,,,,,,,,,0.0,,,,,,,,,,,,,,,,0.0,,,,,,,,,,,,,,,,,,,,36.74225,182
San Diego State,15,11,2,0.0,-15.5,3,0.6666666666666666,2.8000000000000003,2,0.5,7.766666666666667,8,1.0,22.866666666666664,0.0,2.0,2.0,1.0,1.0,1.0,8.0,0.0,San Diego State Aztecs,0.4666666666666667,2.1313725490196083,28.519215686274507,56.00999772778914,False,0.4,0.9,25.0,False,,,,,,,,,0.0,,,,,,,,,,,,,,,,0.0,,,,,,,,,,,,,,,,,,,,36.73172549019608,183
Saint Joseph's,10,7,1,1.0,1.45,0,0.0,0.0,3,0.6666666666666666,1.85,6,0.6666666666666666,6.75,1.0,0.0,0.0,0.0,2.0,1.0,4.0,2.0,Saint Joseph's,0.782608695652174,3.409322033898305,34.58112011790715,62.917518745739606,True,1.0,0.6666666666666666,0.0,False,"Monday, January 12",2026.0,Saint Joseph's,0.0,A10,Steve Donahue,10.0,7.0,-2.7866,195.0,0.425,196.0,104.639,252.0,103.58,247.0,107.426,137.0,106.322,151.0,69.3191,181.0,67.8044,190.0,0.0851,38.0,-2.1422,246.0,107.067,281.0,109.21,195.0,-6.0219,324.0,,17.57,204.0,17.21,176.0,19.73,13.0,16.44,2.0,195.0,36.570602041267506,184
Omaha Mavericks,8,6,0,0.0,0.0,0,0.0,0.0,3,0.3333333333333333,-17.6,5,1.0,26.5,0.0,0.0,0.0,0.0,1.0,2.0,5.0,0.0,Omaha Mavericks,0.5714285714285714,2.445454545454545,26.69246753246753,85.68507157464212,True,0.0,0.75,0.0,False,,,,,,,,,0.0,,,,,,,,,,,,,,,,0.0,,,,,,,,,,,,,,,,,,,,36.34236363636363,185
Buffalo,16,13,0,0.0,0.0,0,0.0,0.0,4,0.75,1.4666666666666668,12,0.8333333333333334,12.966666666666667,0.0,0.0,0.0,0.0,3.0,1.0,10.0,2.0,Buffalo Bulls,0.7916666666666666,5.889743589743591,25.98089743589744,90.45671438309475,True,0.0,0.8125,0.0,False,"Monday, January 12",2026.0,Buffalo,0.0,MAC,George Halcovage,13.0,3.0,-1.2119,175.0,0.4695,172.0,113.449,100.0,118.271,46.0,114.661,300.0,109.039,208.0,66.8723,290.0,66.7595,245.0,0.0278,132.0,-7.166,351.0,104.716,344.0,111.882,340.0,-7.269,344.0,,17.47,185.0,18.39,347.0,17.82,10.0,17.94,13.0,175.0,36.25842110256411,186
Dayton,4,2,1,0.0,-2.85,1,0.0,-6.4,0,0.0,0.0,2,1.0,16.25,0.0,1.0,0.0,1.0,0.0,0.0,2.0,0.0,Dayton,0.13333333333333333,0.29857142857142854,16.11942857142857,63.4628493524199,True,0.0,1.0,50.0,True,"Monday, January 12",2026.0,Dayton,0.0,A10,Anthony Grant,12.0,4.0,11.5714,74.0,0.7795,70.0,111.283,127.0,110.898,129.0,99.7121,30.0,98.2823,38.0,69.5006,171.0,68.1679,171.0,0.0202,150.0,-0.8623,201.0,108.93,167.0,109.792,239.0,-0.6229,199.0,,17.15,151.0,17.29,192.0,17.25,6.0,19.01,11.0,74.0,36.175318,187
Kent State Golden Flashes,9,6,0,0.0,0.0,2,1.0,13.4,1,0.0,-6.8,6,0.6666666666666666,13.3,0.0,0.0,2.0,0.0,0.0,1.0,4.0,2.0,Kent State Golden Flashes,0.7368421052631579,10.253846153846153,29.703877642825006,69.82503976369007,True,1.0,0.5714285714285714,-21.42857142857143,False,,,,,,,,,0.0,,,,,,,,,,,,,,,,0.0,,,,,,,,,,,,,,,,,,,,36.14635717498875,188
Idaho,4,3,0,0.0,0.0,0,0.0,0.0,0,0.0,0.0,4,0.75,10.85,0.0,0.0,0.0,0.0,0.0,0.0,3.0,1.0,Idaho,0.75,10.85,32.09,100.0,True,0.0,0.75,0.0,False,"Monday, January 12",2026.0,Idaho,0.0,BSky,Alex Pribble,10.0,6.0,-3.2958,204.0,0.4163,204.0,110.479,137.0,111.304,120.0,113.774,278.0,111.886,264.0,68.725,207.0,66.4178,259.0,0.0498,88.0,-1.4527,214.0,108.59,187.0,110.043,261.0,0.6753,163.0,,18.2,279.0,17.03,131.0,16.27,2.0,18.53,9.0,204.0,36.13921,189
UMass Lowell River Hawks,4,3,0,0.0,0.0,0,0.0,0.0,1,0.0,-51.9,3,1.0,49.1,0.0,0.0,0.0,0.0,0.0,1.0,3.0,0.0,UMass Lowell River Hawks,0.5,8.7,25.98,90.45671438309475,True,0.0,0.75,0.0,False,,,,,,,,,0.0,,,,,,,,,,,,,,,,0.0,,,,,,,,,,,,,,,,,,,,36.092999999999996,190
Hawai'i,3,2,0,0.0,0.0,0,0.0,0.0,0,0.0,0.0,3,0.6666666666666666,13.0,0.0,0.0,0.0,0.0,0.0,0.0,2.0,1.0,Hawai'i,0.6666666666666666,13.0,29.200000000000003,100.0,True,0.0,0.6666666666666666,0.0,False,,,,,,,,,0.0,,,,,,,,,,,,,,,,0.0,,,,,,,,,,,,,,,,,,,,35.97,191
DePaul,3,2,0,0.0,0.0,1,0.0,-21.5,0,0.0,0.0,2,1.0,20.3,0.0,0.0,0.0,1.0,0.0,0.0,2.0,0.0,DePaul,0.2857142857142857,-4.779999999999999,17.61180952380952,78.55032947057487,True,0.0,1.0,0.0,False,"Monday, January 12",2026.0,DePaul,0.0,BE,Chris Holtmann,10.0,7.0,6.4268,108.0,0.6713,108.0,106.763,205.0,105.211,220.0,100.336,43.0,99.5324,48.0,69.1654,189.0,67.7294,196.0,0.0079,183.0,0.9269,138.0,109.851,127.0,108.924,175.0,-10.2383,362.0,,17.74,224.0,16.91,109.0,19.05,11.0,16.32,3.0,108.0,35.960489333333335,192
Western Carolina Catamounts,3,2,0,0.0,0.0,0,0.0,0.0,1,0.0,-7.1,2,1.0,62.5,0.0,0.0,0.0,0.0,0.0,1.0,2.0,0.0,Western Carolina Catamounts,0.4,27.7,29.08,87.27561917745966,True,0.0,0.6666666666666666,0.0,False,,,,,,,,,0.0,,,,,,,,,,,,,,,,0.0,,,,,,,,,,,,,,,,,,,,35.928,193
St. Bonaventure Bonnies,3,2,0,0.0,0.0,1,0.0,-9.8,1,1.0,6.0,1,1.0,49.9,0.0,0.0,0.0,1.0,1.0,0.0,1.0,0.0,St. Bonaventure Bonnies,0.4444444444444444,5.416666666666668,28.833333333333336,65.82594864803454,True,0.0,1.0,0.0,False,,,,,,,,,0.0,,,,,,,,,,,,,,,,0.0,,,,,,,,,,,,,,,,,,,,35.84166666666666,194
Troy Trojans,5,3,0,0.0,0.0,2,0.5,0.0,0,0.0,0.0,3,0.6666666666666666,40.6,0.0,0.0,1.0,1.0,0.0,0.0,2.0,1.0,Troy Trojans,0.5384615384615384,13.533333333333335,31.644102564102567,67.280163599182,True,0.5,0.6666666666666666,8.333333333333332,False,,,,,,,,,0.0,,,,,,,,,,,,,,,,0.0,,,,,,,,,,,,,,,,,,,,35.825435897435895,195
Wright State Raiders,3,2,0,0.0,0.0,1,0.0,-1.2,0,0.0,0.0,2,1.0,58.0,0.0,0.0,0.0,1.0,0.0,0.0,2.0,0.0,Wright State Raiders,0.2857142857142857,22.480000000000004,28.515809523809523,78.55032947057487,True,0.0,1.0,0.0,False,,,,,,,,,0.0,,,,,,,,,,,,,,,,0.0,,,,,,,,,,,,,,,,,,,,35.73053333333333,196
Northern Colorado,7,4,1,1.0,3.85,0,0.0,0.0,2,0.0,-7.7,4,0.75,8.0,1.0,0.0,0.0,0.0,0.0,2.0,3.0,1.0,Northern Colorado*,0.6111111111111112,1.3308510638297872,32.889483282674775,61.82685753237901,True,1.0,0.5,0.0,False,"Monday, January 12",2026.0,Northern Colorado,0.0,BSky,Steve Smiley,11.0,6.0,-0.3827,162.0,0.4901,162.0,111.089,132.0,113.07,97.0,111.472,236.0,111.554,262.0,70.4877,122.0,69.3285,109.0,0.0273,135.0,-1.4999,216.0,109.707,130.0,111.207,323.0,-1.4974,224.0,,17.21,158.0,17.06,145.0,16.95,4.0,17.42,5.0,162.0,35.582910720364744,197
Jacksonville State,7,4,1,1.0,9.6,0,0.0,0.0,2,0.5,-6.1,4,0.5,2.5,1.0,0.0,0.0,0.0,1.0,1.0,2.0,2.0,Jacksonville State,0.7222222222222222,1.8382978723404253,32.092462006079025,61.82685753237901,True,1.0,0.5,0.0,False,,,,,,,,,0.0,,,,,,,,,,,,,,,,0.0,,,,,,,,,,,,,,,,,,,,35.553790273556224,198
Temple,12,9,1,0.0,-9.4,0,0.0,0.0,4,0.75,2.1999999999999997,7,0.8571428571428571,11.8,0.0,1.0,0.0,0.0,3.0,1.0,6.0,1.0,Temple,0.5555555555555556,2.46865671641791,21.65412935323383,75.36923426493979,True,0.0,0.8181818181818182,0.0,False,"Monday, January 12",2026.0,Temple,0.0,Amer,Adam Fisher,11.0,5.0,1.5686,145.0,0.5396,146.0,114.561,84.0,114.783,76.0,112.993,264.0,108.221,190.0,65.7792,329.0,66.0922,273.0,0.0474,94.0,-4.9837,326.0,104.052,354.0,109.035,185.0,-3.288,275.0,,18.37,292.0,17.99,305.0,19.36,12.0,16.82,4.0,145.0,35.55199527363184,199
Kansas Jayhawks,13,9,3,0.3333333333333333,-7.6,1,1.0,4.3,0,0.0,0.0,9,0.7777777777777778,16.9,1.0,2.0,1.0,0.0,0.0,0.0,7.0,2.0,Kansas Jayhawks,0.5263157894736842,0.6181818181818184,26.08532940743467,48.99061402128886,False,0.5,0.7777777777777778,13.88888888888889,False,,,,,,,,,0.0,,,,,,,,,,,,,,,,0.0,,,,,,,,,,,,,,,,,,,,35.26448067721752,200
Cal State Northridge,3,2,0,0.0,0.0,0,0.0,0.0,0,0.0,0.0,3,0.6666666666666666,7.5,0.0,0.0,0.0,0.0,0.0,0.0,2.0,1.0,Cal State Northridge,0.6666666666666666,7.499999999999999,27.0,100.0,True,0.0,0.6666666666666666,0.0,False,,,,,,,,,0.0,,,,,,,,,,,,,,,,0.0,,,,,,,,,,,,,,,,,,,,35.199999999999996,201
Marshall,7,5,0,0.0,0.0,0,0.0,0.0,2,1.0,6.0,5,0.6,2.1,0.0,0.0,0.0,0.0,2.0,0.0,3.0,2.0,Marshall,0.8181818181818182,3.8333333333333335,26.35151515151515,89.093387866394,True,0.0,0.7142857142857143,0.0,False,"Monday, January 12",2026.0,Marshall,0.0,SB,Cornelius Jackson,11.0,6.0,-0.7853,166.0,0.4794,166.0,109.233,154.0,109.74,143.0,110.019,194.0,107.66,186.0,71.2031,87.0,69.9532,83.0,0.0794,43.0,-2.2524,253.0,107.621,250.0,109.874,246.0,-0.8166,206.0,,15.65,35.0,17.87,288.0,15.43,2.0,18.8,13.0,166.0,35.16716901731602,202
Bowling Green Falcons,16,11,1,0.0,-11.8,3,0.3333333333333333,-5.4,3,0.3333333333333333,1.6,9,1.0,39.1,0.0,1.0,1.0,2.0,1.0,2.0,9.0,0.0,Bowling Green Falcons,0.4146341463414634,4.726315789473685,25.549062901155324,57.12338104976141,False,0.25,0.8333333333333334,29.166666666666668,False,,,,,,,,,0.0,,,,,,,,,,,,,,,,0.0,,,,,,,,,,,,,,,,,,,,35.00467201540436,203
UT Martin,12,8,0,0.0,0.0,1,1.0,8.45,6,0.3333333333333333,-13.799999999999999,5,1.0,8.9,0.0,0.0,1.0,0.0,2.0,4.0,5.0,0.0,UT Martin*,0.5714285714285714,-3.7861111111111097,25.866507936507936,69.00704385366963,True,1.0,0.6363636363636364,0.0,False,,,,,,,,,0.0,,,,,,,,,,,,,,,,0.0,,,,,,,,,,,,,,,,,,,,34.80327777777777,204
South Alabama,9,7,1,0.0,-21.1,1,1.0,1.45,2,1.0,8.0,5,0.8,6.95,0.0,1.0,1.0,0.0,2.0,0.0,4.0,1.0,South Alabama*,0.625,-0.5095238095238096,26.365634920634918,65.58357948950996,True,0.5,0.8571428571428571,17.857142857142854,False,"Monday, January 12",2026.0,South Alabama,0.0,SB,Richie Riley,12.0,5.0,-2.9618,200.0,0.4214,200.0,105.899,217.0,106.571,185.0,108.861,169.0,103.956,110.0,65.8475,326.0,64.5113,337.0,0.1045,21.0,-5.4181,334.0,105.269,331.0,110.687,302.0,-4.7567,299.0,,17.52,198.0,18.66,359.0,17.84,7.0,19.0,14.0,200.0,34.74526488888888,205
Ohio State,16,11,2,0.0,-4.133333333333334,3,0.3333333333333333,-3.566666666666667,3,0.6666666666666666,2.9000000000000004,8,1.0,19.366666666666667,0.0,2.0,1.0,2.0,2.0,1.0,8.0,0.0,Ohio State Buckeyes,0.3958333333333333,1.8593939393939394,24.806257575757577,54.73755964553511,False,0.2,0.9090909090909091,35.45454545454545,True,,,,,,,,,0.0,,,,,,,,,,,,,,,,0.0,,,,,,,,,,,,,,,,,,,,34.74469015151515,206
Colorado State,16,11,3,0.3333333333333333,-11.45,1,1.0,3.75,2,0.5,-1.9,10,0.8,22.4,1.0,2.0,1.0,0.0,1.0,1.0,8.0,2.0,Colorado State Rams,0.5333333333333333,-0.5661290322580638,24.773548387096774,46.421267893660534,False,0.5,0.75,12.5,False,,,,,,,,,0.0,,,,,,,,,,,,,,,,0.0,,,,,,,,,,,,,,,,,,,,34.73324193548387,207
Sam Houston Bearkats,8,5,0,0.0,0.0,1,1.0,10.3,2,0.0,-10.2,5,0.8,35.3,0.0,0.0,1.0,0.0,0.0,2.0,4.0,1.0,Sam Houston Bearkats,0.5625,13.883333333333335,27.365833333333335,76.95978186775733,True,1.0,0.5714285714285714,0.0,False,,,,,,,,,0.0,,,,,,,,,,,,,,,,0.0,,,,,,,,,,,,,,,,,,,,34.703041666666664,208
Ole Miss,16,9,4,0.0,-10.200000000000001,2,0.5,0.0,1,1.0,3.6,9,0.7777777777777778,22.2,0.0,4.0,1.0,1.0,1.0,0.0,7.0,2.0,Ole Miss Rebels,0.2777777777777778,-1.2428571428571422,7.502857142857145,57.12338104976141,False,0.16666666666666666,0.8,31.66666666666667,True,"Monday, January 12",2026.0,Mississippi,0.0,SEC,Chris Beard,9.0,7.0,12.158,70.0,0.7843,69.0,114.516,88.0,111.425,118.0,102.358,61.0,102.877,88.0,67.6242,260.0,65.8011,290.0,-0.0823,328.0,2.9213,88.0,110.506,92.0,107.585,101.0,-0.9583,211.0,,17.29,164.0,18.19,325.0,17.42,10.0,17.69,13.0,70.0,34.499376,209
Cornell,4,3,0,0.0,0.0,0,0.0,0.0,1,0.0,-5.3,3,1.0,18.7,0.0,0.0,0.0,0.0,0.0,1.0,3.0,0.0,Cornell,0.5,9.100000000000001,26.14,90.45671438309475,True,0.0,0.75,0.0,False,"Monday, January 12",2026.0,Cornell,0.0,Ivy,Jon Jaques,7.0,8.0,-2.7221,194.0,0.4344,192.0,117.248,65.0,118.274,45.0,119.97,350.0,119.702,347.0,74.7669,16.0,74.0731,9.0,-0.0863,334.0,-1.2606,208.0,108.082,219.0,109.342,205.0,-0.0703,182.0,,14.17,2.0,18.19,326.0,12.54,1.0,17.97,5.0,194.0,34.461693000000004,210
North Dakota Fighting Hawks,11,8,0,0.0,0.0,0,0.0,0.0,1,1.0,2.6,10,0.7,18.7,0.0,0.0,0.0,0.0,1.0,0.0,7.0,3.0,North Dakota Fighting Hawks,0.7692307692307693,14.100000000000003,22.25538461538462,96.52971432112535,True,0.0,0.7272727272727273,0.0,False,,,,,,,,,0.0,,,,,,,,,,,,,,,,0.0,,,,,,,,,,,,,,,,,,,,34.448475524475526,211
Vermont Catamounts,3,2,0,0.0,0.0,0,0.0,0.0,1,0.0,-5.8,2,1.0,39.1,0.0,0.0,0.0,0.0,0.0,1.0,2.0,0.0,Vermont Catamounts,0.4,16.65,24.66,87.27561917745966,True,0.0,0.6666666666666666,0.0,False,,,,,,,,,0.0,,,,,,,,,,,,,,,,0.0,,,,,,,,,,,,,,,,,,,,34.381,212
Portland,8,6,0,0.0,0.0,0,0.0,0.0,4,0.5,-6.5,4,1.0,16.5,0.0,0.0,0.0,0.0,2.0,2.0,4.0,0.0,Portland,0.625,1.1666666666666667,28.591666666666665,80.9134287661895,True,0.0,0.75,0.0,False,"Monday, January 12",2026.0,Portland,0.0,WCC,Shantay Legans,9.0,10.0,-4.1544,219.0,0.3913,219.0,106.068,214.0,104.145,239.0,110.222,203.0,111.953,265.0,71.2764,84.0,69.7125,94.0,0.0503,87.0,1.3708,127.0,110.991,71.0,109.621,221.0,-0.8135,204.0,,16.85,118.0,17.11,159.0,17.67,8.0,18.24,11.0,219.0,34.37371533333334,213
Grand Canyon Lopes,12,8,2,0.5,-1.3,0,0.0,0.0,1,0.0,-13.3,9,0.7777777777777778,15.8,1.0,1.0,0.0,0.0,0.0,1.0,7.0,2.0,Grand Canyon Lopes,0.5357142857142857,2.941379310344828,24.61702791461412,59.918200408997954,False,0.5,0.7,9.999999999999998,False,,,,,,,,,0.0,,,,,,,,,,,,,,,,0.0,,,,,,,,,,,,,,,,,,,,34.36595977011494,214
Penn State,12,8,3,0.0,-11.65,2,0.5,1.55,2,1.0,4.1,5,1.0,22.6,0.0,3.0,1.0,1.0,2.0,0.0,5.0,0.0,Penn State,0.35555555555555557,0.2909523809523809,24.449714285714286,51.556464439900026,False,0.2,1.0,40.0,True,,,,,,,,,0.0,,,,,,,,,,,,,,,,0.0,,,,,,,,,,,,,,,,,,,,34.307399999999994,215
South Carolina Gamecocks,7,5,0,0.0,0.0,1,0.0,-3.8,0,0.0,0.0,6,0.8333333333333334,22.4,0.0,0.0,0.0,1.0,0.0,0.0,5.0,1.0,South Carolina Gamecocks,0.45454545454545453,12.574999999999998,22.341688311688312,85.8214042263122,True,0.0,0.8333333333333334,0.0,False,,,,,,,,,0.0,,,,,,,,,,,,,,,,0.0,,,,,,,,,,,,,,,,,,,,34.28387662337662,216
Pennsylvania,9,6,1,0.0,-6.1,1,1.0,23.4,2,0.0,-15.9,5,1.0,12.4,0.0,1.0,1.0,0.0,0.0,2.0,5.0,0.0,Pennsylvania,0.4166666666666667,2.903174603174603,24.355714285714285,65.58357948950996,True,0.5,0.7142857142857143,10.714285714285715,False,,,,,,,,,0.0,,,,,,,,,,,,,,,,0.0,,,,,,,,,,,,,,,,,,,,34.274499999999996,217
UAlbany Great Danes,5,3,0,0.0,0.0,0,0.0,0.0,0,0.0,0.0,5,0.6,28.9,0.0,0.0,0.0,0.0,0.0,0.0,3.0,2.0,UAlbany Great Danes,0.6,28.900000000000002,26.560000000000002,100.0,True,0.0,0.6,0.0,False,,,,,,,,,0.0,,,,,,,,,,,,,,,,0.0,,,,,,,,,,,,,,,,,,,,34.046,218
Mercer,8,5,2,0.0,-9.7,1,1.0,7.9,1,0.0,-2.7,4,1.0,16.0,0.0,2.0,1.0,0.0,0.0,1.0,4.0,0.0,Mercer,0.32142857142857145,0.5787878787878794,22.19580086580087,54.73755964553511,False,0.3333333333333333,0.8,23.333333333333336,False,"Monday, January 12",2026.0,Mercer,0.0,SC,Ryan Ridder,10.0,7.0,1.7366,144.0,0.5447,144.0,112.372,110.0,113.429,93.0,110.635,212.0,111.443,258.0,70.5839,117.0,70.0746,73.0,-0.0316,250.0,2.6037,91.0,111.165,61.0,108.562,158.0,5.4727,56.0,,16.92,123.0,16.92,110.0,15.45,1.0,18.97,10.0,144.0,33.99770030303031,219
Northern Kentucky Norse,9,6,0,0.0,0.0,0,0.0,0.0,3,1.0,11.7,6,0.5,16.1,0.0,0.0,0.0,0.0,3.0,0.0,3.0,3.0,Northern Kentucky Norse,0.8,13.7,23.480000000000004,87.27561917745966,True,0.0,0.6666666666666666,0.0,False,,,,,,,,,0.0,,,,,,,,,,,,,,,,0.0,,,,,,,,,,,,,,,,,,,,33.967999999999996,220
Liberty Flames,8,6,1,0.0,-70.4,0,0.0,0.0,2,1.0,16.7,5,0.8,37.2,0.0,1.0,0.0,0.0,2.0,0.0,4.0,1.0,Liberty Flames,0.5263157894736842,-0.8784313725490205,19.83283797729618,76.95978186775733,True,0.0,0.8571428571428571,0.0,False,,,,,,,,,0.0,,,,,,,,,,,,,,,,0.0,,,,,,,,,,,,,,,,,,,,33.941493292053664,221
St. Thomas-Minnesota,11,8,1,0.0,-19.45,1,1.0,0.75,2,0.5,1.45,7,0.8571428571428571,1.5999999999999996,0.0,1.0,1.0,0.0,1.0,1.0,6.0,1.0,St. Thomas-Minnesota*,0.5384615384615384,-3.6119047619047615,20.422370962370962,68.66827787073187,True,0.5,0.7777777777777778,13.88888888888889,False,,,,,,,,,0.0,,,,,,,,,,,,,,,,0.0,,,,,,,,,,,,,,,,,,,,33.80692074592075,222
California Golden Bears,15,11,1,0.0,-4.7,0,0.0,0.0,5,0.8,8.9,9,0.7777777777777778,12.3,0.0,1.0,0.0,0.0,4.0,1.0,7.0,2.0,California Golden Bears,0.59375,7.086666666666669,18.88675,76.00545330606681,True,0.0,0.7857142857142857,0.0,False,,,,,,,,,0.0,,,,,,,,,,,,,,,,0.0,,,,,,,,,,,,,,,,,,,,33.360362499999994,223
Mississippi State,16,10,3,0.3333333333333333,-20.86666666666667,2,1.0,15.066666666666668,2,0.0,-13.033333333333331,9,0.7777777777777778,10.033333333333333,1.0,2.0,2.0,0.0,0.0,2.0,7.0,2.0,Mississippi State Bulldogs,0.5102040816326531,-5.573968253968253,22.97959637188209,44.03544648943422,False,0.6,0.6363636363636364,1.8181818181818188,False,,,,,,,,,0.0,,,,,,,,,,,,,,,,0.0,,,,,,,,,,,,,,,,,,,,33.16785873015873,224
Wichita State,17,10,2,0.5,0.19999999999999987,1,1.0,2.4,5,0.2,0.13333333333333316,9,0.7777777777777778,21.733333333333334,1.0,1.0,1.0,0.0,1.0,4.0,7.0,2.0,Wichita State Shockers,0.5111111111111111,4.654901960784314,24.391372549019607,42.7723645695497,False,0.6666666666666666,0.5714285714285714,-4.761904761904762,False,,,,,,,,,0.0,,,,,,,,,,,,,,,,0.0,,,,,,,,,,,,,,,,,,,,33.110509803921566,225
Texas State Bobcats,6,4,0,0.0,0.0,1,0.0,-10.9,1,0.0,-31.4,4,1.0,37.8,0.0,0.0,0.0,1.0,0.0,1.0,4.0,0.0,Texas State Bobcats,0.3333333333333333,6.188888888888887,20.808888888888887,78.55032947057487,True,0.0,0.8,0.0,False,,,,,,,,,0.0,,,,,,,,,,,,,,,,0.0,,,,,,,,,,,,,,,,,,,,33.033111111111104,226
Kennesaw State,7,5,0,0.0,0.0,0,0.0,0.0,2,0.0,-20.15,5,1.0,8.5,0.0,0.0,0.0,0.0,0.0,2.0,5.0,0.0,Kennesaw State,0.45454545454545453,-4.233333333333333,18.761212121212118,89.093387866394,True,0.0,0.7142857142857143,0.0,False,,,,,,,,,0.0,,,,,,,,,,,,,,,,0.0,,,,,,,,,,,,,,,,,,,,33.030709956709956,227
California Baptist Lancers,17,12,2,0.0,-12.2,0,0.0,0.0,5,0.4,-2.8,10,1.0,14.9,0.0,2.0,0.0,0.0,2.0,3.0,10.0,0.0,California Baptist Lancers,0.3902439024390244,-1.9999999999999991,19.113916786226685,66.83106780544529,True,0.0,0.8,40.0,True,,,,,,,,,0.0,,,,,,,,,,,,,,,,0.0,,,,,,,,,,,,,,,,,,,,33.02810616929698,228
UT Arlington,12,7,2,0.5,-5.5,0,0.0,0.0,3,0.3333333333333333,-5.9,7,0.7142857142857143,3.8000000000000003,1.0,1.0,0.0,0.0,1.0,2.0,5.0,2.0,UT Arlington*,0.5,-3.1162162162162166,20.586846846846846,53.55600999772779,False,0.5,0.6,4.999999999999999,False,"Monday, January 12",2026.0,UT Arlington,0.0,WAC,K.T. Turner,11.0,5.0,1.7955,143.0,0.5494,142.0,105.006,247.0,101.679,271.0,103.211,72.0,99.1888,44.0,67.425,271.0,65.926,282.0,0.0872,35.0,-0.3621,183.0,107.436,258.0,107.798,112.0,2.5745,117.0,,18.58,311.0,15.76,5.0,18.83,7.0,16.17,1.0,143.0,32.80865739639639,229
South Alabama Jaguars,8,5,0,0.0,0.0,1,0.0,-11.5,3,0.3333333333333333,-5.5,4,1.0,31.8,0.0,0.0,0.0,1.0,1.0,2.0,4.0,0.0,South Alabama Jaguars,0.3888888888888889,4.592307692307692,21.836923076923078,72.1881390593047,True,0.0,0.7142857142857143,0.0,False,,,,,,,,,0.0,,,,,,,,,,,,,,,,0.0,,,,,,,,,,,,,,,,,,,,32.767923076923076,230
Boise State Broncos,16,9,2,0.5,-12.2,6,0.5,0.2,1,1.0,31.2,7,0.5714285714285714,7.4,1.0,1.0,3.0,3.0,1.0,0.0,4.0,3.0,Boise State Broncos,0.5357142857142857,0.3694915254237298,24.254939467312354,39.263803680981596,False,0.5,0.625,6.25,False,,,,,,,,,0.0,,,,,,,,,,,,,,,,0.0,,,,,,,,,,,,,,,,,,,,32.67672881355932,231
Northern Colorado Bears,10,7,0,0.0,0.0,0,0.0,0.0,1,0.0,-7.8,9,0.7777777777777778,17.3,0.0,0.0,0.0,0.0,0.0,1.0,7.0,2.0,Northern Colorado Bears,0.5833333333333334,10.12857142857143,18.301428571428573,96.18268575323789,True,0.0,0.7,0.0,False,,,,,,,,,0.0,,,,,,,,,,,,,,,,0.0,,,,,,,,,,,,,,,,,,,,32.655499999999996,232
George Washington,5,2,1,0.0,-5.8,1,0.0,-6.75,0,0.0,0.0,3,0.6666666666666666,9.55,0.0,1.0,0.0,1.0,0.0,0.0,2.0,1.0,George Washington*,0.125,-1.3692307692307681,7.077307692307693,67.280163599182,True,0.0,0.6666666666666666,33.33333333333333,True,"Monday, January 12",2026.0,George Washington,0.0,A10,Chris Caputo,12.0,5.0,13.1494,61.0,0.79,66.0,120.843,30.0,120.608,30.0,107.693,144.0,103.337,95.0,71.9781,58.0,70.4581,61.0,-0.0847,331.0,-1.5047,217.0,107.657,249.0,109.162,193.0,-2.0804,246.0,,16.03,57.0,17.17,167.0,16.85,4.0,17.9,7.0,61.0,32.538283692307694,233
Purdue Fort Wayne Mastodons,8,5,1,0.0,-38.4,1,1.0,2.9,2,0.5,-2.2,4,0.75,38.7,0.0,1.0,1.0,0.0,1.0,1.0,3.0,1.0,Purdue Fort Wayne Mastodons,0.4782608695652174,0.7254237288135607,20.81190862196021,63.4628493524199,True,0.5,0.6666666666666666,8.333333333333332,False,,,,,,,,,0.0,,,,,,,,,,,,,,,,0.0,,,,,,,,,,,,,,,,,,,,32.40916801768607,234
Davidson,16,10,0,0.0,0.0,3,0.3333333333333333,-7.033333333333334,6,0.6666666666666666,10.566666666666666,7,0.7142857142857143,3.3000000000000003,0.0,0.0,1.0,2.0,4.0,2.0,5.0,2.0,Davidson Wildcats,0.55,2.4527777777777775,17.481111111111115,52.3517382413088,False,0.3333333333333333,0.6923076923076923,17.94871794871795,False,"Monday, January 12",2026.0,Davidson,0.0,A10,Matt McKillop,10.0,6.0,1.8759,141.0,0.5502,141.0,107.953,184.0,107.238,180.0,106.077,112.0,104.825,124.0,64.8968,344.0,64.6954,333.0,0.0669,57.0,-0.7654,197.0,108.665,182.0,109.43,210.0,-0.3188,187.0,,18.13,271.0,18.56,354.0,18.46,8.0,19.52,14.0,141.0,32.40379788888889,235
Austin Peay Governors,14,9,2,0.0,-14.6,3,0.3333333333333333,-8.0,1,0.0,-16.0,8,1.0,28.3,0.0,2.0,1.0,2.0,0.0,1.0,8.0,0.0,Austin Peay Governors,0.30952380952380953,-3.063829787234042,19.845896656534954,57.46421267893661,False,0.2,0.8888888888888888,34.44444444444444,True,,,,,,,,,0.0,,,,,,,,,,,,,,,,0.0,,,,,,,,,,,,,,,,,,,,32.338920972644374,236
Alabama Crimson Tide,16,11,0,0.0,0.0,3,0.6666666666666666,7.6,2,1.0,21.8,11,0.6363636363636364,13.5,0.0,0.0,2.0,1.0,2.0,0.0,7.0,4.0,Alabama Crimson Tide,0.71875,12.394444444444447,17.05152777777778,61.89502385821404,True,0.6666666666666666,0.6923076923076923,1.282051282051283,False,,,,,,,,,0.0,,,,,,,,,,,,,,,,0.0,,,,,,,,,,,,,,,,,,,,32.03053472222222,237
Pitt,16,7,3,0.0,-11.066666666666668,3,0.3333333333333333,-12.300000000000002,5,0.4,11.866666666666667,5,0.8,6.166666666666668,0.0,3.0,1.0,2.0,2.0,3.0,4.0,1.0,Pittsburgh Panthers,0.2542372881355932,-2.431205673758866,11.968195696598148,47.58009543285617,False,0.16666666666666666,0.6,21.666666666666668,False,"Monday, January 12",2026.0,Pittsburgh,0.0,ACC,Jeff Capel III,7.0,9.0,8.6451,94.0,0.7114,95.0,114.547,86.0,111.244,121.0,105.902,110.0,106.485,155.0,65.6383,333.0,64.708,331.0,-0.1266,361.0,4.7111,60.0,111.109,64.0,106.398,50.0,1.4869,147.0,,19.03,343.0,17.37,206.0,19.15,16.0,16.76,4.0,94.0,31.98829349380935,238
Nevada Wolf Pack,11,7,1,0.0,-23.7,1,1.0,15.4,5,0.8,8.2,4,0.5,0.0,0.0,1.0,1.0,0.0,4.0,1.0,2.0,2.0,Nevada Wolf Pack,0.59375,1.8951807228915662,19.113185925520263,58.257420834107954,False,0.5,0.6666666666666666,8.333333333333332,False,,,,,,,,,0.0,,,,,,,,,,,,,,,,0.0,,,,,,,,,,,,,,,,,,,,31.985069619386636,239
Harvard Crimson,8,4,2,0.5,-18.4,1,0.0,-8.6,1,0.0,-7.2,4,0.75,19.3,1.0,1.0,0.0,1.0,0.0,1.0,3.0,1.0,Harvard Crimson,0.39285714285714285,-6.121212121212121,24.730086580086578,41.64962508520791,False,0.3333333333333333,0.6,13.333333333333334,False,,,,,,,,,0.0,,,,,,,,,,,,,,,,0.0,,,,,,,,,,,,,,,,,,,,31.9055303030303,240
Illinois State,17,12,0,0.0,0.0,0,0.0,0.0,5,0.8,16.166666666666668,12,0.6666666666666666,14.466666666666667,0.0,0.0,0.0,0.0,4.0,1.0,8.0,4.0,Illinois State Redbirds,0.7407407407407407,15.600000000000001,15.57333333333333,88.77260515658206,True,0.0,0.7058823529411765,0.0,False,,,,,,,,,0.0,,,,,,,,,,,,,,,,0.0,,,,,,,,,,,,,,,,,,,,31.788901960784308,241
Utah Utes,2,1,0,0.0,0.0,1,0.0,-12.9,1,1.0,3.4,0,0.0,0.0,0.0,0.0,0.0,1.0,1.0,0.0,0.0,0.0,Utah Utes,0.375,-6.38,24.323,53.101567825494215,False,0.0,1.0,0.0,False,,,,,,,,,0.0,,,,,,,,,,,,,,,,0.0,,,,,,,,,,,,,,,,,,,,31.76305,242
Charleston Southern Buccaneers,18,11,5,0.2,-16.1,1,0.0,-5.3,1,0.0,-10.0,11,0.9090909090909091,25.3,1.0,4.0,0.0,1.0,0.0,1.0,10.0,1.0,Charleston Southern Buccaneers,0.3050847457627119,-7.348695652173913,19.456001965119135,45.891085359388015,False,0.16666666666666666,0.8333333333333334,33.333333333333336,True,,,,,,,,,0.0,,,,,,,,,,,,,,,,0.0,,,,,,,,,,,,,,,,,,,,31.726267354458358,243
Northwestern,16,8,1,0.0,-4.366666666666666,4,0.0,-6.133333333333333,1,1.0,0.9333333333333332,10,0.7,12.666666666666666,0.0,1.0,0.0,4.0,1.0,0.0,7.0,3.0,Northwestern Wildcats,0.24390243902439024,-1.0890109890109883,-1.209994639506835,59.50920245398773,False,0.0,0.7272727272727273,36.36363636363637,True,"Monday, January 12",2026.0,Northwestern,0.0,B10,Chris Collins,8.0,8.0,13.1507,60.0,0.7949,63.0,118.321,54.0,115.773,66.0,105.17,100.0,104.194,115.0,67.8193,252.0,67.0373,231.0,-0.1732,365.0,4.3828,63.0,110.617,86.0,106.234,42.0,-1.9542,237.0,,16.58,95.0,18.99,364.0,17.65,5.0,18.43,12.0,60.0,31.590365,244
Cincinnati,16,8,1,0.0,-1.35,1,1.0,9.45,0,0.0,0.0,14,0.5,28.35,0.0,1.0,1.0,0.0,0.0,0.0,7.0,7.0,Cincinnati Bearcats,0.4444444444444444,14.045744680851067,-13.881702127659572,77.77777777777779,True,0.5,0.5,0.0,False,"Monday, January 12",2026.0,Cincinnati,0.0,B12,Wes Miller,8.0,8.0,13.0018,64.0,0.8169,54.0,106.624,206.0,102.418,260.0,93.6224,8.0,92.1865,9.0,71.7063,65.0,69.6058,99.0,-0.1706,364.0,2.8309,89.0,109.451,147.0,106.62,60.0,-2.4315,256.0,,15.93,51.0,17.84,282.0,18.42,15.0,18.55,15.0,64.0,31.495726,245
Merrimack Warriors,10,5,1,1.0,7.5,0,0.0,0.0,4,0.0,-17.0,5,0.8,3.9,1.0,0.0,0.0,0.0,0.0,4.0,4.0,1.0,Merrimack Warriors,0.48,-5.276119402985076,23.489552238805967,59.100204498977504,False,1.0,0.4444444444444444,0.0,False,,,,,,,,,0.0,,,,,,,,,,,,,,,,0.0,,,,,,,,,,,,,,,,,,,,31.471343283582087,246
Arkansas State Red Wolves,16,11,2,0.0,-25.7,2,0.5,-20.5,5,1.0,15.7,7,0.7142857142857143,17.4,0.0,2.0,1.0,1.0,5.0,0.0,5.0,2.0,Arkansas State Red Wolves,0.5208333333333334,-2.517543859649121,15.43048245614035,52.3517382413088,False,0.25,0.8333333333333334,29.166666666666668,False,,,,,,,,,0.0,,,,,,,,,,,,,,,,0.0,,,,,,,,,,,,,,,,,,,,31.46316885964912,247
Ohio,13,7,3,0.3333333333333333,-21.0,2,0.5,0.35,4,0.5,-8.2,4,0.75,6.85,1.0,2.0,1.0,1.0,2.0,2.0,3.0,1.0,Ohio*,0.44,-9.31111111111111,25.76786324786325,34.30863614912695,False,0.4,0.625,11.249999999999998,False,"Monday, January 12",2026.0,Ohio,0.0,MAC,Jeff Boals,10.0,7.0,-2.1943,188.0,0.442,188.0,107.276,197.0,105.569,211.0,109.47,181.0,109.223,211.0,71.0331,96.0,69.7003,96.0,0.1011,26.0,0.0447,168.0,108.709,178.0,108.665,164.0,2.7035,112.0,,16.93,124.0,17.25,183.0,16.21,2.0,17.56,9.0,188.0,31.430914213675216,248
Ohio Bobcats,4,3,1,0.0,-45.9,0,0.0,0.0,0,0.0,0.0,3,1.0,31.0,0.0,1.0,0.0,0.0,0.0,0.0,3.0,0.0,Ohio Bobcats,0.2727272727272727,-11.722222222222218,12.583838383838383,81.73142467620995,True,0.0,1.0,0.0,False,,,,,,,,,0.0,,,,,,,,,,,,,,,,0.0,,,,,,,,,,,,,,,,,,,,31.40434343434343,249
Monmouth Hawks,8,5,1,0.0,-20.1,1,0.0,-6.5,2,0.5,0.7,4,1.0,16.0,0.0,1.0,0.0,1.0,1.0,1.0,4.0,0.0,Monmouth Hawks,0.30434782608695654,-1.903389830508475,17.934296241709653,63.4628493524199,True,0.0,0.8333333333333334,41.66666666666667,True,,,,,,,,,0.0,,,,,,,,,,,,,,,,0.0,,,,,,,,,,,,,,,,,,,,31.402003684598377,250
Missouri State Bears,11,8,1,0.0,-40.7,0,0.0,0.0,2,0.5,-8.3,8,0.875,19.1,0.0,1.0,0.0,0.0,1.0,1.0,7.0,1.0,Missouri State Bears,0.45454545454545453,-7.084313725490198,13.439001782531193,80.8638532564913,True,0.0,0.8,0.0,False,,,,,,,,,0.0,,,,,,,,,,,,,,,,0.0,,,,,,,,,,,,,,,,,,,,31.362741532976823,251
Montana State Bobcats,10,6,1,0.0,-4.0,0,0.0,0.0,4,0.5,1.0,5,0.8,40.0,0.0,1.0,0.0,0.0,2.0,2.0,4.0,1.0,Montana State Bobcats,0.4,11.522388059701493,18.6089552238806,72.1881390593047,True,0.0,0.6666666666666666,0.0,False,,,,,,,,,0.0,,,,,,,,,,,,,,,,0.0,,,,,,,,,,,,,,,,,,,,31.263134328358205,252
Siena,14,10,1,0.0,-14.3,0,0.0,0.0,4,0.75,9.85,9,0.7777777777777778,11.700000000000001,0.0,1.0,0.0,0.0,3.0,1.0,7.0,2.0,Siena*,0.5517241379310345,4.995522388059701,16.25436659069186,77.6414451261077,True,0.0,0.7692307692307693,0.0,False,"Monday, January 12",2026.0,Siena,0.0,MAAC,Gerry McNamara,11.0,6.0,-1.5193,178.0,0.459,178.0,105.432,235.0,107.257,179.0,106.951,129.0,99.3825,47.0,64.7338,349.0,65.0107,323.0,-0.0067,203.0,-8.2971,357.0,103.451,359.0,111.748,338.0,-5.3653,314.0,,18.85,327.0,18.14,324.0,18.73,10.0,19.35,13.0,178.0,31.198299021027864,253
Eastern Michigan,5,3,1,0.0,-29.5,2,0.5,-6.3,0,0.0,0.0,2,1.0,26.3,0.0,1.0,1.0,1.0,0.0,0.0,2.0,0.0,Eastern Michigan,0.35,-8.155319148936169,24.487872340425533,50.920245398773,False,0.3333333333333333,1.0,33.333333333333336,True,"Monday, January 12",2026.0,Eastern Michigan,0.0,MAC,Stan Heath,8.0,9.0,-3.4542,208.0,0.4077,209.0,104.621,253.0,102.792,256.0,108.075,154.0,106.54,156.0,68.3367,224.0,65.5639,300.0,-0.0057,202.0,0.2206,161.0,109.435,148.0,109.215,196.0,1.5315,142.0,,18.3,288.0,16.78,77.0,18.54,12.0,17.31,8.0,208.0,31.146433319148933,254
Saint Peter's,10,6,1,1.0,14.0,1,1.0,5.3,2,0.0,-13.1,6,0.6666666666666666,7.6,1.0,0.0,1.0,0.0,0.0,2.0,4.0,2.0,Saint Peter's,0.68,3.428571428571428,31.971428571428575,54.19222903885481,False,1.0,0.5,-25.0,False,"Monday, January 12",2026.0,Saint Peter's,0.0,MAAC,Bashir Mason,8.0,6.0,-7.58,256.0,0.3046,257.0,101.833,296.0,102.518,259.0,109.413,180.0,104.177,114.0,66.2485,311.0,66.1879,269.0,0.0641,65.0,-6.3701,342.0,104.358,349.0,110.728,305.0,0.0429,179.0,,19.12,347.0,17.18,174.0,18.96,11.0,17.71,5.0,256.0,31.144088,255
Marshall Thundering Herd,10,6,2,0.0,-20.2,1,1.0,8.0,3,0.6666666666666666,3.5,4,0.75,23.2,0.0,2.0,1.0,0.0,2.0,1.0,3.0,1.0,Marshall Thundering Herd,0.4117647058823529,-0.6682926829268288,18.26209469153515,50.920245398773,False,0.3333333333333333,0.7142857142857143,19.04761904761905,False,,,,,,,,,0.0,,,,,,,,,,,,,,,,0.0,,,,,,,,,,,,,,,,,,,,31.1417331420373,256
Georgia Tech,8,4,2,0.0,-3.55,0,0.0,0.0,3,0.3333333333333333,-7.750000000000001,3,1.0,15.4,0.0,2.0,0.0,0.0,1.0,2.0,3.0,0.0,Georgia Tech,0.21428571428571427,-1.6318181818181816,13.99012987012987,58.691206543967276,False,0.0,0.6666666666666666,33.33333333333333,True,"Monday, January 12",2026.0,Georgia Tech,0.0,ACC,Damon Stoudamire,10.0,7.0,4.489,119.0,0.6192,117.0,108.423,174.0,104.755,229.0,103.934,82.0,99.3612,46.0,72.1895,54.0,70.8939,48.0,-0.0272,241.0,-3.3313,283.0,105.318,328.0,108.65,162.0,-8.2952,352.0,,15.9,46.0,17.57,249.0,15.76,3.0,17.08,7.0,119.0,30.983319454545455,257
Bradley Braves,17,12,1,0.0,-27.2,3,0.3333333333333333,-7.2,1,1.0,8.8,12,0.8333333333333334,17.8,0.0,1.0,1.0,2.0,1.0,0.0,10.0,2.0,Bradley Braves,0.47368421052631576,-3.0481012658227837,12.802431320296272,62.596736035927655,True,0.25,0.8461538461538461,29.807692307692307,False,,,,,,,,,0.0,,,,,,,,,,,,,,,,0.0,,,,,,,,,,,,,,,,,,,,30.81908625622134,258
UIC Flames,5,3,0,0.0,0.0,1,0.0,-23.7,1,0.0,-11.1,3,1.0,37.8,0.0,0.0,0.0,1.0,0.0,1.0,3.0,0.0,UIC Flames,0.2727272727272727,2.5124999999999997,17.277727272727272,76.00545330606681,True,0.0,0.75,0.0,False,,,,,,,,,0.0,,,,,,,,,,,,,,,,0.0,,,,,,,,,,,,,,,,,,,,30.797204545454544,259
Elon Phoenix,14,9,2,0.0,-20.9,2,1.0,5.0,2,0.5,9.5,8,0.75,15.4,0.0,2.0,2.0,0.0,1.0,1.0,6.0,2.0,Elon Phoenix,0.475,-0.5222222222222214,14.880396825396822,57.46421267893661,False,0.5,0.7,9.999999999999998,False,,,,,,,,,0.0,,,,,,,,,,,,,,,,0.0,,,,,,,,,,,,,,,,,,,,30.60099603174603,260
Stonehill Skyhawks,5,3,0,0.0,0.0,1,0.0,-57.9,1,1.0,14.3,3,0.6666666666666666,33.6,0.0,0.0,0.0,1.0,1.0,0.0,2.0,1.0,Stonehill Skyhawks,0.45454545454545453,-5.537499999999995,16.239545454545457,76.00545330606681,True,0.0,0.75,0.0,False,,,,,,,,,0.0,,,,,,,,,,,,,,,,0.0,,,,,,,,,,,,,,,,,,,,30.433840909090907,261
Towson,18,9,3,0.3333333333333333,-20.533333333333335,3,0.3333333333333333,-18.73333333333333,6,0.3333333333333333,2.7999999999999994,6,0.8333333333333334,17.866666666666664,1.0,2.0,1.0,2.0,2.0,4.0,5.0,1.0,Towson Tigers,0.38095238095238093,-8.007565011820333,22.606497804795673,35.28743467393774,False,0.3333333333333333,0.5833333333333334,12.500000000000004,False,"Monday, January 12",2026.0,Towson,0.0,CAA,Pat Skerry,9.0,9.0,-1.1513,171.0,0.4689,174.0,105.689,226.0,102.274,262.0,106.841,126.0,106.924,163.0,64.4234,355.0,63.539,351.0,0.0186,151.0,2.1432,103.0,110.669,83.0,108.526,156.0,3.4753,102.0,,19.11,346.0,17.8,277.0,18.9,9.0,17.47,5.0,171.0,30.431003231678485,262
Marist Red Foxes,8,5,0,0.0,0.0,0,0.0,0.0,2,0.0,-11.7,6,0.8333333333333334,19.2,0.0,0.0,0.0,0.0,0.0,2.0,5.0,1.0,Marist Red Foxes,0.4166666666666667,5.466666666666667,14.936666666666667,90.45671438309475,True,0.0,0.625,0.0,False,,,,,,,,,0.0,,,,,,,,,,,,,,,,0.0,,,,,,,,,,,,,,,,,,,,30.35283333333333,263
Florida Atlantic Owls,15,9,2,0.0,-11.3,3,0.3333333333333333,-9.0,2,0.5,13.4,8,0.875,26.7,0.0,2.0,1.0,2.0,1.0,1.0,7.0,1.0,Florida Atlantic Owls,0.3333333333333333,0.8372549019607829,16.00156862745098,56.00999772778914,False,0.2,0.8,30.000000000000004,True,,,,,,,,,0.0,,,,,,,,,,,,,,,,0.0,,,,,,,,,,,,,,,,,,,,30.35054901960784,264
North Dakota State Bison,12,8,0,0.0,0.0,0,0.0,0.0,2,0.0,-9.0,10,0.8,18.7,0.0,0.0,0.0,0.0,0.0,2.0,8.0,2.0,North Dakota State Bison,0.5,6.388888888888891,13.055555555555557,93.63780958872984,True,0.0,0.6666666666666666,0.0,False,,,,,,,,,0.0,,,,,,,,,,,,,,,,0.0,,,,,,,,,,,,,,,,,,,,30.319444444444443,265
Harvard,8,4,0,0.0,0.0,1,1.0,17.55,4,0.25,-3.9,3,0.6666666666666666,4.6,0.0,0.0,1.0,0.0,1.0,3.0,2.0,1.0,Harvard*,0.5,2.5178571428571423,20.007142857142856,67.41649625085208,True,1.0,0.42857142857142855,0.0,False,"Monday, January 12",2026.0,Harvard,0.0,Ivy,Tommy Amaker,8.0,8.0,-0.0676,161.0,0.4982,161.0,108.369,176.0,107.832,166.0,108.437,159.0,105.69,142.0,65.18,338.0,64.36,340.0,-0.0679,313.0,-2.0549,243.0,107.325,266.0,109.379,207.0,-2.1205,247.0,,18.07,263.0,18.68,361.0,18.4,5.0,19.83,8.0,161.0,30.23164,266
Oakland,9,4,4,0.0,-30.349999999999998,1,1.0,3.35,3,0.6666666666666666,9.7,1,1.0,13.7,0.0,4.0,1.0,0.0,2.0,1.0,1.0,0.0,Oakland,0.2553191489361702,-14.931999999999997,16.627672813238767,39.89244868590471,False,0.2,0.75,27.500000000000004,False,"Monday, January 12",2026.0,Oakland,0.0,Horz,Greg Kampe,9.0,9.0,2.9645,132.0,0.5725,133.0,118.179,57.0,113.9,89.0,115.215,312.0,118.569,341.0,72.125,56.0,71.8407,31.0,0.0449,102.0,6.2915,32.0,111.657,53.0,105.366,22.0,16.3303,2.0,,16.68,103.0,16.64,53.0,16.06,2.0,17.18,5.0,132.0,30.08961915130023,267
Northern Kentucky,10,7,1,0.0,-14.3,0,0.0,0.0,1,1.0,24.1,8,0.75,9.5,0.0,1.0,0.0,0.0,1.0,0.0,6.0,2.0,Northern Kentucky,0.47368421052631576,3.913953488372093,12.881370869033045,83.640081799591,True,0.0,0.7777777777777778,0.0,False,"Monday, January 12",2026.0,Northern Kentucky,0.0,Horz,Darrin Horn,13.0,6.0,-1.0527,170.0,0.4724,170.0,109.171,160.0,113.922,88.0,110.224,204.0,109.694,222.0,70.3281,127.0,69.7214,92.0,0.0479,92.0,-5.3216,331.0,108.961,165.0,114.282,365.0,-3.8768,283.0,,15.94,52.0,18.46,350.0,15.96,1.0,18.47,10.0,170.0,30.079950804161566,268
Stetson Hatters,5,3,0,0.0,0.0,0,0.0,0.0,1,0.0,-25.6,4,0.75,18.2,0.0,0.0,0.0,0.0,0.0,1.0,3.0,1.0,Stetson Hatters,0.42857142857142855,3.5999999999999983,14.725714285714282,92.3653715064758,True,0.0,0.6,0.0,False,,,,,,,,,0.0,,,,,,,,,,,,,,,,0.0,,,,,,,,,,,,,,,,,,,,29.903999999999996,269
Northern Arizona Lumberjacks,8,5,0,0.0,0.0,0,0.0,0.0,1,0.0,-22.8,7,0.7142857142857143,19.7,0.0,0.0,0.0,0.0,0.0,1.0,5.0,2.0,Northern Arizona Lumberjacks,0.5,7.557142857142856,13.522857142857141,95.22835719154737,True,0.0,0.625,0.0,False,,,,,,,,,0.0,,,,,,,,,,,,,,,,0.0,,,,,,,,,,,,,,,,,,,,29.857999999999997,270
Oakland Golden Grizzlies,9,5,1,0.0,-5.1,2,0.5,-9.6,1,0.0,-10.6,5,0.8,20.5,0.0,1.0,1.0,1.0,0.0,1.0,4.0,1.0,Oakland Golden Grizzlies,0.34615384615384615,0.2731343283582098,16.352843474933024,56.85828978262516,False,0.3333333333333333,0.6666666666666666,16.666666666666664,False,,,,,,,,,0.0,,,,,,,,,,,,,,,,0.0,,,,,,,,,,,,,,,,,,,,29.80682854955989,271
Southern Jaguars,7,4,1,0.0,-34.7,1,0.0,-6.4,1,0.0,-4.1,4,1.0,45.8,0.0,1.0,0.0,1.0,0.0,1.0,4.0,0.0,Southern Jaguars,0.2,2.013725490196078,15.519775910364144,66.18950238582141,True,0.0,0.8,40.0,True,,,,,,,,,0.0,,,,,,,,,,,,,,,,0.0,,,,,,,,,,,,,,,,,,,,29.75335014005602,272
Georgia Southern Eagles,13,9,0,0.0,0.0,2,0.0,-12.0,0,0.0,0.0,11,0.8181818181818182,12.2,0.0,0.0,0.0,2.0,0.0,0.0,9.0,2.0,Georgia Southern Eagles,0.42857142857142855,-0.9999999999999996,9.962637362637363,76.67662943736563,True,0.0,0.8181818181818182,40.909090909090914,True,,,,,,,,,0.0,,,,,,,,,,,,,,,,0.0,,,,,,,,,,,,,,,,,,,,29.62153846153846,273
Loyola Marymount Lions,15,9,2,0.0,-36.2,1,0.0,-7.7,6,0.6666666666666666,3.1,6,0.8333333333333334,38.3,0.0,2.0,0.0,1.0,4.0,2.0,5.0,1.0,Loyola Marymount Lions,0.37777777777777777,-2.8274509803921575,13.869019607843136,50.920245398773,False,0.0,0.75,37.5,True,,,,,,,,,0.0,,,,,,,,,,,,,,,,0.0,,,,,,,,,,,,,,,,,,,,29.604156862745096,274
Utah,14,7,4,0.0,-17.6,2,0.5,-4.2,2,0.5,-1.0999999999999996,6,0.8333333333333334,6.6,0.0,4.0,1.0,1.0,1.0,1.0,5.0,1.0,Utah*,0.24074074074074073,-8.686666666666667,9.930095238095236,52.0109066121336,False,0.16666666666666666,0.75,29.166666666666668,False,"Monday, January 12",2026.0,Utah,0.0,B12,Alex Jensen,8.0,8.0,4.2093,122.0,0.606,125.0,114.524,87.0,112.447,104.0,110.315,206.0,112.476,272.0,71.1611,90.0,69.1007,122.0,0.0007,190.0,3.7807,76.0,111.112,63.0,107.331,94.0,-0.8145,205.0,,17.5,194.0,16.25,25.0,17.09,10.0,15.6,4.0,122.0,29.37716833333333,275
DePaul Blue Demons,14,8,1,1.0,5.9,1,0.0,-8.1,2,0.5,3.1,10,0.6,6.4,1.0,0.0,0.0,1.0,1.0,1.0,6.0,4.0,DePaul Blue Demons,0.5862068965517241,2.680952380952382,14.308834154351395,58.55487389229721,False,0.5,0.5833333333333334,4.166666666666669,False,,,,,,,,,0.0,,,,,,,,,,,,,,,,0.0,,,,,,,,,,,,,,,,,,,,29.329520525451557,276
Pacific,19,12,1,0.0,-18.933333333333334,3,0.0,-5.3999999999999995,1,0.0,-4.466666666666667,14,0.8571428571428571,23.133333333333336,0.0,1.0,0.0,3.0,0.0,1.0,12.0,2.0,Pacific Tigers,0.3,-0.6514767932489427,5.449935598489898,63.77856707207692,True,0.0,0.8,40.0,True,"Monday, January 12",2026.0,Pacific,0.0,WCC,Dave Smart,12.0,7.0,3.381,127.0,0.5883,127.0,110.587,136.0,109.277,154.0,107.206,135.0,104.213,116.0,67.1008,283.0,65.73,294.0,0.01,175.0,-1.7521,230.0,107.363,264.0,109.116,190.0,-0.4411,191.0,,18.9,332.0,16.74,68.0,19.03,10.0,17.07,4.0,127.0,29.25799166999778,277
Dartmouth Big Green,10,6,2,0.0,-25.6,1,1.0,13.4,1,1.0,37.5,6,0.6666666666666666,21.5,0.0,2.0,1.0,0.0,1.0,0.0,4.0,2.0,Dartmouth Big Green,0.4,1.7542857142857124,12.701714285714285,58.55487389229721,False,0.3333333333333333,0.7142857142857143,19.04761904761905,False,,,,,,,,,0.0,,,,,,,,,,,,,,,,0.0,,,,,,,,,,,,,,,,,,,,29.1956,278
Valparaiso,14,6,4,0.25,-24.0,3,0.0,-12.4,2,0.0,-5.8,5,1.0,13.7,1.0,3.0,0.0,3.0,0.0,2.0,5.0,0.0,Valparaiso,0.22413793103448276,-12.918181818181818,22.918934169278998,36.19631901840491,False,0.14285714285714285,0.7142857142857143,28.57142857142857,False,"Monday, January 12",2026.0,Valparaiso,0.0,MVC,Roger Powell,8.0,9.0,-1.6113,180.0,0.4566,180.0,105.563,232.0,103.21,253.0,107.174,134.0,105.065,131.0,67.6148,261.0,66.3259,264.0,-0.0324,255.0,0.2666,157.0,108.319,203.0,108.052,127.0,-5.0779,306.0,,18.16,272.0,17.21,177.0,17.81,6.0,17.47,7.0,180.0,29.195447387819076,279
Kansas State,16,9,3,0.0,-11.2,3,0.3333333333333333,-15.850000000000001,3,0.6666666666666666,1.5,7,0.8571428571428571,33.5,0.0,3.0,1.0,2.0,2.0,1.0,6.0,1.0,Kansas State Wildcats,0.3090909090909091,-2.9488,14.22957090909091,52.3517382413088,False,0.16666666666666666,0.8,31.66666666666667,True,,,,,,,,,0.0,,,,,,,,,,,,,,,,0.0,,,,,,,,,,,,,,,,,,,,29.167849818181814,280
Sam Houston,8,4,1,0.0,-6.95,1,0.0,-6.5,4,0.75,10.799999999999999,2,0.5,4.2,0.0,1.0,0.0,1.0,3.0,1.0,1.0,1.0,Sam Houston,0.37037037037037035,2.939552238805969,16.842487562189053,53.91956373551465,False,0.0,0.6666666666666666,33.33333333333333,True,,,,,,,,,0.0,,,,,,,,,,,,,,,,0.0,,,,,,,,,,,,,,,,,,,,29.144870646766165,281
Delaware State,2,1,0,0.0,0.0,0,0.0,0.0,0,0.0,0.0,2,0.5,0.6,0.0,0.0,0.0,0.0,0.0,0.0,1.0,1.0,Delaware State,0.5,0.6,16.74,100.0,True,0.0,0.5,0.0,False,,,,,,,,,0.0,,,,,,,,,,,,,,,,0.0,,,,,,,,,,,,,,,,,,,,29.108999999999998,282
New Mexico State,6,2,1,1.0,5.95,0,0.0,0.0,2,0.0,-7.55,3,0.3333333333333333,7.699999999999999,1.0,0.0,0.0,0.0,0.0,2.0,1.0,2.0,New Mexico State,0.5294117647058824,1.4151162790697673,23.72290925672594,59.100204498977504,False,1.0,0.2,0.0,False,,,,,,,,,0.0,,,,,,,,,,,,,,,,0.0,,,,,,,,,,,,,,,,,,,,29.053018239854076,283
Loyola Marymount,4,2,1,0.0,-26.4,1,0.0,-9.1,0,0.0,0.0,2,1.0,10.2,0.0,1.0,0.0,1.0,0.0,0.0,2.0,0.0,Loyola Marymount*,0.13333333333333333,-12.102857142857143,11.158857142857142,63.4628493524199,True,0.0,1.0,50.0,True,"Monday, January 12",2026.0,Loyola Marymount,0.0,WCC,Stan Johnson,11.0,8.0,2.9291,133.0,0.5797,130.0,106.25,210.0,105.041,222.0,103.321,75.0,102.855,87.0,68.8415,203.0,67.6495,203.0,0.0223,146.0,0.2418,160.0,109.829,128.0,109.587,216.0,-5.6513,318.0,,17.66,214.0,17.31,195.0,17.6,6.0,17.85,7.0,133.0,28.993796999999997,284
Arizona State Sun Devils,16,10,2,0.5,-3.8,1,0.0,-7.3,1,1.0,4.0,12,0.6666666666666666,4.4,1.0,1.0,0.0,1.0,1.0,0.0,8.0,4.0,Arizona State Sun Devils,0.5277777777777778,-1.1657142857142853,11.033714285714282,51.19291070211316,False,0.3333333333333333,0.6923076923076923,17.94871794871795,False,,,,,,,,,0.0,,,,,,,,,,,,,,,,0.0,,,,,,,,,,,,,,,,,,,,28.986799999999995,285
Texas A&M Aggies,2,1,0,0.0,0.0,1,0.0,-14.8,0,0.0,0.0,1,1.0,32.8,0.0,0.0,0.0,1.0,0.0,0.0,1.0,0.0,Texas A&M Aggies,0.16666666666666666,-2.9000000000000012,16.34,72.1881390593047,True,0.0,1.0,0.0,False,,,,,,,,,0.0,,,,,,,,,,,,,,,,0.0,,,,,,,,,,,,,,,,,,,,28.968999999999998,286
Memphis,15,7,1,0.0,-17.45,2,0.0,-10.3,4,0.5,1.7999999999999998,8,0.625,16.2,0.0,1.0,0.0,2.0,2.0,2.0,5.0,3.0,Memphis Tigers,0.2894736842105263,-1.3994505494505487,-1.533464430306534,56.00999772778914,False,0.0,0.5833333333333334,29.166666666666668,False,"Monday, January 12",2026.0,Memphis,0.0,Amer,Penny Hardaway,7.0,8.0,9.7959,87.0,0.7459,84.0,109.58,148.0,103.811,243.0,99.7838,31.0,103.275,94.0,71.3004,82.0,69.5262,102.0,-0.0453,279.0,8.3436,10.0,113.487,14.0,105.143,18.0,10.1284,18.0,,16.83,114.0,16.9,102.0,16.16,3.0,17.58,8.0,87.0,28.935913000000003,287
Wright State,15,9,1,0.0,-4.9,3,0.0,-13.899999999999999,2,0.5,20.05,9,0.8888888888888888,6.4,0.0,1.0,0.0,3.0,1.0,1.0,8.0,1.0,Wright State,0.2894736842105263,-1.4379310344827572,11.784476709013916,58.55487389229721,False,0.0,0.8181818181818182,40.909090909090914,True,,,,,,,,,0.0,,,,,,,,,,,,,,,,0.0,,,,,,,,,,,,,,,,,,,,28.87456684815487,288
North Greenville,2,1,0,0.0,0.0,0,0.0,0.0,0,0.0,0.0,2,0.5,-1.6,0.0,0.0,0.0,0.0,0.0,0.0,1.0,1.0,North Greenville,0.5,-1.6000000000000003,15.86,100.0,True,0.0,0.5,0.0,False,,,,,,,,,0.0,,,,,,,,,,,,,,,,0.0,,,,,,,,,,,,,,,,,,,,28.801,289
North Texas Mean Green,12,6,2,0.0,-28.3,3,0.6666666666666666,-2.1,2,0.0,-4.6,5,0.8,29.8,0.0,2.0,2.0,1.0,0.0,2.0,4.0,1.0,North Texas Mean Green,0.3333333333333333,-3.943137254901961,15.75607843137255,51.556464439900026,False,0.4,0.5714285714285714,8.57142857142857,False,,,,,,,,,0.0,,,,,,,,,,,,,,,,0.0,,,,,,,,,,,,,,,,,,,,28.76462745098039,290
Nicholls Colonels,8,4,1,0.0,-17.5,2,0.0,-15.1,2,0.5,-2.3,3,1.0,30.1,0.0,1.0,0.0,2.0,1.0,1.0,3.0,0.0,Nicholls Colonels,0.2222222222222222,-4.485074626865669,15.705970149253732,49.96591683708248,False,0.0,0.8,40.0,True,,,,,,,,,0.0,,,,,,,,,,,,,,,,0.0,,,,,,,,,,,,,,,,,,,,28.747089552238805,291
Western Kentucky,13,7,1,0.0,-3.6,3,0.0,-8.850000000000001,2,0.0,-9.5,7,1.0,5.5,0.0,1.0,0.0,3.0,0.0,2.0,7.0,0.0,Western Kentucky,0.19444444444444445,-4.765517241379311,12.99763925729443,56.205757432751305,False,0.0,0.7777777777777778,38.88888888888889,True,"Monday, January 12",2026.0,Western Kentucky,0.0,CUSA,Hank Plona,10.0,6.0,0.5124,158.0,0.5136,158.0,108.307,179.0,107.292,178.0,107.794,145.0,106.266,150.0,72.2189,53.0,70.7469,51.0,0.0433,106.0,-0.1867,176.0,108.478,196.0,108.665,165.0,0.9296,159.0,,16.17,66.0,16.9,103.0,16.38,4.0,17.93,9.0,158.0,28.685052816976125,292
Long Island University Sharks,6,3,0,0.0,0.0,1,0.0,-31.6,3,0.3333333333333333,3.9,2,1.0,4.8,0.0,0.0,0.0,1.0,1.0,2.0,2.0,0.0,Long Island University Sharks,0.3125,-5.618181818181818,15.148560606060606,65.82594864803454,True,0.0,0.6,0.0,False,,,,,,,,,0.0,,,,,,,,,,,,,,,,0.0,,,,,,,,,,,,,,,,,,,,28.55199621212121,293
Southern Miss,18,11,4,0.0,-7.133333333333333,1,0.0,-2.0,3,0.3333333333333333,-0.7333333333333334,10,1.0,15.9,0.0,4.0,0.0,1.0,1.0,2.0,10.0,0.0,Southern Miss Golden Eagles,0.23214285714285715,-1.306896551724137,15.47922550629447,56.85828978262516,False,0.0,0.8461538461538461,42.30769230769231,True,"Monday, January 12",2026.0,Southern Miss,0.0,SB,Jay Ladner,11.0,7.0,-2.899,199.0,0.4229,199.0,105.863,218.0,106.475,191.0,108.761,167.0,105.865,144.0,69.0576,192.0,67.7701,192.0,0.0486,90.0,-3.7583,292.0,107.243,271.0,111.001,320.0,3.742,91.0,,17.92,247.0,16.88,98.0,18.17,10.0,16.27,1.0,199.0,28.492473593869725,294
Charleston,17,11,0,0.0,0.0,5,0.4,-16.6,2,1.0,6.3,10,0.7,3.3,0.0,0.0,2.0,3.0,2.0,0.0,7.0,3.0,Charleston Cougars,0.5609756097560976,-8.637500000000003,9.671255380200861,58.10577809856049,False,0.4,0.75,17.5,False,"Monday, January 12",2026.0,Charleston,0.0,CAA,Chris Mack,11.0,6.0,-0.6087,164.0,0.4841,164.0,109.462,151.0,110.624,131.0,110.071,198.0,109.35,214.0,68.9875,196.0,67.6889,200.0,0.0994,28.0,-1.8932,236.0,108.72,175.0,110.613,297.0,-0.5969,197.0,,17.6,209.0,17.35,201.0,17.24,4.0,17.25,3.0,164.0,28.425532736011473,295
Rice Owls,8,4,3,0.3333333333333333,-30.3,0,0.0,0.0,0,0.0,0.0,5,0.6,20.5,1.0,2.0,0.0,0.0,0.0,0.0,3.0,2.0,Rice Owls,0.3793103448275862,-14.669230769230772,14.701273209549068,46.421267893660534,False,0.3333333333333333,0.6,13.333333333333334,False,,,,,,,,,0.0,,,,,,,,,,,,,,,,0.0,,,,,,,,,,,,,,,,,,,,28.395445623342173,296
Rutgers,14,8,3,0.0,-20.2,2,0.0,-9.6,3,1.0,1.25,6,0.8333333333333334,7.65,0.0,3.0,0.0,2.0,3.0,0.0,5.0,1.0,Rutgers*,0.2857142857142857,-8.463716814159291,10.614513274336282,52.0109066121336,False,0.0,0.8888888888888888,44.44444444444444,True,"Monday, January 12",2026.0,Rutgers,0.0,B10,Steve Pikiell,9.0,8.0,0.573,156.0,0.5153,156.0,108.207,180.0,103.594,246.0,107.635,141.0,108.813,202.0,66.3118,307.0,65.3825,309.0,0.1062,20.0,3.6419,79.0,109.64,136.0,105.998,35.0,-7.1303,342.0,,17.67,216.0,18.38,345.0,18.7,16.0,17.82,8.0,156.0,28.36351421744627,297
Long Island University,11,7,2,0.0,-37.7,1,0.0,-28.4,1,0.0,-8.7,7,1.0,11.2,0.0,2.0,0.0,1.0,0.0,1.0,7.0,0.0,Long Island University,0.22580645161290322,-18.82,8.087835777126099,59.942988163847055,False,0.0,0.875,43.75,True,,,,,,,,,0.0,,,,,,,,,,,,,,,,0.0,,,,,,,,,,,,,,,,,,,,28.12619706744868,298
Rhode Island,17,10,1,0.0,-9.95,1,1.0,5.75,3,0.3333333333333333,1.05,12,0.6666666666666666,11.25,0.0,1.0,1.0,0.0,1.0,2.0,8.0,4.0,Rhode Island Rams,0.47058823529411764,2.3936619718309857,0.4868765534382753,71.32202574281246,True,0.5,0.6,4.999999999999999,False,"Monday, January 12",2026.0,Rhode Island,0.0,A10,Archie Miller,10.0,7.0,5.3255,112.0,0.6417,110.0,107.793,186.0,108.962,156.0,102.468,63.0,99.8456,52.0,66.0176,317.0,66.1011,272.0,-0.0677,312.0,-3.8685,298.0,107.988,229.0,111.857,339.0,-4.7533,298.0,,17.79,232.0,18.27,336.0,18.59,10.0,19.21,12.0,112.0,28.1206652054681,299
Fairfield Stags,14,9,1,0.0,-45.2,0,0.0,0.0,4,0.5,1.1,9,0.7777777777777778,14.6,0.0,1.0,0.0,0.0,2.0,2.0,7.0,2.0,Fairfield Stags,0.4482758620689655,-5.23582089552239,7.5066568634659205,77.6414451261077,True,0.0,0.6923076923076923,0.0,False,,,,,,,,,0.0,,,,,,,,,,,,,,,,0.0,,,,,,,,,,,,,,,,,,,,28.020187045070216,300
New Orleans Privateers,8,3,1,1.0,6.0,1,1.0,37.7,1,1.0,20.4,5,0.0,-23.9,1.0,0.0,1.0,0.0,1.0,0.0,0.0,5.0,New Orleans Privateers,0.7619047619047619,4.138181818181818,18.94098701298701,55.14655760054533,False,1.0,0.16666666666666666,-41.66666666666667,False,,,,,,,,,0.0,,,,,,,,,,,,,,,,0.0,,,,,,,,,,,,,,,,,,,,28.00434545454545,301
Montana Grizzlies,12,7,1,0.0,-7.3,1,0.0,-13.0,3,0.6666666666666666,-2.3,7,0.7142857142857143,30.0,0.0,1.0,0.0,1.0,2.0,1.0,5.0,2.0,Montana Grizzlies,0.3793103448275862,3.933802816901409,9.975819977335274,66.643944558055,True,0.0,0.7,35.0,True,,,,,,,,,0.0,,,,,,,,,,,,,,,,0.0,,,,,,,,,,,,,,,,,,,,27.991536992067346,302
Middle Tennessee,8,3,3,0.0,-22.55,2,0.0,-24.0,1,1.0,0.7,2,1.0,15.25,0.0,3.0,0.0,2.0,1.0,0.0,2.0,0.0,Middle Tennessee*,0.1282051282051282,-17.213529411764707,11.383819004524884,45.194274028629856,False,0.0,1.0,50.0,True,"Monday, January 12",2026.0,Middle Tennessee,0.0,CUSA,Nicholas McDevitt,10.0,6.0,4.0416,125.0,0.6065,124.0,109.466,150.0,106.081,196.0,105.424,105.0,106.904,161.0,67.2612,276.0,65.3318,311.0,0.0517,86.0,6.2913,33.0,111.853,46.0,105.562,24.0,13.239,6.0,,18.48,300.0,17.1,155.0,18.87,10.0,17.54,5.0,125.0,27.889000651583707,303
Lipscomb Bisons,11,7,1,0.0,-71.5,0,0.0,0.0,3,0.6666666666666666,7.7,7,0.7142857142857143,21.6,0.0,1.0,0.0,0.0,2.0,1.0,5.0,2.0,Lipscomb Bisons,0.4583333333333333,-7.723728813559321,7.353690292758088,77.39356757761666,True,0.0,0.7,0.0,False,,,,,,,,,0.0,,,,,,,,,,,,,,,,0.0,,,,,,,,,,,,,,,,,,,,27.869246147919874,304
South Dakota Coyotes,8,5,1,0.0,-39.3,1,0.0,-18.3,0,0.0,0.0,6,0.8333333333333334,21.9,0.0,1.0,0.0,1.0,0.0,0.0,5.0,1.0,South Dakota Coyotes,0.2631578947368421,-7.895744680851063,7.683807390817469,73.00613496932516,True,0.0,0.8333333333333334,41.66666666666667,True,,,,,,,,,0.0,,,,,,,,,,,,,,,,0.0,,,,,,,,,,,,,,,,,,,,27.81433258678611,305
Mercer Bears,9,5,1,0.0,-25.6,1,0.0,-49.8,2,0.5,3.6,5,0.8,39.0,0.0,1.0,0.0,1.0,1.0,1.0,4.0,1.0,Mercer Bears,0.2916666666666667,-2.2857142857142843,10.655158730158732,65.58357948950996,True,0.0,0.7142857142857143,35.714285714285715,True,,,,,,,,,0.0,,,,,,,,,,,,,,,,0.0,,,,,,,,,,,,,,,,,,,,27.81263888888889,306
Longwood Lancers,13,8,0,0.0,0.0,0,0.0,0.0,3,0.3333333333333333,-4.1,10,0.7,16.2,0.0,0.0,0.0,0.0,1.0,2.0,7.0,3.0,Longwood Lancers,0.5263157894736842,5.127272727272728,7.735119617224878,91.19081327670284,True,0.0,0.6153846153846154,0.0,False,,,,,,,,,0.0,,,,,,,,,,,,,,,,0.0,,,,,,,,,,,,,,,,,,,,27.688061096797934,307
Mercyhurst Lakers,8,4,2,0.0,-31.9,2,0.0,-24.5,1,1.0,1.3,3,1.0,37.5,0.0,2.0,0.0,2.0,1.0,0.0,3.0,0.0,Mercyhurst Lakers,0.1875,-14.656756756756756,12.574797297297298,49.96591683708248,False,0.0,1.0,50.0,True,,,,,,,,,0.0,,,,,,,,,,,,,,,,0.0,,,,,,,,,,,,,,,,,,,,27.65117905405405,308
Vermont,14,8,2,0.0,-14.1,2,0.5,5.300000000000001,4,0.5,-1.9,6,0.8333333333333334,8.399999999999999,0.0,2.0,1.0,1.0,2.0,2.0,5.0,1.0,Vermont,0.36363636363636365,-1.7792452830188676,15.366223964714528,52.0109066121336,False,0.25,0.7,22.499999999999996,False,"Monday, January 12",2026.0,Vermont,0.0,AE,John Becker,10.0,7.0,-3.3563,205.0,0.4151,205.0,110.828,134.0,111.742,115.0,114.184,290.0,110.866,251.0,64.7649,348.0,65.0553,321.0,0.0128,165.0,-3.4071,285.0,106.328,301.0,109.735,232.0,-1.2872,219.0,,18.29,285.0,18.49,351.0,18.5,6.0,19.09,7.0,205.0,27.581041959078657,309
UIC,12,4,3,0.3333333333333333,-5.95,2,0.0,-3.6,3,0.0,-6.35,4,0.75,6.4,1.0,2.0,0.0,2.0,0.0,3.0,3.0,1.0,UIC*,0.23404255319148937,-3.707798165137615,19.382128960895308,35.28743467393774,False,0.2,0.42857142857142855,11.428571428571427,False,,,,,,,,,0.0,,,,,,,,,,,,,,,,0.0,,,,,,,,,,,,,,,,,,,,27.533745136313357,310
Oregon State,9,4,0,0.0,0.0,2,0.5,-3.7499999999999996,4,0.25,-7.9,3,0.6666666666666666,1.75,0.0,0.0,1.0,1.0,1.0,3.0,2.0,1.0,Oregon State*,0.4,-4.732352941176471,14.551503267973857,57.10065894114974,False,0.5,0.42857142857142855,-3.5714285714285725,False,,,,,,,,,0.0,,,,,,,,,,,,,,,,0.0,,,,,,,,,,,,,,,,,,,,27.509692810457516,311
UCF Knights,2,1,1,0.0,-18.4,0,0.0,0.0,0,0.0,0.0,1,1.0,31.6,0.0,1.0,0.0,0.0,0.0,0.0,1.0,0.0,UCF Knights,0.1111111111111111,-7.8736842105263145,11.850526315789473,72.1881390593047,True,0.0,1.0,0.0,False,,,,,,,,,0.0,,,,,,,,,,,,,,,,0.0,,,,,,,,,,,,,,,,,,,,27.397684210526315,312
Quinnipiac Bobcats,8,5,1,0.0,-14.0,0,0.0,0.0,1,0.0,-53.5,6,0.8333333333333334,13.8,0.0,1.0,0.0,0.0,0.0,1.0,5.0,1.0,Quinnipiac Bobcats,0.29411764705882354,-8.418604651162791,6.3678522571819425,81.73142467620995,True,0.0,0.7142857142857143,0.0,False,,,,,,,,,0.0,,,,,,,,,,,,,,,,0.0,,,,,,,,,,,,,,,,,,,,27.353748290013677,313
Lipscomb,6,3,2,0.0,-18.2,1,0.0,-42.1,0,0.0,0.0,3,1.0,25.9,0.0,2.0,0.0,1.0,0.0,0.0,3.0,0.0,Lipscomb,0.125,-13.711111111111112,10.140555555555554,54.73755964553511,False,0.0,1.0,50.0,True,"Monday, January 12",2026.0,Lipscomb,0.0,ASun,Kevin Carroll,10.0,7.0,0.7376,154.0,0.5196,154.0,108.532,172.0,107.571,172.0,107.794,146.0,107.15,167.0,72.7342,41.0,71.0026,45.0,0.0277,134.0,-0.542,188.0,108.71,176.0,109.252,200.0,5.0166,63.0,,16.13,64.0,16.55,47.0,15.97,3.0,18.45,10.0,154.0,27.255018444444442,314
Baylor Bears,14,9,1,0.0,-9.3,0,0.0,0.0,2,0.5,1.4,11,0.7272727272727273,19.0,0.0,1.0,0.0,0.0,1.0,1.0,8.0,3.0,Baylor Bears,0.44,5.154901960784314,5.290532212885154,83.09475119291069,True,0.0,0.6923076923076923,0.0,False,,,,,,,,,0.0,,,,,,,,,,,,,,,,0.0,,,,,,,,,,,,,,,,,,,,27.24454341736695,315
Portland State,4,2,1,0.0,-16.3,0,0.0,0.0,1,1.0,7.3,2,0.5,5.8,0.0,1.0,0.0,0.0,1.0,0.0,1.0,1.0,Portland State,0.3076923076923077,-4.506451612903227,11.043573200992554,72.1881390593047,True,0.0,0.6666666666666666,0.0,False,,,,,,,,,0.0,,,,,,,,,,,,,,,,0.0,,,,,,,,,,,,,,,,,,,,27.115250620347393,316
Providence Friars,7,2,1,1.0,8.0,2,0.5,9.1,0,0.0,0.0,4,0.0,-12.9,1.0,0.0,1.0,1.0,0.0,0.0,0.0,4.0,Providence Friars,0.5909090909090909,2.4000000000000004,20.122337662337664,44.376278118609406,False,0.6666666666666666,0.0,-33.33333333333333,False,,,,,,,,,0.0,,,,,,,,,,,,,,,,0.0,,,,,,,,,,,,,,,,,,,,27.078532467532465,317
Kennesaw State Owls,9,5,0,0.0,0.0,1,0.0,-11.1,1,0.0,-26.2,7,0.7142857142857143,32.0,0.0,0.0,0.0,1.0,0.0,1.0,5.0,2.0,Kennesaw State Owls,0.3333333333333333,7.43,8.194222222222223,82.79178974475498,True,0.0,0.625,0.0,False,,,,,,,,,0.0,,,,,,,,,,,,,,,,0.0,,,,,,,,,,,,,,,,,,,,26.95131111111111,318
Tulane Green Wave,4,2,0,0.0,0.0,0,0.0,0.0,0,0.0,0.0,4,0.5,-0.6,0.0,0.0,0.0,0.0,0.0,0.0,2.0,2.0,Tulane Green Wave,0.5,-0.6,10.260000000000002,100.0,True,0.0,0.5,0.0,False,,,,,,,,,0.0,,,,,,,,,,,,,,,,0.0,,,,,,,,,,,,,,,,,,,,26.840999999999998,319
James Madison Dukes,10,6,0,0.0,0.0,0,0.0,0.0,2,0.0,-13.9,8,0.75,5.2,0.0,0.0,0.0,0.0,0.0,2.0,6.0,2.0,James Madison Dukes,0.42857142857142855,-3.288888888888889,5.9701587301587296,92.3653715064758,True,0.0,0.6,0.0,False,,,,,,,,,0.0,,,,,,,,,,,,,,,,0.0,,,,,,,,,,,,,,,,,,,,26.839555555555553,320
Hawai'i Pacific,2,1,1,0.0,-15.5,0,0.0,0.0,0,0.0,0.0,1,1.0,1.2,0.0,1.0,0.0,0.0,0.0,0.0,1.0,0.0,Hawai'i Pacific,0.1111111111111111,-11.98421052631579,10.206315789473685,72.1881390593047,True,0.0,1.0,0.0,False,,,,,,,,,0.0,,,,,,,,,,,,,,,,0.0,,,,,,,,,,,,,,,,,,,,26.822210526315786,321
Columbia,2,1,0,0.0,0.0,1,0.0,-30.2,0,0.0,0.0,1,1.0,8.9,0.0,0.0,0.0,1.0,0.0,0.0,1.0,0.0,Columbia,0.16666666666666666,-20.424999999999994,9.330000000000002,72.1881390593047,True,0.0,1.0,0.0,False,"Monday, January 12",2026.0,Columbia,0.0,Ivy,Kevin Hovde,12.0,4.0,0.5182,157.0,0.5137,157.0,109.097,163.0,112.617,101.0,108.579,164.0,105.466,136.0,68.5757,213.0,68.1694,170.0,0.1114,17.0,-5.5445,337.0,107.318,267.0,112.863,359.0,-6.3894,327.0,,18.2,278.0,16.51,41.0,18.43,6.0,14.96,1.0,157.0,26.806318,322
Washington State,18,8,2,0.0,-8.466666666666667,3,0.0,-4.8,6,0.16666666666666666,-6.066666666666666,7,1.0,14.1,0.0,2.0,0.0,3.0,1.0,5.0,7.0,0.0,Washington State Cougars,0.17857142857142858,-3.0751322751322743,12.361216931216932,50.496099371354994,False,0.0,0.6153846153846154,30.76923076923077,True,,,,,,,,,0.0,,,,,,,,,,,,,,,,0.0,,,,,,,,,,,,,,,,,,,,26.74309259259259,323
Duquesne Dukes,13,7,0,0.0,0.0,2,0.0,-9.7,3,0.0,-10.3,8,0.875,20.0,0.0,0.0,0.0,2.0,0.0,3.0,7.0,1.0,Duquesne Dukes,0.25925925925925924,-1.176470588235294,8.273001508295625,67.86744271406849,True,0.0,0.6363636363636364,31.818181818181817,True,,,,,,,,,0.0,,,,,,,,,,,,,,,,0.0,,,,,,,,,,,,,,,,,,,,26.722473604826543,324
Creighton Bluejays,15,9,2,0.0,-19.5,2,0.5,-10.7,1,0.0,-11.5,10,0.8,18.8,0.0,2.0,1.0,1.0,0.0,1.0,8.0,2.0,Creighton Bluejays,0.3333333333333333,-6.802439024390244,5.612357723577237,61.09975005680527,True,0.25,0.7272727272727273,23.863636363636363,False,,,,,,,,,0.0,,,,,,,,,,,,,,,,0.0,,,,,,,,,,,,,,,,,,,,26.71432520325203,325
Idaho Vandals,12,7,0,0.0,0.0,2,0.0,-17.7,2,1.0,3.7,8,0.625,21.0,0.0,0.0,0.0,2.0,2.0,0.0,5.0,3.0,Idaho Vandals,0.4583333333333333,0.9066666666666675,6.320999999999998,69.82503976369007,True,0.0,0.7,35.0,True,,,,,,,,,0.0,,,,,,,,,,,,,,,,0.0,,,,,,,,,,,,,,,,,,,,26.712349999999997,326
Seton Hall Pirates,4,2,0,0.0,0.0,0,0.0,0.0,1,0.0,-10.3,3,0.6666666666666666,9.2,0.0,0.0,0.0,0.0,0.0,1.0,2.0,1.0,Seton Hall Pirates,0.3333333333333333,1.3999999999999995,9.56,90.45671438309475,True,0.0,0.5,0.0,False,,,,,,,,,0.0,,,,,,,,,,,,,,,,0.0,,,,,,,,,,,,,,,,,,,,26.595999999999997,327
Georgia Southern,5,3,0,0.0,0.0,0,0.0,0.0,2,0.5,-16.3,3,0.6666666666666666,0.8,0.0,0.0,0.0,0.0,1.0,1.0,2.0,1.0,Georgia Southern,0.5555555555555556,-8.971428571428572,15.411428571428573,84.7307430129516,True,0.0,0.6,0.0,False,"Monday, January 12",2026.0,Georgia Southern,0.0,SB,Charlie Henry,12.0,6.0,-5.6164,236.0,0.3595,234.0,109.042,166.0,110.098,137.0,114.658,299.0,108.811,201.0,73.3254,30.0,71.8669,30.0,0.094,30.0,-6.4443,343.0,104.372,348.0,110.816,312.0,-6.6497,331.0,,15.67,36.0,17.06,142.0,15.93,3.0,17.45,9.0,236.0,26.575588,328
Morehead State Eagles,12,7,1,0.0,-51.0,2,0.5,-5.7,1,0.0,-19.0,8,0.75,18.0,0.0,1.0,1.0,1.0,0.0,1.0,6.0,2.0,Morehead State Eagles,0.3793103448275862,-10.355223880597016,5.926875965002569,61.09975005680527,True,0.3333333333333333,0.6666666666666666,16.666666666666664,False,,,,,,,,,0.0,,,,,,,,,,,,,,,,0.0,,,,,,,,,,,,,,,,,,,,26.574406587750897,329
Merrimack,8,5,0,0.0,0.0,2,0.0,-43.0,3,0.6666666666666666,-3.65,3,1.0,9.45,0.0,0.0,0.0,2.0,2.0,1.0,3.0,0.0,Merrimack*,0.4090909090909091,-16.77,16.701090909090908,58.691206543967276,False,0.0,0.8333333333333334,41.66666666666667,True,"Monday, January 12",2026.0,Merrimack,0.0,MAAC,Joe Gallo,10.0,8.0,-6.8985,243.0,0.3234,246.0,104.034,264.0,103.203,254.0,110.932,220.0,109.473,217.0,64.6431,351.0,64.2472,342.0,0.1627,5.0,-2.5794,261.0,107.704,246.0,110.283,276.0,3.6208,98.0,,17.62,212.0,19.15,365.0,18.3,9.0,19.12,11.0,243.0,26.572262818181816,330
Furman Paladins,14,9,1,0.0,-24.9,0,0.0,0.0,2,0.5,5.8,11,0.7272727272727273,14.8,0.0,1.0,0.0,0.0,1.0,1.0,8.0,3.0,Furman Paladins,0.44,0.3000000000000023,3.3485714285714288,83.09475119291069,True,0.0,0.6923076923076923,0.0,False,,,,,,,,,0.0,,,,,,,,,,,,,,,,0.0,,,,,,,,,,,,,,,,,,,,26.564857142857143,331
Howard,5,3,1,0.0,-26.45,1,1.0,6.0,1,1.0,2.85,2,0.5,2.0,0.0,1.0,1.0,0.0,1.0,0.0,1.0,1.0,Howard*,0.5,-6.649999999999999,21.84,59.64553510565781,False,0.5,0.6666666666666666,8.333333333333332,False,"Monday, January 12",2026.0,Howard,0.0,MEAC,Kenny Blakeney,10.0,8.0,-9.444,271.0,0.2595,278.0,98.9017,332.0,98.6768,315.0,108.346,157.0,102.39,79.0,68.6542,209.0,68.5798,150.0,0.033,125.0,-6.9563,349.0,104.107,351.0,111.063,321.0,-3.5222,277.0,,17.48,188.0,17.18,171.0,16.31,1.0,18.45,6.0,271.0,26.433719999999997,332
Central Connecticut,15,9,1,0.0,-13.65,1,0.0,-4.05,6,0.3333333333333333,-6.75,7,1.0,30.0,0.0,1.0,0.0,1.0,2.0,4.0,7.0,0.0,Central Connecticut Blue Devils,0.34210526315789475,0.8810344827586206,18.41381730187538,62.19041127016587,True,0.0,0.6923076923076923,34.61538461538461,True,"Monday, January 12",2026.0,Central Connecticut,0.0,NEC,Patrick Sellers,9.0,6.0,-7.518,253.0,0.3114,253.0,105.25,239.0,106.361,193.0,112.768,258.0,108.514,193.0,66.4947,305.0,65.7827,291.0,0.0821,40.0,-4.3953,310.0,105.245,332.0,109.641,222.0,-0.7693,203.0,,18.44,297.0,17.65,260.0,18.39,5.0,19.03,7.0,253.0,26.432224055656384,333
Tennessee State,16,10,1,0.0,-4.7,1,1.0,4.5,3,0.6666666666666666,0.9499999999999997,11,0.6363636363636364,4.15,0.0,1.0,1.0,0.0,2.0,1.0,7.0,4.0,Tennessee State Tigers,0.5454545454545454,1.2577464788732393,3.5485531370038395,70.62031356509884,True,0.5,0.6428571428571429,7.142857142857145,False,,,,,,,,,0.0,,,,,,,,,,,,,,,,0.0,,,,,,,,,,,,,,,,,,,,26.366993597951343,334
Queens University,16,8,2,0.0,-18.15,3,0.0,-14.05,3,0.0,-21.45,8,1.0,11.5,0.0,2.0,0.0,3.0,0.0,3.0,8.0,0.0,Queens University*,0.16666666666666666,-12.137272727272727,8.895090909090909,54.73755964553511,False,0.0,0.7272727272727273,36.36363636363637,True,,,,,,,,,0.0,,,,,,,,,,,,,,,,0.0,,,,,,,,,,,,,,,,,,,,26.363281818181818,335
Temple Owls,4,2,0,0.0,0.0,1,0.0,-31.3,0,0.0,0.0,3,0.6666666666666666,21.5,0.0,0.0,0.0,1.0,0.0,0.0,2.0,1.0,Temple Owls,0.25,-4.900000000000001,8.29,81.73142467620995,True,0.0,0.6666666666666666,0.0,False,,,,,,,,,0.0,,,,,,,,,,,,,,,,0.0,,,,,,,,,,,,,,,,,,,,26.1515,336
Weber State,17,9,2,0.0,-9.55,2,0.5,-6.75,3,0.0,-2.95,10,0.8,40.400000000000006,0.0,2.0,1.0,1.0,0.0,3.0,8.0,2.0,Weber State Wildcats,0.28888888888888886,2.94591836734694,6.884249699879952,58.10577809856049,False,0.25,0.6153846153846154,18.26923076923077,False,,,,,,,,,0.0,,,,,,,,,,,,,,,,0.0,,,,,,,,,,,,,,,,,,,,26.100663865546217,337
South Dakota State Jackrabbits,6,3,0,0.0,0.0,0,0.0,0.0,0,0.0,0.0,6,0.5,8.6,0.0,0.0,0.0,0.0,0.0,0.0,3.0,3.0,South Dakota State Jackrabbits,0.5,8.6,7.940000000000001,100.0,True,0.0,0.5,0.0,False,,,,,,,,,0.0,,,,,,,,,,,,,,,,0.0,,,,,,,,,,,,,,,,,,,,26.029,338
FIU,16,9,3,0.0,-13.8,0,0.0,0.0,4,0.25,-0.5,9,0.8888888888888888,16.45,0.0,3.0,0.0,0.0,1.0,3.0,8.0,1.0,Florida International Panthers,0.24444444444444444,-3.1752577319587645,7.479896907216494,57.12338104976141,False,0.0,0.6923076923076923,34.61538461538461,True,"Monday, January 12",2026.0,FIU,0.0,CUSA,Jeremy Ballard,9.0,7.0,-1.2513,176.0,0.4673,176.0,109.074,165.0,109.51,146.0,110.325,207.0,110.541,242.0,71.7997,63.0,72.152,25.0,-0.0188,223.0,-0.7858,199.0,109.045,160.0,109.831,242.0,0.4755,169.0,,14.93,12.0,18.23,332.0,15.43,1.0,19.43,11.0,176.0,26.02316091752577,339
Manhattan Jaspers,12,7,2,0.0,-37.5,1,0.0,-37.3,2,0.5,-4.3,7,0.8571428571428571,18.1,0.0,2.0,0.0,1.0,1.0,1.0,6.0,1.0,Manhattan Jaspers,0.2647058823529412,-16.4025641025641,4.350739064856713,57.918654851170196,False,0.0,0.7777777777777778,38.88888888888889,True,,,,,,,,,0.0,,,,,,,,,,,,,,,,0.0,,,,,,,,,,,,,,,,,,,,26.022758672699847,340
Missouri State,5,2,0,0.0,0.0,1,0.0,-13.2,2,0.5,11.2,2,0.5,-4.4,0.0,0.0,0.0,1.0,1.0,1.0,1.0,1.0,Missouri State,0.3076923076923077,-0.40000000000000013,11.686153846153847,68.37082481254261,True,0.0,0.5,0.0,False,,,,,,,,,0.0,,,,,,,,,,,,,,,,0.0,,,,,,,,,,,,,,,,,,,,25.840153846153846,341
South Dakota State,12,6,2,0.0,-13.6,0,0.0,0.0,4,0.25,2.9000000000000004,6,0.8333333333333334,10.0,0.0,2.0,0.0,0.0,1.0,3.0,5.0,1.0,South Dakota State*,0.23529411764705882,-1.4048780487804875,7.359617407938785,63.4628493524199,True,0.0,0.6,30.0,False,,,,,,,,,0.0,,,,,,,,,,,,,,,,0.0,,,,,,,,,,,,,,,,,,,,25.825866092778572,342
Howard Bison,12,6,1,1.0,1.4,2,0.0,-32.3,0,0.0,0.0,9,0.5555555555555556,12.8,1.0,0.0,0.0,2.0,0.0,0.0,5.0,4.0,Howard Bison,0.48148148148148145,-8.444067796610168,7.289039548022597,51.19291070211316,False,0.3333333333333333,0.5555555555555556,11.111111111111112,False,,,,,,,,,0.0,,,,,,,,,,,,,,,,0.0,,,,,,,,,,,,,,,,,,,,25.801163841807906,343
Iona,18,12,2,0.0,-38.2,1,1.0,1.6333333333333335,5,0.8,1.2333333333333332,10,0.7,7.866666666666666,0.0,2.0,1.0,0.0,4.0,1.0,7.0,3.0,Iona Gaels,0.5217391304347826,-9.01699346405229,5.204796817277632,56.85828978262516,False,0.3333333333333333,0.7333333333333333,20.0,False,"Monday, January 12",2026.0,Iona,0.0,MAAC,Dan Geriot,12.0,6.0,-2.8463,197.0,0.4239,197.0,105.214,241.0,104.946,224.0,108.06,153.0,102.797,84.0,71.3449,79.0,71.6846,35.0,0.1348,9.0,-5.0241,327.0,105.333,327.0,110.357,284.0,-2.4805,258.0,,16.56,93.0,17.04,132.0,17.51,2.0,17.17,1.0,197.0,25.735373886047167,344
Fresno State,16,7,3,0.3333333333333333,-13.799999999999999,2,0.5,-4.3999999999999995,3,0.0,-2.766666666666667,8,0.625,5.833333333333333,1.0,2.0,1.0,1.0,0.0,3.0,5.0,3.0,Fresno State Bulldogs,0.35294117647058826,-5.985250737463126,9.73825264619122,41.64962508520791,False,0.4,0.45454545454545453,2.7272727272727253,False,,,,,,,,,0.0,,,,,,,,,,,,,,,,0.0,,,,,,,,,,,,,,,,,,,,25.720888426166926,345
Saint Peter's Peacocks,4,2,1,0.0,-52.4,1,0.0,-25.0,0,0.0,0.0,2,1.0,34.6,0.0,1.0,0.0,1.0,0.0,0.0,2.0,0.0,Saint Peter's Peacocks,0.13333333333333333,-23.119999999999997,6.752000000000001,63.4628493524199,True,0.0,1.0,50.0,True,,,,,,,,,0.0,,,,,,,,,,,,,,,,0.0,,,,,,,,,,,,,,,,,,,,25.6132,346
Winthrop,15,7,3,0.0,-6.3,1,0.0,-44.2,5,0.6,2.4,6,0.6666666666666666,17.9,0.0,3.0,0.0,1.0,3.0,2.0,4.0,2.0,Winthrop,0.26,-3.076068376068377,3.8029059829059833,50.920245398773,False,0.0,0.6363636363636364,31.818181818181817,True,"Monday, January 12",2026.0,Winthrop,0.0,BSth,Mark Prosser,11.0,8.0,2.2505,138.0,0.5571,138.0,113.947,93.0,114.519,82.0,111.697,243.0,110.082,234.0,70.9926,100.0,68.4726,156.0,-0.0807,325.0,-2.7886,267.0,107.757,244.0,110.546,292.0,1.1075,152.0,,16.35,73.0,17.35,203.0,17.63,6.0,16.45,3.0,138.0,25.524656094017093,347
Georgetown Hoyas,11,6,0,0.0,0.0,2,0.0,-15.5,2,1.0,12.8,7,0.5714285714285714,2.9,0.0,0.0,0.0,2.0,2.0,0.0,4.0,3.0,Georgetown Hoyas,0.43478260869565216,-1.8199999999999985,4.473581027667986,68.66827787073187,True,0.0,0.6666666666666666,33.33333333333333,True,,,,,,,,,0.0,,,,,,,,,,,,,,,,0.0,,,,,,,,,,,,,,,,,,,,25.497571541501973,348
Coastal Carolina,3,2,0,0.0,0.0,0,0.0,0.0,1,0.0,-27.5,2,1.0,10.4,0.0,0.0,0.0,0.0,0.0,1.0,2.0,0.0,Coastal Carolina,0.4,-8.549999999999999,14.58,87.27561917745966,True,0.0,0.6666666666666666,0.0,False,"Monday, January 12",2026.0,Coastal Carolina,0.0,SB,Justin Gray,9.0,9.0,-8.5183,259.0,0.2827,263.0,101.02,309.0,99.0115,311.0,109.538,185.0,104.511,119.0,69.4217,175.0,68.7694,139.0,0.0636,68.0,-4.5281,314.0,105.585,320.0,110.114,267.0,-1.9121,235.0,,17.94,251.0,16.86,91.0,18.43,11.0,17.8,11.0,259.0,25.466118999999996,349
Massachusetts,12,6,0,0.0,0.0,1,0.0,-0.65,6,0.5,-0.7,5,0.6,0.5500000000000003,0.0,0.0,0.0,1.0,3.0,3.0,3.0,2.0,Massachusetts*,0.42857142857142855,-0.3444444444444444,8.814603174603175,69.00704385366963,True,0.0,0.5454545454545454,0.0,False,"Monday, January 12",2026.0,Massachusetts,0.0,MAC,Frank Martin,10.0,7.0,-1.5725,179.0,0.4577,179.0,105.709,224.0,107.514,173.0,107.281,136.0,102.451,80.0,73.5716,26.0,72.7188,18.0,-0.0937,339.0,-5.7815,338.0,106.258,303.0,112.039,343.0,-6.8719,335.0,,16.0,56.0,16.94,119.0,15.89,1.0,16.95,6.0,179.0,25.374420111111107,350
Denver Pioneers,16,7,2,0.0,-32.7,4,0.25,-7.6,4,0.25,-10.8,6,0.8333333333333334,25.8,0.0,2.0,1.0,3.0,1.0,3.0,5.0,1.0,Denver Pioneers,0.24074074074074073,-9.041538461538464,8.716717948717946,49.96591683708248,False,0.16666666666666666,0.6,21.666666666666668,False,,,,,,,,,0.0,,,,,,,,,,,,,,,,0.0,,,,,,,,,,,,,,,,,,,,25.36335128205128,351
Tarleton State,10,5,1,0.0,-51.1,3,0.0,-23.4,1,1.0,5.8,5,0.8,17.2,0.0,1.0,0.0,3.0,1.0,0.0,4.0,1.0,Tarleton State,0.22580645161290322,-15.424050632911392,5.991670069416088,54.73755964553511,False,0.0,0.8333333333333334,41.66666666666667,True,,,,,,,,,0.0,,,,,,,,,,,,,,,,0.0,,,,,,,,,,,,,,,,,,,,25.347084524295628,352
Fordham,17,10,1,0.0,-4.5,2,0.0,-4.8,3,0.3333333333333333,-5.6000000000000005,11,0.8181818181818182,18.2,0.0,1.0,0.0,2.0,1.0,2.0,9.0,2.0,Fordham Rams,0.3157894736842105,0.5650602409638551,5.965962176880897,60.35125706724408,True,0.0,0.7142857142857143,35.714285714285715,True,"Monday, January 12",2026.0,Fordham,0.0,A10,Mike Magpayo,10.0,7.0,-2.2106,189.0,0.4408,189.0,105.666,228.0,107.685,170.0,107.876,149.0,101.338,64.0,64.5804,352.0,64.3143,341.0,-0.1176,358.0,-8.8501,360.0,104.434,347.0,113.284,362.0,-15.2508,365.0,,19.23,350.0,17.58,250.0,20.52,14.0,16.79,3.0,189.0,25.30657017367302,353
Charlotte 49ers,15,9,2,0.0,-29.3,1,1.0,4.6,2,0.5,10.3,10,0.7,6.8,0.0,2.0,1.0,0.0,1.0,1.0,7.0,3.0,Charlotte 49ers,0.40540540540540543,-6.705128205128205,1.5611919611919625,61.09975005680527,True,0.3333333333333333,0.6666666666666666,16.666666666666664,False,,,,,,,,,0.0,,,,,,,,,,,,,,,,0.0,,,,,,,,,,,,,,,,,,,,25.296417186417184,354
Oregon State Beavers,10,5,0,0.0,0.0,2,0.0,-54.8,4,0.75,11.3,4,0.5,-0.7,0.0,0.0,0.0,2.0,3.0,1.0,2.0,2.0,Oregon State Beavers,0.4230769230769231,-13.4,5.678461538461537,59.64553510565781,False,0.0,0.625,31.25,True,,,,,,,,,0.0,,,,,,,,,,,,,,,,0.0,,,,,,,,,,,,,,,,,,,,25.237461538461535,355
East Tennessee State,3,1,1,0.0,-26.9,1,0.0,-1.4,0,0.0,0.0,1,1.0,30.4,0.0,1.0,0.0,1.0,0.0,0.0,1.0,0.0,East Tennessee State,0.07142857142857142,-9.63548387096774,12.69342549923195,57.10065894114974,False,0.0,1.0,50.0,True,,,,,,,,,0.0,,,,,,,,,,,,,,,,0.0,,,,,,,,,,,,,,,,,,,,25.192698924731182,356
Green Bay Phoenix,16,10,1,0.0,-10.2,2,0.0,-39.1,2,1.0,4.3,11,0.7272727272727273,8.6,0.0,1.0,0.0,2.0,2.0,0.0,8.0,3.0,Green Bay Phoenix,0.4,-11.341333333333333,-0.7865333333333346,61.89502385821404,True,0.0,0.7692307692307693,38.46153846153847,True,,,,,,,,,0.0,,,,,,,,,,,,,,,,0.0,,,,,,,,,,,,,,,,,,,,25.125,357
SE Louisiana Lions,3,1,2,0.0,-17.2,0,0.0,0.0,0,0.0,0.0,1,1.0,41.8,0.0,2.0,0.0,0.0,0.0,0.0,1.0,0.0,SE Louisiana Lions,0.058823529411764705,-10.258823529411764,11.876862745098038,57.10065894114974,False,0.0,1.0,50.0,True,,,,,,,,,0.0,,,,,,,,,,,,,,,,0.0,,,,,,,,,,,,,,,,,,,,24.90690196078431,358
North Carolina A&T Aggies,9,5,1,0.0,-24.5,1,0.0,-11.1,0,0.0,0.0,7,0.7142857142857143,15.8,0.0,1.0,0.0,1.0,0.0,0.0,5.0,2.0,North Carolina A&T Aggies,0.25,-3.9297872340425526,2.122529550827423,74.06650003787018,True,0.0,0.7142857142857143,35.714285714285715,True,,,,,,,,,0.0,,,,,,,,,,,,,,,,0.0,,,,,,,,,,,,,,,,,,,,24.826218676122927,359
Detroit Mercy,3,2,0,0.0,0.0,0,0.0,0.0,1,0.0,-32.8,2,1.0,14.2,0.0,0.0,0.0,0.0,0.0,1.0,2.0,0.0,Detroit Mercy,0.4,-9.299999999999999,14.280000000000001,87.27561917745966,True,0.0,0.6666666666666666,0.0,False,"Monday, January 12",2026.0,Detroit Mercy,0.0,Horz,Mark Montgomery,7.0,9.0,-9.4824,273.0,0.2721,271.0,106.151,212.0,106.559,186.0,115.634,316.0,114.882,303.0,70.6839,115.0,69.8217,86.0,0.0147,158.0,-2.4212,257.0,107.562,253.0,109.984,256.0,5.9095,51.0,,17.02,139.0,16.88,96.0,16.96,5.0,17.57,8.0,273.0,24.769384,360
Youngstown State,15,6,1,1.0,5.6,2,0.5,-4.5,5,0.2,-5.7,7,0.42857142857142855,1.9,1.0,0.0,1.0,1.0,1.0,4.0,3.0,4.0,Youngstown State,0.475,-2.1616161616161618,8.51035353535353,40.37718700295387,False,0.6666666666666666,0.3333333333333333,-16.666666666666664,False,,,,,,,,,0.0,,,,,,,,,,,,,,,,0.0,,,,,,,,,,,,,,,,,,,,24.728623737373734,361
SIU Edwardsville,17,10,0,0.0,0.0,0,0.0,0.0,1,1.0,1.0999999999999999,16,0.5625,12.700000000000001,0.0,0.0,0.0,0.0,1.0,0.0,9.0,7.0,SIU Edwardsville Cougars,0.631578947368421,9.385714285714288,-9.82466165413534,97.75452103131641,True,0.0,0.5882352941176471,0.0,False,,,,,,,,,0.0,,,,,,,,,,,,,,,,0.0,,,,,,,,,,,,,,,,,,,,24.573529411764703,362
Stony Brook,12,7,1,0.0,-15.45,3,0.0,-32.6,4,0.75,0.85,4,1.0,16.95,0.0,1.0,0.0,3.0,3.0,1.0,4.0,0.0,Stony Brook,0.3333333333333333,-11.181313131313127,17.194141414141413,48.37536923426494,False,0.0,0.875,43.75,True,"Monday, January 12",2026.0,Stony Brook,0.0,CAA,Geno Ford,9.0,9.0,-9.4615,272.0,0.2636,276.0,101.265,305.0,99.9458,294.0,110.726,215.0,106.437,152.0,65.6342,334.0,65.1284,318.0,0.0577,73.0,-3.3485,284.0,105.757,315.0,109.106,189.0,-3.655,280.0,,18.54,306.0,17.74,272.0,19.24,11.0,18.32,11.0,272.0,24.538740494949494,363
Maryland,8,3,3,0.0,-47.15,0,0.0,0.0,3,0.3333333333333333,-21.55,2,1.0,30.85,0.0,3.0,0.0,0.0,1.0,2.0,2.0,0.0,Maryland,0.14285714285714285,-31.066883116883112,1.5018181818181828,45.194274028629856,False,0.0,0.6,30.0,False,"Monday, January 12",2026.0,Maryland,0.0,B10,Buzz Williams,7.0,9.0,4.1525,123.0,0.6104,122.0,108.411,175.0,103.241,250.0,104.258,89.0,109.227,212.0,70.2707,130.0,67.8621,187.0,0.0244,143.0,7.865,14.0,113.126,18.0,105.261,19.0,-1.1046,214.0,,17.49,191.0,16.68,57.0,18.01,9.0,17.55,6.0,123.0,24.50890336363636,364
Cal State Northridge Matadors,15,8,2,0.0,-39.1,0,0.0,0.0,6,0.5,2.0,7,0.7142857142857143,9.2,0.0,2.0,0.0,0.0,3.0,3.0,5.0,2.0,Cal State Northridge Matadors,0.34146341463414637,-10.100000000000001,1.9925203252032517,62.19041127016587,True,0.0,0.6153846153846154,30.76923076923077,True,,,,,,,,,0.0,,,,,,,,,,,,,,,,0.0,,,,,,,,,,,,,,,,,,,,24.447382113821135,365
Boston University,2,1,0,0.0,0.0,0,0.0,0.0,0,0.0,0.0,2,0.5,5.4,0.0,0.0,0.0,0.0,0.0,0.0,1.0,1.0,Boston University,0.5,5.4,18.66,100.0,True,0.0,0.5,0.0,False,"Monday, January 12",2026.0,Boston University,0.0,PL,Joe Jones,7.0,10.0,-8.7365,262.0,0.2967,259.0,112.073,116.0,113.61,91.0,120.81,355.0,118.043,338.0,64.1451,361.0,63.4048,354.0,-0.0228,234.0,-4.7029,317.0,105.777,314.0,110.48,287.0,-2.7877,266.0,,19.57,356.0,17.81,279.0,18.64,9.0,17.88,5.0,262.0,24.284301,366
Northwestern State Demons,8,4,2,0.0,-30.1,1,0.0,-32.6,0,0.0,0.0,5,0.8,21.2,0.0,2.0,0.0,1.0,0.0,0.0,4.0,1.0,Northwestern State Demons,0.15384615384615385,-14.035483870967743,2.8088833746898256,59.50920245398773,False,0.0,0.8,40.0,True,,,,,,,,,0.0,,,,,,,,,,,,,,,,0.0,,,,,,,,,,,,,,,,,,,,24.233109181141437,367
Marquette,17,6,1,0.0,-9.299999999999999,2,0.0,-5.1000000000000005,3,0.0,-8.633333333333335,11,0.5454545454545454,9.9,0.0,1.0,0.0,2.0,0.0,3.0,6.0,5.0,Marquette Golden Eagles,0.15789473684210525,-3.266265060240964,-20.67183110149577,60.35125706724408,True,0.0,0.42857142857142855,21.428571428571427,False,"Monday, January 12",2026.0,Marquette,0.0,BE,Shaka Smart,6.0,11.0,4.9929,114.0,0.6312,113.0,109.384,152.0,103.86,240.0,104.391,92.0,106.198,148.0,71.0586,95.0,70.2503,68.0,-0.1096,354.0,6.6899,25.0,112.099,41.0,105.409,23.0,1.293,151.0,,15.32,20.0,18.33,340.0,15.94,3.0,18.58,11.0,114.0,24.22471664705882,368
North Carolina Central Eagles,8,4,1,0.0,-28.6,0,0.0,0.0,2,0.0,-26.9,5,0.8,22.0,0.0,1.0,0.0,0.0,0.0,2.0,4.0,1.0,North Carolina Central Eagles,0.21052631578947367,-8.223529411764707,2.684272445820433,76.95978186775733,True,0.0,0.5714285714285714,0.0,False,,,,,,,,,0.0,,,,,,,,,,,,,,,,0.0,,,,,,,,,,,,,,,,,,,,24.18949535603715,369
Sacramento State Hornets,7,3,0,0.0,0.0,1,0.0,-17.0,2,0.0,-6.1,4,0.75,16.0,0.0,0.0,0.0,1.0,0.0,2.0,3.0,1.0,Sacramento State Hornets,0.2,-1.0363636363636353,5.4425974025974035,74.91479209270621,True,0.0,0.5,0.0,False,,,,,,,,,0.0,,,,,,,,,,,,,,,,0.0,,,,,,,,,,,,,,,,,,,,24.083480519480517,370
App State,18,10,1,0.0,-40.1,0,0.0,0.0,5,0.2,-14.1,12,0.75,20.5,0.0,1.0,0.0,0.0,1.0,4.0,9.0,3.0,App State Mountaineers,0.34285714285714286,-10.073333333333334,-5.489650793650794,78.55032947057487,True,0.0,0.5882352941176471,0.0,False,,,,,,,,,0.0,,,,,,,,,,,,,,,,0.0,,,,,,,,,,,,,,,,,,,,24.083333333333332,371
Oregon Ducks,9,5,1,0.0,-18.8,0,0.0,0.0,0,0.0,0.0,8,0.625,12.2,0.0,1.0,0.0,0.0,0.0,0.0,5.0,3.0,Oregon Ducks,0.3125,-1.085714285714287,-2.1495634920634927,87.03325001893509,True,0.0,0.625,0.0,False,,,,,,,,,0.0,,,,,,,,,,,,,,,,0.0,,,,,,,,,,,,,,,,,,,,24.083333333333332,371
New Haven Chargers,9,5,1,0.0,-39.8,0,0.0,0.0,0,0.0,0.0,8,0.625,6.0,0.0,1.0,0.0,0.0,0.0,0.0,5.0,3.0,New Haven Chargers,0.3125,-13.628571428571428,-7.1667063492063505,87.03325001893509,True,0.0,0.625,0.0,False,,,,,,,,,0.0,,,,,,,,,,,,,,,,0.0,,,,,,,,,,,,,,,,,,,,24.083333333333332,371
Colgate Raiders,15,7,1,1.0,4.9,0,0.0,0.0,4,0.25,-3.5,10,0.5,5.1,1.0,0.0,0.0,0.0,1.0,3.0,5.0,5.0,Colgate Raiders,0.5333333333333333,0.9477611940298505,3.712437810945275,65.46239491024767,True,1.0,0.42857142857142855,0.0,False,,,,,,,,,0.0,,,,,,,,,,,,,,,,0.0,,,,,,,,,,,,,,,,,,,,24.049353233830843,374
NJIT Highlanders,6,3,1,0.0,-22.9,0,0.0,0.0,1,0.0,-26.1,4,0.75,9.8,0.0,1.0,0.0,0.0,0.0,1.0,3.0,1.0,NJIT Highlanders,0.2,-10.14102564102564,2.276923076923076,78.55032947057487,True,0.0,0.6,0.0,False,,,,,,,,,0.0,,,,,,,,,,,,,,,,0.0,,,,,,,,,,,,,,,,,,,,24.046923076923076,375
Bradley,1,0,1,0.0,-13.3,0,0.0,0.0,0,0.0,0.0,0,0.0,0.0,0.0,1.0,0.0,0.0,0.0,0.0,0.0,0.0,Bradley,0.0,-13.300000000000002,14.68,53.101567825494215,False,0.0,0.0,0.0,False,"Monday, January 12",2026.0,Bradley,0.0,MVC,Brian Wardle,12.0,6.0,4.9337,115.0,0.6286,114.0,110.298,139.0,109.785,142.0,105.364,102.0,102.152,75.0,69.2459,184.0,68.5305,154.0,0.012,166.0,-1.2803,209.0,107.849,237.0,109.13,191.0,-3.8257,281.0,,16.87,120.0,17.59,253.0,17.25,4.0,17.0,2.0,115.0,23.992391,376
Jacksonville State Gamecocks,9,4,0,0.0,0.0,2,0.0,-11.8,1,0.0,-9.7,6,0.6666666666666666,34.0,0.0,0.0,0.0,2.0,0.0,1.0,4.0,2.0,Jacksonville State Gamecocks,0.21052631578947367,6.138461538461539,4.3735132703553745,69.82503976369007,True,0.0,0.5714285714285714,28.57142857142857,False,,,,,,,,,0.0,,,,,,,,,,,,,,,,0.0,,,,,,,,,,,,,,,,,,,,23.947396311291044,377
James Madison,7,3,3,0.0,-30.4,1,0.0,-5.5,2,1.0,8.8,1,1.0,17.8,0.0,3.0,0.0,1.0,2.0,0.0,1.0,0.0,James Madison,0.19444444444444445,-15.870129870129864,13.83051948051948,41.104294478527606,False,0.0,1.0,50.0,True,"Monday, January 12",2026.0,James Madison,0.0,SB,Preston Spradlin,9.0,8.0,-4.8931,223.0,0.3766,223.0,109.21,158.0,109.951,139.0,114.103,288.0,113.573,286.0,67.8685,251.0,65.3275,312.0,0.0872,36.0,-2.5214,260.0,108.405,197.0,110.926,318.0,-2.5039,259.0,,18.49,303.0,16.71,64.0,18.13,9.0,16.92,4.0,223.0,23.908696246753244,378
Saint Joseph's Hawks,7,3,2,0.0,-46.8,1,0.0,-12.3,1,0.0,-18.4,3,1.0,29.6,0.0,2.0,0.0,1.0,0.0,1.0,3.0,0.0,Saint Joseph's Hawks,0.1111111111111111,-21.670967741935478,4.90304147465438,52.0109066121336,False,0.0,0.75,37.5,True,,,,,,,,,0.0,,,,,,,,,,,,,,,,0.0,,,,,,,,,,,,,,,,,,,,23.894635944700457,379
Wofford,15,9,2,0.0,-30.8,1,0.0,-14.0,3,0.0,-31.5,9,1.0,13.1,0.0,2.0,0.0,1.0,0.0,3.0,9.0,0.0,Wofford,0.23076923076923078,-18.441860465116278,7.007871198568873,58.55487389229721,False,0.0,0.75,37.5,True,"Monday, January 12",2026.0,Wofford,0.0,SC,Kevin Giltner,11.0,6.0,-5.2081,228.0,0.3697,225.0,109.7,147.0,112.555,103.0,114.908,307.0,114.56,299.0,69.5242,169.0,68.7449,141.0,0.1342,10.0,-4.522,313.0,109.458,146.0,113.98,364.0,-2.9299,268.0,,17.74,225.0,16.66,54.0,17.36,4.0,16.33,1.0,228.0,23.878707919499107,380
Hampton Pirates,13,7,2,0.0,-33.2,0,0.0,0.0,1,0.0,-5.2,10,0.7,17.4,0.0,2.0,0.0,0.0,0.0,1.0,7.0,3.0,Hampton Pirates,0.2413793103448276,-11.889655172413795,-8.8168700265252,73.74023386293325,True,0.0,0.6363636363636364,31.818181818181817,True,,,,,,,,,0.0,,,,,,,,,,,,,,,,0.0,,,,,,,,,,,,,,,,,,,,23.826923076923073,381
Drexel Dragons,15,8,1,0.0,-21.8,0,0.0,0.0,4,0.25,-9.1,10,0.7,10.9,0.0,1.0,0.0,0.0,1.0,3.0,7.0,3.0,Drexel Dragons,0.3333333333333333,-5.97313432835821,-4.055920398009951,78.55032947057487,True,0.0,0.5714285714285714,0.0,False,,,,,,,,,0.0,,,,,,,,,,,,,,,,0.0,,,,,,,,,,,,,,,,,,,,23.75,382
American University Eagles,17,9,1,0.0,-52.1,2,0.0,-17.7,5,0.6,-1.7,9,0.6666666666666666,19.5,0.0,1.0,0.0,2.0,3.0,2.0,6.0,3.0,American University Eagles,0.35714285714285715,-8.932323232323231,-1.9720889567948348,55.8602991298769,False,0.0,0.6428571428571429,32.142857142857146,True,,,,,,,,,0.0,,,,,,,,,,,,,,,,0.0,,,,,,,,,,,,,,,,,,,,23.691176470588232,383
Bowling Green,1,0,0,0.0,0.0,1,0.0,-13.8,0,0.0,0.0,0,0.0,0.0,0.0,0.0,0.0,1.0,0.0,0.0,0.0,0.0,Bowling Green,0.0,-13.799999999999999,14.48,53.101567825494215,False,0.0,0.0,0.0,False,"Monday, January 12",2026.0,Bowling Green,0.0,MAC,Todd Simon,11.0,6.0,4.4974,118.0,0.6177,119.0,110.084,141.0,111.174,123.0,105.587,107.0,100.514,57.0,71.406,77.0,68.327,162.0,-0.1054,350.0,-2.0604,245.0,107.963,230.0,110.023,260.0,-7.0441,339.0,,17.14,149.0,16.25,26.0,16.95,6.0,15.99,1.0,118.0,23.68509,384
Cal State Fullerton Titans,17,8,3,0.0,-10.1,3,0.3333333333333333,-26.0,3,0.3333333333333333,-8.3,8,0.75,18.4,0.0,3.0,1.0,2.0,1.0,2.0,6.0,2.0,Cal State Fullerton Titans,0.25,-9.773599999999998,2.3993835294117645,53.61482016119331,False,0.16666666666666666,0.6363636363636364,23.484848484848484,False,,,,,,,,,0.0,,,,,,,,,,,,,,,,0.0,,,,,,,,,,,,,,,,,,,,23.64860776470588,385
UC Davis,13,6,2,0.0,-15.0,2,1.0,11.2,3,0.3333333333333333,-14.9,6,0.5,5.2,0.0,2.0,2.0,0.0,1.0,2.0,3.0,3.0,UC Davis,0.3902439024390244,-4.436734693877552,3.9401278860512328,53.26936185831891,False,0.5,0.4444444444444444,-2.777777777777779,False,"Monday, January 12",2026.0,UC Davis,0.0,BW,Jim Les,9.0,7.0,-0.8592,168.0,0.4776,168.0,109.993,142.0,109.842,140.0,110.852,218.0,110.56,244.0,71.1804,88.0,69.3145,111.0,0.0134,160.0,0.1214,165.0,108.679,179.0,108.558,157.0,1.5125,146.0,,16.21,67.0,17.54,235.0,16.06,4.0,16.74,6.0,168.0,23.506537683194853,386
UNLV,15,7,1,0.0,-14.533333333333333,1,0.0,-2.2333333333333334,4,0.5,-15.733333333333334,9,0.5555555555555556,15.433333333333335,0.0,1.0,0.0,1.0,2.0,2.0,5.0,4.0,UNLV Rebels,0.3235294117647059,-5.564556962025315,-9.000332588731693,67.280163599182,True,0.0,0.5384615384615384,26.923076923076923,False,"Monday, January 12",2026.0,UNLV,0.0,MWC,Josh Pastner,7.0,8.0,1.1238,148.0,0.5297,148.0,109.176,159.0,106.233,195.0,108.052,152.0,107.326,176.0,73.0982,34.0,71.8186,32.0,-0.0559,291.0,0.6271,149.0,108.661,183.0,108.034,124.0,0.3467,170.0,,15.55,26.0,17.24,181.0,15.83,2.0,19.69,11.0,148.0,23.475882,387
Long Beach State,5,2,2,0.0,-22.0,0,0.0,0.0,1,0.0,-34.0,2,1.0,9.2,0.0,2.0,0.0,0.0,0.0,1.0,2.0,0.0,Long Beach State,0.09523809523809523,-18.660869565217393,4.8213664596273285,59.64553510565781,False,0.0,0.6666666666666666,33.33333333333333,True,,,,,,,,,0.0,,,,,,,,,,,,,,,,0.0,,,,,,,,,,,,,,,,,,,,23.437478260869565,388
San Diego,10,5,1,0.0,-3.25,2,0.0,-15.0,2,1.0,5.45,5,0.6,4.5,0.0,1.0,0.0,2.0,2.0,0.0,3.0,2.0,San Diego*,0.3103448275862069,-3.0873333333333335,6.730583908045979,54.73755964553511,False,0.0,0.7142857142857143,35.714285714285715,True,"Monday, January 12",2026.0,San Diego,0.0,WCC,Steve Lavin,7.0,11.0,-3.4598,209.0,0.4094,208.0,106.825,204.0,104.318,237.0,110.285,205.0,111.258,255.0,70.1294,135.0,69.9672,80.0,-0.007,204.0,1.8702,114.0,110.352,104.0,108.482,152.0,-1.7735,231.0,,17.29,166.0,17.14,163.0,16.84,3.0,16.98,3.0,209.0,23.428270367816094,389
Incarnate Word,16,8,3,0.0,-8.966666666666667,0,0.0,0.0,5,0.2,-18.3,8,0.875,18.599999999999998,0.0,3.0,0.0,0.0,1.0,4.0,7.0,1.0,Incarnate Word Cardinals,0.2127659574468085,-7.2714285714285705,4.4158966565349544,54.73755964553511,False,0.0,0.6153846153846154,30.76923076923077,True,"Monday, January 12",2026.0,Incarnate Word,0.0,Slnd,Shane Heirman,8.0,9.0,-2.4203,190.0,0.4362,190.0,107.231,198.0,105.238,219.0,109.651,188.0,109.978,231.0,66.5804,300.0,66.7623,243.0,-0.0565,293.0,2.0107,107.0,109.954,122.0,107.944,122.0,7.5653,34.0,,18.77,324.0,17.33,198.0,18.66,10.0,17.44,4.0,190.0,23.288854829787233,390
Le Moyne Dolphins,10,5,1,0.0,-61.0,1,0.0,-17.4,1,0.0,-15.9,7,0.7142857142857143,17.6,0.0,1.0,0.0,1.0,0.0,1.0,5.0,2.0,Le Moyne Dolphins,0.21739130434782608,-16.345454545454544,-4.755573122529644,71.0974778459441,True,0.0,0.625,31.25,True,,,,,,,,,0.0,,,,,,,,,,,,,,,,0.0,,,,,,,,,,,,,,,,,,,,23.25,391
UTEP Miners,6,3,1,0.0,-38.1,0,0.0,0.0,0,0.0,0.0,5,0.6,14.4,0.0,1.0,0.0,0.0,0.0,0.0,3.0,2.0,UTEP Miners,0.23076923076923078,-8.1,-1.522051282051283,84.91251988184504,True,0.0,0.6,0.0,False,,,,,,,,,0.0,,,,,,,,,,,,,,,,0.0,,,,,,,,,,,,,,,,,,,,23.25,391
Maryland Terrapins,8,4,1,0.0,-19.3,0,0.0,0.0,1,0.0,-16.5,6,0.6666666666666666,6.2,0.0,1.0,0.0,0.0,0.0,1.0,4.0,2.0,Maryland Terrapins,0.23529411764705882,-6.918604651162791,-1.679206566347471,81.73142467620995,True,0.0,0.5714285714285714,0.0,False,,,,,,,,,0.0,,,,,,,,,,,,,,,,0.0,,,,,,,,,,,,,,,,,,,,23.25,391
Radford Highlanders,14,7,1,0.0,-40.3,3,0.0,-16.0,1,1.0,10.1,9,0.6666666666666666,13.7,0.0,1.0,0.0,3.0,1.0,0.0,6.0,3.0,Radford Highlanders,0.2571428571428571,-10.451898734177213,-4.895045207956603,60.1908657123381,True,0.0,0.7,35.0,True,,,,,,,,,0.0,,,,,,,,,,,,,,,,0.0,,,,,,,,,,,,,,,,,,,,23.25,391
Presbyterian Blue Hose,10,5,1,0.0,-34.2,0,0.0,0.0,2,0.0,-21.8,7,0.7142857142857143,20.1,0.0,1.0,0.0,0.0,0.0,2.0,5.0,2.0,Presbyterian Blue Hose,0.23809523809523808,-9.015686274509806,-2.891988795518209,79.82276755282889,True,0.0,0.5555555555555556,0.0,False,,,,,,,,,0.0,,,,,,,,,,,,,,,,0.0,,,,,,,,,,,,,,,,,,,,23.25,391
Grambling,16,8,1,0.0,-20.05,2,0.0,-10.65,2,0.5,-1.95,11,0.6363636363636364,-1.5,0.0,1.0,0.0,2.0,1.0,1.0,7.0,4.0,Grambling Tigers,0.2857142857142857,-8.234,-10.686457142857144,61.89502385821404,True,0.0,0.6153846153846154,30.76923076923077,True,,,,,,,,,0.0,,,,,,,,,,,,,,,,0.0,,,,,,,,,,,,,,,,,,,,23.25,391
La Salle,6,2,2,0.0,-13.35,2,0.0,-7.75,1,1.0,3.8,1,1.0,18.3,0.0,2.0,0.0,2.0,1.0,0.0,1.0,0.0,La Salle,0.13333333333333333,-7.316666666666665,16.406666666666666,42.01317882299478,False,0.0,1.0,50.0,True,"Monday, January 12",2026.0,La Salle,0.0,A10,Darris Nichols,5.0,12.0,-5.191,226.0,0.3658,227.0,105.903,216.0,101.375,280.0,111.094,225.0,113.523,285.0,65.9734,318.0,64.9142,325.0,-0.0647,306.0,5.8886,39.0,112.598,29.0,106.709,65.0,3.0802,109.0,,18.79,325.0,17.33,197.0,19.23,12.0,17.53,4.0,226.0,23.242707333333332,397
UC Santa Barbara,13,7,0,0.0,0.0,2,0.5,-8.649999999999999,0,0.0,0.0,11,0.5454545454545454,3.65,0.0,0.0,1.0,1.0,0.0,0.0,6.0,5.0,UC Santa Barbara,0.5238095238095238,-3.0590909090909073,-4.575284715284713,76.67662943736563,True,0.5,0.5454545454545454,2.2727272727272707,False,"Monday, January 12",2026.0,UC Santa Barbara,0.0,BW,Joe Pasternack,9.0,7.0,-1.1952,174.0,0.4697,171.0,112.599,107.0,113.213,94.0,113.794,279.0,112.087,269.0,67.3666,273.0,65.1889,316.0,-0.0262,239.0,-3.3116,282.0,106.852,286.0,110.164,268.0,-1.557,226.0,,18.01,258.0,17.42,214.0,17.67,8.0,15.71,1.0,174.0,23.082331076923076,398
Stony Brook Seawolves,6,2,0,0.0,0.0,3,0.0,-15.3,0,0.0,0.0,3,0.6666666666666666,22.5,0.0,0.0,0.0,3.0,0.0,0.0,2.0,1.0,Stony Brook Seawolves,0.1111111111111111,-5.85,6.66,54.73755964553511,False,0.0,0.6666666666666666,33.33333333333333,True,,,,,,,,,0.0,,,,,,,,,,,,,,,,0.0,,,,,,,,,,,,,,,,,,,,23.081,399
Campbell Fighting Camels,17,8,2,0.0,-29.5,3,0.0,-9.3,3,0.3333333333333333,-29.1,9,0.7777777777777778,19.5,0.0,2.0,0.0,3.0,1.0,2.0,7.0,2.0,Campbell Fighting Camels,0.20408163265306123,-13.892727272727273,-2.4910644985266828,55.8602991298769,False,0.0,0.6666666666666666,33.33333333333333,True,,,,,,,,,0.0,,,,,,,,,,,,,,,,0.0,,,,,,,,,,,,,,,,,,,,22.80882352941176,400
East Carolina,3,1,0,0.0,0.0,1,1.0,3.9,1,0.0,-16.8,1,0.0,-16.5,0.0,0.0,1.0,0.0,0.0,1.0,0.0,1.0,East Carolina,0.5555555555555556,-6.400000000000001,23.106666666666662,65.82594864803454,True,1.0,0.0,0.0,False,"Monday, January 12",2026.0,East Carolina,0.0,Amer,Mike Schwartz,5.0,11.0,-9.5884,275.0,0.2576,279.0,99.4347,326.0,97.0217,326.0,109.023,172.0,109.761,224.0,69.8127,147.0,69.7201,93.0,-0.0309,249.0,-1.5348,220.0,108.764,173.0,110.298,279.0,-2.2651,252.0,,17.62,210.0,16.7,63.0,17.49,7.0,17.25,6.0,275.0,22.806529333333334,401
Central Arkansas Bears,15,7,1,0.0,-35.5,1,0.0,-20.5,2,0.0,-18.5,11,0.6363636363636364,16.4,0.0,1.0,0.0,1.0,0.0,2.0,7.0,4.0,Central Arkansas Bears,0.23333333333333334,-11.849206349206346,-15.573015873015873,72.36991592819813,True,0.0,0.5384615384615384,26.923076923076923,False,,,,,,,,,0.0,,,,,,,,,,,,,,,,0.0,,,,,,,,,,,,,,,,,,,,22.749999999999996,402
Coastal Carolina Chanticleers,15,7,2,0.0,-57.4,1,1.0,5.5,5,0.4,-0.8,7,0.5714285714285714,16.8,0.0,2.0,1.0,0.0,2.0,3.0,4.0,3.0,Coastal Carolina Chanticleers,0.3488372093023256,-13.254901960784313,-3.604286365709072,53.46512156328107,False,0.3333333333333333,0.5,8.333333333333334,False,,,,,,,,,0.0,,,,,,,,,,,,,,,,0.0,,,,,,,,,,,,,,,,,,,,22.749999999999996,402
Canisius Golden Griffins,15,7,4,0.0,-60.5,1,0.0,-72.7,4,0.25,-20.8,6,1.0,20.7,0.0,4.0,0.0,1.0,1.0,3.0,6.0,0.0,Canisius Golden Griffins,0.16363636363636364,-38.33870967741935,-1.305180840664713,50.920245398773,False,0.0,0.7,35.0,True,,,,,,,,,0.0,,,,,,,,,,,,,,,,0.0,,,,,,,,,,,,,,,,,,,,22.749999999999996,402
Idaho State Bengals,15,7,2,0.0,-10.4,3,0.0,-20.0,0,0.0,0.0,10,0.7,10.4,0.0,2.0,0.0,3.0,0.0,0.0,7.0,3.0,Idaho State Bengals,0.17073170731707318,-9.58139534883721,-7.482964643599924,61.09975005680527,True,0.0,0.7,35.0,True,,,,,,,,,0.0,,,,,,,,,,,,,,,,0.0,,,,,,,,,,,,,,,,,,,,22.749999999999996,402
Florida Gulf Coast Eagles,13,6,2,0.0,-26.9,0,0.0,0.0,4,0.25,1.9,7,0.7142857142857143,11.7,0.0,2.0,0.0,0.0,1.0,3.0,5.0,2.0,Florida Gulf Coast Eagles,0.22857142857142856,-6.246341463414634,-1.1358992227284919,64.9310471396361,True,0.0,0.5454545454545454,27.27272727272727,False,,,,,,,,,0.0,,,,,,,,,,,,,,,,0.0,,,,,,,,,,,,,,,,,,,,22.67307692307692,406
SE Louisiana,13,4,2,0.5,-7.1000000000000005,3,0.0,-13.95,2,0.0,-4.85,6,0.5,4.8500000000000005,1.0,1.0,0.0,3.0,0.0,2.0,3.0,3.0,SE Louisiana,0.2558139534883721,-6.821568627450981,6.475308148304045,40.18142729799171,False,0.2,0.375,8.75,False,,,,,,,,,0.0,,,,,,,,,,,,,,,,0.0,,,,,,,,,,,,,,,,,,,,22.631742467291026,407
Drake,17,8,2,0.0,-9.0,3,0.0,-14.05,3,0.3333333333333333,3.8499999999999996,9,0.7777777777777778,10.7,0.0,2.0,0.0,3.0,1.0,2.0,7.0,2.0,Drake Bulldogs,0.20408163265306123,-4.267272727272727,1.3591173196551374,55.8602991298769,False,0.0,0.6666666666666666,33.33333333333333,True,"Monday, January 12",2026.0,Drake,0.0,MVC,Eric Henderson,8.0,9.0,-1.1728,172.0,0.4694,173.0,109.319,153.0,109.412,151.0,110.491,208.0,108.742,198.0,67.4381,270.0,66.2499,267.0,-0.1104,355.0,-0.565,190.0,108.063,221.0,108.628,161.0,-4.0338,289.0,,18.11,268.0,17.37,205.0,17.93,7.0,17.38,5.0,172.0,22.58097859129106,408
Louisiana Tech,16,9,0,0.0,0.0,3,0.0,-21.65,3,0.0,-13.4,10,0.9,30.150000000000002,0.0,0.0,0.0,3.0,0.0,3.0,9.0,1.0,Louisiana Tech Bulldogs,0.2647058823529412,-6.224999999999998,7.171764705882353,59.50920245398773,False,0.0,0.6923076923076923,34.61538461538461,True,"Monday, January 12",2026.0,Louisiana Tech,0.0,CUSA,Talvin Hester,9.0,7.0,-6.543,242.0,0.3263,242.0,100.555,313.0,99.2289,306.0,107.098,132.0,103.447,98.0,63.5679,365.0,63.5559,349.0,0.0179,156.0,-4.8965,325.0,105.69,316.0,110.587,296.0,-6.8448,334.0,,18.89,330.0,18.79,363.0,18.74,9.0,20.03,12.0,242.0,22.569799647058822,409
Texas State,11,5,1,0.0,-30.55,1,0.0,-11.5,3,0.3333333333333333,-6.25,6,0.6666666666666666,1.5499999999999998,0.0,1.0,0.0,1.0,1.0,2.0,4.0,2.0,Texas State,0.25,-10.073943661971832,-1.1432138284250968,65.19799219185722,True,0.0,0.5555555555555556,27.77777777777778,False,,,,,,,,,0.0,,,,,,,,,,,,,,,,0.0,,,,,,,,,,,,,,,,,,,,22.568181818181817,410
Morgan State Bears,9,4,0,0.0,0.0,1,0.0,-45.5,2,0.0,-4.9,6,0.6666666666666666,7.1,0.0,0.0,0.0,1.0,0.0,2.0,4.0,2.0,Morgan State Bears,0.23529411764705882,-10.050000000000002,-3.209542483660133,78.55032947057487,True,0.0,0.5,0.0,False,,,,,,,,,0.0,,,,,,,,,,,,,,,,0.0,,,,,,,,,,,,,,,,,,,,22.416666666666664,411
Cal State Bakersfield Roadrunners,18,8,0,0.0,0.0,3,0.0,-29.8,7,0.42857142857142855,-12.5,8,0.625,8.0,0.0,0.0,0.0,3.0,3.0,4.0,5.0,3.0,Cal State Bakersfield Roadrunners,0.3181818181818182,-14.716666666666667,-6.2351515151515144,52.61682950844505,False,0.0,0.5333333333333333,26.666666666666668,False,,,,,,,,,0.0,,,,,,,,,,,,,,,,0.0,,,,,,,,,,,,,,,,,,,,22.416666666666664,411
Jacksonville Dolphins,9,4,2,0.0,-34.9,0,0.0,0.0,1,0.0,-40.7,6,0.6666666666666666,34.4,0.0,2.0,0.0,0.0,0.0,1.0,4.0,2.0,Jacksonville Dolphins,0.16,-11.803448275862069,-5.076934865900383,69.82503976369007,True,0.0,0.5714285714285714,28.57142857142857,False,,,,,,,,,0.0,,,,,,,,,,,,,,,,0.0,,,,,,,,,,,,,,,,,,,,22.416666666666664,411
South Carolina Upstate,18,8,3,0.0,-20.65,2,0.0,-16.05,2,0.5,-14.25,11,0.6363636363636364,16.6,0.0,3.0,0.0,2.0,1.0,1.0,7.0,4.0,South Carolina Upstate Spartans,0.19607843137254902,-11.528095238095238,-14.232153127917833,58.97901991971521,False,0.0,0.6153846153846154,30.76923076923077,True,,,,,,,,,0.0,,,,,,,,,,,,,,,,0.0,,,,,,,,,,,,,,,,,,,,22.416666666666664,411
Franklin Pierce,1,0,0,0.0,0.0,1,0.0,-2.8,0,0.0,0.0,0,0.0,0.0,0.0,0.0,0.0,1.0,0.0,0.0,0.0,0.0,Franklin Pierce*,0.0,-2.8,18.88,53.101567825494215,False,0.0,0.0,0.0,False,,,,,,,,,0.0,,,,,,,,,,,,,,,,0.0,,,,,,,,,,,,,,,,,,,,22.357999999999997,415
Boston College Eagles,16,7,2,0.0,-13.9,3,0.3333333333333333,-5.7,1,1.0,18.6,10,0.5,5.0,0.0,2.0,1.0,2.0,1.0,0.0,5.0,5.0,Boston College Eagles,0.29545454545454547,-3.972340425531915,-12.043481624758218,59.50920245398773,False,0.2,0.5454545454545454,17.27272727272727,False,,,,,,,,,0.0,,,,,,,,,,,,,,,,0.0,,,,,,,,,,,,,,,,,,,,22.3125,416
Florida State,16,7,4,0.0,-37.6,2,0.5,5.75,1,1.0,14.8,9,0.5555555555555556,16.75,0.0,4.0,1.0,1.0,1.0,0.0,5.0,4.0,Florida State Seminoles,0.24074074074074073,-14.862499999999999,-11.611666666666668,57.12338104976141,False,0.16666666666666666,0.6,21.666666666666668,False,,,,,,,,,0.0,,,,,,,,,,,,,,,,0.0,,,,,,,,,,,,,,,,,,,,22.3125,416
Loyola Maryland Greyhounds,7,3,0,0.0,0.0,0,0.0,0.0,0,0.0,0.0,7,0.42857142857142855,12.3,0.0,0.0,0.0,0.0,0.0,0.0,3.0,4.0,Loyola Maryland Greyhounds,0.42857142857142855,12.300000000000002,0.2057142857142864,100.0,True,0.0,0.42857142857142855,0.0,False,,,,,,,,,0.0,,,,,,,,,,,,,,,,0.0,,,,,,,,,,,,,,,,,,,,22.250571428571426,418
Saint Francis Red Flash,7,3,1,0.0,-57.9,1,0.0,-40.5,1,1.0,3.0,4,0.5,17.7,0.0,1.0,0.0,1.0,1.0,0.0,2.0,2.0,Saint Francis Red Flash,0.25,-20.53529411764706,-3.2498319327731107,66.18950238582141,True,0.0,0.6,30.0,False,,,,,,,,,0.0,,,,,,,,,,,,,,,,0.0,,,,,,,,,,,,,,,,,,,,22.178571428571427,419
Brown Bears,14,6,1,0.0,-14.9,1,0.0,-27.2,4,0.0,-12.9,8,0.75,28.6,0.0,1.0,0.0,1.0,0.0,4.0,6.0,2.0,Brown Bears,0.18181818181818182,-4.945569620253165,-2.9392668091402285,66.18950238582141,True,0.0,0.5,25.0,False,,,,,,,,,0.0,,,,,,,,,,,,,,,,0.0,,,,,,,,,,,,,,,,,,,,22.178571428571427,419
Chattanooga Mocs,14,6,1,0.0,-30.9,0,0.0,0.0,2,0.5,-15.4,11,0.45454545454545453,16.7,0.0,1.0,0.0,0.0,1.0,1.0,5.0,6.0,Chattanooga Mocs,0.32,-7.370588235294117,-23.119663865546215,83.09475119291069,True,0.0,0.46153846153846156,0.0,False,,,,,,,,,0.0,,,,,,,,,,,,,,,,0.0,,,,,,,,,,,,,,,,,,,,22.178571428571427,419
Little Rock Trojans,14,6,2,0.0,-43.4,1,1.0,4.2,4,0.0,-31.6,7,0.7142857142857143,11.7,0.0,2.0,1.0,0.0,0.0,4.0,5.0,2.0,Little Rock Trojans,0.25,-21.582978723404253,-5.097477203647416,54.73755964553511,False,0.3333333333333333,0.45454545454545453,6.0606060606060606,False,,,,,,,,,0.0,,,,,,,,,,,,,,,,0.0,,,,,,,,,,,,,,,,,,,,22.178571428571427,419
Montana State,7,3,1,0.0,-8.7,0,0.0,0.0,1,0.0,-4.5,5,0.6,2.0,0.0,1.0,0.0,0.0,0.0,1.0,3.0,2.0,Montana State,0.1875,-2.941860465116279,-1.882101328903655,80.3680981595092,True,0.0,0.5,0.0,False,,,,,,,,,0.0,,,,,,,,,,,,,,,,0.0,,,,,,,,,,,,,,,,,,,,22.178571428571427,419
Abilene Christian,17,10,1,0.0,-16.1,1,1.0,20.9,4,0.5,-4.7,11,0.6363636363636364,4.6,0.0,1.0,1.0,0.0,2.0,2.0,7.0,4.0,Abilene Christian Wildcats,0.5,-0.6215189873417728,0.6043335815338793,69.07654677412887,True,0.5,0.6,4.999999999999999,False,"Monday, January 12",2026.0,Abilene Christian,0.0,WAC,Brette Tanner,10.0,7.0,-4.261,221.0,0.3879,220.0,105.304,237.0,101.633,272.0,109.565,187.0,109.129,210.0,67.9152,249.0,66.005,278.0,0.1279,12.0,0.8806,140.0,107.853,236.0,106.972,77.0,0.5801,165.0,,18.58,313.0,16.42,34.0,17.01,3.0,18.15,7.0,221.0,22.059688165301566,424
Delaware Blue Hens,13,5,1,1.0,19.0,0,0.0,0.0,4,0.25,-9.1,8,0.375,-4.3,1.0,0.0,0.0,0.0,1.0,3.0,3.0,5.0,Delaware Blue Hens,0.5,-1.3761194029850747,1.4880137772675113,63.504797860626084,True,1.0,0.3333333333333333,0.0,False,,,,,,,,,0.0,,,,,,,,,,,,,,,,0.0,,,,,,,,,,,,,,,,,,,,22.040035591274396,425
Eastern Michigan Eagles,12,5,0,0.0,0.0,1,0.0,-8.0,2,0.5,-4.3,9,0.4444444444444444,0.5,0.0,0.0,0.0,1.0,1.0,1.0,4.0,5.0,Eastern Michigan Eagles,0.35,-3.225,-13.873333333333335,81.73142467620995,True,0.0,0.45454545454545453,0.0,False,,,,,,,,,0.0,,,,,,,,,,,,,,,,0.0,,,,,,,,,,,,,,,,,,,,22.0,426
Army Black Knights,17,7,1,0.0,-17.1,2,0.0,-16.2,4,0.25,-14.6,10,0.6,3.1,0.0,1.0,0.0,2.0,1.0,3.0,6.0,4.0,Army Black Knights,0.225,-11.543956043956044,-14.963170652876535,58.10577809856049,False,0.0,0.5,25.0,False,,,,,,,,,0.0,,,,,,,,,,,,,,,,0.0,,,,,,,,,,,,,,,,,,,,21.92647058823529,427
Southern Utah Thunderbirds,10,4,1,0.0,-22.7,1,0.0,-60.2,2,0.0,-23.5,6,0.6666666666666666,26.3,0.0,1.0,0.0,1.0,0.0,2.0,4.0,2.0,Southern Utah Thunderbirds,0.16,-14.490476190476185,-6.596190476190475,67.280163599182,True,0.0,0.5,25.0,False,,,,,,,,,0.0,,,,,,,,,,,,,,,,0.0,,,,,,,,,,,,,,,,,,,,21.75,428
Lehigh Mountain Hawks,10,4,2,0.0,-34.7,0,0.0,0.0,1,0.0,-24.6,7,0.5714285714285714,9.6,0.0,2.0,0.0,0.0,0.0,1.0,4.0,3.0,Lehigh Mountain Hawks,0.15384615384615385,-18.031034482758624,-14.289336870026528,71.0974778459441,True,0.0,0.5,25.0,False,,,,,,,,,0.0,,,,,,,,,,,,,,,,0.0,,,,,,,,,,,,,,,,,,,,21.75,428
Boston University Terriers,15,6,1,0.0,-7.4,3,0.0,-22.2,3,0.3333333333333333,-10.4,8,0.625,11.2,0.0,1.0,0.0,3.0,1.0,2.0,5.0,3.0,Boston University Terriers,0.2,-9.850526315789471,-7.606877192982456,56.00999772778914,False,0.0,0.5454545454545454,27.27272727272727,False,,,,,,,,,0.0,,,,,,,,,,,,,,,,0.0,,,,,,,,,,,,,,,,,,,,21.75,428
Niagara Purple Eagles,5,2,1,0.0,-40.7,1,0.0,-45.8,1,0.0,-60.1,2,1.0,20.0,0.0,1.0,0.0,1.0,0.0,1.0,2.0,0.0,Niagara Purple Eagles,0.1111111111111111,-34.43953488372093,-0.7758139534883739,59.64553510565781,False,0.0,0.6666666666666666,33.33333333333333,True,,,,,,,,,0.0,,,,,,,,,,,,,,,,0.0,,,,,,,,,,,,,,,,,,,,21.75,428
UC Riverside Highlanders,5,2,1,0.0,-52.5,0,0.0,0.0,1,0.0,-4.7,3,0.6666666666666666,26.3,0.0,1.0,0.0,0.0,0.0,1.0,2.0,1.0,UC Riverside Highlanders,0.14285714285714285,-14.557142857142859,-1.394285714285716,76.00545330606681,True,0.0,0.5,0.0,False,,,,,,,,,0.0,,,,,,,,,,,,,,,,0.0,,,,,,,,,,,,,,,,,,,,21.75,428
La Salle Explorers,11,3,2,0.5,-3.6,1,0.0,-42.6,4,0.25,-5.4,4,0.25,-17.0,1.0,1.0,0.0,1.0,1.0,3.0,1.0,3.0,La Salle Explorers,0.32432432432432434,-11.822222222222223,5.320251160251161,36.444196566895954,False,0.3333333333333333,0.25,-4.166666666666666,False,,,,,,,,,0.0,,,,,,,,,,,,,,,,0.0,,,,,,,,,,,,,,,,,,,,21.702996996996994,433
Seattle U,8,3,2,0.0,-17.4,0,0.0,0.0,2,0.0,-14.4,4,0.75,14.3,0.0,2.0,0.0,0.0,0.0,2.0,3.0,1.0,Seattle U,0.11538461538461539,-8.44516129032258,0.8142431761786604,63.4628493524199,True,0.0,0.5,25.0,False,,,,,,,,,0.0,,,,,,,,,,,,,,,,0.0,,,,,,,,,,,,,,,,,,,,21.65998511166253,434
Norfolk State,18,7,2,0.0,-22.2,1,0.0,-13.1,3,0.0,-7.466666666666666,12,0.5833333333333334,9.033333333333333,0.0,2.0,0.0,1.0,0.0,3.0,7.0,5.0,Norfolk State Spartans,0.16666666666666666,-9.555038759689921,-22.988682170542635,61.09975005680527,True,0.0,0.4666666666666667,23.333333333333332,False,,,,,,,,,0.0,,,,,,,,,,,,,,,,0.0,,,,,,,,,,,,,,,,,,,,21.583333333333332,435
Cal Poly Mustangs,18,7,1,0.0,-31.6,2,0.5,-18.5,5,0.4,-4.1,10,0.4,-0.6,0.0,1.0,1.0,1.0,2.0,3.0,4.0,6.0,Cal Poly Mustangs,0.3488372093023256,-11.050505050505052,-21.389194268264035,56.85828978262516,False,0.3333333333333333,0.4,3.3333333333333353,False,,,,,,,,,0.0,,,,,,,,,,,,,,,,0.0,,,,,,,,,,,,,,,,,,,,21.583333333333332,435
Nicholls,8,4,2,0.0,-29.5,0,0.0,0.0,1,0.0,-25.4,5,0.8,11.9,0.0,2.0,0.0,0.0,0.0,1.0,4.0,1.0,Nicholls,0.16666666666666666,-14.65862068965517,0.6365517241379317,68.23449216087253,True,0.0,0.6666666666666666,33.33333333333333,True,"Monday, January 12",2026.0,Nicholls,0.0,Slnd,Tevon Saddler,8.0,9.0,-3.061,202.0,0.4205,201.0,108.193,181.0,105.5,212.0,111.254,231.0,111.753,263.0,69.793,148.0,68.9058,131.0,0.0553,78.0,3.4269,81.0,110.433,98.0,107.006,80.0,11.5496,14.0,,17.22,159.0,17.1,154.0,17.9,5.0,17.17,2.0,202.0,21.526667103448275,437
Dartmouth,5,2,0,0.0,0.0,0,0.0,0.0,2,0.5,-7.0,3,0.3333333333333333,-0.9,0.0,0.0,0.0,0.0,1.0,1.0,1.0,2.0,Dartmouth,0.4444444444444444,-4.385714285714286,6.2457142857142856,84.7307430129516,True,0.0,0.4,0.0,False,"Monday, January 12",2026.0,Dartmouth,0.0,Ivy,Dave McLaughlin,8.0,7.0,-3.8302,214.0,0.4008,214.0,107.582,191.0,107.699,169.0,111.413,235.0,110.16,236.0,70.026,142.0,70.6603,53.0,0.0002,191.0,-1.6703,226.0,108.338,202.0,110.008,257.0,-2.8634,267.0,,16.89,121.0,17.36,204.0,19.16,7.0,15.29,2.0,214.0,21.52291,438
Detroit Mercy Titans,13,5,0,0.0,0.0,2,0.5,-19.8,2,0.0,-5.8,9,0.4444444444444444,2.6,0.0,0.0,1.0,1.0,0.0,2.0,4.0,5.0,Detroit Mercy Titans,0.36,-8.6,-14.163076923076924,70.80383828850087,True,0.5,0.36363636363636365,-6.8181818181818175,False,,,,,,,,,0.0,,,,,,,,,,,,,,,,0.0,,,,,,,,,,,,,,,,,,,,21.519230769230766,439
Siena Saints,3,1,0,0.0,0.0,0,0.0,0.0,2,0.0,-17.1,1,1.0,15.3,0.0,0.0,0.0,0.0,0.0,2.0,1.0,0.0,Siena Saints,0.14285714285714285,-10.620000000000001,2.1805714285714277,74.55123835491932,True,0.0,0.3333333333333333,0.0,False,,,,,,,,,0.0,,,,,,,,,,,,,,,,0.0,,,,,,,,,,,,,,,,,,,,21.513199999999998,440
Purdue Fort Wayne,11,6,2,0.0,-28.7,1,1.0,3.9,2,0.5,-12.4,6,0.6666666666666666,1.7,0.0,2.0,1.0,0.0,1.0,1.0,4.0,2.0,Purdue Fort Wayne,0.36363636363636365,-12.546153846153842,4.79972027972028,56.47270248497242,False,0.3333333333333333,0.625,14.583333333333334,False,"Monday, January 12",2026.0,Purdue Fort Wayne,0.0,Horz,Jon Coffman,11.0,8.0,-6.4813,241.0,0.3357,241.0,106.011,215.0,105.697,207.0,112.492,253.0,114.233,295.0,69.507,170.0,68.3174,163.0,0.1631,4.0,0.6459,148.0,110.492,93.0,109.846,243.0,8.0928,27.0,,17.09,142.0,17.44,218.0,17.51,7.0,17.6,9.0,241.0,21.476309279720276,441
Navy Midshipmen,8,3,1,0.0,-43.4,0,0.0,0.0,2,0.0,-27.7,5,0.6,23.2,0.0,1.0,0.0,0.0,0.0,2.0,3.0,2.0,Navy Midshipmen,0.15789473684210525,-12.356862745098038,-7.337481940144479,76.95978186775733,True,0.0,0.42857142857142855,0.0,False,,,,,,,,,0.0,,,,,,,,,,,,,,,,0.0,,,,,,,,,,,,,,,,,,,,21.375,442
Bellarmine Knights,16,6,3,0.0,-35.9,1,0.0,-9.5,3,0.0,-17.4,9,0.6666666666666666,12.9,0.0,3.0,0.0,1.0,0.0,3.0,6.0,3.0,Bellarmine Knights,0.1276595744680851,-18.703960396039598,-14.73690330735201,57.12338104976141,False,0.0,0.5,25.0,False,,,,,,,,,0.0,,,,,,,,,,,,,,,,0.0,,,,,,,,,,,,,,,,,,,,21.375,442
Cornell Big Red,11,4,2,0.0,-20.1,1,0.0,-10.7,1,0.0,-3.7,7,0.5714285714285714,17.5,0.0,2.0,0.0,1.0,0.0,1.0,4.0,3.0,Cornell Big Red,0.12903225806451613,-5.871428571428571,-9.087574361122748,59.942988163847055,False,0.0,0.5,25.0,False,,,,,,,,,0.0,,,,,,,,,,,,,,,,0.0,,,,,,,,,,,,,,,,,,,,21.204545454545453,444
IU Indianapolis Jaguars,9,3,1,0.0,-17.3,1,0.0,-12.9,3,0.0,-16.7,4,0.75,22.3,0.0,1.0,0.0,1.0,0.0,3.0,3.0,1.0,IU Indianapolis Jaguars,0.11538461538461539,-6.840298507462686,0.900632733767063,61.34211921532985,True,0.0,0.42857142857142855,21.428571428571427,False,,,,,,,,,0.0,,,,,,,,,,,,,,,,0.0,,,,,,,,,,,,,,,,,,,,21.06522145681847,445
Piedmont,1,0,0,0.0,0.0,1,0.0,-12.7,0,0.0,0.0,0,0.0,0.0,0.0,0.0,0.0,1.0,0.0,0.0,0.0,0.0,Piedmont,0.0,-12.7,14.92,53.101567825494215,False,0.0,0.0,0.0,False,,,,,,,,,0.0,,,,,,,,,,,,,,,,0.0,,,,,,,,,,,,,,,,,,,,20.971999999999998,446
Radford,4,2,1,0.0,-9.05,0,0.0,0.0,0,0.0,0.0,3,0.6666666666666666,11.7,0.0,1.0,0.0,0.0,0.0,0.0,2.0,1.0,Radford*,0.18181818181818182,0.1722222222222215,7.250707070707071,81.73142467620995,True,0.0,0.6666666666666666,0.0,False,"Monday, January 12",2026.0,Radford,0.0,BSth,Zach Chu,9.0,9.0,-7.714,257.0,0.3101,256.0,107.135,200.0,107.487,175.0,114.849,304.0,110.919,252.0,73.4158,28.0,72.5472,21.0,-0.0501,286.0,-7.0536,350.0,105.063,336.0,112.117,346.0,-5.3219,312.0,,15.73,42.0,16.97,123.0,16.23,4.0,18.27,8.0,257.0,20.943959474747476,447
Adams State,1,0,0,0.0,0.0,1,0.0,-13.2,0,0.0,0.0,0,0.0,0.0,0.0,0.0,0.0,1.0,0.0,0.0,0.0,0.0,Adams State,0.0,-13.2,14.719999999999999,53.101567825494215,False,0.0,0.0,0.0,False,,,,,,,,,0.0,,,,,,,,,,,,,,,,0.0,,,,,,,,,,,,,,,,,,,,20.901999999999997,448
Georgia State,18,6,0,0.0,0.0,3,0.0,-25.65,7,0.2857142857142857,-16.35,8,0.5,2.85,0.0,0.0,0.0,3.0,2.0,5.0,4.0,4.0,Georgia State Panthers,0.22727272727272727,-15.837500000000002,-16.774393939393942,52.61682950844505,False,0.0,0.4,20.0,False,,,,,,,,,0.0,,,,,,,,,,,,,,,,0.0,,,,,,,,,,,,,,,,,,,,20.749999999999996,449
Florida A&M Rattlers,12,4,3,0.0,-45.7,2,0.0,-36.4,2,0.0,-27.1,5,0.8,8.4,0.0,3.0,0.0,2.0,0.0,2.0,4.0,1.0,Florida A&M Rattlers,0.08888888888888889,-30.4352380952381,-5.840761904761907,51.556464439900026,False,0.0,0.5714285714285714,28.57142857142857,False,,,,,,,,,0.0,,,,,,,,,,,,,,,,0.0,,,,,,,,,,,,,,,,,,,,20.749999999999996,449
Rutgers Scarlet Knights,3,1,1,0.0,-37.0,0,0.0,0.0,0,0.0,0.0,2,0.5,-6.9,0.0,1.0,0.0,0.0,0.0,0.0,1.0,1.0,Rutgers Scarlet Knights,0.1,-26.530434782608697,-5.445507246376813,78.55032947057487,True,0.0,0.5,0.0,False,,,,,,,,,0.0,,,,,,,,,,,,,,,,0.0,,,,,,,,,,,,,,,,,,,,20.749999999999996,449
Evansville Purple Aces,12,4,1,0.0,-41.8,3,0.0,-24.8,3,0.3333333333333333,-2.7,5,0.6,11.1,0.0,1.0,0.0,3.0,1.0,2.0,3.0,2.0,Evansville Purple Aces,0.16216216216216217,-14.34315789473684,-3.7732991939307734,51.556464439900026,False,0.0,0.5,25.0,False,,,,,,,,,0.0,,,,,,,,,,,,,,,,0.0,,,,,,,,,,,,,,,,,,,,20.749999999999996,449
Southeast Missouri State,9,3,3,0.0,-13.2,0,0.0,0.0,1,1.0,2.8,5,0.4,7.450000000000001,0.0,3.0,0.0,0.0,1.0,0.0,2.0,3.0,Southeast Missouri State*,0.15625,-5.7890410958904095,-6.617699771689498,56.85828978262516,False,0.0,0.5,25.0,False,,,,,,,,,0.0,,,,,,,,,,,,,,,,0.0,,,,,,,,,,,,,,,,,,,,20.749999999999996,449
Holy Cross Crusaders,9,3,0,0.0,0.0,2,0.0,-8.6,2,0.0,-17.9,5,0.6,11.4,0.0,0.0,0.0,2.0,0.0,2.0,3.0,2.0,Holy Cross Crusaders,0.14285714285714285,-4.413333333333333,-2.892317460317461,65.58357948950996,True,0.0,0.42857142857142855,21.428571428571427,False,,,,,,,,,0.0,,,,,,,,,,,,,,,,0.0,,,,,,,,,,,,,,,,,,,,20.749999999999996,449
East Texas A&M Lions,15,5,4,0.0,-41.7,1,0.0,-51.7,1,0.0,-34.3,9,0.5555555555555556,13.9,0.0,4.0,0.0,1.0,0.0,1.0,5.0,4.0,East Texas A&M Lions,0.10204081632653061,-31.188,-25.21669659863946,58.55487389229721,False,0.0,0.5,25.0,False,,,,,,,,,0.0,,,,,,,,,,,,,,,,0.0,,,,,,,,,,,,,,,,,,,,20.749999999999996,449
Pennsylvania Quakers,6,2,0,0.0,0.0,1,0.0,-46.8,1,0.0,-30.7,4,0.5,17.4,0.0,0.0,0.0,1.0,0.0,1.0,2.0,2.0,Pennsylvania Quakers,0.16666666666666666,-14.688888888888886,-7.042222222222222,78.55032947057487,True,0.0,0.4,0.0,False,,,,,,,,,0.0,,,,,,,,,,,,,,,,0.0,,,,,,,,,,,,,,,,,,,,20.749999999999996,449
Long Beach State Beach,12,4,0,0.0,0.0,2,0.0,-25.8,3,0.0,-10.5,7,0.5714285714285714,9.9,0.0,0.0,0.0,2.0,0.0,3.0,4.0,3.0,Long Beach State Beach,0.15384615384615385,-9.9,-11.703589743589744,66.643944558055,True,0.0,0.4,20.0,False,,,,,,,,,0.0,,,,,,,,,,,,,,,,0.0,,,,,,,,,,,,,,,,,,,,20.749999999999996,449
Bucknell Bison,15,5,2,0.0,-73.4,0,0.0,0.0,3,0.0,-23.9,10,0.5,-7.7,0.0,2.0,0.0,0.0,0.0,3.0,5.0,5.0,Bucknell Bison,0.14285714285714285,-39.589189189189185,-36.74043758043758,69.82503976369007,True,0.0,0.38461538461538464,19.230769230769234,False,,,,,,,,,0.0,,,,,,,,,,,,,,,,0.0,,,,,,,,,,,,,,,,,,,,20.749999999999996,449
Bethune-Cookman,15,5,6,0.0,-46.8,0,0.0,0.0,1,0.0,-2.95,8,0.625,1.85,0.0,6.0,0.0,0.0,0.0,1.0,5.0,3.0,Bethune-Cookman Wildcats,0.0847457627118644,-33.947572815533974,-19.765469804179695,56.00999772778914,False,0.0,0.5555555555555556,27.77777777777778,False,,,,,,,,,0.0,,,,,,,,,,,,,,,,0.0,,,,,,,,,,,,,,,,,,,,20.749999999999996,449
Maryland Eastern Shore Hawks,9,3,3,0.0,-40.3,1,0.0,-3.9,1,0.0,-26.6,4,0.75,22.1,0.0,3.0,0.0,1.0,0.0,1.0,3.0,1.0,Maryland Eastern Shore Hawks,0.08333333333333333,-21.228395061728396,-1.852469135802469,52.61682950844505,False,0.0,0.6,30.0,False,,,,,,,,,0.0,,,,,,,,,,,,,,,,0.0,,,,,,,,,,,,,,,,,,,,20.749999999999996,449
Montana,5,2,1,0.0,-56.3,0,0.0,0.0,1,1.0,9.8,3,0.3333333333333333,0.9,0.0,1.0,0.0,0.0,1.0,0.0,1.0,2.0,Montana,0.2857142857142857,-21.579999999999995,-3.774857142857142,76.00545330606681,True,0.0,0.5,0.0,False,"Monday, January 12",2026.0,Montana,0.0,BSky,Travis DeCuire,9.0,8.0,-2.0176,185.0,0.447,186.0,108.044,183.0,106.38,192.0,110.062,197.0,110.59,245.0,72.7058,43.0,70.0633,74.0,0.0441,104.0,0.2508,159.0,110.225,110.0,109.974,255.0,3.4372,103.0,,17.0,137.0,16.11,17.0,17.64,5.0,17.29,4.0,185.0,20.464799999999997,461
San José State,16,5,4,0.0,-18.96666666666667,0,0.0,0.0,5,0.0,-9.766666666666667,7,0.7142857142857143,12.766666666666666,0.0,4.0,0.0,0.0,0.0,5.0,5.0,2.0,San José State Spartans,0.09259259259259259,-10.611111111111112,-7.077777777777779,52.3517382413088,False,0.0,0.4166666666666667,20.833333333333336,False,,,,,,,,,0.0,,,,,,,,,,,,,,,,0.0,,,,,,,,,,,,,,,,,,,,20.4375,462
East Carolina Pirates,13,4,2,0.0,-29.3,1,0.0,-13.6,3,0.3333333333333333,-3.4,7,0.42857142857142855,-13.1,0.0,2.0,0.0,1.0,1.0,2.0,3.0,4.0,East Carolina Pirates,0.16216216216216217,-16.11395348837209,-18.532899482666924,56.205757432751305,False,0.0,0.4,20.0,False,,,,,,,,,0.0,,,,,,,,,,,,,,,,0.0,,,,,,,,,,,,,,,,,,,,20.365384615384613,463
Fairleigh Dickinson Knights,13,4,2,0.0,-41.3,1,0.0,-35.4,2,0.0,-31.1,8,0.5,11.9,0.0,2.0,0.0,1.0,0.0,2.0,4.0,4.0,Fairleigh Dickinson Knights,0.11428571428571428,-24.658974358974355,-24.105347985347983,59.14215300718369,False,0.0,0.4,20.0,False,,,,,,,,,0.0,,,,,,,,,,,,,,,,0.0,,,,,,,,,,,,,,,,,,,,20.365384615384613,463
Holy Cross,8,4,1,0.0,-38.65,2,0.5,-10.5,3,0.6666666666666666,2.05,2,0.5,-7.1,0.0,1.0,1.0,1.0,2.0,1.0,1.0,1.0,Holy Cross*,0.41379310344827586,-11.821830985915492,15.391957260806215,45.194274028629856,False,0.3333333333333333,0.6,13.333333333333334,False,"Monday, January 12",2026.0,Holy Cross,0.0,PL,Dave Paulsen,7.0,10.0,-13.2585,314.0,0.1959,314.0,101.481,301.0,99.1436,307.0,114.74,301.0,112.551,273.0,65.8792,324.0,64.6761,334.0,0.042,110.0,-1.5143,218.0,107.515,256.0,109.03,184.0,1.4253,150.0,,18.38,293.0,17.78,275.0,19.13,10.0,17.66,1.0,314.0,20.270890041282176,465
Texas A&M-Corpus Christi,10,3,2,0.0,-17.3,2,0.0,-28.8,2,0.5,0.0,4,0.5,7.6,0.0,2.0,0.0,2.0,1.0,1.0,2.0,2.0,Texas A&M-Corpus Christi,0.1388888888888889,-12.658139534883723,-2.8132558139534893,50.920245398773,False,0.0,0.5,25.0,False,,,,,,,,,0.0,,,,,,,,,,,,,,,,0.0,,,,,,,,,,,,,,,,,,,,20.25,466
Pepperdine Waves,10,3,2,0.0,-17.7,1,0.0,-46.6,2,0.0,-22.4,5,0.6,10.1,0.0,2.0,0.0,1.0,0.0,2.0,3.0,2.0,Pepperdine Waves,0.09375,-15.982051282051279,-8.174070512820512,54.73755964553511,False,0.0,0.42857142857142855,21.428571428571427,False,,,,,,,,,0.0,,,,,,,,,,,,,,,,0.0,,,,,,,,,,,,,,,,,,,,20.25,466
Loyola Chicago Ramblers,10,3,2,0.5,-15.8,1,0.0,-23.9,0,0.0,0.0,7,0.2857142857142857,-12.6,1.0,1.0,0.0,1.0,0.0,0.0,2.0,5.0,Loyola Chicago Ramblers,0.35714285714285715,-16.335483870967742,-6.462764976958525,49.284253578732105,False,0.3333333333333333,0.2857142857142857,-2.380952380952381,False,,,,,,,,,0.0,,,,,,,,,,,,,,,,0.0,,,,,,,,,,,,,,,,,,,,20.25,466
Lamar,16,8,1,0.0,-8.95,2,0.0,-12.1,1,1.0,3.55,12,0.5833333333333334,12.45,0.0,1.0,0.0,2.0,1.0,0.0,7.0,5.0,Lamar Cardinals,0.30303030303030304,-2.1977611940298503,-13.492740841248303,64.28084526244035,True,0.0,0.6153846153846154,30.76923076923077,True,"Monday, January 12",2026.0,Lamar,0.0,Slnd,Alvin Brooks,9.0,8.0,-4.9301,224.0,0.3667,226.0,101.336,304.0,101.572,275.0,106.266,116.0,103.206,92.0,65.9012,321.0,65.4125,306.0,0.0042,187.0,-3.618,290.0,106.63,295.0,110.248,274.0,-0.7276,202.0,,17.51,195.0,18.39,346.0,18.42,7.0,18.85,11.0,224.0,20.142693,469
Kansas City Roos,14,4,4,0.0,-31.4,2,0.0,-33.9,2,0.0,-18.8,6,0.6666666666666666,8.8,0.0,4.0,0.0,2.0,0.0,2.0,4.0,2.0,Kansas City Roos,0.07407407407407407,-23.519999999999996,-9.503238095238096,52.0109066121336,False,0.0,0.5,25.0,False,,,,,,,,,0.0,,,,,,,,,,,,,,,,0.0,,,,,,,,,,,,,,,,,,,,20.035714285714285,470
Central Michigan Chippewas,14,4,1,0.0,-64.7,0,0.0,0.0,3,0.3333333333333333,-17.3,10,0.3,0.7,0.0,1.0,0.0,0.0,1.0,2.0,3.0,7.0,Central Michigan Chippewas,0.2222222222222222,-23.249152542372883,-39.87108958837773,80.3680981595092,True,0.0,0.3076923076923077,0.0,False,,,,,,,,,0.0,,,,,,,,,,,,,,,,0.0,,,,,,,,,,,,,,,,,,,,20.035714285714285,470
Arkansas-Pine Bluff Golden Lions,14,4,4,0.0,-40.3,2,0.0,-63.3,3,0.0,-27.2,5,0.8,25.5,0.0,4.0,0.0,2.0,0.0,3.0,4.0,1.0,Arkansas-Pine Bluff Golden Lions,0.07142857142857142,-31.875,-6.964285714285715,49.284253578732105,False,0.0,0.5,25.0,False,,,,,,,,,0.0,,,,,,,,,,,,,,,,0.0,,,,,,,,,,,,,,,,,,,,20.035714285714285,470
Cleveland State Vikings,18,5,1,0.0,-43.4,4,0.0,-38.4,0,0.0,0.0,13,0.38461538461538464,3.4,0.0,1.0,0.0,4.0,0.0,0.0,5.0,8.0,Cleveland State Vikings,0.12195121951219512,-29.231325301204812,-48.64916968687759,63.22048019389533,True,0.0,0.38461538461538464,19.230769230769234,False,,,,,,,,,0.0,,,,,,,,,,,,,,,,0.0,,,,,,,,,,,,,,,,,,,,19.916666666666664,473
Old Dominion Monarchs,5,1,1,0.0,-11.9,2,0.0,-19.2,0,0.0,0.0,2,0.5,6.6,0.0,1.0,0.0,2.0,0.0,0.0,1.0,1.0,Old Dominion Monarchs,0.05,-12.478723404255318,3.2585106382978726,50.920245398773,False,0.0,0.5,25.0,False,,,,,,,,,0.0,,,,,,,,,,,,,,,,0.0,,,,,,,,,,,,,,,,,,,,19.890478723404254,474
Portland Pilots,11,3,2,0.0,-46.8,2,0.0,-8.7,3,0.0,-27.3,4,0.75,16.5,0.0,2.0,0.0,2.0,0.0,3.0,3.0,1.0,Portland Pilots,0.07692307692307693,-21.31914893617021,-3.7933938402023486,49.53213112722315,False,0.0,0.42857142857142855,21.428571428571427,False,,,,,,,,,0.0,,,,,,,,,,,,,,,,0.0,,,,,,,,,,,,,,,,,,,,19.840909090909086,475
Eastern Washington Eagles,11,3,0,0.0,0.0,1,0.0,-37.4,4,0.0,-14.9,6,0.5,4.0,0.0,0.0,0.0,1.0,0.0,4.0,3.0,3.0,Eastern Washington Eagles,0.13043478260869565,-13.2125,-15.597252964426879,73.92328189874202,True,0.0,0.3,0.0,False,,,,,,,,,0.0,,,,,,,,,,,,,,,,0.0,,,,,,,,,,,,,,,,,,,,19.840909090909086,475
Lafayette Leopards,11,3,3,0.0,-48.6,0,0.0,0.0,4,0.25,-3.6,4,0.5,9.0,0.0,3.0,0.0,0.0,1.0,3.0,2.0,2.0,Lafayette Leopards,0.125,-23.206451612903226,-10.203035190615836,49.53213112722315,False,0.0,0.375,18.75,False,,,,,,,,,0.0,,,,,,,,,,,,,,,,0.0,,,,,,,,,,,,,,,,,,,,19.840909090909086,475
Delaware State Hornets,15,4,1,0.0,-96.4,3,0.0,-31.2,3,0.3333333333333333,-12.1,8,0.375,-2.3,0.0,1.0,0.0,3.0,1.0,2.0,3.0,5.0,Delaware State Hornets,0.15,-30.585263157894744,-30.150771929824565,56.00999772778914,False,0.0,0.36363636363636365,18.181818181818183,False,,,,,,,,,0.0,,,,,,,,,,,,,,,,0.0,,,,,,,,,,,,,,,,,,,,19.75,478
Eastern Kentucky Colonels,15,4,4,0.0,-29.0,2,0.0,-17.9,2,0.5,-2.5,7,0.42857142857142855,15.4,0.0,4.0,0.0,2.0,1.0,1.0,3.0,4.0,Eastern Kentucky Colonels,0.10909090909090909,-15.846666666666664,-17.429575757575755,53.46512156328107,False,0.0,0.4444444444444444,22.22222222222222,False,,,,,,,,,0.0,,,,,,,,,,,,,,,,0.0,,,,,,,,,,,,,,,,,,,,19.75,478
Alabama State Hornets,15,4,4,0.0,-19.5,2,0.5,-26.3,3,0.0,-43.7,6,0.5,11.7,0.0,4.0,1.0,1.0,0.0,3.0,3.0,3.0,Alabama State Hornets,0.14035087719298245,-20.4375,-11.85921052631579,50.920245398773,False,0.16666666666666666,0.3333333333333333,8.333333333333332,False,,,,,,,,,0.0,,,,,,,,,,,,,,,,0.0,,,,,,,,,,,,,,,,,,,,19.75,478
Louisiana Ragin' Cajuns,15,4,1,0.0,-67.4,2,0.0,-25.8,7,0.0,-23.1,5,0.8,8.4,0.0,1.0,0.0,2.0,0.0,7.0,4.0,1.0,Louisiana Ragin' Cajuns,0.09090909090909091,-24.1030303030303,-7.55030303030303,48.37536923426494,False,0.0,0.3333333333333333,16.666666666666664,False,,,,,,,,,0.0,,,,,,,,,,,,,,,,0.0,,,,,,,,,,,,,,,,,,,,19.75,478
Toledo,10,3,3,0.0,-24.75,0,0.0,0.0,2,0.0,-2.6,5,0.6,1.4,0.0,3.0,0.0,0.0,0.0,2.0,3.0,2.0,Toledo,0.08571428571428572,-13.917901234567902,-7.710017636684304,54.73755964553511,False,0.0,0.42857142857142855,21.428571428571427,False,"Monday, January 12",2026.0,Toledo,0.0,MAC,Tod Kowalczyk,9.0,7.0,-0.7966,167.0,0.4796,165.0,111.816,119.0,111.131,124.0,112.613,256.0,112.085,268.0,70.8223,106.0,69.3871,106.0,0.0228,145.0,-0.7025,194.0,109.269,152.0,109.971,254.0,2.0275,123.0,,16.4,79.0,17.3,194.0,16.56,5.0,17.82,11.0,167.0,19.740845999999998,482
UNC Asheville,18,8,4,0.0,-14.533333333333333,3,0.0,-5.1000000000000005,3,0.6666666666666666,5.766666666666667,8,0.75,9.700000000000001,0.0,4.0,0.0,3.0,2.0,1.0,6.0,2.0,UNC Asheville Bulldogs,0.1875,-5.1657142857142855,2.148992063492063,52.61682950844505,False,0.0,0.7272727272727273,36.36363636363637,True,"Monday, January 12",2026.0,UNC Asheville,0.0,BSth,Mike Morrell,8.0,10.0,-5.4787,234.0,0.3587,236.0,105.725,223.0,104.528,236.0,111.204,229.0,110.41,239.0,68.3119,226.0,65.7496,292.0,-0.0473,282.0,-0.7156,195.0,109.53,143.0,110.246,273.0,0.2183,172.0,,18.67,316.0,16.64,52.0,19.64,9.0,15.37,1.0,234.0,19.732368888888885,483
Jamestown,1,0,1,0.0,-23.1,0,0.0,0.0,0,0.0,0.0,0,0.0,0.0,0.0,1.0,0.0,0.0,0.0,0.0,0.0,0.0,Jamestown,0.0,-23.100000000000005,10.759999999999998,53.101567825494215,False,0.0,0.0,0.0,False,,,,,,,,,0.0,,,,,,,,,,,,,,,,0.0,,,,,,,,,,,,,,,,,,,,19.516,484
Minnesota Golden Gophers,8,2,1,0.0,-38.9,1,1.0,10.1,1,0.0,-1.7,5,0.2,-5.5,0.0,1.0,1.0,0.0,0.0,1.0,1.0,4.0,Minnesota Golden Gophers,0.2857142857142857,-10.652727272727272,-10.403948051948053,68.23449216087253,True,0.5,0.16666666666666666,-16.666666666666668,False,,,,,,,,,0.0,,,,,,,,,,,,,,,,0.0,,,,,,,,,,,,,,,,,,,,19.5,485
San Diego Toreros,8,2,1,0.0,-35.4,3,0.3333333333333333,-18.6,1,0.0,-14.4,3,0.3333333333333333,-0.8,0.0,1.0,1.0,2.0,0.0,1.0,1.0,2.0,San Diego Toreros,0.20689655172413793,-18.667605633802822,-0.1566974259349223,49.96591683708248,False,0.25,0.25,0.0,False,,,,,,,,,0.0,,,,,,,,,,,,,,,,0.0,,,,,,,,,,,,,,,,,,,,19.5,485
Penn State Nittany Lions,4,1,0,0.0,0.0,0,0.0,0.0,0,0.0,0.0,4,0.25,-8.3,0.0,0.0,0.0,0.0,0.0,0.0,1.0,3.0,Penn State Nittany Lions,0.25,-8.3,-10.07,100.0,True,0.0,0.25,0.0,False,,,,,,,,,0.0,,,,,,,,,,,,,,,,0.0,,,,,,,,,,,,,,,,,,,,19.5,485
Ball State,16,4,2,0.0,-14.7,1,0.0,-11.7,1,0.0,-30.8,12,0.3333333333333333,1.2,0.0,2.0,0.0,1.0,0.0,1.0,4.0,8.0,Ball State Cardinals,0.1111111111111111,-11.482857142857142,-43.84314285714286,64.28084526244035,True,0.0,0.3076923076923077,15.384615384615385,False,,,,,,,,,0.0,,,,,,,,,,,,,,,,0.0,,,,,,,,,,,,,,,,,,,,19.5,485
Monmouth,9,3,0,0.0,0.0,3,0.0,-5.3,1,0.0,-2.7,5,0.6,6.85,0.0,0.0,0.0,3.0,0.0,1.0,3.0,2.0,Monmouth,0.13043478260869565,-1.1781249999999996,0.06498188405797123,56.85828978262516,False,0.0,0.5,25.0,False,"Monday, January 12",2026.0,Monmouth,0.0,CAA,King Rice,8.0,9.0,-2.5218,191.0,0.4319,194.0,104.596,254.0,103.298,249.0,107.118,133.0,103.638,107.0,67.1633,281.0,66.5002,256.0,-0.0532,290.0,-2.0204,242.0,106.737,287.0,108.758,168.0,-3.4609,276.0,,18.1,266.0,17.34,200.0,19.13,10.0,17.24,2.0,191.0,19.201033659420286,489
Samford,17,9,1,0.0,-1.8333333333333333,3,0.0,-14.833333333333334,2,0.5,-0.43333333333333335,11,0.7272727272727273,9.466666666666667,0.0,1.0,0.0,3.0,1.0,1.0,8.0,3.0,Samford Bulldogs,0.275,-4.357471264367817,-2.662106152805947,60.35125706724408,True,0.0,0.6923076923076923,34.61538461538461,True,"Monday, January 12",2026.0,Samford,0.0,SC,Lennie Acuff,9.0,8.0,-7.1203,247.0,0.3239,244.0,107.778,187.0,107.449,176.0,114.899,306.0,113.595,287.0,69.3199,180.0,66.7102,247.0,0.0715,49.0,-3.2539,279.0,108.262,207.0,111.516,328.0,-0.4116,190.0,,17.49,193.0,16.94,115.0,17.25,3.0,17.53,5.0,247.0,19.182507470588234,490
Indiana State,9,2,2,0.0,-21.65,1,1.0,0.65,3,0.0,-6.45,3,0.3333333333333333,1.3500000000000005,0.0,2.0,1.0,0.0,0.0,3.0,1.0,2.0,Indiana State,0.18181818181818182,-10.003846153846151,-1.153053613053613,48.37536923426494,False,0.3333333333333333,0.16666666666666666,-8.333333333333332,False,,,,,,,,,0.0,,,,,,,,,,,,,,,,0.0,,,,,,,,,,,,,,,,,,,,19.083333333333332,491
North Florida Ospreys,9,2,0,0.0,0.0,0,0.0,0.0,2,0.0,-12.9,7,0.2857142857142857,6.0,0.0,0.0,0.0,0.0,0.0,2.0,2.0,5.0,North Florida Ospreys,0.15384615384615385,-2.3999999999999995,-24.036923076923078,91.51707945163979,True,0.0,0.2222222222222222,0.0,False,,,,,,,,,0.0,,,,,,,,,,,,,,,,0.0,,,,,,,,,,,,,,,,,,,,19.083333333333332,491
Johnson C Smith,1,0,0,0.0,0.0,1,0.0,-27.4,0,0.0,0.0,0,0.0,0.0,0.0,0.0,0.0,1.0,0.0,0.0,0.0,0.0,Johnson C Smith,0.0,-27.4,9.04,53.101567825494215,False,0.0,0.0,0.0,False,,,,,,,,,0.0,,,,,,,,,,,,,,,,0.0,,,,,,,,,,,,,,,,,,,,18.913999999999998,493
Utah Tech,13,5,3,0.0,-9.7,1,0.0,-9.6,3,0.3333333333333333,-8.2,6,0.6666666666666666,6.1,0.0,3.0,0.0,1.0,1.0,2.0,4.0,2.0,Utah Tech,0.1590909090909091,-6.202970297029701,-1.1682510558748174,53.26936185831891,False,0.0,0.5555555555555556,27.77777777777778,False,"Monday, January 12",2026.0,Utah Tech,0.0,WAC,Jon Judkins,9.0,9.0,-4.1448,218.0,0.3929,216.0,107.433,194.0,105.038,223.0,111.578,241.0,111.47,259.0,69.1753,188.0,66.6573,250.0,0.0411,112.0,3.0423,87.0,109.98,120.0,106.937,75.0,3.9999,86.0,,17.12,147.0,17.79,276.0,17.37,4.0,17.51,4.0,218.0,18.89485476923077,494
Florida Gulf Coast,4,1,0,0.0,0.0,0,0.0,0.0,3,0.0,-9.0,1,1.0,23.7,0.0,0.0,0.0,0.0,0.0,3.0,1.0,0.0,Florida Gulf Coast,0.1,-4.328571428571428,2.7685714285714287,71.37014314928425,True,0.0,0.25,0.0,False,"Monday, January 12",2026.0,Florida Gulf Coast,0.0,ASun,Pat Chambers,7.0,10.0,-2.5548,193.0,0.4351,191.0,111.187,130.0,111.095,125.0,113.742,277.0,115.148,307.0,71.0857,93.0,68.7226,143.0,-0.0956,340.0,-1.0032,204.0,108.812,171.0,109.816,240.0,0.5323,167.0,,17.09,143.0,16.52,43.0,17.33,5.0,17.6,6.0,193.0,18.890068,495
Milwaukee,18,8,3,0.0,-32.25,1,0.0,-4.35,2,0.0,-9.4,12,0.6666666666666666,9.35,0.0,3.0,0.0,1.0,0.0,2.0,8.0,4.0,Milwaukee Panthers,0.1702127659574468,-15.77258064516129,-18.205013345534965,61.09975005680527,True,0.0,0.5714285714285714,28.57142857142857,False,"Monday, January 12",2026.0,Milwaukee,0.0,Horz,Bart Lundy,8.0,10.0,-5.6325,237.0,0.3593,235.0,109.159,162.0,109.445,148.0,114.791,303.0,115.816,317.0,69.2324,185.0,67.576,209.0,0.0253,140.0,-0.27,180.0,110.282,109.0,110.552,293.0,6.6653,43.0,,16.42,80.0,18.09,316.0,16.8,4.0,19.22,11.0,237.0,18.860095666666666,496
Lindenwood,13,6,2,0.0,-23.05,3,0.3333333333333333,-11.45,1,0.0,-3.55,7,0.7142857142857143,6.55,0.0,2.0,1.0,2.0,0.0,1.0,5.0,2.0,Lindenwood*,0.24390243902439024,-10.650000000000004,2.40791744840525,56.205757432751305,False,0.2,0.625,21.25,False,"Monday, January 12",2026.0,Lindenwood,0.0,OVC,Kyle Gerdeman,10.0,7.0,-7.3886,252.0,0.3103,255.0,102.751,281.0,102.073,264.0,110.139,201.0,105.032,130.0,72.8911,38.0,71.9287,29.0,0.0428,108.0,-6.2128,341.0,104.309,350.0,110.521,290.0,3.7651,90.0,,15.54,25.0,17.27,185.0,15.01,1.0,18.3,8.0,252.0,18.84733403001876,497
Brandeis,1,0,0,0.0,0.0,1,0.0,-28.2,0,0.0,0.0,0,0.0,0.0,0.0,0.0,0.0,1.0,0.0,0.0,0.0,0.0,Brandeis,0.0,-28.2,8.719999999999999,53.101567825494215,False,0.0,0.0,0.0,False,,,,,,,,,0.0,,,,,,,,,,,,,,,,0.0,,,,,,,,,,,,,,,,,,,,18.802,498
Jackson State,15,3,4,0.0,-55.36666666666667,2,0.0,-13.700000000000001,4,0.0,-35.56666666666667,5,0.6,-3.1666666666666674,0.0,4.0,0.0,2.0,0.0,4.0,3.0,2.0,Jackson State Tigers,0.05084745762711865,-35.678431372549014,-15.983236955799267,48.37536923426494,False,0.0,0.3333333333333333,16.666666666666664,False,,,,,,,,,0.0,,,,,,,,,,,,,,,,0.0,,,,,,,,,,,,,,,,,,,,18.75,499
Maine Black Bears,10,2,1,0.0,-49.8,0,0.0,0.0,3,0.0,-11.1,6,0.3333333333333333,-1.7,0.0,1.0,0.0,0.0,0.0,3.0,2.0,4.0,Maine Black Bears,0.08695652173913043,-17.752542372881354,-25.187973470891674,76.00545330606681,True,0.0,0.2222222222222222,0.0,False,,,,,,,,,0.0,,,,,,,,,,,,,,,,0.0,,,,,,,,,,,,,,,,,,,,18.75,499
Morehead State,5,1,3,0.0,-46.3,0,0.0,0.0,0,0.0,0.0,2,0.5,6.2,0.0,3.0,0.0,0.0,0.0,0.0,1.0,1.0,Morehead State,0.038461538461538464,-38.3754716981132,-7.619419448476052,50.920245398773,False,0.0,0.5,25.0,False,,,,,,,,,0.0,,,,,,,,,,,,,,,,0.0,,,,,,,,,,,,,,,,,,,,18.75,499
Loyola Maryland,10,2,2,0.0,-38.6,2,0.0,-11.8,2,0.0,-27.9,4,0.5,0.4,0.0,2.0,0.0,2.0,0.0,2.0,2.0,2.0,Loyola Maryland,0.05555555555555555,-21.874418604651165,-10.249767441860467,50.920245398773,False,0.0,0.3333333333333333,16.666666666666664,False,,,,,,,,,0.0,,,,,,,,,,,,,,,,0.0,,,,,,,,,,,,,,,,,,,,18.75,499
Sacred Heart Pioneers,5,1,0,0.0,0.0,1,0.0,-56.3,0,0.0,0.0,4,0.25,3.6,0.0,0.0,0.0,1.0,0.0,0.0,1.0,3.0,Sacred Heart Pioneers,0.1111111111111111,-22.07142857142857,-17.82857142857143,83.640081799591,True,0.0,0.25,0.0,False,,,,,,,,,0.0,,,,,,,,,,,,,,,,0.0,,,,,,,,,,,,,,,,,,,,18.75,499
Air Force Falcons,16,3,5,0.0,-38.9,2,0.0,-28.0,5,0.2,-21.4,4,0.5,-2.1,0.0,5.0,0.0,2.0,1.0,4.0,2.0,2.0,Air Force Falcons,0.07246376811594203,-28.89741935483871,-11.548098176718092,45.194274028629856,False,0.0,0.3333333333333333,16.666666666666664,False,,,,,,,,,0.0,,,,,,,,,,,,,,,,0.0,,,,,,,,,,,,,,,,,,,,18.5625,504
Omaha,11,2,2,0.0,-20.75,1,0.0,-1.7,5,0.2,-15.45,3,0.3333333333333333,0.5,0.0,2.0,0.0,1.0,1.0,4.0,1.0,2.0,Omaha,0.10256410256410256,-13.350000000000003,-7.2700699300699325,46.061845448348514,False,0.0,0.25,12.5,False,,,,,,,,,0.0,,,,,,,,,,,,,,,,0.0,,,,,,,,,,,,,,,,,,,,18.477272727272727,505
Robert Morris,9,3,1,0.0,-61.0,0,0.0,0.0,4,0.25,-1.1,4,0.5,-6.8,0.0,1.0,0.0,0.0,1.0,3.0,2.0,2.0,Robert Morris,0.20833333333333334,-16.809523809523807,-7.126587301587301,70.06740892221465,True,0.0,0.375,0.0,False,"Monday, January 12",2026.0,Robert Morris,0.0,Horz,Andrew Toole,11.0,7.0,-3.6103,212.0,0.4076,210.0,109.211,156.0,111.356,119.0,112.821,260.0,112.064,267.0,66.3071,308.0,65.3995,308.0,0.0771,46.0,-3.8027,296.0,107.773,242.0,111.576,331.0,-4.1048,290.0,,18.48,302.0,17.56,247.0,18.6,10.0,17.39,6.0,212.0,18.450839,506
Catawba,1,0,1,0.0,-30.8,0,0.0,0.0,0,0.0,0.0,0,0.0,0.0,0.0,1.0,0.0,0.0,0.0,0.0,0.0,0.0,Catawba,0.0,-30.8,7.68,53.101567825494215,False,0.0,0.0,0.0,False,,,,,,,,,0.0,,,,,,,,,,,,,,,,0.0,,,,,,,,,,,,,,,,,,,,18.438,507
UAlbany,12,2,3,0.0,-16.3,4,0.0,-29.85,2,0.0,-24.15,3,0.6666666666666666,9.15,0.0,3.0,0.0,4.0,0.0,2.0,2.0,1.0,UAlbany,0.03773584905660377,-20.189256198347106,-0.7109226051250044,45.194274028629856,False,0.0,0.4,20.0,False,,,,,,,,,0.0,,,,,,,,,,,,,,,,0.0,,,,,,,,,,,,,,,,,,,,18.249999999999996,508
Rider Broncs,6,1,2,0.0,-55.2,2,0.0,-22.0,0,0.0,0.0,2,0.5,2.9,0.0,2.0,0.0,2.0,0.0,0.0,1.0,1.0,Rider Broncs,0.03571428571428571,-34.85161290322581,-5.000168970814137,48.37536923426494,False,0.0,0.5,25.0,False,,,,,,,,,0.0,,,,,,,,,,,,,,,,0.0,,,,,,,,,,,,,,,,,,,,18.249999999999996,508
Coppin State Eagles,18,3,2,0.0,-62.4,3,0.0,-72.7,6,0.0,-34.2,7,0.42857142857142855,-4.9,0.0,2.0,0.0,3.0,0.0,6.0,3.0,4.0,Coppin State Eagles,0.05357142857142857,-47.263492063492066,-34.939126984126986,50.496099371354994,False,0.0,0.23076923076923078,11.538461538461538,False,,,,,,,,,0.0,,,,,,,,,,,,,,,,0.0,,,,,,,,,,,,,,,,,,,,18.249999999999996,508
Northern State,1,0,1,0.0,-32.8,0,0.0,0.0,0,0.0,0.0,0,0.0,0.0,0.0,1.0,0.0,0.0,0.0,0.0,0.0,0.0,Northern State,0.0,-32.8,6.880000000000001,53.101567825494215,False,0.0,0.0,0.0,False,,,,,,,,,0.0,,,,,,,,,,,,,,,,0.0,,,,,,,,,,,,,,,,,,,,18.157999999999998,511
Fairfield,3,1,0,0.0,0.0,0,0.0,0.0,2,0.5,-10.3,1,0.0,-6.1,0.0,0.0,0.0,0.0,1.0,1.0,0.0,1.0,Fairfield,0.42857142857142855,-9.46,9.501714285714284,74.55123835491932,True,0.0,0.3333333333333333,0.0,False,"Monday, January 12",2026.0,Fairfield,0.0,MAAC,Chris Casey,10.0,7.0,-9.5406,274.0,0.2727,269.0,107.171,199.0,109.427,150.0,116.711,330.0,109.621,219.0,67.6295,259.0,67.5891,208.0,0.0666,59.0,-9.7335,362.0,102.58,364.0,112.313,350.0,-7.6887,347.0,,17.47,187.0,18.05,310.0,18.0,7.0,18.41,9.0,274.0,18.043709999999997,512
Mount Olive,1,0,1,0.0,-34.1,0,0.0,0.0,0,0.0,0.0,0,0.0,0.0,0.0,1.0,0.0,0.0,0.0,0.0,0.0,0.0,Mount Olive,0.0,-34.1,6.359999999999999,53.101567825494215,False,0.0,0.0,0.0,False,,,,,,,,,0.0,,,,,,,,,,,,,,,,0.0,,,,,,,,,,,,,,,,,,,,17.976,513
Gardner-Webb Runnin',14,2,4,0.0,-53.7,1,0.0,-15.9,2,0.0,-23.4,7,0.2857142857142857,-14.7,0.0,4.0,0.0,1.0,0.0,2.0,2.0,5.0,Gardner-Webb Runnin' Bulldogs,0.04,-37.788888888888884,-36.17269841269841,54.73755964553511,False,0.0,0.2222222222222222,11.11111111111111,False,,,,,,,,,0.0,,,,,,,,,,,,,,,,0.0,,,,,,,,,,,,,,,,,,,,17.892857142857142,514
Western Michigan,13,5,3,0.0,-41.8,2,0.5,-5.8,3,0.0,-20.7,5,0.8,12.5,0.0,3.0,1.0,1.0,0.0,3.0,4.0,1.0,Western Michigan,0.1875,-20.061946902654864,2.105028931245748,50.33296628388653,False,0.2,0.5,15.0,False,"Monday, January 12",2026.0,Western Michigan,0.0,MAC,Dwayne Stephens,7.0,9.0,-6.9999,246.0,0.3256,243.0,107.065,203.0,105.487,213.0,114.065,286.0,112.824,277.0,70.5277,120.0,69.0724,126.0,0.0282,131.0,-1.9341,238.0,107.821,239.0,109.755,234.0,-3.1812,273.0,,17.77,230.0,16.33,30.0,17.96,11.0,16.51,3.0,246.0,17.837029895166783,515
Princeton,17,6,1,0.0,-16.533333333333335,3,0.0,-27.133333333333336,5,0.6,2.433333333333333,8,0.375,5.666666666666667,0.0,1.0,0.0,3.0,3.0,2.0,3.0,5.0,Princeton Tigers,0.2608695652173913,-9.136336336336338,-17.20952174681075,53.61482016119331,False,0.0,0.46153846153846156,23.076923076923077,False,"Monday, January 12",2026.0,Princeton,0.0,Ivy,Mitch Henderson,6.0,11.0,-5.1956,227.0,0.3615,232.0,102.488,287.0,101.234,282.0,107.684,143.0,107.857,188.0,66.5013,304.0,65.5895,299.0,-0.0522,287.0,-0.6212,193.0,109.955,121.0,110.576,295.0,-0.3249,188.0,,19.44,353.0,16.84,86.0,20.06,8.0,17.13,3.0,227.0,17.787593647058827,516
Saint John's (MN),1,0,0,0.0,0.0,1,0.0,-36.3,0,0.0,0.0,0,0.0,0.0,0.0,0.0,0.0,1.0,0.0,0.0,0.0,0.0,Saint John's (MN),0.0,-36.3,5.48,53.101567825494215,False,0.0,0.0,0.0,False,,,,,,,,,0.0,,,,,,,,,,,,,,,,0.0,,,,,,,,,,,,,,,,,,,,17.668,517
Millsaps,1,0,1,0.0,-36.3,0,0.0,0.0,0,0.0,0.0,0,0.0,0.0,0.0,1.0,0.0,0.0,0.0,0.0,0.0,0.0,Millsaps,0.0,-36.3,5.48,53.101567825494215,False,0.0,0.0,0.0,False,,,,,,,,,0.0,,,,,,,,,,,,,,,,0.0,,,,,,,,,,,,,,,,,,,,17.668,517
UMBC,12,6,2,0.0,-33.0,2,0.0,-20.8,1,0.0,-13.5,7,0.8571428571428571,12.9,0.0,2.0,0.0,2.0,0.0,1.0,6.0,1.0,UMBC,0.16666666666666666,-16.331707317073175,1.6339837398373955,57.918654851170196,False,0.0,0.75,37.5,True,"Monday, January 12",2026.0,UMBC,0.0,AE,Jim Ferry,9.0,6.0,-9.7543,278.0,0.2659,275.0,105.631,230.0,106.73,184.0,115.386,314.0,108.545,194.0,67.6397,257.0,66.6859,249.0,0.0683,53.0,-10.175,363.0,102.841,362.0,113.016,361.0,-6.9726,337.0,,17.41,172.0,17.97,299.0,18.02,3.0,19.45,9.0,278.0,17.65482930894309,519
Sacramento State,8,1,0,0.0,0.0,4,0.0,-22.4,2,0.0,-25.3,2,0.5,-6.8,0.0,0.0,0.0,4.0,0.0,2.0,1.0,1.0,Sacramento State,0.03571428571428571,-21.31111111111111,-2.917301587301588,45.194274028629856,False,0.0,0.25,12.5,False,,,,,,,,,0.0,,,,,,,,,,,,,,,,0.0,,,,,,,,,,,,,,,,,,,,17.625,520
Northwestern State,8,1,1,0.0,-18.0,2,0.0,-36.6,2,0.0,-23.4,3,0.3333333333333333,-6.0,0.0,1.0,0.0,2.0,0.0,2.0,1.0,2.0,Northwestern State,0.037037037037037035,-23.802985074626864,-12.35452736318408,49.96591683708248,False,0.0,0.2,10.0,False,,,,,,,,,0.0,,,,,,,,,,,,,,,,0.0,,,,,,,,,,,,,,,,,,,,17.625,520
South Carolina State,17,2,3,0.0,-27.5,3,0.0,-40.2,3,0.0,-14.15,8,0.25,-19.8,0.0,3.0,0.0,3.0,0.0,3.0,2.0,6.0,South Carolina State Bulldogs,0.03571428571428571,-27.3624,-38.27899361344538,53.61482016119331,False,0.0,0.18181818181818182,9.090909090909092,False,,,,,,,,,0.0,,,,,,,,,,,,,,,,0.0,,,,,,,,,,,,,,,,,,,,17.51470588235294,522
Chicago State,17,2,6,0.0,-37.3,2,0.0,-39.349999999999994,1,0.0,-23.45,8,0.25,-1.75,0.0,6.0,0.0,2.0,0.0,1.0,2.0,6.0,Chicago State Cougars,0.028985507246376812,-31.216535433070863,-37.77050164125904,53.61482016119331,False,0.0,0.2222222222222222,11.11111111111111,False,,,,,,,,,0.0,,,,,,,,,,,,,,,,0.0,,,,,,,,,,,,,,,,,,,,17.51470588235294,522
UT Rio Grande Valley,14,4,2,0.0,-19.5,1,0.0,-20.5,4,0.5,3.6,7,0.2857142857142857,-2.9,0.0,2.0,0.0,1.0,2.0,2.0,2.0,5.0,UT Rio Grande Valley,0.2,-8.23191489361702,-20.007051671732523,54.73755964553511,False,0.0,0.36363636363636365,18.181818181818183,False,"Monday, January 12",2026.0,UT Rio Grande Valley,0.0,Slnd,Kahil Fennell,6.0,11.0,-4.3199,222.0,0.3857,222.0,104.571,255.0,101.98,267.0,108.891,170.0,106.615,158.0,68.2675,231.0,67.6008,206.0,-0.1318,362.0,-0.0499,171.0,107.567,252.0,107.617,103.0,6.7952,41.0,,16.77,108.0,17.08,149.0,17.25,3.0,18.08,7.0,222.0,17.356353285714285,524
IU Indianapolis,10,1,1,0.0,-8.2,2,0.0,-11.15,1,1.0,5.0,6,0.0,-21.700000000000003,0.0,1.0,0.0,2.0,1.0,0.0,0.0,6.0,IU Indianapolis*,0.1111111111111111,-11.71044776119403,-29.684179104477614,58.55487389229721,False,0.0,0.14285714285714285,7.142857142857142,False,,,,,,,,,0.0,,,,,,,,,,,,,,,,0.0,,,,,,,,,,,,,,,,,,,,17.25,525
Mississippi Valley State Delta Devils,10,1,4,0.0,-58.3,1,0.0,-71.8,0,0.0,0.0,5,0.2,-2.5,0.0,4.0,0.0,1.0,0.0,0.0,1.0,4.0,Mississippi Valley State Delta Devils,0.023809523809523808,-47.93043478260869,-32.1007453416149,54.73755964553511,False,0.0,0.2,10.0,False,,,,,,,,,0.0,,,,,,,,,,,,,,,,0.0,,,,,,,,,,,,,,,,,,,,17.25,525
Northeastern,16,5,1,0.0,-3.8666666666666667,6,0.5,1.433333333333333,3,0.3333333333333333,-4.966666666666666,6,0.16666666666666666,-6.266666666666667,0.0,1.0,3.0,3.0,1.0,2.0,1.0,5.0,Northeastern Huskies,0.3584905660377358,-1.819607843137255,-5.845767665556792,49.96591683708248,False,0.42857142857142855,0.2222222222222222,-10.317460317460316,False,"Monday, January 12",2026.0,Northeastern,0.0,CAA,Bill Coen,5.0,11.0,-5.3654,231.0,0.3655,228.0,109.213,155.0,108.869,157.0,114.578,297.0,114.283,296.0,69.7066,157.0,69.73,91.0,-0.0589,295.0,0.2102,162.0,109.506,144.0,109.296,202.0,1.0183,154.0,,17.01,138.0,17.5,227.0,16.92,3.0,17.85,7.0,231.0,17.076145999999998,527
Widener,1,0,0,0.0,0.0,1,0.0,-40.8,0,0.0,0.0,0,0.0,0.0,0.0,0.0,0.0,1.0,0.0,0.0,0.0,0.0,Widener,0.0,-40.8,3.6799999999999997,53.101567825494215,False,0.0,0.0,0.0,False,,,,,,,,,0.0,,,,,,,,,,,,,,,,0.0,,,,,,,,,,,,,,,,,,,,17.037999999999997,528
Manhattanville,1,0,0,0.0,0.0,1,0.0,-41.4,0,0.0,0.0,0,0.0,0.0,0.0,0.0,0.0,1.0,0.0,0.0,0.0,0.0,Manhattanville,0.0,-41.4,3.4400000000000013,53.101567825494215,False,0.0,0.0,0.0,False,,,,,,,,,0.0,,,,,,,,,,,,,,,,0.0,,,,,,,,,,,,,,,,,,,,16.953999999999997,529
Alcorn State Braves,13,1,3,0.0,-47.8,3,0.0,-45.9,3,0.0,-34.3,4,0.25,-28.0,0.0,3.0,0.0,3.0,0.0,3.0,1.0,3.0,Alcorn State Braves,0.019230769230769232,-41.93884297520661,-24.679383343928798,47.39657070945415,False,0.0,0.14285714285714285,7.142857142857142,False,,,,,,,,,0.0,,,,,,,,,,,,,,,,0.0,,,,,,,,,,,,,,,,,,,,16.903846153846153,530
Cumberland (KY),1,0,0,0.0,0.0,1,0.0,-42.2,0,0.0,0.0,0,0.0,0.0,0.0,0.0,0.0,1.0,0.0,0.0,0.0,0.0,Cumberland (KY),0.0,-42.2,3.1199999999999974,53.101567825494215,False,0.0,0.0,0.0,False,,,,,,,,,0.0,,,,,,,,,,,,,,,,0.0,,,,,,,,,,,,,,,,,,,,16.842,531
Brescia,2,0,1,0.0,-33.9,1,0.0,-53.7,0,0.0,0.0,0,0.0,0.0,0.0,1.0,0.0,1.0,0.0,0.0,0.0,0.0,Brescia,0.0,-42.699999999999996,2.9200000000000017,44.376278118609406,False,0.0,0.0,0.0,False,,,,,,,,,0.0,,,,,,,,,,,,,,,,0.0,,,,,,,,,,,,,,,,,,,,16.772,532
La Verne,1,0,0,0.0,0.0,1,0.0,-43.1,0,0.0,0.0,0,0.0,0.0,0.0,0.0,0.0,1.0,0.0,0.0,0.0,0.0,La Verne,0.0,-43.1,2.759999999999998,53.101567825494215,False,0.0,0.0,0.0,False,,,,,,,,,0.0,,,,,,,,,,,,,,,,0.0,,,,,,,,,,,,,,,,,,,,16.715999999999998,533
UL Monroe,16,1,3,0.0,-20.25,1,0.0,-13.8,3,0.0,-4.9,9,0.1111111111111111,-8.3,0.0,3.0,0.0,1.0,0.0,3.0,1.0,8.0,UL Monroe,0.02127659574468085,-13.469801980198019,-47.43047398356857,57.12338104976141,False,0.0,0.08333333333333333,4.166666666666666,False,,,,,,,,,0.0,,,,,,,,,,,,,,,,0.0,,,,,,,,,,,,,,,,,,,,16.6875,534
Denver,3,1,1,0.0,-37.8,0,0.0,0.0,1,1.0,2.8,1,0.0,-23.9,0.0,1.0,0.0,0.0,1.0,0.0,0.0,1.0,Denver,0.25,-23.711111111111112,2.4322222222222205,65.82594864803454,True,0.0,0.5,0.0,False,"Monday, January 12",2026.0,Denver,0.0,Sum,Tim Bergstraser,8.0,11.0,-8.0926,258.0,0.3119,252.0,113.588,99.0,113.083,96.0,121.681,361.0,124.594,362.0,70.3461,126.0,68.5589,151.0,0.0364,119.0,4.0177,71.0,112.06,43.0,108.042,126.0,6.9155,39.0,,17.43,179.0,16.87,94.0,17.09,2.0,16.84,1.0,258.0,16.49129177777778,535
Vassar,1,0,1,0.0,-45.2,0,0.0,0.0,0,0.0,0.0,0,0.0,0.0,0.0,1.0,0.0,0.0,0.0,0.0,0.0,0.0,Vassar,0.0,-45.20000000000001,1.9199999999999946,53.101567825494215,False,0.0,0.0,0.0,False,,,,,,,,,0.0,,,,,,,,,,,,,,,,0.0,,,,,,,,,,,,,,,,,,,,16.421999999999997,536
South Dakota,10,4,2,0.0,-22.25,1,0.0,-1.3,2,0.0,-15.2,5,0.8,14.3,0.0,2.0,0.0,1.0,0.0,2.0,4.0,1.0,South Dakota,0.125,-8.20897435897436,2.3414102564102564,54.73755964553511,False,0.0,0.5714285714285714,28.57142857142857,False,"Monday, January 12",2026.0,South Dakota,0.0,Sum,Eric Peterson,9.0,9.0,-9.7897,279.0,0.2678,273.0,107.107,201.0,107.756,168.0,116.897,334.0,116.414,321.0,72.8974,37.0,70.9767,46.0,0.0461,97.0,-2.1965,252.0,108.506,195.0,110.702,303.0,-3.2428,274.0,,16.53,88.0,16.48,37.0,17.77,4.0,16.89,2.0,279.0,16.387230589743588,537
Rice,9,3,0,0.0,0.0,1,0.0,-3.1,2,0.5,-1.05,6,0.3333333333333333,8.55,0.0,0.0,0.0,1.0,1.0,1.0,2.0,4.0,Rice*,0.29411764705882354,2.4375000000000004,-7.567483660130719,78.55032947057487,True,0.0,0.375,0.0,False,"Monday, January 12",2026.0,Rice,0.0,Amer,Rob Lanier,7.0,10.0,-6.9607,244.0,0.3239,245.0,105.316,236.0,101.549,276.0,112.277,252.0,112.939,279.0,67.6347,258.0,65.9391,280.0,0.0116,169.0,0.7329,145.0,109.007,163.0,108.274,140.0,-1.6294,228.0,,17.95,253.0,17.07,147.0,19.1,11.0,17.5,7.0,244.0,16.361047,538
MIT,1,0,0,0.0,0.0,1,0.0,-45.7,0,0.0,0.0,0,0.0,0.0,0.0,0.0,0.0,1.0,0.0,0.0,0.0,0.0,MIT,0.0,-45.7,1.7199999999999989,53.101567825494215,False,0.0,0.0,0.0,False,,,,,,,,,0.0,,,,,,,,,,,,,,,,0.0,,,,,,,,,,,,,,,,,,,,16.351999999999997,539
Greensboro College,1,0,0,0.0,0.0,1,0.0,-45.7,0,0.0,0.0,0,0.0,0.0,0.0,0.0,0.0,1.0,0.0,0.0,0.0,0.0,Greensboro College,0.0,-45.7,1.7199999999999989,53.101567825494215,False,0.0,0.0,0.0,False,,,,,,,,,0.0,,,,,,,,,,,,,,,,0.0,,,,,,,,,,,,,,,,,,,,16.351999999999997,539
Molloy,1,0,0,0.0,0.0,1,0.0,-45.8,0,0.0,0.0,0,0.0,0.0,0.0,0.0,0.0,1.0,0.0,0.0,0.0,0.0,Molloy,0.0,-45.8,1.6799999999999997,53.101567825494215,False,0.0,0.0,0.0,False,,,,,,,,,0.0,,,,,,,,,,,,,,,,0.0,,,,,,,,,,,,,,,,,,,,16.337999999999997,541
Penn State-Behrend,1,0,1,0.0,-47.1,0,0.0,0.0,0,0.0,0.0,0,0.0,0.0,0.0,1.0,0.0,0.0,0.0,0.0,0.0,0.0,Penn State-Behrend,0.0,-47.1,1.1600000000000001,53.101567825494215,False,0.0,0.0,0.0,False,,,,,,,,,0.0,,,,,,,,,,,,,,,,0.0,,,,,,,,,,,,,,,,,,,,16.156,542
Canisius,2,1,0,0.0,0.0,1,0.0,-29.2,0,0.0,0.0,1,1.0,13.8,0.0,0.0,0.0,1.0,0.0,0.0,1.0,0.0,Canisius,0.16666666666666666,-18.45,10.120000000000001,72.1881390593047,True,0.0,1.0,0.0,False,"Monday, January 12",2026.0,Canisius,0.0,MAAC,Jim Christian,8.0,9.0,-16.8655,337.0,0.1367,339.0,97.0382,348.0,95.1689,335.0,113.904,282.0,112.72,276.0,64.482,354.0,64.14,343.0,0.1494,6.0,-3.8405,297.0,106.586,296.0,110.427,286.0,-2.1463,249.0,,18.96,340.0,17.95,293.0,18.2,8.0,18.31,8.0,337.0,16.118927,543
Roberts Wesleyan,1,0,0,0.0,0.0,1,0.0,-47.8,0,0.0,0.0,0,0.0,0.0,0.0,0.0,0.0,1.0,0.0,0.0,0.0,0.0,Roberts Wesleyan,0.0,-47.8,0.879999999999999,53.101567825494215,False,0.0,0.0,0.0,False,,,,,,,,,0.0,,,,,,,,,,,,,,,,0.0,,,,,,,,,,,,,,,,,,,,16.057999999999996,544
New Orleans,8,2,2,0.0,-63.1,0,0.0,0.0,3,0.0,-13.0,3,0.6666666666666666,1.0,0.0,2.0,0.0,0.0,0.0,3.0,2.0,1.0,New Orleans,0.07142857142857142,-33.22727272727273,-11.076623376623377,58.691206543967276,False,0.0,0.3333333333333333,16.666666666666664,False,"Monday, January 12",2026.0,New Orleans,0.0,Slnd,Stacy Hollowell,6.0,11.0,-5.5105,235.0,0.3639,230.0,110.762,135.0,105.258,218.0,116.273,326.0,116.49,324.0,69.6962,159.0,69.2578,114.0,0.0266,136.0,4.3179,66.0,109.631,137.0,105.313,20.0,15.5054,3.0,,17.93,249.0,16.53,44.0,18.09,6.0,17.32,3.0,235.0,16.019873,545
Old Dominion,13,4,3,0.0,-26.6,1,0.0,-6.1,3,0.3333333333333333,-1.6,6,0.5,4.6,0.0,3.0,0.0,1.0,1.0,2.0,3.0,3.0,Old Dominion,0.13636363636363635,-12.045544554455445,-10.528008031572387,53.26936185831891,False,0.0,0.4444444444444444,22.22222222222222,False,"Monday, January 12",2026.0,Old Dominion,0.0,SB,Mike K. Jones,5.0,13.0,-6.9607,245.0,0.3222,247.0,104.166,262.0,102.523,258.0,111.127,226.0,110.681,249.0,70.6346,116.0,69.7007,95.0,-0.1053,349.0,1.2439,130.0,109.545,141.0,108.301,141.0,7.5083,35.0,,16.86,119.0,17.13,161.0,16.57,4.0,17.15,6.0,245.0,16.013839615384615,546
California Baptist,1,0,1,0.0,-48.4,0,0.0,0.0,0,0.0,0.0,0,0.0,0.0,0.0,1.0,0.0,0.0,0.0,0.0,0.0,0.0,California Baptist,0.0,-48.4,0.6400000000000006,53.101567825494215,False,0.0,0.0,0.0,False,,,,,,,,,0.0,,,,,,,,,,,,,,,,0.0,,,,,,,,,,,,,,,,,,,,15.973999999999998,547
Humboldt State,1,0,1,0.0,-49.3,0,0.0,0.0,0,0.0,0.0,0,0.0,0.0,0.0,1.0,0.0,0.0,0.0,0.0,0.0,0.0,Humboldt State,0.0,-49.29999999999999,0.28000000000000114,53.101567825494215,False,0.0,0.0,0.0,False,,,,,,,,,0.0,,,,,,,,,,,,,,,,0.0,,,,,,,,,,,,,,,,,,,,15.847999999999999,548
Benedictine University (IL),1,0,0,0.0,0.0,0,0.0,0.0,0,0.0,0.0,1,0.0,-79.4,0.0,0.0,0.0,0.0,0.0,0.0,0.0,1.0,Benedictine University (IL),0.0,-79.4,-37.760000000000005,100.0,True,0.0,0.0,0.0,False,,,,,,,,,0.0,,,,,,,,,,,,,,,,0.0,,,,,,,,,,,,,,,,,,,,15.749999999999998,549
Berea,1,0,0,0.0,0.0,0,0.0,0.0,0,0.0,0.0,1,0.0,-29.6,0.0,0.0,0.0,0.0,0.0,0.0,0.0,1.0,Berea,0.0,-29.6,-17.840000000000003,100.0,True,0.0,0.0,0.0,False,,,,,,,,,0.0,,,,,,,,,,,,,,,,0.0,,,,,,,,,,,,,,,,,,,,15.749999999999998,549
Bethany (WV),2,0,1,0.0,-68.6,0,0.0,0.0,0,0.0,0.0,1,0.0,-50.6,0.0,1.0,0.0,0.0,0.0,0.0,0.0,1.0,Bethany (WV),0.0,-64.81052631578947,-21.92421052631579,72.1881390593047,True,0.0,0.0,0.0,False,,,,,,,,,0.0,,,,,,,,,,,,,,,,0.0,,,,,,,,,,,,,,,,,,,,15.749999999999998,549
Bethel (TN),2,0,0,0.0,0.0,0,0.0,0.0,1,0.0,-43.3,1,0.0,-36.7,0.0,0.0,0.0,0.0,0.0,1.0,0.0,1.0,Bethel (TN),0.0,-41.099999999999994,-22.439999999999998,80.9134287661895,True,0.0,0.0,0.0,False,,,,,,,,,0.0,,,,,,,,,,,,,,,,0.0,,,,,,,,,,,,,,,,,,,,15.749999999999998,549
Bethesda University,6,0,1,0.0,-95.6,0,0.0,0.0,1,0.0,-100.4,4,0.0,-64.9,0.0,1.0,0.0,0.0,0.0,1.0,0.0,4.0,Bethesda University,0.0,-83.9897435897436,-54.26256410256411,78.55032947057487,True,0.0,0.0,0.0,False,,,,,,,,,0.0,,,,,,,,,,,,,,,,0.0,,,,,,,,,,,,,,,,,,,,15.749999999999998,549
Arcadia,1,0,0,0.0,0.0,0,0.0,0.0,1,0.0,-32.8,0,0.0,0.0,0.0,0.0,0.0,0.0,0.0,1.0,0.0,0.0,Arcadia,0.0,-32.8,-13.12,61.82685753237901,True,0.0,0.0,0.0,False,,,,,,,,,0.0,,,,,,,,,,,,,,,,0.0,,,,,,,,,,,,,,,,,,,,15.749999999999998,549
Bluefield University,1,0,0,0.0,0.0,0,0.0,0.0,0,0.0,0.0,1,0.0,-34.9,0.0,0.0,0.0,0.0,0.0,0.0,0.0,1.0,Bluefield University,0.0,-34.9,-19.96,100.0,True,0.0,0.0,0.0,False,,,,,,,,,0.0,,,,,,,,,,,,,,,,0.0,,,,,,,,,,,,,,,,,,,,15.749999999999998,549
Oakland City,2,0,0,0.0,0.0,0,0.0,0.0,0,0.0,0.0,2,0.0,-53.4,0.0,0.0,0.0,0.0,0.0,0.0,0.0,2.0,Oakland City,0.0,-53.4,-33.36,100.0,True,0.0,0.0,0.0,False,,,,,,,,,0.0,,,,,,,,,,,,,,,,0.0,,,,,,,,,,,,,,,,,,,,15.749999999999998,549
Mid-Atlantic Christian,4,0,0,0.0,0.0,1,0.0,-55.9,1,0.0,-81.4,2,0.0,-58.0,0.0,0.0,0.0,1.0,0.0,1.0,0.0,2.0,Mid-Atlantic Christian,0.0,-63.785714285714285,-32.51428571428572,72.1881390593047,True,0.0,0.0,0.0,False,,,,,,,,,0.0,,,,,,,,,,,,,,,,0.0,,,,,,,,,,,,,,,,,,,,15.749999999999998,549
Montana-Western,1,0,0,0.0,0.0,0,0.0,0.0,1,0.0,-19.6,0,0.0,0.0,0.0,0.0,0.0,0.0,0.0,1.0,0.0,0.0,Montana-Western,0.0,-19.6,-7.840000000000001,61.82685753237901,True,0.0,0.0,0.0,False,,,,,,,,,0.0,,,,,,,,,,,,,,,,0.0,,,,,,,,,,,,,,,,,,,,15.749999999999998,549
Arkansas Baptist,3,0,0,0.0,0.0,0,0.0,0.0,0,0.0,0.0,3,0.0,-18.9,0.0,0.0,0.0,0.0,0.0,0.0,0.0,3.0,Arkansas Baptist,0.0,-18.9,-25.56,100.0,True,0.0,0.0,0.0,False,,,,,,,,,0.0,,,,,,,,,,,,,,,,0.0,,,,,,,,,,,,,,,,,,,,15.749999999999998,549
Willamette,1,0,0,0.0,0.0,0,0.0,0.0,0,0.0,0.0,1,0.0,-43.5,0.0,0.0,0.0,0.0,0.0,0.0,0.0,1.0,Willamette,0.0,-43.5,-23.400000000000002,100.0,True,0.0,0.0,0.0,False,,,,,,,,,0.0,,,,,,,,,,,,,,,,0.0,,,,,,,,,,,,,,,,,,,,15.749999999999998,549
Williams Baptist,1,0,0,0.0,0.0,0,0.0,0.0,0,0.0,0.0,1,0.0,-17.2,0.0,0.0,0.0,0.0,0.0,0.0,0.0,1.0,Williams Baptist,0.0,-17.2,-12.879999999999999,100.0,True,0.0,0.0,0.0,False,,,,,,,,,0.0,,,,,,,,,,,,,,,,0.0,,,,,,,,,,,,,,,,,,,,15.749999999999998,549
Averett,2,0,1,0.0,-113.8,0,0.0,0.0,1,0.0,-63.6,0,0.0,0.0,0.0,1.0,0.0,0.0,0.0,1.0,0.0,0.0,Averett,0.0,-96.3391304347826,-28.535652173913043,53.101567825494215,False,0.0,0.0,0.0,False,,,,,,,,,0.0,,,,,,,,,,,,,,,,0.0,,,,,,,,,,,,,,,,,,,,15.749999999999998,549
Midway University,4,0,0,0.0,0.0,1,0.0,-69.2,0,0.0,0.0,3,0.0,-53.5,0.0,0.0,0.0,1.0,0.0,0.0,0.0,3.0,Midway University,0.0,-61.349999999999994,-37.54,81.73142467620995,True,0.0,0.0,0.0,False,,,,,,,,,0.0,,,,,,,,,,,,,,,,0.0,,,,,,,,,,,,,,,,,,,,15.749999999999998,549
Midwestern State,1,0,0,0.0,0.0,0,0.0,0.0,1,0.0,-15.0,0,0.0,0.0,0.0,0.0,0.0,0.0,0.0,1.0,0.0,0.0,Midwestern State,0.0,-15.0,-6.0,61.82685753237901,True,0.0,0.0,0.0,False,,,,,,,,,0.0,,,,,,,,,,,,,,,,0.0,,,,,,,,,,,,,,,,,,,,15.749999999999998,549
Milligan,2,0,1,0.0,-75.2,0,0.0,0.0,0,0.0,0.0,1,0.0,-68.9,0.0,1.0,0.0,0.0,0.0,0.0,0.0,1.0,Milligan,0.0,-73.87368421052632,-25.54947368421053,72.1881390593047,True,0.0,0.0,0.0,False,,,,,,,,,0.0,,,,,,,,,,,,,,,,0.0,,,,,,,,,,,,,,,,,,,,15.749999999999998,549
Brewton-Parker,2,0,0,0.0,0.0,0,0.0,0.0,0,0.0,0.0,2,0.0,-27.1,0.0,0.0,0.0,0.0,0.0,0.0,0.0,2.0,Brewton-Parker,0.0,-27.1,-22.840000000000003,100.0,True,0.0,0.0,0.0,False,,,,,,,,,0.0,,,,,,,,,,,,,,,,0.0,,,,,,,,,,,,,,,,,,,,15.749999999999998,549
Bryan (TN),4,0,0,0.0,0.0,1,0.0,-159.8,2,0.0,-80.8,1,0.0,-76.5,0.0,0.0,0.0,1.0,0.0,2.0,0.0,1.0,Bryan (TN),0.0,-109.88750000000002,-44.95500000000001,62.64485344239945,True,0.0,0.0,0.0,False,,,,,,,,,0.0,,,,,,,,,,,,,,,,0.0,,,,,,,,,,,,,,,,,,,,15.749999999999998,549
William Carey,2,0,0,0.0,0.0,0,0.0,0.0,1,0.0,-30.6,1,0.0,-40.1,0.0,0.0,0.0,0.0,0.0,1.0,0.0,1.0,William Carey,0.0,-33.76666666666667,-19.506666666666668,80.9134287661895,True,0.0,0.0,0.0,False,,,,,,,,,0.0,,,,,,,,,,,,,,,,0.0,,,,,,,,,,,,,,,,,,,,15.749999999999998,549
Alabama State,1,0,0,0.0,0.0,0,0.0,0.0,0,0.0,0.0,1,0.0,-2.8,0.0,0.0,0.0,0.0,0.0,0.0,0.0,1.0,Alabama State,0.0,-2.7999999999999994,-7.12,100.0,True,0.0,0.0,0.0,False,,,,,,,,,0.0,,,,,,,,,,,,,,,,0.0,,,,,,,,,,,,,,,,,,,,15.749999999999998,549
Alaska Anchorage,1,0,0,0.0,0.0,0,0.0,0.0,0,0.0,0.0,1,0.0,-56.4,0.0,0.0,0.0,0.0,0.0,0.0,0.0,1.0,Alaska Anchorage,0.0,-56.400000000000006,-28.560000000000002,100.0,True,0.0,0.0,0.0,False,,,,,,,,,0.0,,,,,,,,,,,,,,,,0.0,,,,,,,,,,,,,,,,,,,,15.749999999999998,549
Albany St (GA),1,0,0,0.0,0.0,0,0.0,0.0,0,0.0,0.0,1,0.0,-22.4,0.0,0.0,0.0,0.0,0.0,0.0,0.0,1.0,Albany St (GA),0.0,-22.399999999999995,-14.959999999999999,100.0,True,0.0,0.0,0.0,False,,,,,,,,,0.0,,,,,,,,,,,,,,,,0.0,,,,,,,,,,,,,,,,,,,,15.749999999999998,549
Alfred State,1,0,0,0.0,0.0,0,0.0,0.0,1,0.0,-81.5,0,0.0,0.0,0.0,0.0,0.0,0.0,0.0,1.0,0.0,0.0,Alfred State,0.0,-81.5,-32.6,61.82685753237901,True,0.0,0.0,0.0,False,,,,,,,,,0.0,,,,,,,,,,,,,,,,0.0,,,,,,,,,,,,,,,,,,,,15.749999999999998,549
Alice Lloyd College,1,0,0,0.0,0.0,0,0.0,0.0,0,0.0,0.0,1,0.0,-71.6,0.0,0.0,0.0,0.0,0.0,0.0,0.0,1.0,Alice Lloyd College,0.0,-71.6,-34.64,100.0,True,0.0,0.0,0.0,False,,,,,,,,,0.0,,,,,,,,,,,,,,,,0.0,,,,,,,,,,,,,,,,,,,,15.749999999999998,549
Allegheny,1,0,0,0.0,0.0,0,0.0,0.0,0,0.0,0.0,1,0.0,-70.6,0.0,0.0,0.0,0.0,0.0,0.0,0.0,1.0,Allegheny,0.0,-70.6,-34.239999999999995,100.0,True,0.0,0.0,0.0,False,,,,,,,,,0.0,,,,,,,,,,,,,,,,0.0,,,,,,,,,,,,,,,,,,,,15.749999999999998,549
York College Nebraska,1,0,0,0.0,0.0,0,0.0,0.0,0,0.0,0.0,1,0.0,-69.3,0.0,0.0,0.0,0.0,0.0,0.0,0.0,1.0,York College Nebraska,0.0,-69.3,-33.72,100.0,True,0.0,0.0,0.0,False,,,,,,,,,0.0,,,,,,,,,,,,,,,,0.0,,,,,,,,,,,,,,,,,,,,15.749999999999998,549
Adrian,1,0,0,0.0,0.0,0,0.0,0.0,0,0.0,0.0,1,0.0,-57.3,0.0,0.0,0.0,0.0,0.0,0.0,0.0,1.0,Adrian,0.0,-57.300000000000004,-28.92,100.0,True,0.0,0.0,0.0,False,,,,,,,,,0.0,,,,,,,,,,,,,,,,0.0,,,,,,,,,,,,,,,,,,,,15.749999999999998,549
Arkansas Tech,1,0,0,0.0,0.0,0,0.0,0.0,1,0.0,-71.4,0,0.0,0.0,0.0,0.0,0.0,0.0,0.0,1.0,0.0,0.0,Arkansas Tech,0.0,-71.4,-28.560000000000002,61.82685753237901,True,0.0,0.0,0.0,False,,,,,,,,,0.0,,,,,,,,,,,,,,,,0.0,,,,,,,,,,,,,,,,,,,,15.749999999999998,549
Oakwood,3,0,0,0.0,0.0,0,0.0,0.0,3,0.0,-68.2,0,0.0,0.0,0.0,0.0,0.0,0.0,0.0,3.0,0.0,0.0,Oakwood,0.0,-68.19999999999999,-27.279999999999998,61.82685753237901,True,0.0,0.0,0.0,False,,,,,,,,,0.0,,,,,,,,,,,,,,,,0.0,,,,,,,,,,,,,,,,,,,,15.749999999999998,549
Kean,1,0,0,0.0,0.0,0,0.0,0.0,0,0.0,0.0,1,0.0,-2.9,0.0,0.0,0.0,0.0,0.0,0.0,0.0,1.0,Kean,0.0,-2.8999999999999995,-7.16,100.0,True,0.0,0.0,0.0,False,,,,,,,,,0.0,,,,,,,,,,,,,,,,0.0,,,,,,,,,,,,,,,,,,,,15.749999999999998,549
Kentucky Christian,4,0,1,0.0,-101.5,1,0.0,-59.2,0,0.0,0.0,2,0.0,-54.8,0.0,1.0,0.0,1.0,0.0,0.0,0.0,2.0,Kentucky Christian,0.0,-76.32285714285715,-32.52914285714286,63.4628493524199,True,0.0,0.0,0.0,False,,,,,,,,,0.0,,,,,,,,,,,,,,,,0.0,,,,,,,,,,,,,,,,,,,,15.749999999999998,549
LaGrange,2,0,0,0.0,0.0,0,0.0,0.0,2,0.0,-63.9,0,0.0,0.0,0.0,0.0,0.0,0.0,0.0,2.0,0.0,0.0,LaGrange,0.0,-63.900000000000006,-25.560000000000002,61.82685753237901,True,0.0,0.0,0.0,False,,,,,,,,,0.0,,,,,,,,,,,,,,,,0.0,,,,,,,,,,,,,,,,,,,,15.749999999999998,549
Lancasater Bible College,1,0,0,0.0,0.0,0,0.0,0.0,0,0.0,0.0,1,0.0,-41.2,0.0,0.0,0.0,0.0,0.0,0.0,0.0,1.0,Lancasater Bible College,0.0,-41.199999999999996,-22.48,100.0,True,0.0,0.0,0.0,False,,,,,,,,,0.0,,,,,,,,,,,,,,,,0.0,,,,,,,,,,,,,,,,,,,,15.749999999999998,549
Lane College,1,0,0,0.0,0.0,0,0.0,0.0,0,0.0,0.0,1,0.0,-8.6,0.0,0.0,0.0,0.0,0.0,0.0,0.0,1.0,Lane College,0.0,-8.6,-9.44,100.0,True,0.0,0.0,0.0,False,,,,,,,,,0.0,,,,,,,,,,,,,,,,0.0,,,,,,,,,,,,,,,,,,,,15.749999999999998,549
Lawrence University,1,0,0,0.0,0.0,1,0.0,-57.5,0,0.0,0.0,0,0.0,0.0,0.0,0.0,0.0,1.0,0.0,0.0,0.0,0.0,Lawrence University,0.0,-57.5,-3.0,53.101567825494215,False,0.0,0.0,0.0,False,,,,,,,,,0.0,,,,,,,,,,,,,,,,0.0,,,,,,,,,,,,,,,,,,,,15.749999999999998,549
LeTourneau,1,0,0,0.0,0.0,0,0.0,0.0,1,0.0,-49.7,0,0.0,0.0,0.0,0.0,0.0,0.0,0.0,1.0,0.0,0.0,LeTourneau,0.0,-49.7,-19.880000000000003,61.82685753237901,True,0.0,0.0,0.0,False,,,,,,,,,0.0,,,,,,,,,,,,,,,,0.0,,,,,,,,,,,,,,,,,,,,15.749999999999998,549
Johnson & Wales (RI),2,0,0,0.0,0.0,0,0.0,0.0,2,0.0,-90.6,0,0.0,0.0,0.0,0.0,0.0,0.0,0.0,2.0,0.0,0.0,Johnson & Wales (RI),0.0,-90.6,-36.24,61.82685753237901,True,0.0,0.0,0.0,False,,,,,,,,,0.0,,,,,,,,,,,,,,,,0.0,,,,,,,,,,,,,,,,,,,,15.749999999999998,549
Manor College,2,0,0,0.0,0.0,0,0.0,0.0,1,0.0,-28.4,1,0.0,-86.0,0.0,0.0,0.0,0.0,0.0,1.0,0.0,1.0,Manor College,0.0,-47.599999999999994,-25.04,80.9134287661895,True,0.0,0.0,0.0,False,,,,,,,,,0.0,,,,,,,,,,,,,,,,0.0,,,,,,,,,,,,,,,,,,,,15.749999999999998,549
Occidental,1,0,0,0.0,0.0,0,0.0,0.0,0,0.0,0.0,1,0.0,-42.8,0.0,0.0,0.0,0.0,0.0,0.0,0.0,1.0,Occidental,0.0,-42.8,-23.12,100.0,True,0.0,0.0,0.0,False,,,,,,,,,0.0,,,,,,,,,,,,,,,,0.0,,,,,,,,,,,,,,,,,,,,15.749999999999998,549
Valley Forge,1,0,0,0.0,0.0,0,0.0,0.0,0,0.0,0.0,1,0.0,-54.0,0.0,0.0,0.0,0.0,0.0,0.0,0.0,1.0,Valley Forge,0.0,-54.0,-27.6,100.0,True,0.0,0.0,0.0,False,,,,,,,,,0.0,,,,,,,,,,,,,,,,0.0,,,,,,,,,,,,,,,,,,,,15.749999999999998,549
Vermont State - Johnson,3,0,0,0.0,0.0,0,0.0,0.0,2,0.0,-81.3,1,0.0,-62.0,0.0,0.0,0.0,0.0,0.0,2.0,0.0,1.0,Vermont State - Johnson,0.0,-77.44000000000001,-36.976000000000006,74.55123835491932,True,0.0,0.0,0.0,False,,,,,,,,,0.0,,,,,,,,,,,,,,,,0.0,,,,,,,,,,,,,,,,,,,,15.749999999999998,549
Life Pacific,2,0,0,0.0,0.0,1,0.0,-45.4,0,0.0,0.0,1,0.0,-10.3,0.0,0.0,0.0,1.0,0.0,0.0,0.0,1.0,Life Pacific,0.0,-36.62499999999999,-10.649999999999999,72.1881390593047,True,0.0,0.0,0.0,False,,,,,,,,,0.0,,,,,,,,,,,,,,,,0.0,,,,,,,,,,,,,,,,,,,,15.749999999999998,549
Lincoln University (CA),5,0,0,0.0,0.0,1,0.0,-59.7,2,0.0,-108.5,2,0.0,-58.6,0.0,0.0,0.0,1.0,0.0,2.0,0.0,2.0,Lincoln University (CA),0.0,-81.14444444444446,-40.457777777777785,68.37082481254261,True,0.0,0.0,0.0,False,,,,,,,,,0.0,,,,,,,,,,,,,,,,0.0,,,,,,,,,,,,,,,,,,,,15.749999999999998,549
La Sierra,3,0,0,0.0,0.0,0,0.0,0.0,1,0.0,-77.8,2,0.0,-67.7,0.0,0.0,0.0,0.0,0.0,1.0,0.0,2.0,La Sierra,0.0,-72.75,-41.1,87.27561917745966,True,0.0,0.0,0.0,False,,,,,,,,,0.0,,,,,,,,,,,,,,,,0.0,,,,,,,,,,,,,,,,,,,,15.749999999999998,549
Northeastern State,1,0,0,0.0,0.0,0,0.0,0.0,1,0.0,-29.7,0,0.0,0.0,0.0,0.0,0.0,0.0,0.0,1.0,0.0,0.0,Northeastern State,0.0,-29.7,-11.88,61.82685753237901,True,0.0,0.0,0.0,False,,,,,,,,,0.0,,,,,,,,,,,,,,,,0.0,,,,,,,,,,,,,,,,,,,,15.749999999999998,549
Justice College,3,0,0,0.0,0.0,0,0.0,0.0,1,0.0,-62.0,2,0.0,-57.6,0.0,0.0,0.0,0.0,0.0,1.0,0.0,2.0,Justice College,0.0,-59.800000000000004,-35.92,87.27561917745966,True,0.0,0.0,0.0,False,,,,,,,,,0.0,,,,,,,,,,,,,,,,0.0,,,,,,,,,,,,,,,,,,,,15.749999999999998,549
Kansas Christian,1,0,0,0.0,0.0,0,0.0,0.0,1,0.0,-82.3,0,0.0,0.0,0.0,0.0,0.0,0.0,0.0,1.0,0.0,0.0,Kansas Christian,0.0,-82.3,-32.92,61.82685753237901,True,0.0,0.0,0.0,False,,,,,,,,,0.0,,,,,,,,,,,,,,,,0.0,,,,,,,,,,,,,,,,,,,,15.749999999999998,549
Penn St Abington,2,0,0,0.0,0.0,1,0.0,-76.6,1,0.0,-48.0,0,0.0,0.0,0.0,0.0,0.0,1.0,0.0,1.0,0.0,0.0,Penn St Abington,0.0,-65.16,-16.064,53.101567825494215,False,0.0,0.0,0.0,False,,,,,,,,,0.0,,,,,,,,,,,,,,,,0.0,,,,,,,,,,,,,,,,,,,,15.749999999999998,549
Oglethorpe,1,0,0,0.0,0.0,0,0.0,0.0,1,0.0,-79.5,0,0.0,0.0,0.0,0.0,0.0,0.0,0.0,1.0,0.0,0.0,Oglethorpe,0.0,-79.5,-31.8,61.82685753237901,True,0.0,0.0,0.0,False,,,,,,,,,0.0,,,,,,,,,,,,,,,,0.0,,,,,,,,,,,,,,,,,,,,15.749999999999998,549
Ohio Christian,1,0,0,0.0,0.0,0,0.0,0.0,1,0.0,-58.1,0,0.0,0.0,0.0,0.0,0.0,0.0,0.0,1.0,0.0,0.0,Ohio Christian,0.0,-58.1,-23.240000000000002,61.82685753237901,True,0.0,0.0,0.0,False,,,,,,,,,0.0,,,,,,,,,,,,,,,,0.0,,,,,,,,,,,,,,,,,,,,15.749999999999998,549
Ohio Wesleyan,2,0,0,0.0,0.0,1,0.0,-101.7,0,0.0,0.0,1,0.0,-50.7,0.0,0.0,0.0,1.0,0.0,0.0,0.0,1.0,Ohio Wesleyan,0.0,-88.94999999999999,-31.58,72.1881390593047,True,0.0,0.0,0.0,False,,,,,,,,,0.0,,,,,,,,,,,,,,,,0.0,,,,,,,,,,,,,,,,,,,,15.749999999999998,549
Oklahoma Christian,1,0,1,0.0,-60.3,0,0.0,0.0,0,0.0,0.0,0,0.0,0.0,0.0,1.0,0.0,0.0,0.0,0.0,0.0,0.0,Oklahoma Christian,0.0,-60.29999999999999,-4.119999999999997,53.101567825494215,False,0.0,0.0,0.0,False,,,,,,,,,0.0,,,,,,,,,,,,,,,,0.0,,,,,,,,,,,,,,,,,,,,15.749999999999998,549
Old Westbury,1,0,0,0.0,0.0,1,0.0,-121.3,0,0.0,0.0,0,0.0,0.0,0.0,0.0,0.0,1.0,0.0,0.0,0.0,0.0,Old Westbury,0.0,-121.30000000000001,-28.52000000000001,53.101567825494215,False,0.0,0.0,0.0,False,,,,,,,,,0.0,,,,,,,,,,,,,,,,0.0,,,,,,,,,,,,,,,,,,,,15.749999999999998,549
Olivet,1,0,0,0.0,0.0,0,0.0,0.0,0,0.0,0.0,1,0.0,-26.8,0.0,0.0,0.0,0.0,0.0,0.0,0.0,1.0,Olivet,0.0,-26.8,-16.72,100.0,True,0.0,0.0,0.0,False,,,,,,,,,0.0,,,,,,,,,,,,,,,,0.0,,,,,,,,,,,,,,,,,,,,15.749999999999998,549
Northwest Indian,3,0,0,0.0,0.0,0,0.0,0.0,3,0.0,-90.5,0,0.0,0.0,0.0,0.0,0.0,0.0,0.0,3.0,0.0,0.0,Northwest Indian,0.0,-90.5,-36.2,61.82685753237901,True,0.0,0.0,0.0,False,,,,,,,,,0.0,,,,,,,,,,,,,,,,0.0,,,,,,,,,,,,,,,,,,,,15.749999999999998,549
Northwest University,1,0,0,0.0,0.0,0,0.0,0.0,1,0.0,-57.9,0,0.0,0.0,0.0,0.0,0.0,0.0,0.0,1.0,0.0,0.0,Northwest University,0.0,-57.9,-23.16,61.82685753237901,True,0.0,0.0,0.0,False,,,,,,,,,0.0,,,,,,,,,,,,,,,,0.0,,,,,,,,,,,,,,,,,,,,15.749999999999998,549
Northwestern Oklahoma State,1,0,0,0.0,0.0,0,0.0,0.0,1,0.0,-67.1,0,0.0,0.0,0.0,0.0,0.0,0.0,0.0,1.0,0.0,0.0,Northwestern Oklahoma State,0.0,-67.1,-26.84,61.82685753237901,True,0.0,0.0,0.0,False,,,,,,,,,0.0,,,,,,,,,,,,,,,,0.0,,,,,,,,,,,,,,,,,,,,15.749999999999998,549
Notre Dame (MD),3,0,0,0.0,0.0,0,0.0,0.0,2,0.0,-49.8,1,0.0,-60.8,0.0,0.0,0.0,0.0,0.0,2.0,0.0,1.0,Notre Dame (MD),0.0,-52.0,-26.8,74.55123835491932,True,0.0,0.0,0.0,False,,,,,,,,,0.0,,,,,,,,,,,,,,,,0.0,,,,,,,,,,,,,,,,,,,,15.749999999999998,549
Ozark Christian,1,0,0,0.0,0.0,0,0.0,0.0,1,0.0,-98.2,0,0.0,0.0,0.0,0.0,0.0,0.0,0.0,1.0,0.0,0.0,Ozark Christian,0.0,-98.2,-39.28,61.82685753237901,True,0.0,0.0,0.0,False,,,,,,,,,0.0,,,,,,,,,,,,,,,,0.0,,,,,,,,,,,,,,,,,,,,15.749999999999998,549
Pacific Lutheran,1,0,0,0.0,0.0,0,0.0,0.0,0,0.0,0.0,1,0.0,-31.6,0.0,0.0,0.0,0.0,0.0,0.0,0.0,1.0,Pacific Lutheran,0.0,-31.6,-18.64,100.0,True,0.0,0.0,0.0,False,,,,,,,,,0.0,,,,,,,,,,,,,,,,0.0,,,,,,,,,,,,,,,,,,,,15.749999999999998,549
Pacific Union,1,0,0,0.0,0.0,0,0.0,0.0,1,0.0,-86.3,0,0.0,0.0,0.0,0.0,0.0,0.0,0.0,1.0,0.0,0.0,Pacific Union,0.0,-86.3,-34.52,61.82685753237901,True,0.0,0.0,0.0,False,,,,,,,,,0.0,,,,,,,,,,,,,,,,0.0,,,,,,,,,,,,,,,,,,,,15.749999999999998,549
Paine,1,0,0,0.0,0.0,1,0.0,-110.5,0,0.0,0.0,0,0.0,0.0,0.0,0.0,0.0,1.0,0.0,0.0,0.0,0.0,Paine,0.0,-110.5,-24.200000000000003,53.101567825494215,False,0.0,0.0,0.0,False,,,,,,,,,0.0,,,,,,,,,,,,,,,,0.0,,,,,,,,,,,,,,,,,,,,15.749999999999998,549
Park University Gilbert,1,0,0,0.0,0.0,0,0.0,0.0,1,0.0,-16.3,0,0.0,0.0,0.0,0.0,0.0,0.0,0.0,1.0,0.0,0.0,Park University Gilbert,0.0,-16.3,-6.5200000000000005,61.82685753237901,True,0.0,0.0,0.0,False,,,,,,,,,0.0,,,,,,,,,,,,,,,,0.0,,,,,,,,,,,,,,,,,,,,15.749999999999998,549
Paul Quinn,1,0,0,0.0,0.0,0,0.0,0.0,0,0.0,0.0,1,0.0,-58.5,0.0,0.0,0.0,0.0,0.0,0.0,0.0,1.0,Paul Quinn,0.0,-58.5,-29.400000000000002,100.0,True,0.0,0.0,0.0,False,,,,,,,,,0.0,,,,,,,,,,,,,,,,0.0,,,,,,,,,,,,,,,,,,,,15.749999999999998,549
Paul Smith's,1,0,0,0.0,0.0,0,0.0,0.0,0,0.0,0.0,1,0.0,-74.5,0.0,0.0,0.0,0.0,0.0,0.0,0.0,1.0,Paul Smith's,0.0,-74.5,-35.8,100.0,True,0.0,0.0,0.0,False,,,,,,,,,0.0,,,,,,,,,,,,,,,,0.0,,,,,,,,,,,,,,,,,,,,15.749999999999998,549
Jarvis Christian,2,0,0,0.0,0.0,0,0.0,0.0,1,0.0,-67.2,1,0.0,-51.8,0.0,0.0,0.0,0.0,0.0,1.0,0.0,1.0,Jarvis Christian,0.0,-62.06666666666666,-30.826666666666668,80.9134287661895,True,0.0,0.0,0.0,False,,,,,,,,,0.0,,,,,,,,,,,,,,,,0.0,,,,,,,,,,,,,,,,,,,,15.749999999999998,549
Jessup University,1,0,0,0.0,0.0,0,0.0,0.0,0,0.0,0.0,1,0.0,-12.5,0.0,0.0,0.0,0.0,0.0,0.0,0.0,1.0,Jessup University,0.0,-12.5,-11.0,100.0,True,0.0,0.0,0.0,False,,,,,,,,,0.0,,,,,,,,,,,,,,,,0.0,,,,,,,,,,,,,,,,,,,,15.749999999999998,549
John Brown,1,0,0,0.0,0.0,0,0.0,0.0,0,0.0,0.0,1,0.0,-50.7,0.0,0.0,0.0,0.0,0.0,0.0,0.0,1.0,John Brown,0.0,-50.7,-26.28,100.0,True,0.0,0.0,0.0,False,,,,,,,,,0.0,,,,,,,,,,,,,,,,0.0,,,,,,,,,,,,,,,,,,,,15.749999999999998,549
John Jay College,1,0,0,0.0,0.0,0,0.0,0.0,0,0.0,0.0,1,0.0,-65.9,0.0,0.0,0.0,0.0,0.0,0.0,0.0,1.0,John Jay College,0.0,-65.9,-32.36,100.0,True,0.0,0.0,0.0,False,,,,,,,,,0.0,,,,,,,,,,,,,,,,0.0,,,,,,,,,,,,,,,,,,,,15.749999999999998,549
Johnson & Wales (NC),1,0,0,0.0,0.0,0,0.0,0.0,0,0.0,0.0,1,0.0,-108.7,0.0,0.0,0.0,0.0,0.0,0.0,0.0,1.0,Johnson & Wales (NC),0.0,-108.7,-49.480000000000004,100.0,True,0.0,0.0,0.0,False,,,,,,,,,0.0,,,,,,,,,,,,,,,,0.0,,,,,,,,,,,,,,,,,,,,15.749999999999998,549
Huston-Tillotson,2,0,0,0.0,0.0,0,0.0,0.0,1,0.0,-59.5,1,0.0,-30.2,0.0,0.0,0.0,0.0,0.0,1.0,0.0,1.0,Huston-Tillotson,0.0,-49.73333333333333,-25.89333333333333,80.9134287661895,True,0.0,0.0,0.0,False,,,,,,,,,0.0,,,,,,,,,,,,,,,,0.0,,,,,,,,,,,,,,,,,,,,15.749999999999998,549
IU Columbus,1,0,0,0.0,0.0,0,0.0,0.0,0,0.0,0.0,1,0.0,-59.2,0.0,0.0,0.0,0.0,0.0,0.0,0.0,1.0,IU Columbus,0.0,-59.2,-29.680000000000003,100.0,True,0.0,0.0,0.0,False,,,,,,,,,0.0,,,,,,,,,,,,,,,,0.0,,,,,,,,,,,,,,,,,,,,15.749999999999998,549
Penn State-New Kensington,1,0,0,0.0,0.0,0,0.0,0.0,0,0.0,0.0,1,0.0,-84.3,0.0,0.0,0.0,0.0,0.0,0.0,0.0,1.0,Penn State-New Kensington,0.0,-84.3,-39.72,100.0,True,0.0,0.0,0.0,False,,,,,,,,,0.0,,,,,,,,,,,,,,,,0.0,,,,,,,,,,,,,,,,,,,,15.749999999999998,549
Penn State-Shenango,3,0,1,0.0,-82.9,1,0.0,-85.1,0,0.0,0.0,1,0.0,-82.2,0.0,1.0,0.0,1.0,0.0,0.0,0.0,1.0,Penn State-Shenango,0.0,-83.66129032258065,-26.13118279569893,57.10065894114974,False,0.0,0.0,0.0,False,,,,,,,,,0.0,,,,,,,,,,,,,,,,0.0,,,,,,,,,,,,,,,,,,,,15.749999999999998,549
Penn State-York,1,0,0,0.0,0.0,0,0.0,0.0,1,0.0,-33.3,0,0.0,0.0,0.0,0.0,0.0,0.0,0.0,1.0,0.0,0.0,Penn State-York,0.0,-33.3,-13.32,61.82685753237901,True,0.0,0.0,0.0,False,,,,,,,,,0.0,,,,,,,,,,,,,,,,0.0,,,,,,,,,,,,,,,,,,,,15.749999999999998,549
Pensacola Christian College,1,0,0,0.0,0.0,0,0.0,0.0,1,0.0,-105.3,0,0.0,0.0,0.0,0.0,0.0,0.0,0.0,1.0,0.0,0.0,Pensacola Christian College,0.0,-105.30000000000001,-42.120000000000005,61.82685753237901,True,0.0,0.0,0.0,False,,,,,,,,,0.0,,,,,,,,,,,,,,,,0.0,,,,,,,,,,,,,,,,,,,,15.749999999999998,549
Peru State,1,0,0,0.0,0.0,0,0.0,0.0,1,0.0,-84.5,0,0.0,0.0,0.0,0.0,0.0,0.0,0.0,1.0,0.0,0.0,Peru State,0.0,-84.5,-33.800000000000004,61.82685753237901,True,0.0,0.0,0.0,False,,,,,,,,,0.0,,,,,,,,,,,,,,,,0.0,,,,,,,,,,,,,,,,,,,,15.749999999999998,549
Illinois Tech,2,0,0,0.0,0.0,0,0.0,0.0,1,0.0,-37.5,1,0.0,-54.4,0.0,0.0,0.0,0.0,0.0,1.0,0.0,1.0,Illinois Tech,0.0,-43.13333333333333,-23.253333333333334,80.9134287661895,True,0.0,0.0,0.0,False,,,,,,,,,0.0,,,,,,,,,,,,,,,,0.0,,,,,,,,,,,,,,,,,,,,15.749999999999998,549
Indiana University East,2,0,1,0.0,-58.1,0,0.0,0.0,0,0.0,0.0,1,0.0,-87.0,0.0,1.0,0.0,0.0,0.0,0.0,0.0,1.0,Indiana University East,0.0,-64.1842105263158,-21.673684210526318,72.1881390593047,True,0.0,0.0,0.0,False,,,,,,,,,0.0,,,,,,,,,,,,,,,,0.0,,,,,,,,,,,,,,,,,,,,15.749999999999998,549
Holy Cross College (IN),1,0,0,0.0,0.0,0,0.0,0.0,0,0.0,0.0,1,0.0,-45.0,0.0,0.0,0.0,0.0,0.0,0.0,0.0,1.0,Holy Cross College (IN),0.0,-45.0,-24.0,100.0,True,0.0,0.0,0.0,False,,,,,,,,,0.0,,,,,,,,,,,,,,,,0.0,,,,,,,,,,,,,,,,,,,,15.749999999999998,549
Holy Family University,1,0,0,0.0,0.0,0,0.0,0.0,0,0.0,0.0,1,0.0,-18.5,0.0,0.0,0.0,0.0,0.0,0.0,0.0,1.0,Holy Family University,0.0,-18.5,-13.4,100.0,True,0.0,0.0,0.0,False,,,,,,,,,0.0,,,,,,,,,,,,,,,,0.0,,,,,,,,,,,,,,,,,,,,15.749999999999998,549
Houghton,1,0,0,0.0,0.0,0,0.0,0.0,0,0.0,0.0,1,0.0,-36.6,0.0,0.0,0.0,0.0,0.0,0.0,0.0,1.0,Houghton,0.0,-36.6,-20.64,100.0,True,0.0,0.0,0.0,False,,,,,,,,,0.0,,,,,,,,,,,,,,,,0.0,,,,,,,,,,,,,,,,,,,,15.749999999999998,549
Pfeiffer,2,0,1,0.0,-85.3,0,0.0,0.0,1,0.0,-67.7,0,0.0,0.0,0.0,1.0,0.0,0.0,0.0,1.0,0.0,0.0,Pfeiffer,0.0,-79.17826086956522,-21.67130434782609,53.101567825494215,False,0.0,0.0,0.0,False,,,,,,,,,0.0,,,,,,,,,,,,,,,,0.0,,,,,,,,,,,,,,,,,,,,15.749999999999998,549
Ottawa (AZ),1,0,0,0.0,0.0,0,0.0,0.0,1,0.0,-48.4,0,0.0,0.0,0.0,0.0,0.0,0.0,0.0,1.0,0.0,0.0,Ottawa (AZ),0.0,-48.4,-19.36,61.82685753237901,True,0.0,0.0,0.0,False,,,,,,,,,0.0,,,,,,,,,,,,,,,,0.0,,,,,,,,,,,,,,,,,,,,15.749999999999998,549
Our Lady Of The Lake,1,0,0,0.0,0.0,0,0.0,0.0,1,0.0,-65.3,0,0.0,0.0,0.0,0.0,0.0,0.0,0.0,1.0,0.0,0.0,Our Lady Of The Lake,0.0,-65.3,-26.12,61.82685753237901,True,0.0,0.0,0.0,False,,,,,,,,,0.0,,,,,,,,,,,,,,,,0.0,,,,,,,,,,,,,,,,,,,,15.749999999999998,549
Haskell,2,0,0,0.0,0.0,0,0.0,0.0,0,0.0,0.0,2,0.0,-40.2,0.0,0.0,0.0,0.0,0.0,0.0,0.0,2.0,Haskell,0.0,-40.2,-28.080000000000002,100.0,True,0.0,0.0,0.0,False,,,,,,,,,0.0,,,,,,,,,,,,,,,,0.0,,,,,,,,,,,,,,,,,,,,15.749999999999998,549
Regent,2,0,0,0.0,0.0,1,0.0,-79.9,0,0.0,0.0,1,0.0,-105.3,0.0,0.0,0.0,1.0,0.0,0.0,0.0,1.0,Regent,0.0,-86.25,-30.5,72.1881390593047,True,0.0,0.0,0.0,False,,,,,,,,,0.0,,,,,,,,,,,,,,,,0.0,,,,,,,,,,,,,,,,,,,,15.749999999999998,549
Regis,1,0,0,0.0,0.0,0,0.0,0.0,0,0.0,0.0,1,0.0,-38.0,0.0,0.0,0.0,0.0,0.0,0.0,0.0,1.0,Regis,0.0,-38.0,-21.200000000000003,100.0,True,0.0,0.0,0.0,False,,,,,,,,,0.0,,,,,,,,,,,,,,,,0.0,,,,,,,,,,,,,,,,,,,,15.749999999999998,549
Regis (CO),1,0,0,0.0,0.0,1,0.0,-57.9,0,0.0,0.0,0,0.0,0.0,0.0,0.0,0.0,1.0,0.0,0.0,0.0,0.0,Regis (CO),0.0,-57.89999999999999,-3.1599999999999966,53.101567825494215,False,0.0,0.0,0.0,False,,,,,,,,,0.0,,,,,,,,,,,,,,,,0.0,,,,,,,,,,,,,,,,,,,,15.749999999999998,549
Reinhardt,2,0,0,0.0,0.0,0,0.0,0.0,2,0.0,-95.1,0,0.0,0.0,0.0,0.0,0.0,0.0,0.0,2.0,0.0,0.0,Reinhardt,0.0,-95.1,-38.04,61.82685753237901,True,0.0,0.0,0.0,False,,,,,,,,,0.0,,,,,,,,,,,,,,,,0.0,,,,,,,,,,,,,,,,,,,,15.749999999999998,549
Pittsburgh - Greensburg,1,0,0,0.0,0.0,0,0.0,0.0,1,0.0,-33.6,0,0.0,0.0,0.0,0.0,0.0,0.0,0.0,1.0,0.0,0.0,Pittsburgh - Greensburg,0.0,-33.6,-13.440000000000001,61.82685753237901,True,0.0,0.0,0.0,False,,,,,,,,,0.0,,,,,,,,,,,,,,,,0.0,,,,,,,,,,,,,,,,,,,,15.749999999999998,549
Plattsburgh St,1,0,0,0.0,0.0,0,0.0,0.0,1,0.0,-74.5,0,0.0,0.0,0.0,0.0,0.0,0.0,0.0,1.0,0.0,0.0,Plattsburgh St,0.0,-74.5,-29.8,61.82685753237901,True,0.0,0.0,0.0,False,,,,,,,,,0.0,,,,,,,,,,,,,,,,0.0,,,,,,,,,,,,,,,,,,,,15.749999999999998,549
Point University,1,0,0,0.0,0.0,1,0.0,-75.1,0,0.0,0.0,0,0.0,0.0,0.0,0.0,0.0,1.0,0.0,0.0,0.0,0.0,Point University,0.0,-75.1,-10.04,53.101567825494215,False,0.0,0.0,0.0,False,,,,,,,,,0.0,,,,,,,,,,,,,,,,0.0,,,,,,,,,,,,,,,,,,,,15.749999999999998,549
Principia College,1,0,1,0.0,-118.1,0,0.0,0.0,0,0.0,0.0,0,0.0,0.0,0.0,1.0,0.0,0.0,0.0,0.0,0.0,0.0,Principia College,0.0,-118.09999999999998,-27.239999999999995,53.101567825494215,False,0.0,0.0,0.0,False,,,,,,,,,0.0,,,,,,,,,,,,,,,,0.0,,,,,,,,,,,,,,,,,,,,15.749999999999998,549
Puget Sound,1,0,0,0.0,0.0,1,0.0,-92.0,0,0.0,0.0,0,0.0,0.0,0.0,0.0,0.0,1.0,0.0,0.0,0.0,0.0,Puget Sound,0.0,-92.0,-16.800000000000004,53.101567825494215,False,0.0,0.0,0.0,False,,,,,,,,,0.0,,,,,,,,,,,,,,,,0.0,,,,,,,,,,,,,,,,,,,,15.749999999999998,549
Penn State (Brandywine),2,0,0,0.0,0.0,0,0.0,0.0,0,0.0,0.0,2,0.0,-61.6,0.0,0.0,0.0,0.0,0.0,0.0,0.0,2.0,Penn State (Brandywine),0.0,-61.6,-36.64,100.0,True,0.0,0.0,0.0,False,,,,,,,,,0.0,,,,,,,,,,,,,,,,0.0,,,,,,,,,,,,,,,,,,,,15.749999999999998,549
Penn State Hazleton,1,0,0,0.0,0.0,0,0.0,0.0,0,0.0,0.0,1,0.0,-10.9,0.0,0.0,0.0,0.0,0.0,0.0,0.0,1.0,Penn State Hazleton,0.0,-10.9,-10.36,100.0,True,0.0,0.0,0.0,False,,,,,,,,,0.0,,,,,,,,,,,,,,,,0.0,,,,,,,,,,,,,,,,,,,,15.749999999999998,549
Morgan State,8,0,0,0.0,0.0,1,0.0,-75.8,4,0.0,-34.8,3,0.0,-17.6,0.0,0.0,0.0,1.0,0.0,4.0,0.0,3.0,Morgan State,0.0,-39.9,-31.46,67.41649625085208,True,0.0,0.0,0.0,False,,,,,,,,,0.0,,,,,,,,,,,,,,,,0.0,,,,,,,,,,,,,,,,,,,,15.749999999999998,549
Louisiana Christian,1,0,0,0.0,0.0,0,0.0,0.0,0,0.0,0.0,1,0.0,-89.5,0.0,0.0,0.0,0.0,0.0,0.0,0.0,1.0,Louisiana Christian,0.0,-89.5,-41.800000000000004,100.0,True,0.0,0.0,0.0,False,,,,,,,,,0.0,,,,,,,,,,,,,,,,0.0,,,,,,,,,,,,,,,,,,,,15.749999999999998,549
Lourdes University,1,0,0,0.0,0.0,0,0.0,0.0,1,0.0,-49.8,0,0.0,0.0,0.0,0.0,0.0,0.0,0.0,1.0,0.0,0.0,Lourdes University,0.0,-49.800000000000004,-19.92,61.82685753237901,True,0.0,0.0,0.0,False,,,,,,,,,0.0,,,,,,,,,,,,,,,,0.0,,,,,,,,,,,,,,,,,,,,15.749999999999998,549
Lyon,1,0,0,0.0,0.0,0,0.0,0.0,1,0.0,-95.2,0,0.0,0.0,0.0,0.0,0.0,0.0,0.0,1.0,0.0,0.0,Lyon,0.0,-95.2,-38.080000000000005,61.82685753237901,True,0.0,0.0,0.0,False,,,,,,,,,0.0,,,,,,,,,,,,,,,,0.0,,,,,,,,,,,,,,,,,,,,15.749999999999998,549
Lehman College,1,0,0,0.0,0.0,0,0.0,0.0,0,0.0,0.0,1,0.0,-67.9,0.0,0.0,0.0,0.0,0.0,0.0,0.0,1.0,Lehman College,0.0,-67.9,-33.160000000000004,100.0,True,0.0,0.0,0.0,False,,,,,,,,,0.0,,,,,,,,,,,,,,,,0.0,,,,,,,,,,,,,,,,,,,,15.749999999999998,549
Lewis & Clark,1,0,0,0.0,0.0,0,0.0,0.0,0,0.0,0.0,1,0.0,-21.3,0.0,0.0,0.0,0.0,0.0,0.0,0.0,1.0,Lewis & Clark,0.0,-21.3,-14.520000000000001,100.0,True,0.0,0.0,0.0,False,,,,,,,,,0.0,,,,,,,,,,,,,,,,0.0,,,,,,,,,,,,,,,,,,,,15.749999999999998,549
Washington Adventist,2,0,0,0.0,0.0,1,0.0,-7.8,0,0.0,0.0,1,0.0,-30.3,0.0,0.0,0.0,1.0,0.0,0.0,0.0,1.0,Washington Adventist,0.0,-13.424999999999999,-1.37,72.1881390593047,True,0.0,0.0,0.0,False,,,,,,,,,0.0,,,,,,,,,,,,,,,,0.0,,,,,,,,,,,,,,,,,,,,15.749999999999998,549
Maine-Augusta,1,0,0,0.0,0.0,0,0.0,0.0,1,0.0,-53.7,0,0.0,0.0,0.0,0.0,0.0,0.0,0.0,1.0,0.0,0.0,Maine-Augusta,0.0,-53.70000000000001,-21.480000000000004,61.82685753237901,True,0.0,0.0,0.0,False,,,,,,,,,0.0,,,,,,,,,,,,,,,,0.0,,,,,,,,,,,,,,,,,,,,15.749999999999998,549
Maine-Fort Kent,1,0,0,0.0,0.0,0,0.0,0.0,0,0.0,0.0,1,0.0,-57.8,0.0,0.0,0.0,0.0,0.0,0.0,0.0,1.0,Maine-Fort Kent,0.0,-57.8,-29.12,100.0,True,0.0,0.0,0.0,False,,,,,,,,,0.0,,,,,,,,,,,,,,,,0.0,,,,,,,,,,,,,,,,,,,,15.749999999999998,549
Manhattan Christian,1,0,1,0.0,-73.1,0,0.0,0.0,0,0.0,0.0,0,0.0,0.0,0.0,1.0,0.0,0.0,0.0,0.0,0.0,0.0,Manhattan Christian,0.0,-73.1,-9.239999999999998,53.101567825494215,False,0.0,0.0,0.0,False,,,,,,,,,0.0,,,,,,,,,,,,,,,,0.0,,,,,,,,,,,,,,,,,,,,15.749999999999998,549
Rockford,1,0,1,0.0,-74.0,0,0.0,0.0,0,0.0,0.0,0,0.0,0.0,0.0,1.0,0.0,0.0,0.0,0.0,0.0,0.0,Rockford,0.0,-74.0,-9.600000000000001,53.101567825494215,False,0.0,0.0,0.0,False,,,,,,,,,0.0,,,,,,,,,,,,,,,,0.0,,,,,,,,,,,,,,,,,,,,15.749999999999998,549
Rosemont,1,0,1,0.0,-99.6,0,0.0,0.0,0,0.0,0.0,0,0.0,0.0,0.0,1.0,0.0,0.0,0.0,0.0,0.0,0.0,Rosemont,0.0,-99.59999999999998,-19.839999999999996,53.101567825494215,False,0.0,0.0,0.0,False,,,,,,,,,0.0,,,,,,,,,,,,,,,,0.0,,,,,,,,,,,,,,,,,,,,15.749999999999998,549
Rowan,1,0,0,0.0,0.0,0,0.0,0.0,1,0.0,-59.5,0,0.0,0.0,0.0,0.0,0.0,0.0,0.0,1.0,0.0,0.0,Rowan,0.0,-59.5,-23.8,61.82685753237901,True,0.0,0.0,0.0,False,,,,,,,,,0.0,,,,,,,,,,,,,,,,0.0,,,,,,,,,,,,,,,,,,,,15.749999999999998,549
Rust,1,0,0,0.0,0.0,0,0.0,0.0,0,0.0,0.0,1,0.0,-46.6,0.0,0.0,0.0,0.0,0.0,0.0,0.0,1.0,Rust,0.0,-46.6,-24.64,100.0,True,0.0,0.0,0.0,False,,,,,,,,,0.0,,,,,,,,,,,,,,,,0.0,,,,,,,,,,,,,,,,,,,,15.749999999999998,549
RIT,2,0,1,0.0,-23.3,0,0.0,0.0,0,0.0,0.0,1,0.0,-14.9,0.0,1.0,0.0,0.0,0.0,0.0,0.0,1.0,RIT,0.0,-21.531578947368423,-4.61263157894737,72.1881390593047,True,0.0,0.0,0.0,False,,,,,,,,,0.0,,,,,,,,,,,,,,,,0.0,,,,,,,,,,,,,,,,,,,,15.749999999999998,549
Randolph College,1,0,0,0.0,0.0,0,0.0,0.0,0,0.0,0.0,1,0.0,-57.1,0.0,0.0,0.0,0.0,0.0,0.0,0.0,1.0,Randolph College,0.0,-57.10000000000001,-28.840000000000003,100.0,True,0.0,0.0,0.0,False,,,,,,,,,0.0,,,,,,,,,,,,,,,,0.0,,,,,,,,,,,,,,,,,,,,15.749999999999998,549
Redlands,1,0,0,0.0,0.0,0,0.0,0.0,0,0.0,0.0,1,0.0,-6.7,0.0,0.0,0.0,0.0,0.0,0.0,0.0,1.0,Redlands,0.0,-6.7,-8.68,100.0,True,0.0,0.0,0.0,False,,,,,,,,,0.0,,,,,,,,,,,,,,,,0.0,,,,,,,,,,,,,,,,,,,,15.749999999999998,549
Hawai'i Hilo,1,0,1,0.0,-87.7,0,0.0,0.0,0,0.0,0.0,0,0.0,0.0,0.0,1.0,0.0,0.0,0.0,0.0,0.0,0.0,Hawai'i Hilo,0.0,-87.7,-15.080000000000005,53.101567825494215,False,0.0,0.0,0.0,False,,,,,,,,,0.0,,,,,,,,,,,,,,,,0.0,,,,,,,,,,,,,,,,,,,,15.749999999999998,549
Georgia College,1,0,0,0.0,0.0,1,0.0,-102.0,0,0.0,0.0,0,0.0,0.0,0.0,0.0,0.0,1.0,0.0,0.0,0.0,0.0,Georgia College,0.0,-102.0,-20.800000000000004,53.101567825494215,False,0.0,0.0,0.0,False,,,,,,,,,0.0,,,,,,,,,,,,,,,,0.0,,,,,,,,,,,,,,,,,,,,15.749999999999998,549
Howard Payne,2,0,0,0.0,0.0,0,0.0,0.0,1,0.0,-96.2,1,0.0,-53.1,0.0,0.0,0.0,0.0,0.0,1.0,0.0,1.0,Howard Payne,0.0,-81.83333333333333,-38.733333333333334,80.9134287661895,True,0.0,0.0,0.0,False,,,,,,,,,0.0,,,,,,,,,,,,,,,,0.0,,,,,,,,,,,,,,,,,,,,15.749999999999998,549
Huntingdon College (AL),1,0,0,0.0,0.0,0,0.0,0.0,0,0.0,0.0,1,0.0,-41.1,0.0,0.0,0.0,0.0,0.0,0.0,0.0,1.0,Huntingdon College (AL),0.0,-41.1,-22.44,100.0,True,0.0,0.0,0.0,False,,,,,,,,,0.0,,,,,,,,,,,,,,,,0.0,,,,,,,,,,,,,,,,,,,,15.749999999999998,549
Gwynedd-Mercy,1,0,0,0.0,0.0,0,0.0,0.0,0,0.0,0.0,1,0.0,-35.1,0.0,0.0,0.0,0.0,0.0,0.0,0.0,1.0,Gwynedd-Mercy,0.0,-35.1,-20.04,100.0,True,0.0,0.0,0.0,False,,,,,,,,,0.0,,,,,,,,,,,,,,,,0.0,,,,,,,,,,,,,,,,,,,,15.749999999999998,549
Hannibal-Lagrange,1,0,0,0.0,0.0,0,0.0,0.0,0,0.0,0.0,1,0.0,-55.2,0.0,0.0,0.0,0.0,0.0,0.0,0.0,1.0,Hannibal-Lagrange,0.0,-55.2,-28.080000000000002,100.0,True,0.0,0.0,0.0,False,,,,,,,,,0.0,,,,,,,,,,,,,,,,0.0,,,,,,,,,,,,,,,,,,,,15.749999999999998,549
Hanover,1,0,0,0.0,0.0,0,0.0,0.0,0,0.0,0.0,1,0.0,-66.9,0.0,0.0,0.0,0.0,0.0,0.0,0.0,1.0,Hanover,0.0,-66.9,-32.760000000000005,100.0,True,0.0,0.0,0.0,False,,,,,,,,,0.0,,,,,,,,,,,,,,,,0.0,,,,,,,,,,,,,,,,,,,,15.749999999999998,549
Rhodes,2,0,0,0.0,0.0,1,0.0,-75.9,0,0.0,0.0,1,0.0,-23.3,0.0,0.0,0.0,1.0,0.0,0.0,0.0,1.0,Rhodes,0.0,-62.75,-21.1,72.1881390593047,True,0.0,0.0,0.0,False,,,,,,,,,0.0,,,,,,,,,,,,,,,,0.0,,,,,,,,,,,,,,,,,,,,15.749999999999998,549
Ripon,1,0,0,0.0,0.0,0,0.0,0.0,0,0.0,0.0,1,0.0,-33.0,0.0,0.0,0.0,0.0,0.0,0.0,0.0,1.0,Ripon,0.0,-33.0,-19.200000000000003,100.0,True,0.0,0.0,0.0,False,,,,,,,,,0.0,,,,,,,,,,,,,,,,0.0,,,,,,,,,,,,,,,,,,,,15.749999999999998,549
Rivier,1,0,0,0.0,0.0,0,0.0,0.0,0,0.0,0.0,1,0.0,-72.4,0.0,0.0,0.0,0.0,0.0,0.0,0.0,1.0,Rivier,0.0,-72.4,-34.96000000000001,100.0,True,0.0,0.0,0.0,False,,,,,,,,,0.0,,,,,,,,,,,,,,,,0.0,,,,,,,,,,,,,,,,,,,,15.749999999999998,549
Georgian Court,2,0,0,0.0,0.0,2,0.0,-64.6,0,0.0,0.0,0,0.0,0.0,0.0,0.0,0.0,2.0,0.0,0.0,0.0,0.0,Georgian Court,0.0,-64.6,-5.84,44.376278118609406,False,0.0,0.0,0.0,False,,,,,,,,,0.0,,,,,,,,,,,,,,,,0.0,,,,,,,,,,,,,,,,,,,,15.749999999999998,549
Fort Lauderdale,3,0,0,0.0,0.0,0,0.0,0.0,1,0.0,-24.0,2,0.0,-51.2,0.0,0.0,0.0,0.0,0.0,1.0,0.0,2.0,Fort Lauderdale,0.0,-37.6,-27.04,87.27561917745966,True,0.0,0.0,0.0,False,,,,,,,,,0.0,,,,,,,,,,,,,,,,0.0,,,,,,,,,,,,,,,,,,,,15.749999999999998,549
Fort Valley State,1,0,0,0.0,0.0,0,0.0,0.0,0,0.0,0.0,1,0.0,-47.4,0.0,0.0,0.0,0.0,0.0,0.0,0.0,1.0,Fort Valley State,0.0,-47.4,-24.96,100.0,True,0.0,0.0,0.0,False,,,,,,,,,0.0,,,,,,,,,,,,,,,,0.0,,,,,,,,,,,,,,,,,,,,15.749999999999998,549
Franciscan University,1,0,0,0.0,0.0,0,0.0,0.0,0,0.0,0.0,1,0.0,-27.4,0.0,0.0,0.0,0.0,0.0,0.0,0.0,1.0,Franciscan University,0.0,-27.400000000000002,-16.96,100.0,True,0.0,0.0,0.0,False,,,,,,,,,0.0,,,,,,,,,,,,,,,,0.0,,,,,,,,,,,,,,,,,,,,15.749999999999998,549
Franklin,1,0,0,0.0,0.0,1,0.0,-89.7,0,0.0,0.0,0,0.0,0.0,0.0,0.0,0.0,1.0,0.0,0.0,0.0,0.0,Franklin,0.0,-89.7,-15.880000000000003,53.101567825494215,False,0.0,0.0,0.0,False,,,,,,,,,0.0,,,,,,,,,,,,,,,,0.0,,,,,,,,,,,,,,,,,,,,15.749999999999998,549
Fresno Pacific,1,0,0,0.0,0.0,0,0.0,0.0,1,0.0,-56.5,0,0.0,0.0,0.0,0.0,0.0,0.0,0.0,1.0,0.0,0.0,Fresno Pacific,0.0,-56.5,-22.6,61.82685753237901,True,0.0,0.0,0.0,False,,,,,,,,,0.0,,,,,,,,,,,,,,,,0.0,,,,,,,,,,,,,,,,,,,,15.749999999999998,549
Gallaudet,1,0,0,0.0,0.0,0,0.0,0.0,0,0.0,0.0,1,0.0,-79.0,0.0,0.0,0.0,0.0,0.0,0.0,0.0,1.0,Gallaudet,0.0,-79.0,-37.6,100.0,True,0.0,0.0,0.0,False,,,,,,,,,0.0,,,,,,,,,,,,,,,,0.0,,,,,,,,,,,,,,,,,,,,15.749999999999998,549
Gardner-Webb,4,0,1,0.0,-65.1,1,0.0,-13.1,2,0.0,-27.9,0,0.0,0.0,0.0,1.0,0.0,1.0,0.0,2.0,0.0,0.0,Gardner-Webb,0.0,-36.74651162790697,-4.698604651162789,44.376278118609406,False,0.0,0.0,0.0,False,,,,,,,,,0.0,,,,,,,,,,,,,,,,0.0,,,,,,,,,,,,,,,,,,,,15.749999999999998,549
Salve Regina,1,0,0,0.0,0.0,0,0.0,0.0,0,0.0,0.0,1,0.0,-59.4,0.0,0.0,0.0,0.0,0.0,0.0,0.0,1.0,Salve Regina,0.0,-59.4,-29.76,100.0,True,0.0,0.0,0.0,False,,,,,,,,,0.0,,,,,,,,,,,,,,,,0.0,,,,,,,,,,,,,,,,,,,,15.749999999999998,549
Rutgers-Camden,1,0,0,0.0,0.0,0,0.0,0.0,1,0.0,-49.5,0,0.0,0.0,0.0,0.0,0.0,0.0,0.0,1.0,0.0,0.0,Rutgers-Camden,0.0,-49.5,-19.8,61.82685753237901,True,0.0,0.0,0.0,False,,,,,,,,,0.0,,,,,,,,,,,,,,,,0.0,,,,,,,,,,,,,,,,,,,,15.749999999999998,549
SUNY Cobleskill,1,0,0,0.0,0.0,0,0.0,0.0,1,0.0,-79.6,0,0.0,0.0,0.0,0.0,0.0,0.0,0.0,1.0,0.0,0.0,SUNY Cobleskill,0.0,-79.6,-31.84,61.82685753237901,True,0.0,0.0,0.0,False,,,,,,,,,0.0,,,,,,,,,,,,,,,,0.0,,,,,,,,,,,,,,,,,,,,15.749999999999998,549
Geneva,1,0,0,0.0,0.0,0,0.0,0.0,1,0.0,-93.5,0,0.0,0.0,0.0,0.0,0.0,0.0,0.0,1.0,0.0,0.0,Geneva,0.0,-93.49999999999999,-37.4,61.82685753237901,True,0.0,0.0,0.0,False,,,,,,,,,0.0,,,,,,,,,,,,,,,,0.0,,,,,,,,,,,,,,,,,,,,15.749999999999998,549
George Fox,1,0,0,0.0,0.0,0,0.0,0.0,1,0.0,-76.5,0,0.0,0.0,0.0,0.0,0.0,0.0,0.0,1.0,0.0,0.0,George Fox,0.0,-76.5,-30.6,61.82685753237901,True,0.0,0.0,0.0,False,,,,,,,,,0.0,,,,,,,,,,,,,,,,0.0,,,,,,,,,,,,,,,,,,,,15.749999999999998,549
Washington College (MD),2,0,1,0.0,-45.6,0,0.0,0.0,1,0.0,-68.4,0,0.0,0.0,0.0,1.0,0.0,0.0,0.0,1.0,0.0,0.0,Washington College (MD),0.0,-53.5304347826087,-11.412173913043482,53.101567825494215,False,0.0,0.0,0.0,False,,,,,,,,,0.0,,,,,,,,,,,,,,,,0.0,,,,,,,,,,,,,,,,,,,,15.749999999999998,549
Washington and Lee,1,0,0,0.0,0.0,0,0.0,0.0,1,0.0,-22.1,0,0.0,0.0,0.0,0.0,0.0,0.0,0.0,1.0,0.0,0.0,Washington and Lee,0.0,-22.1,-8.840000000000002,61.82685753237901,True,0.0,0.0,0.0,False,,,,,,,,,0.0,,,,,,,,,,,,,,,,0.0,,,,,,,,,,,,,,,,,,,,15.749999999999998,549
Waynesburg,1,0,0,0.0,0.0,0,0.0,0.0,0,0.0,0.0,1,0.0,-69.4,0.0,0.0,0.0,0.0,0.0,0.0,0.0,1.0,Waynesburg,0.0,-69.4,-33.760000000000005,100.0,True,0.0,0.0,0.0,False,,,,,,,,,0.0,,,,,,,,,,,,,,,,0.0,,,,,,,,,,,,,,,,,,,,15.749999999999998,549
Webster,2,0,0,0.0,0.0,0,0.0,0.0,1,0.0,-79.6,1,0.0,-87.6,0.0,0.0,0.0,0.0,0.0,1.0,0.0,1.0,Webster,0.0,-82.26666666666665,-38.90666666666666,80.9134287661895,True,0.0,0.0,0.0,False,,,,,,,,,0.0,,,,,,,,,,,,,,,,0.0,,,,,,,,,,,,,,,,,,,,15.749999999999998,549
West Coast Baptist,3,0,1,0.0,-128.4,1,0.0,-116.3,0,0.0,0.0,1,0.0,-86.8,0.0,1.0,0.0,1.0,0.0,0.0,0.0,1.0,West Coast Baptist,0.0,-118.34838709677419,-40.00602150537635,57.10065894114974,False,0.0,0.0,0.0,False,,,,,,,,,0.0,,,,,,,,,,,,,,,,0.0,,,,,,,,,,,,,,,,,,,,15.749999999999998,549
West Virginia Wesleyan,1,0,0,0.0,0.0,0,0.0,0.0,1,0.0,-50.5,0,0.0,0.0,0.0,0.0,0.0,0.0,0.0,1.0,0.0,0.0,West Virginia Wesleyan,0.0,-50.50000000000001,-20.200000000000003,61.82685753237901,True,0.0,0.0,0.0,False,,,,,,,,,0.0,,,,,,,,,,,,,,,,0.0,,,,,,,,,,,,,,,,,,,,15.749999999999998,549
SUNY Delhi,1,0,0,0.0,0.0,0,0.0,0.0,0,0.0,0.0,1,0.0,-89.2,0.0,0.0,0.0,0.0,0.0,0.0,0.0,1.0,SUNY Delhi,0.0,-89.19999999999999,-41.68,100.0,True,0.0,0.0,0.0,False,,,,,,,,,0.0,,,,,,,,,,,,,,,,0.0,,,,,,,,,,,,,,,,,,,,15.749999999999998,549
SUNY-Canton,1,0,0,0.0,0.0,0,0.0,0.0,0,0.0,0.0,1,0.0,-54.9,0.0,0.0,0.0,0.0,0.0,0.0,0.0,1.0,SUNY-Canton,0.0,-54.9,-27.96,100.0,True,0.0,0.0,0.0,False,,,,,,,,,0.0,,,,,,,,,,,,,,,,0.0,,,,,,,,,,,,,,,,,,,,15.749999999999998,549
SUNY-Maritime,2,0,0,0.0,0.0,1,0.0,-92.2,0,0.0,0.0,1,0.0,-42.6,0.0,0.0,0.0,1.0,0.0,0.0,0.0,1.0,SUNY-Maritime,0.0,-79.8,-27.92,72.1881390593047,True,0.0,0.0,0.0,False,,,,,,,,,0.0,,,,,,,,,,,,,,,,0.0,,,,,,,,,,,,,,,,,,,,15.749999999999998,549
SUNY-Oneonta,2,0,0,0.0,0.0,0,0.0,0.0,1,0.0,-58.5,1,0.0,-37.0,0.0,0.0,0.0,0.0,0.0,1.0,0.0,1.0,SUNY-Oneonta*,0.0,-51.333333333333336,-26.533333333333335,80.9134287661895,True,0.0,0.0,0.0,False,,,,,,,,,0.0,,,,,,,,,,,,,,,,0.0,,,,,,,,,,,,,,,,,,,,15.749999999999998,549
Saint Josephs Long Island,1,0,0,0.0,0.0,0,0.0,0.0,0,0.0,0.0,1,0.0,-122.8,0.0,0.0,0.0,0.0,0.0,0.0,0.0,1.0,Saint Josephs Long Island,0.0,-122.80000000000001,-55.120000000000005,100.0,True,0.0,0.0,0.0,False,,,,,,,,,0.0,,,,,,,,,,,,,,,,0.0,,,,,,,,,,,,,,,,,,,,15.749999999999998,549
Saint Leo,1,0,0,0.0,0.0,1,0.0,-81.3,0,0.0,0.0,0,0.0,0.0,0.0,0.0,0.0,1.0,0.0,0.0,0.0,0.0,Saint Leo,0.0,-81.3,-12.520000000000003,53.101567825494215,False,0.0,0.0,0.0,False,,,,,,,,,0.0,,,,,,,,,,,,,,,,0.0,,,,,,,,,,,,,,,,,,,,15.749999999999998,549
Saint Mary of the Woods College,1,0,0,0.0,0.0,0,0.0,0.0,1,0.0,-46.7,0,0.0,0.0,0.0,0.0,0.0,0.0,0.0,1.0,0.0,0.0,Saint Mary of the Woods College,0.0,-46.7,-18.680000000000003,61.82685753237901,True,0.0,0.0,0.0,False,,,,,,,,,0.0,,,,,,,,,,,,,,,,0.0,,,,,,,,,,,,,,,,,,,,15.749999999999998,549
Farmingdale State,1,0,0,0.0,0.0,0,0.0,0.0,0,0.0,0.0,1,0.0,-10.5,0.0,0.0,0.0,0.0,0.0,0.0,0.0,1.0,Farmingdale State,0.0,-10.5,-10.2,100.0,True,0.0,0.0,0.0,False,,,,,,,,,0.0,,,,,,,,,,,,,,,,0.0,,,,,,,,,,,,,,,,,,,,15.749999999999998,549
Fisher College,1,0,0,0.0,0.0,0,0.0,0.0,0,0.0,0.0,1,0.0,-61.8,0.0,0.0,0.0,0.0,0.0,0.0,0.0,1.0,Fisher College,0.0,-61.8,-30.72,100.0,True,0.0,0.0,0.0,False,,,,,,,,,0.0,,,,,,,,,,,,,,,,0.0,,,,,,,,,,,,,,,,,,,,15.749999999999998,549
Fisk,4,0,1,0.0,-74.4,1,0.0,-80.8,1,0.0,-65.6,1,0.0,-45.1,0.0,1.0,0.0,1.0,0.0,1.0,0.0,1.0,Fisk,0.0,-71.55897435897437,-24.623589743589747,53.91956373551465,False,0.0,0.0,0.0,False,,,,,,,,,0.0,,,,,,,,,,,,,,,,0.0,,,,,,,,,,,,,,,,,,,,15.749999999999998,549
Florida Memorial,1,0,0,0.0,0.0,0,0.0,0.0,0,0.0,0.0,1,0.0,-2.7,0.0,0.0,0.0,0.0,0.0,0.0,0.0,1.0,Florida Memorial*,0.0,-2.7,-7.08,100.0,True,0.0,0.0,0.0,False,,,,,,,,,0.0,,,,,,,,,,,,,,,,0.0,,,,,,,,,,,,,,,,,,,,15.749999999999998,549
Florida National,1,0,0,0.0,0.0,0,0.0,0.0,1,0.0,-94.9,0,0.0,0.0,0.0,0.0,0.0,0.0,0.0,1.0,0.0,0.0,Florida National,0.0,-94.89999999999999,-37.96,61.82685753237901,True,0.0,0.0,0.0,False,,,,,,,,,0.0,,,,,,,,,,,,,,,,0.0,,,,,,,,,,,,,,,,,,,,15.749999999999998,549
Ecclesia,5,0,0,0.0,0.0,0,0.0,0.0,1,0.0,-82.3,4,0.0,-60.6,0.0,0.0,0.0,0.0,0.0,1.0,0.0,4.0,Ecclesia,0.0,-67.83333333333333,-51.13333333333333,92.3653715064758,True,0.0,0.0,0.0,False,,,,,,,,,0.0,,,,,,,,,,,,,,,,0.0,,,,,,,,,,,,,,,,,,,,15.749999999999998,549
Mobile,1,0,0,0.0,0.0,1,0.0,-52.1,0,0.0,0.0,0,0.0,0.0,0.0,0.0,0.0,1.0,0.0,0.0,0.0,0.0,Mobile,0.0,-52.1,-0.8400000000000034,53.101567825494215,False,0.0,0.0,0.0,False,,,,,,,,,0.0,,,,,,,,,,,,,,,,0.0,,,,,,,,,,,,,,,,,,,,15.749999999999998,549
Mansfield,1,0,0,0.0,0.0,0,0.0,0.0,0,0.0,0.0,1,0.0,-43.8,0.0,0.0,0.0,0.0,0.0,0.0,0.0,1.0,Mansfield,0.0,-43.8,-23.52,100.0,True,0.0,0.0,0.0,False,,,,,,,,,0.0,,,,,,,,,,,,,,,,0.0,,,,,,,,,,,,,,,,,,,,15.749999999999998,549
Mary Baldwin,2,0,1,0.0,-134.9,0,0.0,0.0,1,0.0,-46.7,0,0.0,0.0,0.0,1.0,0.0,0.0,0.0,1.0,0.0,0.0,Mary Baldwin,0.0,-104.22173913043481,-31.688695652173926,53.101567825494215,False,0.0,0.0,0.0,False,,,,,,,,,0.0,,,,,,,,,,,,,,,,0.0,,,,,,,,,,,,,,,,,,,,15.749999999999998,549
North Central (MN),1,0,0,0.0,0.0,1,0.0,-65.4,0,0.0,0.0,0,0.0,0.0,0.0,0.0,0.0,1.0,0.0,0.0,0.0,0.0,North Central (MN),0.0,-65.4,-6.160000000000004,53.101567825494215,False,0.0,0.0,0.0,False,,,,,,,,,0.0,,,,,,,,,,,,,,,,0.0,,,,,,,,,,,,,,,,,,,,15.749999999999998,549
North Central College,1,0,0,0.0,0.0,1,0.0,-58.2,0,0.0,0.0,0,0.0,0.0,0.0,0.0,0.0,1.0,0.0,0.0,0.0,0.0,North Central College,0.0,-58.2,-3.280000000000001,53.101567825494215,False,0.0,0.0,0.0,False,,,,,,,,,0.0,,,,,,,,,,,,,,,,0.0,,,,,,,,,,,,,,,,,,,,15.749999999999998,549
New College (FL),2,0,0,0.0,0.0,0,0.0,0.0,0,0.0,0.0,2,0.0,-73.2,0.0,0.0,0.0,0.0,0.0,0.0,0.0,2.0,New College (FL),0.0,-73.2,-41.28,100.0,True,0.0,0.0,0.0,False,,,,,,,,,0.0,,,,,,,,,,,,,,,,0.0,,,,,,,,,,,,,,,,,,,,15.749999999999998,549
New Mexico Highlands,3,0,1,0.0,-80.0,1,0.0,-25.8,1,0.0,-57.1,0,0.0,0.0,0.0,1.0,0.0,1.0,0.0,1.0,0.0,0.0,New Mexico Highlands,0.0,-56.182857142857145,-9.139809523809529,44.376278118609406,False,0.0,0.0,0.0,False,,,,,,,,,0.0,,,,,,,,,,,,,,,,0.0,,,,,,,,,,,,,,,,,,,,15.749999999999998,549
Menlo,1,0,0,0.0,0.0,0,0.0,0.0,1,0.0,-38.5,0,0.0,0.0,0.0,0.0,0.0,0.0,0.0,1.0,0.0,0.0,Menlo,0.0,-38.5,-15.4,61.82685753237901,True,0.0,0.0,0.0,False,,,,,,,,,0.0,,,,,,,,,,,,,,,,0.0,,,,,,,,,,,,,,,,,,,,15.749999999999998,549
Vermont State - Lyndon,1,0,0,0.0,0.0,0,0.0,0.0,0,0.0,0.0,1,0.0,-121.4,0.0,0.0,0.0,0.0,0.0,0.0,0.0,1.0,Vermont State - Lyndon,0.0,-121.4,-54.56,100.0,True,0.0,0.0,0.0,False,,,,,,,,,0.0,,,,,,,,,,,,,,,,0.0,,,,,,,,,,,,,,,,,,,,15.749999999999998,549
Virginia-Lynchburg,9,0,0,0.0,0.0,0,0.0,0.0,2,0.0,-103.2,7,0.0,-82.6,0.0,0.0,0.0,0.0,0.0,2.0,0.0,7.0,Virginia-Lynchburg,0.0,-91.75555555555555,-78.70222222222222,91.51707945163979,True,0.0,0.0,0.0,False,,,,,,,,,0.0,,,,,,,,,,,,,,,,0.0,,,,,,,,,,,,,,,,,,,,15.749999999999998,549
Voorhees,1,0,0,0.0,0.0,0,0.0,0.0,0,0.0,0.0,1,0.0,-98.3,0.0,0.0,0.0,0.0,0.0,0.0,0.0,1.0,Voorhees,0.0,-98.3,-45.32,100.0,True,0.0,0.0,0.0,False,,,,,,,,,0.0,,,,,,,,,,,,,,,,0.0,,,,,,,,,,,,,,,,,,,,15.749999999999998,549
WVU Tech,1,0,0,0.0,0.0,0,0.0,0.0,1,0.0,-81.2,0,0.0,0.0,0.0,0.0,0.0,0.0,0.0,1.0,0.0,0.0,WVU Tech,0.0,-81.2,-32.480000000000004,61.82685753237901,True,0.0,0.0,0.0,False,,,,,,,,,0.0,,,,,,,,,,,,,,,,0.0,,,,,,,,,,,,,,,,,,,,15.749999999999998,549
Warner Pacific,1,0,0,0.0,0.0,1,0.0,-78.3,0,0.0,0.0,0,0.0,0.0,0.0,0.0,0.0,1.0,0.0,0.0,0.0,0.0,Warner Pacific,0.0,-78.3,-11.32,53.101567825494215,False,0.0,0.0,0.0,False,,,,,,,,,0.0,,,,,,,,,,,,,,,,0.0,,,,,,,,,,,,,,,,,,,,15.749999999999998,549
Warren Wilson,1,0,0,0.0,0.0,1,0.0,-71.9,0,0.0,0.0,0,0.0,0.0,0.0,0.0,0.0,1.0,0.0,0.0,0.0,0.0,Warren Wilson,0.0,-71.9,-8.760000000000005,53.101567825494215,False,0.0,0.0,0.0,False,,,,,,,,,0.0,,,,,,,,,,,,,,,,0.0,,,,,,,,,,,,,,,,,,,,15.749999999999998,549
Belmont Abbey,1,0,0,0.0,0.0,1,0.0,-97.6,0,0.0,0.0,0,0.0,0.0,0.0,0.0,0.0,1.0,0.0,0.0,0.0,0.0,Belmont Abbey,0.0,-97.6,-19.04,53.101567825494215,False,0.0,0.0,0.0,False,,,,,,,,,0.0,,,,,,,,,,,,,,,,0.0,,,,,,,,,,,,,,,,,,,,15.749999999999998,549
Elizabeth City State,1,0,0,0.0,0.0,0,0.0,0.0,0,0.0,0.0,1,0.0,-1.3,0.0,0.0,0.0,0.0,0.0,0.0,0.0,1.0,Elizabeth City State,0.0,-1.3,-6.52,100.0,True,0.0,0.0,0.0,False,,,,,,,,,0.0,,,,,,,,,,,,,,,,0.0,,,,,,,,,,,,,,,,,,,,15.749999999999998,549
Salish Kootenai,1,0,0,0.0,0.0,0,0.0,0.0,1,0.0,-77.6,0,0.0,0.0,0.0,0.0,0.0,0.0,0.0,1.0,0.0,0.0,Salish Kootenai,0.0,-77.6,-31.04,61.82685753237901,True,0.0,0.0,0.0,False,,,,,,,,,0.0,,,,,,,,,,,,,,,,0.0,,,,,,,,,,,,,,,,,,,,15.749999999999998,549
San Francisco State,2,0,0,0.0,0.0,0,0.0,0.0,1,0.0,-37.9,1,0.0,-71.5,0.0,0.0,0.0,0.0,0.0,1.0,0.0,1.0,San Francisco State,0.0,-49.099999999999994,-25.64,80.9134287661895,True,0.0,0.0,0.0,False,,,,,,,,,0.0,,,,,,,,,,,,,,,,0.0,,,,,,,,,,,,,,,,,,,,15.749999999999998,549
Elmira,1,0,0,0.0,0.0,0,0.0,0.0,0,0.0,0.0,1,0.0,-66.6,0.0,0.0,0.0,0.0,0.0,0.0,0.0,1.0,Elmira,0.0,-66.6,-32.64,100.0,True,0.0,0.0,0.0,False,,,,,,,,,0.0,,,,,,,,,,,,,,,,0.0,,,,,,,,,,,,,,,,,,,,15.749999999999998,549
Elms College,2,0,0,0.0,0.0,0,0.0,0.0,2,0.0,-120.9,0,0.0,0.0,0.0,0.0,0.0,0.0,0.0,2.0,0.0,0.0,Elms College,0.0,-120.9,-48.36000000000001,61.82685753237901,True,0.0,0.0,0.0,False,,,,,,,,,0.0,,,,,,,,,,,,,,,,0.0,,,,,,,,,,,,,,,,,,,,15.749999999999998,549
Embry-Riddle (AZ),1,0,0,0.0,0.0,0,0.0,0.0,0,0.0,0.0,1,0.0,-43.7,0.0,0.0,0.0,0.0,0.0,0.0,0.0,1.0,Embry-Riddle (AZ),0.0,-43.699999999999996,-23.48,100.0,True,0.0,0.0,0.0,False,,,,,,,,,0.0,,,,,,,,,,,,,,,,0.0,,,,,,,,,,,,,,,,,,,,15.749999999999998,549
Emerson,1,0,0,0.0,0.0,0,0.0,0.0,0,0.0,0.0,1,0.0,-33.0,0.0,0.0,0.0,0.0,0.0,0.0,0.0,1.0,Emerson,0.0,-33.0,-19.200000000000003,100.0,True,0.0,0.0,0.0,False,,,,,,,,,0.0,,,,,,,,,,,,,,,,0.0,,,,,,,,,,,,,,,,,,,,15.749999999999998,549
Emmanuel (MA),1,0,0,0.0,0.0,0,0.0,0.0,0,0.0,0.0,1,0.0,-40.3,0.0,0.0,0.0,0.0,0.0,0.0,0.0,1.0,Emmanuel (MA),0.0,-40.3,-22.12,100.0,True,0.0,0.0,0.0,False,,,,,,,,,0.0,,,,,,,,,,,,,,,,0.0,,,,,,,,,,,,,,,,,,,,15.749999999999998,549
Erskine,2,0,0,0.0,0.0,0,0.0,0.0,1,0.0,-39.5,1,0.0,-78.3,0.0,0.0,0.0,0.0,0.0,1.0,0.0,1.0,Erskine,0.0,-52.43333333333333,-26.973333333333333,80.9134287661895,True,0.0,0.0,0.0,False,,,,,,,,,0.0,,,,,,,,,,,,,,,,0.0,,,,,,,,,,,,,,,,,,,,15.749999999999998,549
Eureka,2,0,0,0.0,0.0,1,0.0,-67.7,1,0.0,-53.6,0,0.0,0.0,0.0,0.0,0.0,1.0,0.0,1.0,0.0,0.0,Eureka,0.0,-62.06,-14.824000000000002,53.101567825494215,False,0.0,0.0,0.0,False,,,,,,,,,0.0,,,,,,,,,,,,,,,,0.0,,,,,,,,,,,,,,,,,,,,15.749999999999998,549
Evangel,1,0,0,0.0,0.0,0,0.0,0.0,0,0.0,0.0,1,0.0,-8.6,0.0,0.0,0.0,0.0,0.0,0.0,0.0,1.0,Evangel,0.0,-8.6,-9.44,100.0,True,0.0,0.0,0.0,False,,,,,,,,,0.0,,,,,,,,,,,,,,,,0.0,,,,,,,,,,,,,,,,,,,,15.749999999999998,549
Evergreen State,2,0,0,0.0,0.0,0,0.0,0.0,2,0.0,-59.3,0,0.0,0.0,0.0,0.0,0.0,0.0,0.0,2.0,0.0,0.0,Evergreen State,0.0,-59.3,-23.72,61.82685753237901,True,0.0,0.0,0.0,False,,,,,,,,,0.0,,,,,,,,,,,,,,,,0.0,,,,,,,,,,,,,,,,,,,,15.749999999999998,549
Sarah Lawrence,1,0,0,0.0,0.0,1,0.0,-64.4,0,0.0,0.0,0,0.0,0.0,0.0,0.0,0.0,1.0,0.0,0.0,0.0,0.0,Sarah Lawrence,0.0,-64.4,-5.760000000000005,53.101567825494215,False,0.0,0.0,0.0,False,,,,,,,,,0.0,,,,,,,,,,,,,,,,0.0,,,,,,,,,,,,,,,,,,,,15.749999999999998,549
Schreiner,1,0,0,0.0,0.0,0,0.0,0.0,1,0.0,-61.2,0,0.0,0.0,0.0,0.0,0.0,0.0,0.0,1.0,0.0,0.0,Schreiner,0.0,-61.20000000000001,-24.480000000000004,61.82685753237901,True,0.0,0.0,0.0,False,,,,,,,,,0.0,,,,,,,,,,,,,,,,0.0,,,,,,,,,,,,,,,,,,,,15.749999999999998,549
Science & Arts (OK),1,0,0,0.0,0.0,0,0.0,0.0,1,0.0,-86.6,0,0.0,0.0,0.0,0.0,0.0,0.0,0.0,1.0,0.0,0.0,Science & Arts (OK),0.0,-86.6,-34.64,61.82685753237901,True,0.0,0.0,0.0,False,,,,,,,,,0.0,,,,,,,,,,,,,,,,0.0,,,,,,,,,,,,,,,,,,,,15.749999999999998,549
Southern Wesleyan,3,0,0,0.0,0.0,1,0.0,-87.9,1,0.0,-51.9,1,0.0,-36.1,0.0,0.0,0.0,1.0,0.0,1.0,0.0,1.0,Southern Wesleyan,0.0,-67.26666666666667,-26.240000000000002,65.82594864803454,True,0.0,0.0,0.0,False,,,,,,,,,0.0,,,,,,,,,,,,,,,,0.0,,,,,,,,,,,,,,,,,,,,15.749999999999998,549
Shaw,1,0,0,0.0,0.0,0,0.0,0.0,1,0.0,-5.2,0,0.0,0.0,0.0,0.0,0.0,0.0,0.0,1.0,0.0,0.0,Shaw,0.0,-5.2,-2.08,61.82685753237901,True,0.0,0.0,0.0,False,,,,,,,,,0.0,,,,,,,,,,,,,,,,0.0,,,,,,,,,,,,,,,,,,,,15.749999999999998,549
Shenandoah,1,0,0,0.0,0.0,0,0.0,0.0,1,0.0,-80.7,0,0.0,0.0,0.0,0.0,0.0,0.0,0.0,1.0,0.0,0.0,Shenandoah,0.0,-80.7,-32.28,61.82685753237901,True,0.0,0.0,0.0,False,,,,,,,,,0.0,,,,,,,,,,,,,,,,0.0,,,,,,,,,,,,,,,,,,,,15.749999999999998,549
Siena Heights,2,0,1,0.0,-100.9,0,0.0,0.0,0,0.0,0.0,1,0.0,-42.2,0.0,1.0,0.0,0.0,0.0,0.0,0.0,1.0,Siena Heights,0.0,-88.54210526315791,-31.416842105263164,72.1881390593047,True,0.0,0.0,0.0,False,,,,,,,,,0.0,,,,,,,,,,,,,,,,0.0,,,,,,,,,,,,,,,,,,,,15.749999999999998,549
Simpson College (IA),1,0,0,0.0,0.0,0,0.0,0.0,1,0.0,-56.9,0,0.0,0.0,0.0,0.0,0.0,0.0,0.0,1.0,0.0,0.0,Simpson College (IA),0.0,-56.9,-22.76,61.82685753237901,True,0.0,0.0,0.0,False,,,,,,,,,0.0,,,,,,,,,,,,,,,,0.0,,,,,,,,,,,,,,,,,,,,15.749999999999998,549
Simpson University (CA),1,0,0,0.0,0.0,1,0.0,-84.1,0,0.0,0.0,0,0.0,0.0,0.0,0.0,0.0,1.0,0.0,0.0,0.0,0.0,Simpson University (CA),0.0,-84.1,-13.64,53.101567825494215,False,0.0,0.0,0.0,False,,,,,,,,,0.0,,,,,,,,,,,,,,,,0.0,,,,,,,,,,,,,,,,,,,,15.749999999999998,549
East-West University,3,0,0,0.0,0.0,1,0.0,-102.7,0,0.0,0.0,2,0.0,-68.5,0.0,0.0,0.0,1.0,0.0,0.0,0.0,2.0,East-West University,0.0,-89.02,-40.94133333333333,78.55032947057487,True,0.0,0.0,0.0,False,,,,,,,,,0.0,,,,,,,,,,,,,,,,0.0,,,,,,,,,,,,,,,,,,,,15.749999999999998,549
Eastern Oregon,2,0,0,0.0,0.0,0,0.0,0.0,1,0.0,-44.1,1,0.0,-22.5,0.0,0.0,0.0,0.0,0.0,1.0,0.0,1.0,Eastern Oregon,0.0,-36.9,-20.759999999999998,80.9134287661895,True,0.0,0.0,0.0,False,,,,,,,,,0.0,,,,,,,,,,,,,,,,0.0,,,,,,,,,,,,,,,,,,,,15.749999999999998,549
Eastern University (PA),1,0,0,0.0,0.0,0,0.0,0.0,0,0.0,0.0,1,0.0,-43.2,0.0,0.0,0.0,0.0,0.0,0.0,0.0,1.0,Eastern University (PA),0.0,-43.2,-23.28,100.0,True,0.0,0.0,0.0,False,,,,,,,,,0.0,,,,,,,,,,,,,,,,0.0,,,,,,,,,,,,,,,,,,,,15.749999999999998,549
Dickinson (PA),1,0,0,0.0,0.0,0,0.0,0.0,0,0.0,0.0,1,0.0,-55.7,0.0,0.0,0.0,0.0,0.0,0.0,0.0,1.0,Dickinson (PA),0.0,-55.7,-28.28,100.0,True,0.0,0.0,0.0,False,,,,,,,,,0.0,,,,,,,,,,,,,,,,0.0,,,,,,,,,,,,,,,,,,,,15.749999999999998,549
St. Ambrose,1,0,0,0.0,0.0,0,0.0,0.0,0,0.0,0.0,1,0.0,-24.5,0.0,0.0,0.0,0.0,0.0,0.0,0.0,1.0,St. Ambrose,0.0,-24.5,-15.8,100.0,True,0.0,0.0,0.0,False,,,,,,,,,0.0,,,,,,,,,,,,,,,,0.0,,,,,,,,,,,,,,,,,,,,15.749999999999998,549
St. Elizabeth,1,0,0,0.0,0.0,0,0.0,0.0,0,0.0,0.0,1,0.0,-58.8,0.0,0.0,0.0,0.0,0.0,0.0,0.0,1.0,St. Elizabeth,0.0,-58.8,-29.52,100.0,True,0.0,0.0,0.0,False,,,,,,,,,0.0,,,,,,,,,,,,,,,,0.0,,,,,,,,,,,,,,,,,,,,15.749999999999998,549
St. Francis (IL),1,0,0,0.0,0.0,0,0.0,0.0,0,0.0,0.0,1,0.0,-76.4,0.0,0.0,0.0,0.0,0.0,0.0,0.0,1.0,St. Francis (IL),0.0,-76.4,-36.56,100.0,True,0.0,0.0,0.0,False,,,,,,,,,0.0,,,,,,,,,,,,,,,,0.0,,,,,,,,,,,,,,,,,,,,15.749999999999998,549
St. John Fisher,1,0,0,0.0,0.0,0,0.0,0.0,1,0.0,-69.1,0,0.0,0.0,0.0,0.0,0.0,0.0,0.0,1.0,0.0,0.0,St. John Fisher,0.0,-69.1,-27.64,61.82685753237901,True,0.0,0.0,0.0,False,,,,,,,,,0.0,,,,,,,,,,,,,,,,0.0,,,,,,,,,,,,,,,,,,,,15.749999999999998,549
St. Joseph's (NY),1,0,0,0.0,0.0,0,0.0,0.0,0,0.0,0.0,1,0.0,-101.2,0.0,0.0,0.0,0.0,0.0,0.0,0.0,1.0,St. Joseph's (NY),0.0,-101.2,-46.480000000000004,100.0,True,0.0,0.0,0.0,False,,,,,,,,,0.0,,,,,,,,,,,,,,,,0.0,,,,,,,,,,,,,,,,,,,,15.749999999999998,549
District Of Columbia,1,0,0,0.0,0.0,0,0.0,0.0,1,0.0,-45.9,0,0.0,0.0,0.0,0.0,0.0,0.0,0.0,1.0,0.0,0.0,District Of Columbia,0.0,-45.9,-18.36,61.82685753237901,True,0.0,0.0,0.0,False,,,,,,,,,0.0,,,,,,,,,,,,,,,,0.0,,,,,,,,,,,,,,,,,,,,15.749999999999998,549
Doane,1,0,0,0.0,0.0,0,0.0,0.0,0,0.0,0.0,1,0.0,-12.5,0.0,0.0,0.0,0.0,0.0,0.0,0.0,1.0,Doane,0.0,-12.5,-11.0,100.0,True,0.0,0.0,0.0,False,,,,,,,,,0.0,,,,,,,,,,,,,,,,0.0,,,,,,,,,,,,,,,,,,,,15.749999999999998,549
Dominican (CA),2,0,0,0.0,0.0,1,0.0,-37.2,0,0.0,0.0,1,0.0,-30.0,0.0,0.0,0.0,1.0,0.0,0.0,0.0,1.0,Dominican (CA),0.0,-35.4,-10.16,72.1881390593047,True,0.0,0.0,0.0,False,,,,,,,,,0.0,,,,,,,,,,,,,,,,0.0,,,,,,,,,,,,,,,,,,,,15.749999999999998,549
Dominican (IL),2,0,0,0.0,0.0,0,0.0,0.0,1,0.0,-78.2,1,0.0,-128.2,0.0,0.0,0.0,0.0,0.0,1.0,0.0,1.0,Dominican (IL),0.0,-94.86666666666666,-43.946666666666665,80.9134287661895,True,0.0,0.0,0.0,False,,,,,,,,,0.0,,,,,,,,,,,,,,,,0.0,,,,,,,,,,,,,,,,,,,,15.749999999999998,549
Earlham College,1,0,0,0.0,0.0,0,0.0,0.0,0,0.0,0.0,1,0.0,-115.4,0.0,0.0,0.0,0.0,0.0,0.0,0.0,1.0,Earlham College,0.0,-115.4,-52.160000000000004,100.0,True,0.0,0.0,0.0,False,,,,,,,,,0.0,,,,,,,,,,,,,,,,0.0,,,,,,,,,,,,,,,,,,,,15.749999999999998,549
Dakota Wesleyan,1,0,0,0.0,0.0,0,0.0,0.0,1,0.0,-46.5,0,0.0,0.0,0.0,0.0,0.0,0.0,0.0,1.0,0.0,0.0,Dakota Wesleyan,0.0,-46.5,-18.6,61.82685753237901,True,0.0,0.0,0.0,False,,,,,,,,,0.0,,,,,,,,,,,,,,,,0.0,,,,,,,,,,,,,,,,,,,,15.749999999999998,549
Dallas,2,0,1,0.0,-67.8,0,0.0,0.0,0,0.0,0.0,1,0.0,-80.1,0.0,1.0,0.0,0.0,0.0,0.0,0.0,1.0,Dallas,0.0,-70.38947368421051,-24.15578947368421,72.1881390593047,True,0.0,0.0,0.0,False,,,,,,,,,0.0,,,,,,,,,,,,,,,,0.0,,,,,,,,,,,,,,,,,,,,15.749999999999998,549
Dallas Christian,3,0,0,0.0,0.0,0,0.0,0.0,1,0.0,-76.7,2,0.0,-88.8,0.0,0.0,0.0,0.0,0.0,1.0,0.0,2.0,Dallas Christian,0.0,-82.75,-45.1,87.27561917745966,True,0.0,0.0,0.0,False,,,,,,,,,0.0,,,,,,,,,,,,,,,,0.0,,,,,,,,,,,,,,,,,,,,15.749999999999998,549
Southern Arkansas,1,0,0,0.0,0.0,0,0.0,0.0,0,0.0,0.0,1,0.0,-4.8,0.0,0.0,0.0,0.0,0.0,0.0,0.0,1.0,Southern Arkansas,0.0,-4.8,-7.92,100.0,True,0.0,0.0,0.0,False,,,,,,,,,0.0,,,,,,,,,,,,,,,,0.0,,,,,,,,,,,,,,,,,,,,15.749999999999998,549
Southern Virginia,2,0,1,0.0,-47.6,0,0.0,0.0,1,0.0,-101.5,0,0.0,0.0,0.0,1.0,0.0,0.0,0.0,1.0,0.0,0.0,Southern Virginia,0.0,-66.34782608695653,-16.539130434782614,53.101567825494215,False,0.0,0.0,0.0,False,,,,,,,,,0.0,,,,,,,,,,,,,,,,0.0,,,,,,,,,,,,,,,,,,,,15.749999999999998,549
Coe,2,0,1,0.0,-114.2,0,0.0,0.0,0,0.0,0.0,1,0.0,-17.9,0.0,1.0,0.0,0.0,0.0,0.0,0.0,1.0,Coe,0.0,-93.92631578947369,-33.57052631578948,72.1881390593047,True,0.0,0.0,0.0,False,,,,,,,,,0.0,,,,,,,,,,,,,,,,0.0,,,,,,,,,,,,,,,,,,,,15.749999999999998,549
St. Xavier  (IL),2,0,0,0.0,0.0,0,0.0,0.0,1,0.0,-30.3,1,0.0,-32.3,0.0,0.0,0.0,0.0,0.0,1.0,0.0,1.0,St. Xavier  (IL),0.0,-30.966666666666665,-18.386666666666667,80.9134287661895,True,0.0,0.0,0.0,False,,,,,,,,,0.0,,,,,,,,,,,,,,,,0.0,,,,,,,,,,,,,,,,,,,,15.749999999999998,549
Stanton,2,0,0,0.0,0.0,1,0.0,-39.5,0,0.0,0.0,1,0.0,-39.8,0.0,0.0,0.0,1.0,0.0,0.0,0.0,1.0,Stanton,0.0,-39.574999999999996,-11.829999999999998,72.1881390593047,True,0.0,0.0,0.0,False,,,,,,,,,0.0,,,,,,,,,,,,,,,,0.0,,,,,,,,,,,,,,,,,,,,15.749999999999998,549
Southern-New Orleans,1,0,0,0.0,0.0,0,0.0,0.0,0,0.0,0.0,1,0.0,-80.9,0.0,0.0,0.0,0.0,0.0,0.0,0.0,1.0,Southern-New Orleans,0.0,-80.9,-38.36000000000001,100.0,True,0.0,0.0,0.0,False,,,,,,,,,0.0,,,,,,,,,,,,,,,,0.0,,,,,,,,,,,,,,,,,,,,15.749999999999998,549
Southwestern Adventist,3,0,0,0.0,0.0,0,0.0,0.0,1,0.0,-98.6,2,0.0,-75.7,0.0,0.0,0.0,0.0,0.0,1.0,0.0,2.0,Southwestern Adventist,0.0,-87.14999999999999,-46.86,87.27561917745966,True,0.0,0.0,0.0,False,,,,,,,,,0.0,,,,,,,,,,,,,,,,0.0,,,,,,,,,,,,,,,,,,,,15.749999999999998,549
Southwestern Christian,3,0,0,0.0,0.0,0,0.0,0.0,1,0.0,-51.9,2,0.0,-58.3,0.0,0.0,0.0,0.0,0.0,1.0,0.0,2.0,Southwestern Christian,0.0,-55.099999999999994,-34.04,87.27561917745966,True,0.0,0.0,0.0,False,,,,,,,,,0.0,,,,,,,,,,,,,,,,0.0,,,,,,,,,,,,,,,,,,,,15.749999999999998,549
Spring Hill,1,0,0,0.0,0.0,1,0.0,-81.1,0,0.0,0.0,0,0.0,0.0,0.0,0.0,0.0,1.0,0.0,0.0,0.0,0.0,Spring Hill,0.0,-81.1,-12.439999999999998,53.101567825494215,False,0.0,0.0,0.0,False,,,,,,,,,0.0,,,,,,,,,,,,,,,,0.0,,,,,,,,,,,,,,,,,,,,15.749999999999998,549
Spurgeon College,1,0,0,0.0,0.0,0,0.0,0.0,0,0.0,0.0,1,0.0,-28.8,0.0,0.0,0.0,0.0,0.0,0.0,0.0,1.0,Spurgeon College,0.0,-28.8,-17.520000000000003,100.0,True,0.0,0.0,0.0,False,,,,,,,,,0.0,,,,,,,,,,,,,,,,0.0,,,,,,,,,,,,,,,,,,,,15.749999999999998,549
DeSales,1,0,0,0.0,0.0,0,0.0,0.0,1,0.0,-58.1,0,0.0,0.0,0.0,0.0,0.0,0.0,0.0,1.0,0.0,0.0,DeSales,0.0,-58.1,-23.240000000000002,61.82685753237901,True,0.0,0.0,0.0,False,,,,,,,,,0.0,,,,,,,,,,,,,,,,0.0,,,,,,,,,,,,,,,,,,,,15.749999999999998,549
Defiance,2,0,0,0.0,0.0,0,0.0,0.0,0,0.0,0.0,2,0.0,-83.8,0.0,0.0,0.0,0.0,0.0,0.0,0.0,2.0,Defiance,0.0,-83.8,-45.52,100.0,True,0.0,0.0,0.0,False,,,,,,,,,0.0,,,,,,,,,,,,,,,,0.0,,,,,,,,,,,,,,,,,,,,15.749999999999998,549
Columbia International,2,0,0,0.0,0.0,0,0.0,0.0,1,0.0,-44.7,1,0.0,-73.8,0.0,0.0,0.0,0.0,0.0,1.0,0.0,1.0,Columbia International,0.0,-54.39999999999999,-27.759999999999998,80.9134287661895,True,0.0,0.0,0.0,False,,,,,,,,,0.0,,,,,,,,,,,,,,,,0.0,,,,,,,,,,,,,,,,,,,,15.749999999999998,549
Concord,1,0,1,0.0,-72.0,0,0.0,0.0,0,0.0,0.0,0,0.0,0.0,0.0,1.0,0.0,0.0,0.0,0.0,0.0,0.0,Concord,0.0,-72.0,-8.8,53.101567825494215,False,0.0,0.0,0.0,False,,,,,,,,,0.0,,,,,,,,,,,,,,,,0.0,,,,,,,,,,,,,,,,,,,,15.749999999999998,549
Concordia-Nebraska,1,0,0,0.0,0.0,0,0.0,0.0,0,0.0,0.0,1,0.0,-23.0,0.0,0.0,0.0,0.0,0.0,0.0,0.0,1.0,Concordia-Nebraska,0.0,-23.0,-15.200000000000001,100.0,True,0.0,0.0,0.0,False,,,,,,,,,0.0,,,,,,,,,,,,,,,,0.0,,,,,,,,,,,,,,,,,,,,15.749999999999998,549
Converse University,1,0,1,0.0,-81.2,0,0.0,0.0,0,0.0,0.0,0,0.0,0.0,0.0,1.0,0.0,0.0,0.0,0.0,0.0,0.0,Converse University,0.0,-81.2,-12.480000000000004,53.101567825494215,False,0.0,0.0,0.0,False,,,,,,,,,0.0,,,,,,,,,,,,,,,,0.0,,,,,,,,,,,,,,,,,,,,15.749999999999998,549
Coppin State,1,0,0,0.0,0.0,0,0.0,0.0,0,0.0,0.0,1,0.0,-32.3,0.0,0.0,0.0,0.0,0.0,0.0,0.0,1.0,Coppin State*,0.0,-32.3,-18.92,100.0,True,0.0,0.0,0.0,False,,,,,,,,,0.0,,,,,,,,,,,,,,,,0.0,,,,,,,,,,,,,,,,,,,,15.749999999999998,549
College Of Biblical Studies,9,0,0,0.0,0.0,1,0.0,-126.7,3,0.0,-97.0,5,0.0,-78.2,0.0,0.0,0.0,1.0,0.0,3.0,0.0,5.0,College Of Biblical Studies,0.0,-96.64999999999999,-66.43777777777777,74.30886919639475,True,0.0,0.0,0.0,False,,,,,,,,,0.0,,,,,,,,,,,,,,,,0.0,,,,,,,,,,,,,,,,,,,,15.749999999999998,549
Colorado Christian,2,0,0,0.0,0.0,1,0.0,-54.1,0,0.0,0.0,1,0.0,-53.3,0.0,0.0,0.0,1.0,0.0,0.0,0.0,1.0,Colorado Christian,0.0,-53.900000000000006,-17.560000000000002,72.1881390593047,True,0.0,0.0,0.0,False,,,,,,,,,0.0,,,,,,,,,,,,,,,,0.0,,,,,,,,,,,,,,,,,,,,15.749999999999998,549
Colorado College,1,0,0,0.0,0.0,1,0.0,-51.7,0,0.0,0.0,0,0.0,0.0,0.0,0.0,0.0,1.0,0.0,0.0,0.0,0.0,Colorado College,0.0,-51.7,-0.6800000000000033,53.101567825494215,False,0.0,0.0,0.0,False,,,,,,,,,0.0,,,,,,,,,,,,,,,,0.0,,,,,,,,,,,,,,,,,,,,15.749999999999998,549
Colorado-Colorado Springs,1,0,0,0.0,0.0,0,0.0,0.0,0,0.0,0.0,1,0.0,-47.3,0.0,0.0,0.0,0.0,0.0,0.0,0.0,1.0,Colorado-Colorado Springs,0.0,-47.29999999999999,-24.919999999999998,100.0,True,0.0,0.0,0.0,False,,,,,,,,,0.0,,,,,,,,,,,,,,,,0.0,,,,,,,,,,,,,,,,,,,,15.749999999999998,549
Columbia College (SC),2,0,1,0.0,-72.0,0,0.0,0.0,0,0.0,0.0,1,0.0,-65.4,0.0,1.0,0.0,0.0,0.0,0.0,0.0,1.0,Columbia College (SC),0.0,-70.61052631578947,-24.24421052631579,72.1881390593047,True,0.0,0.0,0.0,False,,,,,,,,,0.0,,,,,,,,,,,,,,,,0.0,,,,,,,,,,,,,,,,,,,,15.749999999999998,549
Cheyney (PA),2,0,0,0.0,0.0,0,0.0,0.0,0,0.0,0.0,2,0.0,-46.5,0.0,0.0,0.0,0.0,0.0,0.0,0.0,2.0,Cheyney (PA),0.0,-46.5,-30.6,100.0,True,0.0,0.0,0.0,False,,,,,,,,,0.0,,,,,,,,,,,,,,,,0.0,,,,,,,,,,,,,,,,,,,,15.749999999999998,549
Christendom,1,0,0,0.0,0.0,0,0.0,0.0,0,0.0,0.0,1,0.0,-81.2,0.0,0.0,0.0,0.0,0.0,0.0,0.0,1.0,Christendom,0.0,-81.2,-38.480000000000004,100.0,True,0.0,0.0,0.0,False,,,,,,,,,0.0,,,,,,,,,,,,,,,,0.0,,,,,,,,,,,,,,,,,,,,15.749999999999998,549
Crown College,1,0,0,0.0,0.0,0,0.0,0.0,0,0.0,0.0,1,0.0,-76.9,0.0,0.0,0.0,0.0,0.0,0.0,0.0,1.0,Crown College,0.0,-76.9,-36.760000000000005,100.0,True,0.0,0.0,0.0,False,,,,,,,,,0.0,,,,,,,,,,,,,,,,0.0,,,,,,,,,,,,,,,,,,,,15.749999999999998,549
Cumberland (TN),1,0,0,0.0,0.0,0,0.0,0.0,0,0.0,0.0,1,0.0,-26.1,0.0,0.0,0.0,0.0,0.0,0.0,0.0,1.0,Cumberland (TN),0.0,-26.1,-16.44,100.0,True,0.0,0.0,0.0,False,,,,,,,,,0.0,,,,,,,,,,,,,,,,0.0,,,,,,,,,,,,,,,,,,,,15.749999999999998,549
Curry College,1,0,0,0.0,0.0,0,0.0,0.0,0,0.0,0.0,1,0.0,-131.0,0.0,0.0,0.0,0.0,0.0,0.0,0.0,1.0,Curry College,0.0,-131.0,-58.400000000000006,100.0,True,0.0,0.0,0.0,False,,,,,,,,,0.0,,,,,,,,,,,,,,,,0.0,,,,,,,,,,,,,,,,,,,,15.749999999999998,549
Dakota State,3,0,0,0.0,0.0,0,0.0,0.0,2,0.0,-10.8,1,0.0,-57.3,0.0,0.0,0.0,0.0,0.0,2.0,0.0,1.0,Dakota State,0.0,-20.1,-14.040000000000001,74.55123835491932,True,0.0,0.0,0.0,False,,,,,,,,,0.0,,,,,,,,,,,,,,,,0.0,,,,,,,,,,,,,,,,,,,,15.749999999999998,549
Morris College,1,0,0,0.0,0.0,0,0.0,0.0,0,0.0,0.0,1,0.0,-44.5,0.0,0.0,0.0,0.0,0.0,0.0,0.0,1.0,Morris College,0.0,-44.5,-23.8,100.0,True,0.0,0.0,0.0,False,,,,,,,,,0.0,,,,,,,,,,,,,,,,0.0,,,,,,,,,,,,,,,,,,,,15.749999999999998,549
Mount Marty College,2,0,1,0.0,-39.2,0,0.0,0.0,1,0.0,-30.9,0,0.0,0.0,0.0,1.0,0.0,0.0,0.0,1.0,0.0,0.0,Mount Marty College,0.0,-36.31304347826088,-4.525217391304352,53.101567825494215,False,0.0,0.0,0.0,False,,,,,,,,,0.0,,,,,,,,,,,,,,,,0.0,,,,,,,,,,,,,,,,,,,,15.749999999999998,549
Mount Saint Mary (NY),1,0,0,0.0,0.0,1,0.0,-112.9,0,0.0,0.0,0,0.0,0.0,0.0,0.0,0.0,1.0,0.0,0.0,0.0,0.0,Mount Saint Mary (NY),0.0,-112.89999999999999,-25.159999999999997,53.101567825494215,False,0.0,0.0,0.0,False,,,,,,,,,0.0,,,,,,,,,,,,,,,,0.0,,,,,,,,,,,,,,,,,,,,15.749999999999998,549
Mid-America Christian,1,0,0,0.0,0.0,0,0.0,0.0,0,0.0,0.0,1,0.0,-34.2,0.0,0.0,0.0,0.0,0.0,0.0,0.0,1.0,Mid-America Christian,0.0,-34.2,-19.68,100.0,True,0.0,0.0,0.0,False,,,,,,,,,0.0,,,,,,,,,,,,,,,,0.0,,,,,,,,,,,,,,,,,,,,15.749999999999998,549
Marywood,1,0,0,0.0,0.0,0,0.0,0.0,1,0.0,-95.4,0,0.0,0.0,0.0,0.0,0.0,0.0,0.0,1.0,0.0,0.0,Marywood,0.0,-95.4,-38.160000000000004,61.82685753237901,True,0.0,0.0,0.0,False,,,,,,,,,0.0,,,,,,,,,,,,,,,,0.0,,,,,,,,,,,,,,,,,,,,15.749999999999998,549
Massachusetts-Boston,1,0,0,0.0,0.0,1,0.0,-75.2,0,0.0,0.0,0,0.0,0.0,0.0,0.0,0.0,1.0,0.0,0.0,0.0,0.0,Massachusetts-Boston,0.0,-75.2,-10.080000000000002,53.101567825494215,False,0.0,0.0,0.0,False,,,,,,,,,0.0,,,,,,,,,,,,,,,,0.0,,,,,,,,,,,,,,,,,,,,15.749999999999998,549
Mayville St,1,0,0,0.0,0.0,0,0.0,0.0,0,0.0,0.0,1,0.0,-111.8,0.0,0.0,0.0,0.0,0.0,0.0,0.0,1.0,Mayville St,0.0,-111.8,-50.72,100.0,True,0.0,0.0,0.0,False,,,,,,,,,0.0,,,,,,,,,,,,,,,,0.0,,,,,,,,,,,,,,,,,,,,15.749999999999998,549
McKendree,1,0,0,0.0,0.0,0,0.0,0.0,1,0.0,-74.4,0,0.0,0.0,0.0,0.0,0.0,0.0,0.0,1.0,0.0,0.0,McKendree,0.0,-74.4,-29.760000000000005,61.82685753237901,True,0.0,0.0,0.0,False,,,,,,,,,0.0,,,,,,,,,,,,,,,,0.0,,,,,,,,,,,,,,,,,,,,15.749999999999998,549
McMurry,1,0,0,0.0,0.0,0,0.0,0.0,0,0.0,0.0,1,0.0,-55.1,0.0,0.0,0.0,0.0,0.0,0.0,0.0,1.0,McMurry,0.0,-55.1,-28.040000000000003,100.0,True,0.0,0.0,0.0,False,,,,,,,,,0.0,,,,,,,,,,,,,,,,0.0,,,,,,,,,,,,,,,,,,,,15.749999999999998,549
McPherson,1,0,0,0.0,0.0,0,0.0,0.0,0,0.0,0.0,1,0.0,-17.2,0.0,0.0,0.0,0.0,0.0,0.0,0.0,1.0,McPherson,0.0,-17.2,-12.879999999999999,100.0,True,0.0,0.0,0.0,False,,,,,,,,,0.0,,,,,,,,,,,,,,,,0.0,,,,,,,,,,,,,,,,,,,,15.749999999999998,549
Missouri Baptist,1,0,0,0.0,0.0,1,0.0,-61.9,0,0.0,0.0,0,0.0,0.0,0.0,0.0,0.0,1.0,0.0,0.0,0.0,0.0,Missouri Baptist,0.0,-61.900000000000006,-4.760000000000005,53.101567825494215,False,0.0,0.0,0.0,False,,,,,,,,,0.0,,,,,,,,,,,,,,,,0.0,,,,,,,,,,,,,,,,,,,,15.749999999999998,549
Missouri Southern State,1,0,0,0.0,0.0,0,0.0,0.0,1,0.0,-22.6,0,0.0,0.0,0.0,0.0,0.0,0.0,0.0,1.0,0.0,0.0,Missouri Southern State,0.0,-22.6,-9.040000000000001,61.82685753237901,True,0.0,0.0,0.0,False,,,,,,,,,0.0,,,,,,,,,,,,,,,,0.0,,,,,,,,,,,,,,,,,,,,15.749999999999998,549
Mitchell College,1,0,0,0.0,0.0,0,0.0,0.0,0,0.0,0.0,1,0.0,-31.9,0.0,0.0,0.0,0.0,0.0,0.0,0.0,1.0,Mitchell College,0.0,-31.9,-18.759999999999998,100.0,True,0.0,0.0,0.0,False,,,,,,,,,0.0,,,,,,,,,,,,,,,,0.0,,,,,,,,,,,,,,,,,,,,15.749999999999998,549
Clinton College,1,0,0,0.0,0.0,1,0.0,-79.7,0,0.0,0.0,0,0.0,0.0,0.0,0.0,0.0,1.0,0.0,0.0,0.0,0.0,Clinton College,0.0,-79.7,-11.880000000000003,53.101567825494215,False,0.0,0.0,0.0,False,,,,,,,,,0.0,,,,,,,,,,,,,,,,0.0,,,,,,,,,,,,,,,,,,,,15.749999999999998,549
Coastal Georgia,3,0,0,0.0,0.0,2,0.0,-54.6,0,0.0,0.0,1,0.0,-58.5,0.0,0.0,0.0,2.0,0.0,0.0,0.0,1.0,Coastal Georgia,0.0,-55.15714285714286,-14.729523809523812,57.10065894114974,False,0.0,0.0,0.0,False,,,,,,,,,0.0,,,,,,,,,,,,,,,,0.0,,,,,,,,,,,,,,,,,,,,15.749999999999998,549
Centenary (NJ),1,0,0,0.0,0.0,0,0.0,0.0,1,0.0,-123.1,0,0.0,0.0,0.0,0.0,0.0,0.0,0.0,1.0,0.0,0.0,Centenary (NJ),0.0,-123.1,-49.24,61.82685753237901,True,0.0,0.0,0.0,False,,,,,,,,,0.0,,,,,,,,,,,,,,,,0.0,,,,,,,,,,,,,,,,,,,,15.749999999999998,549
Texas A&M-San Antonio,2,0,0,0.0,0.0,0,0.0,0.0,2,0.0,-74.0,0,0.0,0.0,0.0,0.0,0.0,0.0,0.0,2.0,0.0,0.0,Texas A&M-San Antonio,0.0,-74.0,-29.6,61.82685753237901,True,0.0,0.0,0.0,False,,,,,,,,,0.0,,,,,,,,,,,,,,,,0.0,,,,,,,,,,,,,,,,,,,,15.749999999999998,549
Texas Lutheran,2,0,0,0.0,0.0,0,0.0,0.0,2,0.0,-95.5,0,0.0,0.0,0.0,0.0,0.0,0.0,0.0,2.0,0.0,0.0,Texas Lutheran,0.0,-95.5,-38.2,61.82685753237901,True,0.0,0.0,0.0,False,,,,,,,,,0.0,,,,,,,,,,,,,,,,0.0,,,,,,,,,,,,,,,,,,,,15.749999999999998,549
Thiel,1,0,0,0.0,0.0,1,0.0,-81.2,0,0.0,0.0,0,0.0,0.0,0.0,0.0,0.0,1.0,0.0,0.0,0.0,0.0,Thiel,0.0,-81.2,-12.480000000000004,53.101567825494215,False,0.0,0.0,0.0,False,,,,,,,,,0.0,,,,,,,,,,,,,,,,0.0,,,,,,,,,,,,,,,,,,,,15.749999999999998,549
Thomas (ME),1,0,0,0.0,0.0,0,0.0,0.0,0,0.0,0.0,1,0.0,-74.8,0.0,0.0,0.0,0.0,0.0,0.0,0.0,1.0,Thomas (ME),0.0,-74.8,-35.92,100.0,True,0.0,0.0,0.0,False,,,,,,,,,0.0,,,,,,,,,,,,,,,,0.0,,,,,,,,,,,,,,,,,,,,15.749999999999998,549
Tiffin,1,0,0,0.0,0.0,0,0.0,0.0,0,0.0,0.0,1,0.0,-18.7,0.0,0.0,0.0,0.0,0.0,0.0,0.0,1.0,Tiffin,0.0,-18.7,-13.48,100.0,True,0.0,0.0,0.0,False,,,,,,,,,0.0,,,,,,,,,,,,,,,,0.0,,,,,,,,,,,,,,,,,,,,15.749999999999998,549
Toccoa Falls,4,0,0,0.0,0.0,2,0.0,-58.9,0,0.0,0.0,2,0.0,-68.6,0.0,0.0,0.0,2.0,0.0,0.0,0.0,2.0,Toccoa Falls,0.0,-61.32499999999999,-26.529999999999998,63.4628493524199,True,0.0,0.0,0.0,False,,,,,,,,,0.0,,,,,,,,,,,,,,,,0.0,,,,,,,,,,,,,,,,,,,,15.749999999999998,549
Tougaloo,2,0,0,0.0,0.0,1,0.0,-15.4,1,0.0,-50.8,0,0.0,0.0,0.0,0.0,0.0,1.0,0.0,1.0,0.0,0.0,Tougaloo,0.0,-29.560000000000002,-1.8240000000000016,53.101567825494215,False,0.0,0.0,0.0,False,,,,,,,,,0.0,,,,,,,,,,,,,,,,0.0,,,,,,,,,,,,,,,,,,,,15.749999999999998,549
Tennessee Southern,1,0,0,0.0,0.0,0,0.0,0.0,0,0.0,0.0,1,0.0,-51.0,0.0,0.0,0.0,0.0,0.0,0.0,0.0,1.0,Tennessee Southern,0.0,-51.0,-26.400000000000002,100.0,True,0.0,0.0,0.0,False,,,,,,,,,0.0,,,,,,,,,,,,,,,,0.0,,,,,,,,,,,,,,,,,,,,15.749999999999998,549
Tennessee Wesleyan,2,0,0,0.0,0.0,0,0.0,0.0,2,0.0,-48.05,0,0.0,0.0,0.0,0.0,0.0,0.0,0.0,2.0,0.0,0.0,Tennessee Wesleyan,0.0,-48.05,-19.22,61.82685753237901,True,0.0,0.0,0.0,False,,,,,,,,,0.0,,,,,,,,,,,,,,,,0.0,,,,,,,,,,,,,,,,,,,,15.749999999999998,549
St. Mary's (MD),2,0,1,0.0,-83.5,0,0.0,0.0,1,0.0,-74.8,0,0.0,0.0,0.0,1.0,0.0,0.0,0.0,1.0,0.0,0.0,St. Mary's (MD),0.0,-80.47391304347826,-22.189565217391305,53.101567825494215,False,0.0,0.0,0.0,False,,,,,,,,,0.0,,,,,,,,,,,,,,,,0.0,,,,,,,,,,,,,,,,,,,,15.749999999999998,549
St. Scholastica,1,0,1,0.0,-121.5,0,0.0,0.0,0,0.0,0.0,0,0.0,0.0,0.0,1.0,0.0,0.0,0.0,0.0,0.0,0.0,St. Scholastica,0.0,-121.5,-28.6,53.101567825494215,False,0.0,0.0,0.0,False,,,,,,,,,0.0,,,,,,,,,,,,,,,,0.0,,,,,,,,,,,,,,,,,,,,15.749999999999998,549
St. Thomas (TX),1,0,0,0.0,0.0,0,0.0,0.0,0,0.0,0.0,1,0.0,-1.3,0.0,0.0,0.0,0.0,0.0,0.0,0.0,1.0,St. Thomas (TX),0.0,-1.3,-6.52,100.0,True,0.0,0.0,0.0,False,,,,,,,,,0.0,,,,,,,,,,,,,,,,0.0,,,,,,,,,,,,,,,,,,,,15.749999999999998,549
Caltech,1,0,0,0.0,0.0,0,0.0,0.0,0,0.0,0.0,1,0.0,-65.9,0.0,0.0,0.0,0.0,0.0,0.0,0.0,1.0,Caltech,0.0,-65.9,-32.36,100.0,True,0.0,0.0,0.0,False,,,,,,,,,0.0,,,,,,,,,,,,,,,,0.0,,,,,,,,,,,,,,,,,,,,15.749999999999998,549
Calumet,2,0,0,0.0,0.0,0,0.0,0.0,1,0.0,-68.1,1,0.0,-70.4,0.0,0.0,0.0,0.0,0.0,1.0,0.0,1.0,Calumet,0.0,-68.86666666666666,-33.54666666666667,80.9134287661895,True,0.0,0.0,0.0,False,,,,,,,,,0.0,,,,,,,,,,,,,,,,0.0,,,,,,,,,,,,,,,,,,,,15.749999999999998,549
UT Permian Basin,1,0,0,0.0,0.0,0,0.0,0.0,0,0.0,0.0,1,0.0,-76.5,0.0,0.0,0.0,0.0,0.0,0.0,0.0,1.0,UT Permian Basin,0.0,-76.5,-36.6,100.0,True,0.0,0.0,0.0,False,,,,,,,,,0.0,,,,,,,,,,,,,,,,0.0,,,,,,,,,,,,,,,,,,,,15.749999999999998,549
Union (KY),2,0,0,0.0,0.0,0,0.0,0.0,2,0.0,-71.0,0,0.0,0.0,0.0,0.0,0.0,0.0,0.0,2.0,0.0,0.0,Union (KY),0.0,-71.0,-28.400000000000002,61.82685753237901,True,0.0,0.0,0.0,False,,,,,,,,,0.0,,,,,,,,,,,,,,,,0.0,,,,,,,,,,,,,,,,,,,,15.749999999999998,549
University of The Southwest,1,0,0,0.0,0.0,1,0.0,-116.0,0,0.0,0.0,0,0.0,0.0,0.0,0.0,0.0,1.0,0.0,0.0,0.0,0.0,University of The Southwest,0.0,-116.0,-26.400000000000006,53.101567825494215,False,0.0,0.0,0.0,False,,,,,,,,,0.0,,,,,,,,,,,,,,,,0.0,,,,,,,,,,,,,,,,,,,,15.749999999999998,549
Christian Brothers,1,0,0,0.0,0.0,0,0.0,0.0,1,0.0,-47.3,0,0.0,0.0,0.0,0.0,0.0,0.0,0.0,1.0,0.0,0.0,Christian Brothers,0.0,-47.29999999999999,-18.919999999999998,61.82685753237901,True,0.0,0.0,0.0,False,,,,,,,,,0.0,,,,,,,,,,,,,,,,0.0,,,,,,,,,,,,,,,,,,,,15.749999999999998,549
Cincinnati Clermont,1,0,0,0.0,0.0,1,0.0,-67.3,0,0.0,0.0,0,0.0,0.0,0.0,0.0,0.0,1.0,0.0,0.0,0.0,0.0,Cincinnati Clermont,0.0,-67.3,-6.920000000000002,53.101567825494215,False,0.0,0.0,0.0,False,,,,,,,,,0.0,,,,,,,,,,,,,,,,0.0,,,,,,,,,,,,,,,,,,,,15.749999999999998,549
City College NY,2,0,0,0.0,0.0,1,0.0,-101.9,1,0.0,-97.1,0,0.0,0.0,0.0,0.0,0.0,1.0,0.0,1.0,0.0,0.0,City College NY,0.0,-99.98,-29.992000000000004,53.101567825494215,False,0.0,0.0,0.0,False,,,,,,,,,0.0,,,,,,,,,,,,,,,,0.0,,,,,,,,,,,,,,,,,,,,15.749999999999998,549
Cleary University,3,0,0,0.0,0.0,1,0.0,-64.8,1,0.0,-57.1,1,0.0,-53.2,0.0,0.0,0.0,1.0,0.0,1.0,0.0,1.0,Cleary University,0.0,-60.300000000000004,-23.45333333333334,65.82594864803454,True,0.0,0.0,0.0,False,,,,,,,,,0.0,,,,,,,,,,,,,,,,0.0,,,,,,,,,,,,,,,,,,,,15.749999999999998,549
Capital,1,0,0,0.0,0.0,0,0.0,0.0,0,0.0,0.0,1,0.0,-1.5,0.0,0.0,0.0,0.0,0.0,0.0,0.0,1.0,Capital,0.0,-1.5000000000000002,-6.6,100.0,True,0.0,0.0,0.0,False,,,,,,,,,0.0,,,,,,,,,,,,,,,,0.0,,,,,,,,,,,,,,,,,,,,15.749999999999998,549
Carolina University,3,0,0,0.0,0.0,1,0.0,-85.5,1,0.0,-88.0,1,0.0,-77.3,0.0,0.0,0.0,1.0,0.0,1.0,0.0,1.0,Carolina University,0.0,-84.96666666666668,-33.32000000000001,65.82594864803454,True,0.0,0.0,0.0,False,,,,,,,,,0.0,,,,,,,,,,,,,,,,0.0,,,,,,,,,,,,,,,,,,,,15.749999999999998,549
Centenary (LA),1,0,0,0.0,0.0,0,0.0,0.0,1,0.0,-44.4,0,0.0,0.0,0.0,0.0,0.0,0.0,0.0,1.0,0.0,0.0,Centenary (LA),0.0,-44.4,-17.76,61.82685753237901,True,0.0,0.0,0.0,False,,,,,,,,,0.0,,,,,,,,,,,,,,,,0.0,,,,,,,,,,,,,,,,,,,,15.749999999999998,549
Bryant & Stratton (Ohio),1,0,0,0.0,0.0,1,0.0,-55.6,0,0.0,0.0,0,0.0,0.0,0.0,0.0,0.0,1.0,0.0,0.0,0.0,0.0,Bryant & Stratton (Ohio),0.0,-55.6,-2.240000000000002,53.101567825494215,False,0.0,0.0,0.0,False,,,,,,,,,0.0,,,,,,,,,,,,,,,,0.0,,,,,,,,,,,,,,,,,,,,15.749999999999998,549
Bryant Str-Alb,1,0,0,0.0,0.0,0,0.0,0.0,1,0.0,-74.5,0,0.0,0.0,0.0,0.0,0.0,0.0,0.0,1.0,0.0,0.0,Bryant Str-Alb,0.0,-74.5,-29.8,61.82685753237901,True,0.0,0.0,0.0,False,,,,,,,,,0.0,,,,,,,,,,,,,,,,0.0,,,,,,,,,,,,,,,,,,,,15.749999999999998,549
Buena Vista,1,0,0,0.0,0.0,0,0.0,0.0,1,0.0,-80.3,0,0.0,0.0,0.0,0.0,0.0,0.0,0.0,1.0,0.0,0.0,Buena Vista,0.0,-80.29999999999998,-32.12,61.82685753237901,True,0.0,0.0,0.0,False,,,,,,,,,0.0,,,,,,,,,,,,,,,,0.0,,,,,,,,,,,,,,,,,,,,15.749999999999998,549
Trinity (FL),1,0,0,0.0,0.0,0,0.0,0.0,0,0.0,0.0,1,0.0,-125.9,0.0,0.0,0.0,0.0,0.0,0.0,0.0,1.0,Trinity (FL),0.0,-125.9,-56.36000000000001,100.0,True,0.0,0.0,0.0,False,,,,,,,,,0.0,,,,,,,,,,,,,,,,0.0,,,,,,,,,,,,,,,,,,,,15.749999999999998,549
Trinity (TX),1,0,0,0.0,0.0,0,0.0,0.0,0,0.0,0.0,1,0.0,-39.4,0.0,0.0,0.0,0.0,0.0,0.0,0.0,1.0,Trinity (TX),0.0,-39.4,-21.759999999999998,100.0,True,0.0,0.0,0.0,False,,,,,,,,,0.0,,,,,,,,,,,,,,,,0.0,,,,,,,,,,,,,,,,,,,,15.749999999999998,549
Trinity Christian (IL),1,0,1,0.0,-124.6,0,0.0,0.0,0,0.0,0.0,0,0.0,0.0,0.0,1.0,0.0,0.0,0.0,0.0,0.0,0.0,Trinity Christian (IL),0.0,-124.59999999999998,-29.839999999999996,53.101567825494215,False,0.0,0.0,0.0,False,,,,,,,,,0.0,,,,,,,,,,,,,,,,0.0,,,,,,,,,,,,,,,,,,,,15.749999999999998,549
Trinity College of Jacksonville,3,0,0,0.0,0.0,0,0.0,0.0,1,0.0,-63.0,2,0.0,-92.5,0.0,0.0,0.0,0.0,0.0,1.0,0.0,2.0,Trinity College of Jacksonville,0.0,-77.75,-43.1,87.27561917745966,True,0.0,0.0,0.0,False,,,,,,,,,0.0,,,,,,,,,,,,,,,,0.0,,,,,,,,,,,,,,,,,,,,15.749999999999998,549
Truett-McConnell,1,0,0,0.0,0.0,0,0.0,0.0,0,0.0,0.0,1,0.0,-36.7,0.0,0.0,0.0,0.0,0.0,0.0,0.0,1.0,Truett-McConnell,0.0,-36.7,-20.68,100.0,True,0.0,0.0,0.0,False,,,,,,,,,0.0,,,,,,,,,,,,,,,,0.0,,,,,,,,,,,,,,,,,,,,15.749999999999998,549
Tusculum,2,0,1,0.0,-22.3,0,0.0,0.0,1,0.0,-33.8,0,0.0,0.0,0.0,1.0,0.0,0.0,0.0,1.0,0.0,0.0,Tusculum,0.0,-26.300000000000004,-0.5200000000000031,53.101567825494215,False,0.0,0.0,0.0,False,,,,,,,,,0.0,,,,,,,,,,,,,,,,0.0,,,,,,,,,,,,,,,,,,,,15.749999999999998,549
Central Penn,3,0,0,0.0,0.0,0,0.0,0.0,1,0.0,-93.0,2,0.0,-46.2,0.0,0.0,0.0,0.0,0.0,1.0,0.0,2.0,Central Penn,0.0,-69.60000000000001,-39.84,87.27561917745966,True,0.0,0.0,0.0,False,,,,,,,,,0.0,,,,,,,,,,,,,,,,0.0,,,,,,,,,,,,,,,,,,,,15.749999999999998,549
Central State (OH),2,0,0,0.0,0.0,1,0.0,-28.3,1,0.0,-60.4,0,0.0,0.0,0.0,0.0,0.0,1.0,0.0,1.0,0.0,0.0,Central State (OH),0.0,-41.14,-6.4559999999999995,53.101567825494215,False,0.0,0.0,0.0,False,,,,,,,,,0.0,,,,,,,,,,,,,,,,0.0,,,,,,,,,,,,,,,,,,,,15.749999999999998,549
Chaminade,3,0,0,0.0,0.0,1,0.0,-19.3,0,0.0,0.0,2,0.0,-20.75,0.0,0.0,0.0,1.0,0.0,0.0,0.0,2.0,Chaminade*,0.0,-19.880000000000003,-13.285333333333336,78.55032947057487,True,0.0,0.0,0.0,False,,,,,,,,,0.0,,,,,,,,,,,,,,,,0.0,,,,,,,,,,,,,,,,,,,,15.749999999999998,549
Champion Christian,6,0,1,0.0,-57.3,1,0.0,-90.1,1,0.0,-55.4,3,0.0,-89.0,0.0,1.0,0.0,1.0,0.0,1.0,0.0,3.0,Champion Christian,0.0,-73.44468085106382,-40.71120567375886,63.4628493524199,True,0.0,0.0,0.0,False,,,,,,,,,0.0,,,,,,,,,,,,,,,,0.0,,,,,,,,,,,,,,,,,,,,15.749999999999998,549
Cal State Fullerton,1,0,0,0.0,0.0,0,0.0,0.0,0,0.0,0.0,1,0.0,-3.4,0.0,0.0,0.0,0.0,0.0,0.0,0.0,1.0,Cal State Fullerton,0.0,-3.4,-7.36,100.0,True,0.0,0.0,0.0,False,,,,,,,,,0.0,,,,,,,,,,,,,,,,0.0,,,,,,,,,,,,,,,,,,,,15.749999999999998,549
Caldwell,1,0,0,0.0,0.0,0,0.0,0.0,1,0.0,-38.5,0,0.0,0.0,0.0,0.0,0.0,0.0,0.0,1.0,0.0,0.0,Caldwell,0.0,-38.5,-15.4,61.82685753237901,True,0.0,0.0,0.0,False,,,,,,,,,0.0,,,,,,,,,,,,,,,,0.0,,,,,,,,,,,,,,,,,,,,15.749999999999998,549
Benedictine (AZ),1,0,0,0.0,0.0,0,0.0,0.0,0,0.0,0.0,1,0.0,-73.6,0.0,0.0,0.0,0.0,0.0,0.0,0.0,1.0,Benedictine (AZ),0.0,-73.6,-35.44,100.0,True,0.0,0.0,0.0,False,,,,,,,,,0.0,,,,,,,,,,,,,,,,0.0,,,,,,,,,,,,,,,,,,,,15.749999999999998,549
UC Santa Cruz,2,0,0,0.0,0.0,2,0.0,-60.5,0,0.0,0.0,0,0.0,0.0,0.0,0.0,0.0,2.0,0.0,0.0,0.0,0.0,UC Santa Cruz,0.0,-60.5,-4.200000000000003,44.376278118609406,False,0.0,0.0,0.0,False,,,,,,,,,0.0,,,,,,,,,,,,,,,,0.0,,,,,,,,,,,,,,,,,,,,15.749999999999998,549
Bloomfield,1,0,0,0.0,0.0,0,0.0,0.0,1,0.0,-2.0,0,0.0,0.0,0.0,0.0,0.0,0.0,0.0,1.0,0.0,0.0,Bloomfield,0.0,-2.0,-0.8,61.82685753237901,True,0.0,0.0,0.0,False,,,,,,,,,0.0,,,,,,,,,,,,,,,,0.0,,,,,,,,,,,,,,,,,,,,15.749999999999998,549
Bloomsburg,1,0,0,0.0,0.0,0,0.0,0.0,1,0.0,-83.0,0,0.0,0.0,0.0,0.0,0.0,0.0,0.0,1.0,0.0,0.0,Bloomsburg,0.0,-83.0,-33.2,61.82685753237901,True,0.0,0.0,0.0,False,,,,,,,,,0.0,,,,,,,,,,,,,,,,0.0,,,,,,,,,,,,,,,,,,,,15.749999999999998,549
Blue Mountain,2,0,0,0.0,0.0,0,0.0,0.0,1,0.0,-77.5,1,0.0,-29.5,0.0,0.0,0.0,0.0,0.0,1.0,0.0,1.0,Blue Mountain,0.0,-61.499999999999986,-30.599999999999994,80.9134287661895,True,0.0,0.0,0.0,False,,,,,,,,,0.0,,,,,,,,,,,,,,,,0.0,,,,,,,,,,,,,,,,,,,,15.749999999999998,549
Bluefield State,1,0,0,0.0,0.0,0,0.0,0.0,0,0.0,0.0,1,0.0,-29.5,0.0,0.0,0.0,0.0,0.0,0.0,0.0,1.0,Bluefield State,0.0,-29.5,-17.8,100.0,True,0.0,0.0,0.0,False,,,,,,,,,0.0,,,,,,,,,,,,,,,,0.0,,,,,,,,,,,,,,,,,,,,15.749999999999998,549
William Peace,1,0,0,0.0,0.0,0,0.0,0.0,0,0.0,0.0,1,0.0,-43.9,0.0,0.0,0.0,0.0,0.0,0.0,0.0,1.0,William Peace,0.0,-43.89999999999999,-23.56,100.0,True,0.0,0.0,0.0,False,,,,,,,,,0.0,,,,,,,,,,,,,,,,0.0,,,,,,,,,,,,,,,,,,,,15.749999999999998,549
Minnesota Crookston,1,0,1,0.0,-50.8,0,0.0,0.0,0,0.0,0.0,0,0.0,0.0,0.0,1.0,0.0,0.0,0.0,0.0,0.0,0.0,Minnesota Crookston,0.0,-50.79999999999999,-0.31999999999999673,53.101567825494215,False,0.0,0.0,0.0,False,,,,,,,,,0.0,,,,,,,,,,,,,,,,0.0,,,,,,,,,,,,,,,,,,,,15.749999999999998,549
Misericordia,2,0,0,0.0,0.0,0,0.0,0.0,1,0.0,-59.9,1,0.0,-15.5,0.0,0.0,0.0,0.0,0.0,1.0,0.0,1.0,Misericordia,0.0,-45.099999999999994,-24.04,80.9134287661895,True,0.0,0.0,0.0,False,,,,,,,,,0.0,,,,,,,,,,,,,,,,0.0,,,,,,,,,,,,,,,,,,,,15.749999999999998,549
Angelo State,1,0,0,0.0,0.0,0,0.0,0.0,1,0.0,-35.2,0,0.0,0.0,0.0,0.0,0.0,0.0,0.0,1.0,0.0,0.0,Angelo State,0.0,-35.2,-14.080000000000002,61.82685753237901,True,0.0,0.0,0.0,False,,,,,,,,,0.0,,,,,,,,,,,,,,,,0.0,,,,,,,,,,,,,,,,,,,,15.749999999999998,549
Apprentice School,1,0,0,0.0,0.0,0,0.0,0.0,1,0.0,-57.9,0,0.0,0.0,0.0,0.0,0.0,0.0,0.0,1.0,0.0,0.0,Apprentice School,0.0,-57.9,-23.16,61.82685753237901,True,0.0,0.0,0.0,False,,,,,,,,,0.0,,,,,,,,,,,,,,,,0.0,,,,,,,,,,,,,,,,,,,,15.749999999999998,549
Aquinas,1,0,1,0.0,-137.8,0,0.0,0.0,0,0.0,0.0,0,0.0,0.0,0.0,1.0,0.0,0.0,0.0,0.0,0.0,0.0,Aquinas,0.0,-137.8,-35.120000000000005,53.101567825494215,False,0.0,0.0,0.0,False,,,,,,,,,0.0,,,,,,,,,,,,,,,,0.0,,,,,,,,,,,,,,,,,,,,15.749999999999998,549
Wilson College,1,0,0,0.0,0.0,0,0.0,0.0,0,0.0,0.0,1,0.0,-49.2,0.0,0.0,0.0,0.0,0.0,0.0,0.0,1.0,Wilson College,0.0,-49.2,-25.680000000000003,100.0,True,0.0,0.0,0.0,False,,,,,,,,,0.0,,,,,,,,,,,,,,,,0.0,,,,,,,,,,,,,,,,,,,,15.749999999999998,549
Worcester State,2,0,0,0.0,0.0,0,0.0,0.0,0,0.0,0.0,2,0.0,-45.8,0.0,0.0,0.0,0.0,0.0,0.0,0.0,2.0,Worcester State,0.0,-45.8,-30.32,100.0,True,0.0,0.0,0.0,False,,,,,,,,,0.0,,,,,,,,,,,,,,,,0.0,,,,,,,,,,,,,,,,,,,,15.749999999999998,549
Western New England,1,0,0,0.0,0.0,0,0.0,0.0,1,0.0,-11.0,0,0.0,0.0,0.0,0.0,0.0,0.0,0.0,1.0,0.0,0.0,Western New England,0.0,-11.0,-4.4,61.82685753237901,True,0.0,0.0,0.0,False,,,,,,,,,0.0,,,,,,,,,,,,,,,,0.0,,,,,,,,,,,,,,,,,,,,15.749999999999998,549
Western New Mexico,1,0,0,0.0,0.0,0,0.0,0.0,0,0.0,0.0,1,0.0,-54.7,0.0,0.0,0.0,0.0,0.0,0.0,0.0,1.0,Western New Mexico,0.0,-54.7,-27.880000000000003,100.0,True,0.0,0.0,0.0,False,,,,,,,,,0.0,,,,,,,,,,,,,,,,0.0,,,,,,,,,,,,,,,,,,,,15.749999999999998,549
Westminster (UT),2,0,2,0.0,-67.0,0,0.0,0.0,0,0.0,0.0,0,0.0,0.0,0.0,2.0,0.0,0.0,0.0,0.0,0.0,0.0,Westminster (UT),0.0,-67.0,-6.800000000000001,44.376278118609406,False,0.0,0.0,0.0,False,,,,,,,,,0.0,,,,,,,,,,,,,,,,0.0,,,,,,,,,,,,,,,,,,,,15.749999999999998,549
Whitman,1,0,0,0.0,0.0,0,0.0,0.0,1,0.0,-63.3,0,0.0,0.0,0.0,0.0,0.0,0.0,0.0,1.0,0.0,0.0,Whitman,0.0,-63.3,-25.32,61.82685753237901,True,0.0,0.0,0.0,False,,,,,,,,,0.0,,,,,,,,,,,,,,,,0.0,,,,,,,,,,,,,,,,,,,,15.749999999999998,549
Whittier,2,0,0,0.0,0.0,1,0.0,-90.5,0,0.0,0.0,1,0.0,-31.2,0.0,0.0,0.0,1.0,0.0,0.0,0.0,1.0,Whittier,0.0,-75.675,-26.27,72.1881390593047,True,0.0,0.0,0.0,False,,,,,,,,,0.0,,,,,,,,,,,,,,,,0.0,,,,,,,,,,,,,,,,,,,,15.749999999999998,549
Northern New Mexico,1,0,0,0.0,0.0,0,0.0,0.0,1,0.0,-78.5,0,0.0,0.0,0.0,0.0,0.0,0.0,0.0,1.0,0.0,0.0,Northern New Mexico,0.0,-78.5,-31.400000000000002,61.82685753237901,True,0.0,0.0,0.0,False,,,,,,,,,0.0,,,,,,,,,,,,,,,,0.0,,,,,,,,,,,,,,,,,,,,15.749999999999998,549
Nobel,7,0,0,0.0,0.0,0,0.0,0.0,2,0.0,-56.599999999999994,5,0.0,-28.55,0.0,0.0,0.0,0.0,0.0,2.0,0.0,5.0,Nobel,0.0,-41.01666666666667,-46.406666666666666,89.093387866394,True,0.0,0.0,0.0,False,,,,,,,,,0.0,,,,,,,,,,,,,,,,0.0,,,,,,,,,,,,,,,,,,,,15.749999999999998,549
Auburn-Montgomery,1,0,0,0.0,0.0,0,0.0,0.0,1,0.0,-38.0,0,0.0,0.0,0.0,0.0,0.0,0.0,0.0,1.0,0.0,0.0,Auburn-Montgomery,0.0,-38.0,-15.200000000000001,61.82685753237901,True,0.0,0.0,0.0,False,,,,,,,,,0.0,,,,,,,,,,,,,,,,0.0,,,,,,,,,,,,,,,,,,,,15.749999999999998,549
Arlington Baptist,3,0,0,0.0,0.0,1,0.0,-78.6,1,0.0,-68.2,1,0.0,-88.2,0.0,0.0,0.0,1.0,0.0,1.0,0.0,1.0,Arlington Baptist,0.0,-76.73333333333333,-30.02666666666667,65.82594864803454,True,0.0,0.0,0.0,False,,,,,,,,,0.0,,,,,,,,,,,,,,,,0.0,,,,,,,,,,,,,,,,,,,,15.749999999999998,549
Bob Jones,3,0,0,0.0,0.0,1,0.0,-64.1,2,0.0,-82.6,0,0.0,0.0,0.0,0.0,0.0,1.0,0.0,2.0,0.0,0.0,Bob Jones,0.0,-74.67142857142856,-23.201904761904764,53.101567825494215,False,0.0,0.0,0.0,False,,,,,,,,,0.0,,,,,,,,,,,,,,,,0.0,,,,,,,,,,,,,,,,,,,,15.749999999999998,549
Bowie State,1,0,0,0.0,0.0,0,0.0,0.0,1,0.0,-22.1,0,0.0,0.0,0.0,0.0,0.0,0.0,0.0,1.0,0.0,0.0,Bowie State,0.0,-22.1,-8.840000000000002,61.82685753237901,True,0.0,0.0,0.0,False,,,,,,,,,0.0,,,,,,,,,,,,,,,,0.0,,,,,,,,,,,,,,,,,,,,15.749999999999998,549
Boyce,1,0,0,0.0,0.0,0,0.0,0.0,0,0.0,0.0,1,0.0,-70.7,0.0,0.0,0.0,0.0,0.0,0.0,0.0,1.0,Boyce,0.0,-70.7,-34.28,100.0,True,0.0,0.0,0.0,False,,,,,,,,,0.0,,,,,,,,,,,,,,,,0.0,,,,,,,,,,,,,,,,,,,,15.749999999999998,549
Cameron,1,0,0,0.0,0.0,0,0.0,0.0,1,0.0,-42.6,0,0.0,0.0,0.0,0.0,0.0,0.0,0.0,1.0,0.0,0.0,Cameron,0.0,-42.6,-17.040000000000003,61.82685753237901,True,0.0,0.0,0.0,False,,,,,,,,,0.0,,,,,,,,,,,,,,,,0.0,,,,,,,,,,,,,,,,,,,,15.749999999999998,549
Campbellsville,1,0,0,0.0,0.0,0,0.0,0.0,1,0.0,-59.5,0,0.0,0.0,0.0,0.0,0.0,0.0,0.0,1.0,0.0,0.0,Campbellsville,0.0,-59.5,-23.8,61.82685753237901,True,0.0,0.0,0.0,False,,,,,,,,,0.0,,,,,,,,,,,,,,,,0.0,,,,,,,,,,,,,,,,,,,,15.749999999999998,549
Brevard,1,0,0,0.0,0.0,0,0.0,0.0,0,0.0,0.0,1,0.0,-18.9,0.0,0.0,0.0,0.0,0.0,0.0,0.0,1.0,Brevard,0.0,-18.9,-13.559999999999999,100.0,True,0.0,0.0,0.0,False,,,,,,,,,0.0,,,,,,,,,,,,,,,,0.0,,,,,,,,,,,,,,,,,,,,15.749999999999998,549
UNT Dallas,1,0,0,0.0,0.0,0,0.0,0.0,1,0.0,-76.3,0,0.0,0.0,0.0,0.0,0.0,0.0,0.0,1.0,0.0,0.0,UNT Dallas,0.0,-76.3,-30.52,61.82685753237901,True,0.0,0.0,0.0,False,,,,,,,,,0.0,,,,,,,,,,,,,,,,0.0,,,,,,,,,,,,,,,,,,,,15.749999999999998,549
UC Merced,1,0,1,0.0,-87.0,0,0.0,0.0,0,0.0,0.0,0,0.0,0.0,0.0,1.0,0.0,0.0,0.0,0.0,0.0,0.0,UC Merced,0.0,-87.0,-14.800000000000004,53.101567825494215,False,0.0,0.0,0.0,False,,,,,,,,,0.0,,,,,,,,,,,,,,,,0.0,,,,,,,,,,,,,,,,,,,,15.749999999999998,549
Mississippi University For Women,1,0,0,0.0,0.0,0,0.0,0.0,0,0.0,0.0,1,0.0,-48.9,0.0,0.0,0.0,0.0,0.0,0.0,0.0,1.0,Mississippi University For Women,0.0,-48.900000000000006,-25.560000000000002,100.0,True,0.0,0.0,0.0,False,,,,,,,,,0.0,,,,,,,,,,,,,,,,0.0,,,,,,,,,,,,,,,,,,,,15.749999999999998,549
Mississippi Valley State,7,0,1,0.0,-21.9,0,0.0,0.0,2,0.0,-46.45,4,0.0,-19.5,0.0,1.0,0.0,0.0,0.0,2.0,0.0,4.0,Mississippi Valley State*,0.0,-29.440425531914894,-32.9190273556231,74.91479209270621,True,0.0,0.0,0.0,False,,,,,,,,,0.0,,,,,,,,,,,,,,,,0.0,,,,,,,,,,,,,,,,,,,,15.749999999999998,549
Merchant Marine Academy,1,0,0,0.0,0.0,0,0.0,0.0,0,0.0,0.0,1,0.0,-96.1,0.0,0.0,0.0,0.0,0.0,0.0,0.0,1.0,Merchant Marine Academy,0.0,-96.1,-44.44,100.0,True,0.0,0.0,0.0,False,,,,,,,,,0.0,,,,,,,,,,,,,,,,0.0,,,,,,,,,,,,,,,,,,,,15.749999999999998,549
Mercy,1,0,0,0.0,0.0,0,0.0,0.0,0,0.0,0.0,1,0.0,-34.9,0.0,0.0,0.0,0.0,0.0,0.0,0.0,1.0,Mercy,0.0,-34.9,-19.96,100.0,True,0.0,0.0,0.0,False,,,,,,,,,0.0,,,,,,,,,,,,,,,,0.0,,,,,,,,,,,,,,,,,,,,15.749999999999998,549
Miami (OH)-Hamilton,1,0,0,0.0,0.0,0,0.0,0.0,0,0.0,0.0,1,0.0,-78.8,0.0,0.0,0.0,0.0,0.0,0.0,0.0,1.0,Miami (OH)-Hamilton,0.0,-78.8,-37.519999999999996,100.0,True,0.0,0.0,0.0,False,,,,,,,,,0.0,,,,,,,,,,,,,,,,0.0,,,,,,,,,,,,,,,,,,,,15.749999999999998,549
Miami (OH)-Middletown,1,0,0,0.0,0.0,0,0.0,0.0,0,0.0,0.0,1,0.0,-80.4,0.0,0.0,0.0,0.0,0.0,0.0,0.0,1.0,Miami (OH)-Middletown,0.0,-80.4,-38.160000000000004,100.0,True,0.0,0.0,0.0,False,,,,,,,,,0.0,,,,,,,,,,,,,,,,0.0,,,,,,,,,,,,,,,,,,,,15.749999999999998,549
Baptist (Fl),1,0,0,0.0,0.0,0,0.0,0.0,1,0.0,-91.4,0,0.0,0.0,0.0,0.0,0.0,0.0,0.0,1.0,0.0,0.0,Baptist (Fl),0.0,-91.4,-36.56,61.82685753237901,True,0.0,0.0,0.0,False,,,,,,,,,0.0,,,,,,,,,,,,,,,,0.0,,,,,,,,,,,,,,,,,,,,15.749999999999998,549
Alabama A&M,16,8,2,0.0,-61.0,0,0.0,0.0,3,0.3333333333333333,-18.8,11,0.6363636363636364,11.6,0.0,2.0,0.0,0.0,1.0,2.0,7.0,4.0,Alabama A&M Bulldogs,0.2777777777777778,-27.691891891891892,-20.076756756756758,70.62031356509884,True,0.0,0.5714285714285714,28.57142857142857,False,"Monday, January 12",2026.0,Alabama A&M,0.0,SWAC,Donte Jackson,8.0,8.0,-11.9036,300.0,0.2167,304.0,100.691,311.0,99.5431,301.0,112.594,255.0,109.802,226.0,66.9356,287.0,64.9094,326.0,0.0102,174.0,-5.4787,336.0,105.23,334.0,110.709,304.0,-0.7076,200.0,,18.9,333.0,16.86,88.0,18.67,12.0,17.35,10.0,300.0,15.747468,880
Presbyterian,8,3,0,0.0,0.0,3,0.3333333333333333,-15.9,1,0.0,-10.7,4,0.5,-6.3,0.0,0.0,1.0,2.0,0.0,1.0,2.0,2.0,Presbyterian,0.3181818181818182,-12.646666666666667,4.759515151515153,54.73755964553511,False,0.3333333333333333,0.4,3.3333333333333353,False,"Monday, January 12",2026.0,Presbyterian,0.0,BSth,Quinton Ferrell,8.0,10.0,-11.8882,299.0,0.2192,300.0,101.772,297.0,100.626,290.0,113.66,275.0,110.598,246.0,64.27,357.0,62.5961,362.0,-0.0183,221.0,-3.5968,289.0,106.927,285.0,110.524,291.0,-2.2699,253.0,,18.71,322.0,18.31,339.0,19.28,8.0,17.68,5.0,299.0,15.557120303030302,881
Prairie View A&M,16,7,5,0.0,-24.233333333333334,0,0.0,0.0,3,0.0,-6.8999999999999995,8,0.875,12.066666666666668,0.0,5.0,0.0,0.0,0.0,3.0,7.0,1.0,Prairie View A&M Panthers,0.12280701754385964,-14.636694677871148,-0.07836208167477565,54.73755964553511,False,0.0,0.6363636363636364,31.818181818181817,True,"Monday, January 12",2026.0,Prairie View A&M,0.0,SWAC,Byron Smith,8.0,9.0,-11.2299,292.0,0.2308,293.0,101.744,299.0,101.014,286.0,112.973,263.0,113.637,288.0,75.125,13.0,72.6363,20.0,0.042,111.0,1.8614,116.0,110.005,119.0,108.143,133.0,9.2196,22.0,,16.06,61.0,15.81,8.0,16.69,5.0,16.0,3.0,292.0,15.224223,882
Chattanooga,3,1,0,0.0,0.0,0,0.0,0.0,1,0.0,-8.8,2,0.5,-3.1,0.0,0.0,0.0,0.0,0.0,1.0,1.0,1.0,Chattanooga*,0.2,-5.95,0.6199999999999992,87.27561917745966,True,0.0,0.3333333333333333,0.0,False,"Monday, January 12",2026.0,Chattanooga,0.0,SC,Dan Earl,7.0,10.0,-9.4072,270.0,0.2725,270.0,105.523,233.0,105.833,201.0,114.93,308.0,115.377,312.0,67.7732,254.0,66.9278,237.0,-0.0298,248.0,-4.3998,311.0,107.956,231.0,112.355,351.0,-2.3147,254.0,,17.2,156.0,18.21,327.0,16.93,2.0,17.61,6.0,270.0,15.05,883
Charlotte,2,0,0,0.0,0.0,0,0.0,0.0,2,0.0,-6.7,0,0.0,0.0,0.0,0.0,0.0,0.0,0.0,2.0,0.0,0.0,Charlotte,0.0,-6.7,-2.68,61.82685753237901,True,0.0,0.0,0.0,False,"Monday, January 12",2026.0,Charlotte,0.0,Amer,Aaron Fearne,9.0,8.0,-1.3012,177.0,0.4669,177.0,112.143,114.0,112.231,107.0,113.444,271.0,110.748,250.0,64.0424,362.0,63.5391,350.0,-0.0322,254.0,-2.3722,255.0,107.243,272.0,109.615,219.0,-1.8769,233.0,,18.92,337.0,18.37,344.0,19.69,13.0,17.97,10.0,177.0,14.940547999999998,884
UC Riverside,12,4,3,0.0,-56.0,2,0.0,-29.4,1,0.0,-18.8,6,0.6666666666666666,6.8,0.0,3.0,0.0,2.0,0.0,1.0,4.0,2.0,UC Riverside,0.09302325581395349,-33.402061855670105,-12.841444897306802,54.73755964553511,False,0.0,0.5714285714285714,28.57142857142857,False,"Monday, January 12",2026.0,UC Riverside,0.0,BW,Gus Argenal,6.0,11.0,-9.2349,269.0,0.274,267.0,104.44,258.0,98.6535,316.0,113.675,276.0,114.53,298.0,69.9133,144.0,67.7542,194.0,-0.0029,199.0,3.3248,84.0,109.623,138.0,106.298,44.0,4.8396,68.0,,17.93,250.0,16.37,31.0,18.01,10.0,17.32,9.0,269.0,14.932940999999998,885
Hampton,5,1,0,0.0,0.0,0,0.0,0.0,4,0.25,-7.5,1,0.0,-10.4,0.0,0.0,0.0,0.0,1.0,3.0,0.0,1.0,Hampton,0.23076923076923078,-7.822222222222222,1.2557264957264955,69.46148602590321,True,0.0,0.2,0.0,False,"Monday, January 12",2026.0,Hampton,0.0,CAA,Ivan Thomas,8.0,10.0,-7.266,248.0,0.3132,250.0,102.834,280.0,101.386,279.0,110.1,200.0,105.971,145.0,66.1305,314.0,66.0234,276.0,-0.0283,245.0,-4.0007,301.0,105.235,333.0,109.236,198.0,-5.6445,317.0,,18.16,273.0,17.93,291.0,18.74,8.0,18.41,12.0,248.0,14.620980273504273,886
UMass Lowell,14,5,2,0.0,-72.4,3,0.0,-20.4,3,0.0,-9.4,6,0.8333333333333334,9.7,0.0,2.0,0.0,3.0,0.0,3.0,5.0,1.0,UMass Lowell,0.10869565217391304,-26.70909090909091,-4.649474872953135,52.0109066121336,False,0.0,0.5555555555555556,27.77777777777778,False,"Monday, January 12",2026.0,UMass Lowell,0.0,AE,Pat Duquette,8.0,10.0,-10.3025,283.0,0.2544,281.0,105.134,244.0,102.033,266.0,115.436,315.0,115.27,310.0,70.1617,134.0,69.7524,90.0,0.0135,159.0,-1.2601,207.0,107.232,273.0,108.492,153.0,3.2511,106.0,,17.67,215.0,16.51,42.0,17.86,1.0,17.81,1.0,283.0,14.612247857142858,887
Central Michigan,3,1,1,0.0,-17.2,1,0.0,-49.1,0,0.0,0.0,1,1.0,24.2,0.0,1.0,0.0,1.0,0.0,0.0,1.0,0.0,Central Michigan,0.07142857142857142,-24.206451612903223,6.865038402457756,57.10065894114974,False,0.0,1.0,50.0,True,"Monday, January 12",2026.0,Central Michigan,0.0,MAC,Andy Bronkema,5.0,12.0,-13.642,316.0,0.1917,318.0,102.351,291.0,101.162,284.0,115.993,321.0,117.268,332.0,68.6133,212.0,66.7944,242.0,-0.0638,305.0,-0.2248,179.0,109.205,154.0,109.43,209.0,0.9769,156.0,,18.35,291.0,16.61,50.0,17.54,9.0,16.47,2.0,316.0,14.578719440860215,888
UNC Greensboro,17,6,3,0.0,-24.566666666666666,0,0.0,0.0,7,0.14285714285714285,-16.133333333333333,7,0.7142857142857143,10.299999999999999,0.0,3.0,0.0,0.0,1.0,6.0,5.0,2.0,UNC Greensboro Spartans,0.15384615384615385,-14.712698412698414,-7.4325906772965595,51.36934119250972,False,0.0,0.42857142857142855,21.428571428571427,False,"Monday, January 12",2026.0,UNC Greensboro,0.0,SC,Mike R. Jones,6.0,11.0,-10.6983,288.0,0.2507,285.0,107.094,202.0,106.027,198.0,117.793,342.0,118.896,344.0,69.5804,168.0,67.7071,198.0,0.0082,181.0,-1.2932,211.0,109.052,159.0,110.346,283.0,-0.12,184.0,,17.58,206.0,16.93,114.0,17.56,5.0,17.31,3.0,288.0,14.301564647058822,889
West Georgia,14,7,3,0.0,-40.7,1,0.0,-20.8,2,0.5,-1.2,8,0.75,-2.9,0.0,3.0,0.0,1.0,1.0,1.0,6.0,2.0,West Georgia,0.20930232558139536,-23.20752688172043,-6.150120387239667,57.46421267893661,False,0.0,0.7,35.0,True,"Monday, January 12",2026.0,West Georgia,0.0,ASun,Dave Moore,9.0,7.0,-14.2217,322.0,0.182,320.0,101.89,295.0,102.058,265.0,116.111,324.0,114.328,297.0,70.3993,125.0,68.6792,147.0,0.1868,2.0,-4.3759,309.0,107.81,240.0,112.186,348.0,0.9409,158.0,,17.77,229.0,16.18,19.0,18.02,8.0,17.71,8.0,322.0,14.230553,890
Longwood,6,2,1,0.0,-22.9,1,0.0,-33.7,1,0.0,-35.1,3,0.6666666666666666,5.9,0.0,1.0,0.0,1.0,0.0,1.0,2.0,1.0,Longwood,0.10526315789473684,-20.380851063829784,-2.7488316536020907,63.4628493524199,True,0.0,0.5,25.0,False,"Monday, January 12",2026.0,Longwood,0.0,BSth,Ronnie Thomas,10.0,9.0,-10.4568,284.0,0.2495,286.0,104.049,263.0,104.578,234.0,114.506,296.0,110.081,233.0,68.7881,205.0,68.894,132.0,0.0639,67.0,-6.9468,348.0,104.652,345.0,111.598,333.0,-9.1431,358.0,,16.56,92.0,18.04,309.0,18.25,7.0,18.47,9.0,284.0,14.141768,891
Little Rock,3,1,0,0.0,0.0,0,0.0,0.0,2,0.0,-33.7,1,1.0,10.0,0.0,0.0,0.0,0.0,0.0,2.0,1.0,0.0,Little Rock,0.14285714285714285,-24.960000000000004,-3.555428571428574,74.55123835491932,True,0.0,0.3333333333333333,0.0,False,"Monday, January 12",2026.0,Little Rock,0.0,OVC,Darrell Walker,7.0,10.0,-10.9763,289.0,0.2379,290.0,103.006,278.0,99.4871,303.0,113.982,285.0,114.087,293.0,67.9583,247.0,66.3347,263.0,0.0388,115.0,-1.5231,219.0,107.103,279.0,108.626,160.0,3.9518,88.0,,18.11,267.0,16.82,81.0,17.16,4.0,17.27,3.0,289.0,13.822514999999997,892
Eastern Illinois,16,6,1,0.0,-2.55,1,0.0,-16.75,4,0.25,-18.2,10,0.5,-3.25,0.0,1.0,0.0,1.0,1.0,3.0,5.0,5.0,Eastern Illinois Panthers,0.22857142857142856,-11.223417721518986,-21.70365280289331,68.23449216087253,True,0.0,0.42857142857142855,21.428571428571427,False,"Monday, January 12",2026.0,Eastern Illinois,0.0,OVC,Marty Simmons,6.0,10.0,-12.0001,303.0,0.2095,306.0,98.0192,339.0,93.8191,343.0,110.019,195.0,111.268,256.0,67.149,282.0,65.746,293.0,0.0315,126.0,0.9262,139.0,108.631,185.0,107.705,107.0,12.1352,9.0,,18.91,334.0,16.74,69.0,19.05,9.0,16.93,2.0,303.0,13.804857,893
North Carolina A&T,6,2,0,0.0,0.0,0,0.0,0.0,4,0.0,-13.2,2,1.0,3.45,0.0,0.0,0.0,0.0,0.0,4.0,2.0,0.0,North Carolina A&T,0.14285714285714285,-9.870000000000001,2.4805714285714275,74.55123835491932,True,0.0,0.3333333333333333,0.0,False,"Monday, January 12",2026.0,North Carolina A&T,0.0,CAA,Monte Ross,7.0,8.0,-12.5848,308.0,0.2074,307.0,101.762,298.0,105.376,215.0,114.347,294.0,109.024,207.0,69.7471,154.0,69.9714,79.0,-0.0326,256.0,-7.4945,353.0,105.299,329.0,112.793,357.0,-9.0784,357.0,,17.52,197.0,16.98,124.0,17.8,6.0,17.37,4.0,308.0,13.700207999999998,894
Tennessee Tech,17,7,2,0.0,-29.8,1,0.0,-23.2,4,0.25,-9.7,10,0.6,9.55,0.0,2.0,0.0,1.0,1.0,3.0,6.0,4.0,Tennessee Tech Golden Eagles,0.20930232558139536,-13.742553191489362,-16.549004860727074,58.10577809856049,False,0.0,0.5,25.0,False,"Monday, January 12",2026.0,Tennessee Tech,0.0,OVC,John Pelphrey,7.0,10.0,-13.0897,313.0,0.1977,313.0,101.064,307.0,99.607,300.0,114.154,289.0,112.319,271.0,70.5732,118.0,68.5499,153.0,-0.0362,267.0,-3.1139,277.0,106.562,298.0,109.675,227.0,3.4868,101.0,,16.72,106.0,16.88,100.0,17.67,5.0,18.34,9.0,313.0,13.691543588235291,895
Sacred Heart,13,4,1,0.0,-6.8,1,0.0,-16.7,4,0.0,-19.9,7,0.5714285714285714,8.9,0.0,1.0,0.0,1.0,0.0,4.0,4.0,3.0,Sacred Heart,0.125,-9.635443037974683,-13.152254138266796,64.9310471396361,True,0.0,0.36363636363636365,18.181818181818183,False,"Monday, January 12",2026.0,Sacred Heart,0.0,MAAC,Anthony Latina,5.0,13.0,-11.1067,290.0,0.2406,289.0,105.68,227.0,104.586,233.0,116.787,332.0,113.83,291.0,68.279,230.0,67.9012,184.0,-0.1044,347.0,-4.014,302.0,106.166,304.0,110.18,269.0,-0.3176,186.0,,17.46,183.0,17.55,244.0,17.79,6.0,18.75,10.0,290.0,13.401571615384615,896
Le Moyne,7,2,1,0.0,-22.7,0,0.0,0.0,2,0.0,-8.5,4,0.5,-3.3999999999999995,0.0,1.0,0.0,0.0,0.0,2.0,2.0,2.0,Le Moyne,0.1111111111111111,-11.295744680851062,-8.661155015197568,74.91479209270621,True,0.0,0.3333333333333333,0.0,False,"Monday, January 12",2026.0,Le Moyne,0.0,NEC,Nate Champion,7.0,10.0,-10.6123,287.0,0.2485,287.0,105.077,245.0,105.69,208.0,115.69,317.0,110.475,240.0,68.9797,198.0,68.8797,134.0,-0.0526,288.0,-5.8491,339.0,105.036,338.0,110.885,315.0,-2.0436,243.0,,17.26,163.0,17.47,221.0,16.85,1.0,19.19,8.0,287.0,13.366797285714288,897
Evansville,6,1,1,0.0,-21.15,2,0.0,-4.7,1,0.0,-12.85,2,0.5,4.25,0.0,1.0,0.0,2.0,0.0,1.0,1.0,1.0,Evansville,0.043478260869565216,-9.07,2.3285217391304354,48.37536923426494,False,0.0,0.3333333333333333,16.666666666666664,False,"Monday, January 12",2026.0,Evansville,0.0,MVC,David Ragland,5.0,13.0,-9.0838,266.0,0.2666,274.0,98.7703,335.0,93.7348,344.0,107.854,148.0,109.47,216.0,69.0695,191.0,68.8781,135.0,-0.0335,260.0,4.629,61.0,111.033,67.0,106.404,51.0,4.1695,83.0,,18.01,256.0,16.79,78.0,18.02,8.0,16.28,1.0,266.0,13.352908608695651,898
Charleston Southern,1,0,0,0.0,0.0,0,0.0,0.0,0,0.0,0.0,1,0.0,-6.6,0.0,0.0,0.0,0.0,0.0,0.0,0.0,1.0,Charleston Southern,0.0,-6.6,-8.64,100.0,True,0.0,0.0,0.0,False,"Monday, January 12",2026.0,Charleston Southern,0.0,BSth,Saah Nimley,11.0,8.0,-4.0704,216.0,0.3925,217.0,105.178,243.0,108.122,163.0,109.248,177.0,105.447,135.0,73.5918,25.0,71.8096,33.0,-0.0465,280.0,-4.8964,324.0,107.119,278.0,112.016,341.0,-5.2213,310.0,,15.84,45.0,16.76,74.0,15.72,2.0,16.92,4.0,216.0,13.200528,899
Western Carolina,12,3,4,0.0,-39.8,1,0.0,-44.5,4,0.25,-11.8,3,0.6666666666666666,7.3,0.0,4.0,0.0,1.0,1.0,3.0,2.0,1.0,Western Carolina,0.09615384615384616,-27.68965517241379,-4.415605658709105,45.194274028629856,False,0.0,0.42857142857142855,21.428571428571427,False,"Monday, January 12",2026.0,Western Carolina,0.0,SC,Tim Craft,5.0,10.0,-10.0583,282.0,0.2559,280.0,103.442,272.0,99.7282,298.0,113.501,272.0,116.464,323.0,71.6838,66.0,69.585,101.0,0.0184,153.0,3.7983,75.0,111.117,62.0,107.318,93.0,9.4839,20.0,,17.41,173.0,16.39,32.0,17.91,8.0,18.53,9.0,282.0,13.157383,900
Mount St. Mary's,18,6,3,0.0,-32.0,3,0.0,-26.1,4,0.5,-6.949999999999999,8,0.5,-1.1500000000000004,0.0,3.0,0.0,3.0,2.0,2.0,4.0,4.0,Mount St. Mary's Mountaineers,0.1694915254237288,-19.736842105263158,-17.600951531370804,52.61682950844505,False,0.0,0.5,25.0,False,"Monday, January 12",2026.0,Mount St. Mary's,0.0,MAAC,Donny Lind,6.0,12.0,-12.269,305.0,0.2065,308.0,98.7825,334.0,95.035,336.0,111.051,223.0,108.095,189.0,69.8173,146.0,69.1076,120.0,0.0294,129.0,-2.4288,258.0,105.407,326.0,107.835,115.0,-0.6017,198.0,,17.1,145.0,17.22,178.0,17.52,3.0,17.27,2.0,305.0,13.011121999999997,901
Loyola Chicago,7,2,1,0.0,-59.6,1,0.0,-3.4,1,0.0,-25.7,4,0.5,-3.4,0.0,1.0,0.0,1.0,0.0,1.0,2.0,2.0,Loyola Chicago,0.1,-23.42745098039216,-11.156694677871151,66.18950238582141,True,0.0,0.4,20.0,False,"Monday, January 12",2026.0,Loyola Chicago,0.0,A10,Drew Valentine,5.0,12.0,-11.2452,293.0,0.2378,291.0,105.497,234.0,103.735,244.0,116.742,331.0,116.69,326.0,65.786,328.0,66.1419,271.0,0.0657,61.0,-1.5365,221.0,107.524,255.0,109.061,186.0,-5.172,309.0,,18.18,274.0,18.43,349.0,18.61,11.0,16.25,1.0,293.0,12.930214285714285,902
Pepperdine,9,2,1,0.0,-30.1,1,0.0,-3.35,2,0.0,-23.799999999999997,5,0.4,-0.85,0.0,1.0,0.0,1.0,0.0,2.0,2.0,3.0,Pepperdine,0.08333333333333333,-14.119047619047619,-15.453174603174602,65.58357948950996,True,0.0,0.2857142857142857,14.285714285714285,False,"Monday, January 12",2026.0,Pepperdine,0.0,WCC,Ed Schilling,5.0,14.0,-9.8325,280.0,0.2538,282.0,99.9957,320.0,96.2286,330.0,109.828,191.0,110.994,253.0,67.9449,248.0,67.005,234.0,-0.0722,318.0,2.0424,106.0,110.358,103.0,108.315,142.0,-3.1488,272.0,,17.95,252.0,17.27,186.0,17.61,7.0,17.2,5.0,280.0,12.911962333333332,903
Oral Roberts,18,5,4,0.0,-19.099999999999998,4,0.25,-11.833333333333334,3,0.0,-6.466666666666668,7,0.5714285714285714,6.766666666666667,0.0,4.0,1.0,3.0,0.0,3.0,4.0,3.0,Oral Roberts Golden Eagles,0.1323529411764706,-11.407017543859649,-7.718035775713794,50.496099371354994,False,0.125,0.4,13.750000000000002,False,"Monday, January 12",2026.0,Oral Roberts,0.0,Sum,Kory Barnett,5.0,13.0,-11.2625,294.0,0.2318,292.0,102.555,286.0,99.3974,304.0,113.817,280.0,115.179,308.0,69.3865,177.0,67.6322,205.0,-0.0221,231.0,3.7291,78.0,111.8,47.0,108.071,130.0,5.0288,62.0,,17.34,170.0,17.17,170.0,18.25,8.0,18.28,8.0,294.0,12.828363666666668,904
Mercyhurst,9,3,0,0.0,0.0,0,0.0,0.0,3,0.0,-24.0,6,0.5,5.7,0.0,0.0,0.0,0.0,0.0,3.0,3.0,3.0,Mercyhurst,0.2,-10.5,-13.2,87.27561917745966,True,0.0,0.3333333333333333,0.0,False,"Monday, January 12",2026.0,Mercyhurst,0.0,NEC,Gary Manchel,7.0,10.0,-12.666,309.0,0.2003,309.0,99.0123,331.0,98.7597,313.0,111.678,242.0,107.425,180.0,64.6525,350.0,64.0375,346.0,-0.0321,252.0,-3.4315,286.0,107.43,260.0,110.862,313.0,0.4923,168.0,,20.67,365.0,16.09,15.0,20.89,10.0,17.16,1.0,309.0,12.780691999999998,905
Houston Christian,16,5,1,0.0,-16.35,2,0.0,-30.65,4,0.0,-8.6,9,0.5555555555555556,-3.5,0.0,1.0,0.0,2.0,0.0,4.0,5.0,4.0,Houston Christian Huskies,0.1282051282051282,-14.57197802197802,-20.309560439560443,57.12338104976141,False,0.0,0.38461538461538464,19.230769230769234,False,"Monday, January 12",2026.0,Houston Christian,0.0,Slnd,Craig Doty,5.0,12.0,-12.1852,304.0,0.2181,302.0,103.787,267.0,102.729,257.0,115.972,320.0,115.922,318.0,64.8649,347.0,64.759,330.0,-0.0219,229.0,-0.0517,172.0,108.671,181.0,108.723,167.0,-0.8709,209.0,,18.86,328.0,18.09,318.0,18.63,9.0,18.31,9.0,304.0,12.767832,906
UTEP,10,2,1,0.0,-3.85,3,0.3333333333333333,-11.85,3,0.0,-13.55,3,0.3333333333333333,-2.55,0.0,1.0,1.0,2.0,0.0,3.0,1.0,2.0,UTEP,0.17142857142857143,-9.656896551724138,-0.14847290640394206,47.10293115201091,False,0.25,0.16666666666666666,-4.166666666666667,False,"Monday, January 12",2026.0,UTEP,0.0,CUSA,Joe Golding,5.0,11.0,-9.596,276.0,0.2611,277.0,101.38,303.0,95.7251,333.0,110.976,221.0,110.551,243.0,65.892,323.0,64.8208,328.0,-0.0113,210.0,2.4613,94.0,108.107,216.0,105.645,26.0,4.4619,74.0,,18.91,336.0,17.32,196.0,19.68,11.0,17.49,4.0,276.0,12.708135999999998,907
Central Arkansas,2,0,1,0.0,-47.4,0,0.0,0.0,0,0.0,0.0,1,0.0,-7.7,0.0,1.0,0.0,0.0,0.0,0.0,0.0,1.0,Central Arkansas,0.0,-39.04210526315789,-11.616842105263158,72.1881390593047,True,0.0,0.0,0.0,False,"Monday, January 12",2026.0,Central Arkansas,0.0,ASun,John Shulman,7.0,10.0,-5.2412,229.0,0.3642,229.0,105.581,231.0,104.622,232.0,110.822,217.0,109.693,221.0,69.6347,163.0,68.382,160.0,-0.1028,345.0,-0.0124,170.0,109.891,126.0,109.904,248.0,5.1248,61.0,,17.25,162.0,16.98,125.0,17.52,6.0,18.89,11.0,229.0,12.480939999999999,908
North Alabama,10,2,1,0.0,-28.9,1,0.0,-6.2,4,0.25,-24.7,4,0.25,-9.4,0.0,1.0,0.0,1.0,1.0,3.0,1.0,3.0,North Alabama,0.13793103448275862,-19.315999999999995,-15.51950344827586,59.64553510565781,False,0.0,0.25,12.5,False,"Monday, January 12",2026.0,North Alabama,0.0,ASun,Tony Pujol,6.0,9.0,-10.4675,285.0,0.2485,288.0,103.605,270.0,102.124,263.0,114.073,287.0,114.7,301.0,65.7868,327.0,65.9313,281.0,0.0522,85.0,-0.3618,182.0,109.296,151.0,109.658,223.0,4.0265,85.0,,18.45,298.0,17.83,280.0,18.11,9.0,18.2,9.0,285.0,12.138770999999998,909
Lehigh,7,2,1,0.0,-28.6,0,0.0,0.0,2,0.5,-10.3,4,0.25,-5.2,0.0,1.0,0.0,0.0,1.0,1.0,1.0,3.0,Lehigh,0.2222222222222222,-14.40425531914894,-10.90455927051672,74.91479209270621,True,0.0,0.3333333333333333,0.0,False,"Monday, January 12",2026.0,Lehigh,0.0,PL,Brett Reed,6.0,11.0,-12.8527,311.0,0.2001,310.0,100.382,317.0,98.826,312.0,113.234,268.0,108.978,205.0,67.5951,262.0,67.9731,179.0,-0.0018,195.0,-4.0667,303.0,105.648,318.0,109.714,228.0,-0.8253,207.0,,17.45,182.0,17.86,286.0,17.87,4.0,17.86,3.0,311.0,11.939089285714287,910
Green Bay,2,0,1,0.0,-11.1,0,0.0,0.0,0,0.0,0.0,1,0.0,-36.0,0.0,1.0,0.0,0.0,0.0,0.0,0.0,1.0,Green Bay,0.0,-16.342105263157894,-2.5368421052631582,72.1881390593047,True,0.0,0.0,0.0,False,"Monday, January 12",2026.0,Green Bay,0.0,Horz,Doug Gottlieb,10.0,8.0,-6.0941,240.0,0.3486,240.0,109.09,164.0,109.471,147.0,115.184,311.0,116.437,322.0,65.5201,335.0,63.3164,357.0,0.1101,18.0,-0.3844,184.0,110.359,102.0,110.743,308.0,5.704,53.0,,19.61,358.0,16.71,66.0,19.98,11.0,15.73,1.0,240.0,11.875484999999998,911
Northern Illinois,15,5,2,0.0,-32.25,5,0.0,-10.65,0,0.0,0.0,8,0.625,12.6,0.0,2.0,0.0,5.0,0.0,0.0,5.0,3.0,Northern Illinois Huskies,0.10204081632653061,-12.313636363636364,-9.000284477427334,56.00999772778914,False,0.0,0.625,31.25,True,"Monday, January 12",2026.0,Northern Illinois,0.0,MAC,Rashon Burno,5.0,10.0,-14.2056,321.0,0.1806,321.0,101.07,306.0,99.3448,305.0,115.276,313.0,115.367,311.0,69.6356,162.0,67.673,201.0,-0.0204,227.0,0.2855,156.0,109.308,150.0,109.022,182.0,3.5741,100.0,,17.81,235.0,16.86,89.0,16.97,7.0,17.73,10.0,321.0,11.806999999999999,912
Southern,9,1,2,0.0,-45.5,2,0.0,-39.7,1,0.0,-22.8,4,0.25,-8.3,0.0,2.0,0.0,2.0,0.0,1.0,1.0,3.0,Southern,0.030303030303030304,-33.756410256410255,-21.250038850038848,52.61682950844505,False,0.0,0.2,10.0,False,"Monday, January 12",2026.0,Southern,0.0,SWAC,Kevin Johnson,6.0,11.0,-9.1095,267.0,0.2729,268.0,102.42,288.0,99.5049,302.0,111.53,238.0,117.519,334.0,73.0373,36.0,71.5701,40.0,0.0,192.0,5.0183,55.0,112.082,42.0,107.064,81.0,12.9888,7.0,,15.97,54.0,16.68,58.0,15.46,1.0,16.49,7.0,267.0,11.677681666666665,913
Jacksonville,8,2,2,0.0,-18.1,1,0.0,-2.5,2,0.0,-19.05,3,0.6666666666666666,2.45,0.0,2.0,0.0,1.0,0.0,2.0,2.0,1.0,Jacksonville*,0.06666666666666667,-12.12,-0.34799999999999986,49.96591683708248,False,0.0,0.4,20.0,False,"Monday, January 12",2026.0,Jacksonville,0.0,ASun,Jordan Mincy,6.0,11.0,-12.8415,310.0,0.1992,312.0,99.8468,322.0,98.3567,318.0,112.688,257.0,114.951,305.0,66.2431,312.0,63.4291,353.0,0.003,188.0,1.9619,109.0,110.479,95.0,108.517,154.0,4.4495,76.0,,19.15,349.0,16.88,99.0,20.13,12.0,17.13,4.0,310.0,11.408895000000001,914
Maryland Eastern Shore,10,3,1,0.0,-70.35,1,0.0,-3.1,3,0.3333333333333333,-15.3,5,0.4,6.0,0.0,1.0,0.0,1.0,1.0,2.0,2.0,3.0,Maryland Eastern Shore*,0.18518518518518517,-18.86830985915493,-13.21399061032864,63.4628493524199,True,0.0,0.375,18.75,False,"Monday, January 12",2026.0,Maryland Eastern Shore,0.0,MEAC,Cleo Hill,7.0,13.0,-14.3816,323.0,0.1703,324.0,97.4203,344.0,92.1849,352.0,111.802,244.0,109.84,228.0,65.2032,337.0,63.7583,347.0,0.0079,182.0,1.1225,133.0,108.811,172.0,107.689,105.0,5.2912,59.0,,19.83,363.0,16.67,56.0,18.58,6.0,16.18,1.0,323.0,11.187064,915
Drexel,3,0,0,0.0,0.0,0,0.0,0.0,3,0.0,-9.3,0,0.0,0.0,0.0,0.0,0.0,0.0,0.0,3.0,0.0,0.0,Drexel,0.0,-9.3,-3.7200000000000006,61.82685753237901,True,0.0,0.0,0.0,False,"Monday, January 12",2026.0,Drexel,0.0,CAA,Zach Spiker,8.0,10.0,-7.3714,251.0,0.3106,254.0,102.68,282.0,103.175,255.0,110.051,196.0,103.948,109.0,65.1721,339.0,64.1164,344.0,-0.0748,321.0,-6.5691,345.0,104.057,353.0,110.626,299.0,-9.5847,361.0,,19.09,345.0,17.55,242.0,20.72,13.0,18.23,10.0,251.0,11.129954,916
Bucknell,2,0,2,0.0,-20.1,0,0.0,0.0,0,0.0,0.0,0,0.0,0.0,0.0,2.0,0.0,0.0,0.0,0.0,0.0,0.0,Bucknell*,0.0,-20.1,11.959999999999999,44.376278118609406,False,0.0,0.0,0.0,False,"Monday, January 12",2026.0,Bucknell,0.0,PL,John Griffin,5.0,12.0,-14.0432,320.0,0.1748,322.0,97.2022,346.0,94.323,340.0,111.245,230.0,111.523,261.0,67.8191,253.0,67.0453,229.0,0.0151,157.0,-1.6014,223.0,108.369,200.0,109.97,253.0,1.8442,130.0,,17.71,221.0,17.72,269.0,17.12,1.0,18.82,9.0,320.0,11.083951999999998,917
Eastern Washington,5,0,2,0.0,-23.6,0,0.0,0.0,2,0.0,-23.9,1,0.0,-5.6,0.0,2.0,0.0,0.0,0.0,2.0,0.0,1.0,Eastern Washington,0.0,-22.256000000000004,-6.902400000000002,52.0109066121336,False,0.0,0.0,0.0,False,"Monday, January 12",2026.0,Eastern Washington,0.0,BSky,Dan Monson,3.0,13.0,-7.529,255.0,0.3161,249.0,108.498,173.0,105.675,209.0,116.027,322.0,118.618,342.0,70.0784,138.0,68.7785,138.0,-0.1074,351.0,4.1513,70.0,111.021,70.0,106.87,72.0,6.3913,46.0,,17.33,169.0,16.95,120.0,18.39,7.0,18.59,10.0,255.0,11.041098,918
Brown,1,0,0,0.0,0.0,0,0.0,0.0,1,0.0,-19.4,0,0.0,0.0,0.0,0.0,0.0,0.0,0.0,1.0,0.0,0.0,Brown,0.0,-19.4,-7.76,61.82685753237901,True,0.0,0.0,0.0,False,"Monday, January 12",2026.0,Brown,0.0,Ivy,Mike Martin,6.0,9.0,-7.5278,254.0,0.3007,258.0,98.8625,333.0,97.6252,321.0,106.39,119.0,101.862,71.0,66.5973,299.0,66.7341,246.0,-0.1049,348.0,-5.343,332.0,106.092,307.0,111.435,326.0,-7.0638,341.0,,17.82,236.0,18.01,306.0,17.12,3.0,17.33,4.0,254.0,11.041054,919
Wagner,12,3,1,0.0,-12.3,2,0.0,-24.7,2,0.0,-13.2,7,0.42857142857142855,-3.2,0.0,1.0,0.0,2.0,0.0,2.0,3.0,4.0,Wagner,0.0967741935483871,-14.033333333333333,-20.258494623655913,57.918654851170196,False,0.0,0.3333333333333333,16.666666666666664,False,"Monday, January 12",2026.0,Wagner,0.0,NEC,Dwan McMillan,6.0,9.0,-13.8796,319.0,0.1896,319.0,103.079,276.0,104.915,226.0,116.959,336.0,112.904,278.0,67.0984,284.0,66.5267,255.0,-0.0746,320.0,-4.8048,320.0,104.977,340.0,109.782,238.0,4.5109,73.0,,18.09,264.0,17.5,228.0,18.45,6.0,19.19,9.0,319.0,10.779724,920
Delaware,3,0,1,0.0,-26.9,0,0.0,0.0,0,0.0,0.0,2,0.0,-22.6,0.0,1.0,0.0,0.0,0.0,0.0,0.0,2.0,Delaware,0.0,-25.404347826086955,-15.495072463768116,78.55032947057487,True,0.0,0.0,0.0,False,"Monday, January 12",2026.0,Delaware,0.0,CUSA,Martin Ingelsby,5.0,11.0,-9.1375,268.0,0.2711,272.0,101.723,300.0,100.347,291.0,110.861,219.0,107.312,174.0,64.8951,345.0,63.2132,360.0,-0.037,269.0,-4.5559,315.0,105.162,335.0,109.718,229.0,-5.3314,313.0,,19.91,364.0,17.06,143.0,21.26,12.0,17.88,7.0,268.0,10.005215,921
Northern Arizona,9,1,2,0.0,-12.85,0,0.0,0.0,5,0.0,-18.25,2,0.5,1.25,0.0,2.0,0.0,0.0,0.0,5.0,1.0,1.0,Northern Arizona*,0.030303030303030304,-14.173076923076923,-5.861149961149961,52.85919866696963,False,0.0,0.14285714285714285,7.142857142857142,False,"Monday, January 12",2026.0,Northern Arizona,0.0,BSky,Shane Burcar,6.0,11.0,-11.9163,301.0,0.2203,298.0,102.581,284.0,99.7972,297.0,114.498,295.0,113.749,290.0,67.6848,255.0,66.0338,275.0,-0.0115,211.0,-0.5066,187.0,109.154,155.0,109.661,225.0,-0.0256,180.0,,18.13,270.0,17.3,193.0,19.16,10.0,18.4,8.0,301.0,9.913077666666664,922
Manhattan,6,1,1,0.0,-41.4,1,0.0,-46.5,1,1.0,5.5,3,0.0,-7.4,0.0,1.0,0.0,1.0,1.0,0.0,0.0,3.0,Manhattan,0.15789473684210525,-26.038297872340422,-14.643389324374768,63.4628493524199,True,0.0,0.25,12.5,False,"Monday, January 12",2026.0,Manhattan,0.0,MAAC,John Gallagher,8.0,10.0,-13.5867,315.0,0.1994,311.0,105.732,222.0,105.312,216.0,119.319,348.0,115.807,316.0,69.2703,182.0,69.3116,112.0,0.0999,27.0,-6.4884,344.0,104.067,352.0,110.555,294.0,-2.7815,264.0,,17.58,207.0,17.07,146.0,17.55,4.0,17.62,4.0,315.0,9.658410999999997,923
Bryant,17,5,4,0.0,-19.5,2,0.0,-12.9,3,0.0,-25.5,8,0.625,2.2,0.0,4.0,0.0,2.0,0.0,3.0,5.0,3.0,Bryant Bulldogs,0.0847457627118644,-15.996875000000001,-13.526367148554337,53.61482016119331,False,0.0,0.45454545454545453,22.727272727272727,False,"Monday, January 12",2026.0,Bryant,0.0,AE,Jamion Christian,5.0,12.0,-16.7633,335.0,0.1367,340.0,96.4482,352.0,89.8089,360.0,113.212,266.0,110.253,237.0,65.9625,320.0,65.024,322.0,0.0099,176.0,0.7699,144.0,107.29,269.0,106.52,55.0,4.311,78.0,,18.9,331.0,17.45,219.0,19.64,9.0,18.38,5.0,335.0,9.597717705882351,924
New Hampshire,16,4,4,0.0,-38.0,2,0.0,-5.65,4,0.0,-15.25,6,0.6666666666666666,19.75,0.0,4.0,0.0,2.0,0.0,4.0,4.0,2.0,New Hampshire Wildcats,0.06666666666666667,-18.445588235294117,-8.878235294117648,49.96591683708248,False,0.0,0.4,20.0,False,"Monday, January 12",2026.0,New Hampshire,0.0,AE,Nathan Davis,4.0,12.0,-16.0944,331.0,0.1462,333.0,97.0264,349.0,93.1935,346.0,113.121,265.0,112.983,281.0,68.0467,239.0,67.5928,207.0,-0.045,278.0,2.0607,104.0,110.377,101.0,108.316,143.0,6.4554,45.0,,17.74,226.0,17.42,214.0,18.11,4.0,18.26,4.0,331.0,9.374928,925
Stetson,12,3,5,0.0,-26.8,0,0.0,0.0,3,0.0,-13.75,4,0.75,2.1,0.0,5.0,0.0,0.0,0.0,3.0,3.0,1.0,Stetson,0.05660377358490566,-20.055652173913042,-3.1417577249111286,48.37536923426494,False,0.0,0.42857142857142855,21.428571428571427,False,"Monday, January 12",2026.0,Stetson,0.0,ASun,Donnie Jones,6.0,11.0,-16.3821,334.0,0.1517,331.0,101.446,302.0,96.4261,329.0,117.828,343.0,118.029,337.0,68.98,197.0,67.7891,191.0,0.0472,95.0,0.3582,154.0,108.135,214.0,107.777,111.0,2.6524,113.0,,17.92,246.0,16.76,72.0,17.58,7.0,16.33,3.0,334.0,9.164173,926
North Carolina Central,10,3,3,0.0,-54.6,0,0.0,0.0,3,0.0,-20.1,4,0.75,7.8,0.0,3.0,0.0,0.0,0.0,3.0,3.0,1.0,North Carolina Central,0.08108108108108109,-33.11294117647059,-9.596527821939588,50.920245398773,False,0.0,0.42857142857142855,21.428571428571427,False,"Monday, January 12",2026.0,North Carolina Central,0.0,MEAC,LeVelle Moton,7.0,11.0,-17.7619,345.0,0.1324,344.0,100.001,319.0,97.3105,325.0,117.763,340.0,120.411,349.0,68.0277,241.0,67.0377,230.0,0.0254,139.0,1.9051,113.0,109.722,129.0,107.817,114.0,9.366,21.0,,17.7,219.0,17.46,220.0,17.12,3.0,18.55,7.0,345.0,9.051875,927
North Dakota,9,1,2,0.0,-22.45,0,0.0,0.0,4,0.0,-30.950000000000003,3,0.3333333333333333,-2.0,0.0,2.0,0.0,0.0,0.0,4.0,1.0,2.0,North Dakota*,0.03225806451612903,-22.80945945945946,-15.227726436113533,57.10065894114974,False,0.0,0.14285714285714285,7.142857142857142,False,"Monday, January 12",2026.0,North Dakota,0.0,Sum,Paul Sather,9.0,11.0,-13.7337,317.0,0.1918,317.0,103.071,277.0,100.977,287.0,116.804,333.0,113.655,289.0,69.7417,155.0,67.9703,180.0,0.0899,32.0,-3.5474,287.0,107.075,280.0,110.622,298.0,-0.8416,208.0,,17.7,220.0,16.96,121.0,18.44,9.0,17.94,7.0,317.0,8.735667666666666,928
Lafayette,6,1,0,0.0,0.0,1,0.0,-18.2,1,0.0,-24.6,4,0.25,-8.6,0.0,0.0,0.0,1.0,0.0,1.0,1.0,3.0,Lafayette,0.08333333333333333,-15.355555555555556,-17.05888888888889,78.55032947057487,True,0.0,0.2,0.0,False,"Monday, January 12",2026.0,Lafayette,0.0,PL,Mike McGarvey,4.0,13.0,-15.5522,327.0,0.1606,327.0,100.535,314.0,101.512,278.0,116.088,323.0,115.527,314.0,68.2063,233.0,68.0364,176.0,-0.0725,319.0,-4.1223,306.0,107.598,251.0,111.721,337.0,-2.5261,260.0,,17.88,243.0,17.2,175.0,17.49,2.0,17.68,2.0,327.0,8.475314,929
NJIT,12,4,2,0.0,-57.4,4,0.25,-39.2,3,0.3333333333333333,-19.0,3,0.6666666666666666,7.4,0.0,2.0,1.0,3.0,1.0,2.0,2.0,1.0,NJIT,0.20833333333333334,-34.83157894736843,-0.5576315789473725,45.194274028629856,False,0.16666666666666666,0.5,16.666666666666668,False,"Monday, January 12",2026.0,NJIT,0.0,AE,Grant Billmeier,7.0,11.0,-19.6358,351.0,0.104,353.0,95.3507,354.0,92.8982,347.0,114.986,310.0,112.222,270.0,69.3478,179.0,68.655,148.0,0.1023,24.0,-4.7754,319.0,105.549,322.0,110.325,282.0,-0.4852,194.0,,17.57,205.0,17.01,129.0,18.22,5.0,18.2,3.0,351.0,8.34671,930
New Haven,8,2,0,0.0,0.0,1,0.0,-31.0,4,0.0,-24.1,3,0.6666666666666666,9.0,0.0,0.0,0.0,1.0,0.0,4.0,2.0,1.0,New Haven,0.1,-18.485714285714284,-6.394285714285714,67.41649625085208,True,0.0,0.2857142857142857,0.0,False,"Monday, January 12",2026.0,New Haven,0.0,NEC,Ted Hotaling,7.0,10.0,-17.7514,344.0,0.1211,347.0,94.3532,359.0,89.3565,361.0,112.105,250.0,108.802,200.0,64.2304,358.0,63.4608,352.0,0.0299,127.0,-1.1041,206.0,106.565,297.0,107.669,104.0,4.2172,81.0,,19.69,361.0,17.13,162.0,20.45,9.0,17.67,2.0,344.0,8.30705,931
UTSA,14,2,1,0.0,-18.3,4,0.25,-11.600000000000001,6,0.0,-15.95,3,0.3333333333333333,-13.15,0.0,1.0,1.0,3.0,0.0,6.0,1.0,2.0,UTSA*,0.12244897959183673,-14.148695652173913,-5.00641703637977,43.83094751192911,False,0.2,0.1111111111111111,-4.4444444444444455,False,"Monday, January 12",2026.0,UTSA,0.0,Amer,Austin Claunch,4.0,12.0,-16.105,332.0,0.1433,335.0,95.7177,353.0,90.1729,359.0,111.823,245.0,114.79,302.0,70.8277,105.0,69.6405,98.0,0.0216,148.0,1.65,121.0,111.063,65.0,109.413,208.0,1.5269,143.0,,16.61,101.0,17.18,173.0,16.71,6.0,17.69,9.0,332.0,7.739795142857142,932
VMI,13,2,6,0.0,-36.35,0,0.0,0.0,3,0.0,-11.05,4,0.5,0.55,0.0,6.0,0.0,0.0,0.0,3.0,2.0,2.0,VMI*,0.03278688524590164,-25.936086956521738,-11.66825571577389,47.39657070945415,False,0.0,0.2857142857142857,14.285714285714285,False,"Monday, January 12",2026.0,VMI,0.0,SC,Andrew Wilson,6.0,11.0,-17.1805,339.0,0.141,337.0,100.98,310.0,99.1114,308.0,118.16,345.0,119.139,345.0,68.4902,216.0,67.3849,216.0,0.0132,163.0,-1.9636,240.0,108.976,164.0,110.94,319.0,-1.6173,227.0,,18.5,305.0,16.11,16.0,18.34,9.0,16.68,2.0,339.0,7.229753307692309,933
Fairleigh Dickinson,4,1,0,0.0,0.0,0,0.0,0.0,1,0.0,-19.0,3,0.3333333333333333,-3.2,0.0,0.0,0.0,0.0,0.0,1.0,1.0,2.0,Fairleigh Dickinson,0.16666666666666666,-9.520000000000001,-8.308,90.45671438309475,True,0.0,0.25,0.0,False,"Monday, January 12",2026.0,Fairleigh Dickinson,0.0,NEC,Jack Castleberry,5.0,12.0,-19.6312,350.0,0.1124,349.0,99.7436,324.0,96.4626,328.0,119.375,349.0,115.99,319.0,67.4437,269.0,67.1889,223.0,-0.0225,233.0,-2.8462,269.0,105.815,313.0,108.661,163.0,4.1415,84.0,,18.05,261.0,17.54,239.0,17.56,3.0,18.66,5.0,350.0,7.139544,934
Stonehill,12,2,2,0.0,-26.95,1,0.0,-1.35,4,0.0,-14.45,5,0.4,-3.35,0.0,2.0,0.0,1.0,0.0,4.0,2.0,3.0,Stonehill,0.05263157894736842,-14.405319148936169,-16.39370660694289,51.556464439900026,False,0.0,0.2222222222222222,11.11111111111111,False,"Monday, January 12",2026.0,Stonehill,0.0,NEC,Chris Kraus,5.0,12.0,-18.3033,347.0,0.1169,348.0,95.198,355.0,93.5222,345.0,113.501,273.0,108.873,203.0,67.4789,267.0,66.7602,244.0,-0.0104,208.0,-5.238,329.0,104.874,341.0,110.112,266.0,-1.1255,215.0,,18.57,310.0,17.15,166.0,17.98,4.0,19.25,10.0,347.0,6.722249,935
Southern Utah,7,0,1,0.0,-110.6,1,0.0,-5.4,3,0.0,-17.5,2,0.0,-9.2,0.0,1.0,0.0,1.0,0.0,3.0,0.0,2.0,Southern Utah,0.0,-37.58305084745761,-21.318934624697334,55.28289025221541,False,0.0,0.0,0.0,False,"Monday, January 12",2026.0,Southern Utah,0.0,WAC,Rob Jeter,4.0,13.0,-14.391,324.0,0.1739,323.0,99.1812,329.0,94.2292,341.0,113.572,274.0,117.747,336.0,70.967,101.0,69.9669,81.0,-0.0815,326.0,3.5256,80.0,110.785,78.0,107.259,90.0,3.1985,107.0,,16.84,117.0,16.82,80.0,16.87,2.0,17.6,5.0,324.0,6.70975,936
Texas Southern,14,2,5,0.0,-57.45,0,0.0,0.0,3,0.0,-14.2,6,0.3333333333333333,18.75,0.0,5.0,0.0,0.0,0.0,3.0,2.0,4.0,Texas Southern Tigers,0.03636363636363636,-35.92058823529412,-29.589014514896867,52.0109066121336,False,0.0,0.2222222222222222,11.11111111111111,False,"Monday, January 12",2026.0,Texas Southern,0.0,SWAC,Johnny Jones,2.0,12.0,-18.1844,346.0,0.123,345.0,97.6086,343.0,92.2933,351.0,115.793,319.0,122.479,355.0,72.6038,46.0,70.2103,71.0,-0.0917,338.0,5.3517,50.0,111.695,49.0,106.343,47.0,12.1347,10.0,,17.32,168.0,15.77,7.0,16.81,6.0,16.32,4.0,346.0,6.466029142857142,937
Southern Indiana,13,1,0,0.0,0.0,3,0.0,-12.7,4,0.25,-10.55,6,0.0,-13.55,0.0,0.0,0.0,3.0,1.0,3.0,0.0,6.0,Southern Indiana,0.09090909090909091,-12.111363636363636,-32.13825174825175,53.26936185831891,False,0.0,0.1,5.0,False,"Monday, January 12",2026.0,Southern Indiana,0.0,OVC,Stan Gouard,3.0,13.0,-17.0448,338.0,0.1341,341.0,96.7846,350.0,94.894,338.0,113.829,281.0,109.656,220.0,70.4304,124.0,69.1185,119.0,-0.0653,307.0,-5.121,328.0,105.538,324.0,110.659,301.0,-1.3306,221.0,,17.15,152.0,16.81,79.0,18.22,8.0,18.02,7.0,338.0,6.186518153846154,938
Maine,8,1,1,0.0,-16.45,1,0.0,-14.25,3,0.3333333333333333,-4.1,3,0.0,-10.15,0.0,1.0,0.0,1.0,1.0,2.0,0.0,3.0,Maine*,0.12,-10.126190476190475,-11.65047619047619,58.691206543967276,False,0.0,0.16666666666666666,8.333333333333332,False,"Monday, January 12",2026.0,Maine,0.0,AE,Chris Markwood,3.0,15.0,-18.3925,348.0,0.1103,351.0,92.394,363.0,90.9732,356.0,110.786,216.0,106.977,164.0,65.15,340.0,65.1438,317.0,-0.0447,277.0,-3.7122,291.0,106.136,305.0,109.848,244.0,-1.5302,225.0,,18.33,289.0,18.55,353.0,18.0,2.0,18.56,6.0,348.0,6.052029000000001,939
Louisiana,3,0,0,0.0,0.0,0,0.0,0.0,1,0.0,-18.6,2,0.0,-13.1,0.0,0.0,0.0,0.0,0.0,1.0,0.0,2.0,Louisiana,0.0,-15.850000000000001,-18.34,87.27561917745966,True,0.0,0.0,0.0,False,"Monday, January 12",2026.0,Louisiana,0.0,SB,Quannas White,4.0,14.0,-15.4063,326.0,0.1554,330.0,97.1583,347.0,94.6885,339.0,112.565,254.0,109.491,218.0,64.0146,363.0,63.3547,356.0,-0.0166,217.0,-4.1066,305.0,105.912,311.0,110.018,258.0,-1.0452,213.0,,19.59,357.0,17.93,292.0,18.78,12.0,18.21,12.0,326.0,6.0493429999999995,940
Florida A&M,1,0,0,0.0,0.0,0,0.0,0.0,0,0.0,0.0,1,0.0,-5.2,0.0,0.0,0.0,0.0,0.0,0.0,0.0,1.0,Florida A&M,0.0,-5.2,-8.08,100.0,True,0.0,0.0,0.0,False,"Monday, January 12",2026.0,Florida A&M,0.0,SWAC,Charlie Ward,4.0,9.0,-15.5854,328.0,0.1556,329.0,98.3735,337.0,91.6566,354.0,113.959,284.0,113.895,292.0,72.5611,48.0,69.2705,113.0,0.0277,133.0,4.4054,62.0,110.551,91.0,106.145,38.0,7.9958,30.0,,16.93,129.0,16.02,12.0,16.88,7.0,17.59,11.0,328.0,5.922334,941
Kansas City,4,0,0,0.0,0.0,0,0.0,0.0,1,0.0,-14.6,3,0.0,-23.2,0.0,0.0,0.0,0.0,0.0,1.0,0.0,3.0,Kansas City,0.0,-19.759999999999998,-25.904,90.45671438309475,True,0.0,0.0,0.0,False,"Monday, January 12",2026.0,Kansas City,0.0,Sum,Marvin Menzies,4.0,14.0,-16.8011,336.0,0.1391,338.0,97.8109,341.0,95.8154,332.0,114.612,298.0,116.799,327.0,71.4892,73.0,69.5914,100.0,-0.014,214.0,1.8642,115.0,111.609,55.0,109.745,233.0,5.4743,55.0,,17.53,199.0,16.07,14.0,17.78,5.0,17.24,3.0,336.0,5.169786999999999,942
Niagara,11,2,1,0.0,-56.75,1,0.0,-13.35,4,0.0,-15.75,5,0.4,-0.3,0.0,1.0,0.0,1.0,0.0,4.0,2.0,3.0,Niagara,0.06666666666666667,-19.258860759493672,-19.06718066743383,61.727706512982586,True,0.0,0.2222222222222222,11.11111111111111,False,"Monday, January 12",2026.0,Niagara,0.0,MAAC,Greg Paulus,4.0,12.0,-21.5048,355.0,0.0936,355.0,98.5023,336.0,97.3255,324.0,120.007,351.0,118.091,339.0,64.1825,360.0,62.3515,363.0,-0.0229,235.0,-5.877,340.0,105.675,317.0,111.552,329.0,-5.8072,320.0,,19.13,348.0,17.88,289.0,19.84,13.0,19.19,12.0,355.0,4.936576727272728,943
The Citadel,17,4,2,0.0,-10.6,1,0.0,-14.066666666666668,6,0.0,-14.366666666666665,8,0.5,-13.533333333333333,0.0,2.0,0.0,1.0,0.0,6.0,4.0,4.0,The Citadel Bulldogs,0.0851063829787234,-13.06013071895425,-21.864853288833263,53.61482016119331,False,0.0,0.2857142857142857,14.285714285714285,False,"Monday, January 12",2026.0,The Citadel,0.0,SC,Ed Conroy,4.0,13.0,-23.2974,360.0,0.0833,356.0,100.451,315.0,99.0283,310.0,123.748,364.0,124.152,360.0,65.1216,342.0,64.7924,329.0,-0.0127,212.0,-2.725,262.0,108.011,225.0,110.736,306.0,-1.8048,232.0,,19.29,352.0,17.29,191.0,19.72,10.0,17.41,4.0,360.0,4.606113764705881,944
Binghamton,18,4,0,0.0,0.0,1,0.0,-36.2,4,0.0,-12.35,13,0.3076923076923077,-7.15,0.0,0.0,0.0,1.0,0.0,4.0,4.0,9.0,Binghamton Bearcats,0.13333333333333333,-15.196875,-52.96763888888889,80.67105960766492,True,0.0,0.23529411764705882,0.0,False,"Monday, January 12",2026.0,Binghamton,0.0,AE,Levell Sanders,4.0,14.0,-23.5411,361.0,0.0755,360.0,96.7296,351.0,97.4655,322.0,120.271,353.0,116.628,325.0,66.2861,309.0,66.5349,254.0,-0.0755,323.0,-8.6059,358.0,104.043,356.0,112.649,355.0,-7.4063,345.0,,18.97,341.0,16.86,93.0,18.89,8.0,17.83,2.0,361.0,4.276600333333333,945
North Florida,8,0,3,0.0,-55.3,3,0.0,-34.1,2,0.0,-11.5,0,0.0,0.0,0.0,3.0,0.0,3.0,0.0,2.0,0.0,0.0,North Florida,0.0,-40.207216494845355,-1.082886597938142,35.65098841172461,False,0.0,0.0,0.0,False,"Monday, January 12",2026.0,North Florida,0.0,ASun,Bobby Kennen,2.0,15.0,-18.5889,349.0,0.1335,343.0,105.276,238.0,100.305,292.0,123.865,365.0,126.094,364.0,73.6283,24.0,71.0202,44.0,-0.0854,333.0,4.2897,67.0,110.613,87.0,106.323,46.0,8.4868,23.0,,16.8,112.0,15.65,2.0,17.19,4.0,15.41,1.0,349.0,4.066321,946
Rider,9,0,2,0.0,-59.5,1,0.0,-10.1,3,0.0,-13.7,3,0.0,-10.2,0.0,2.0,0.0,1.0,0.0,3.0,0.0,3.0,Rider,0.0,-30.22307692307692,-23.422564102564102,48.37536923426494,False,0.0,0.0,0.0,False,"Monday, January 12",2026.0,Rider,0.0,MAAC,Kevin Baggett,1.0,14.0,-20.2187,353.0,0.0962,354.0,94.0315,361.0,89.323,362.0,114.25,291.0,115.207,309.0,66.0616,316.0,65.9065,284.0,-0.0998,344.0,1.6482,122.0,108.96,166.0,107.311,92.0,9.5931,19.0,,19.49,354.0,16.83,84.0,19.66,12.0,17.75,6.0,353.0,3.044155000000001,947
Saint Francis,10,1,2,0.0,-52.599999999999994,1,0.0,-28.8,2,0.0,-12.6,5,0.2,-8.35,0.0,2.0,0.0,1.0,0.0,2.0,1.0,4.0,Saint Francis,0.03125,-29.38717948717948,-28.348621794871793,54.73755964553511,False,0.0,0.14285714285714285,7.142857142857142,False,"Monday, January 12",2026.0,Saint Francis,0.0,NEC,Luke McConnell,4.0,13.0,-22.808,358.0,0.077,359.0,94.6214,358.0,92.368,350.0,117.429,339.0,120.727,351.0,71.1567,91.0,69.4899,103.0,0.0435,105.0,1.0273,137.0,110.037,115.0,109.009,181.0,6.1687,49.0,,17.49,192.0,16.32,27.0,16.91,2.0,18.0,4.0,358.0,2.86704,948
Western Illinois,13,1,2,0.0,-22.1,1,0.0,-15.9,4,0.0,-31.9,6,0.16666666666666666,-17.6,0.0,2.0,0.0,1.0,0.0,4.0,1.0,5.0,Western Illinois,0.02564102564102564,-23.687234042553193,-33.70566284779051,53.26936185831891,False,0.0,0.1,5.0,False,"Monday, January 12",2026.0,Western Illinois,0.0,OVC,Chad Boudreau,4.0,13.0,-22.4242,356.0,0.0791,358.0,94.2317,360.0,92.7181,348.0,116.656,328.0,114.611,300.0,67.0863,285.0,65.5237,302.0,-0.0666,309.0,-4.8675,323.0,105.449,325.0,110.316,281.0,-2.7824,265.0,,19.28,351.0,16.73,67.0,19.62,10.0,15.48,1.0,356.0,2.7979121538461547,949
